// vkCreateInstance[0]
00000000
00000001
00000000
00000000
00000000
00000000
00000001
00000000
414C343D
0000001E
00000000
7ED4D57B
00000001
00000000
414C343D
0000001E
// vkCreateInstance[1]
00000000
00000001
00000001
00000000
00000001
00000000
00000000
612E7696
00000001
00000000
00000000
00000000
00000000
00000007
00000000
39727473
00003431
D5F4B3B2
00000007
00000000
34727473
00003334
9B810E76
C324C985
00000000
00000000
00000000
00000003
00000003
00000000
00000009
00000000
32747865
305F3237
00000000
00000009
00000000
37747865
315F3833
00000000
00000009
00000000
38747865
325F3132
00000000
00000000
00000000
00000001
00000000
E6C3F339
00000051
00000000
07D4BEDC
00000001
00000000
E6C3F339
00000051
// vkCreateInstance[2]
00000000
00000001
00000000
00000000
00000000
00000000
00000000
00000000
00000000
E1988AD9
00000000
00000000
// vkCreateInstance[3]
00000000
00000001
00000001
00000000
00000001
00000000
00000000
6C0FD4F5
00000001
00000000
00000000
00000000
00000000
00000007
00000000
39727473
00003136
7EED8D14
00000007
00000000
32727473
00003833
587FD280
3B1A11DF
00000001
00000001
00000000
00000009
00000000
37747865
305F3937
00000000
00000002
00000002
00000000
00000009
00000000
39747865
305F3834
00000000
00000008
00000000
32747865
00315F32
00000000
00000000
00000001
00000000
EC148CB5
000000A4
00000000
19999E3F
00000001
00000000
EC148CB5
000000A4
// vkCreateInstance[4]
00000000
00000001
00000000
00000000
00000000
00000000
00000001
00000000
1EF2A4F1
000000BE
00000000
552B82F6
00000001
00000000
1EF2A4F1
000000BE
// vkCreateInstance[5]
00000000
00000001
00000001
00000000
00000001
00000000
00000000
803468B6
00000001
00000000
00000000
00000000
00000000
00000007
00000000
33727473
00003031
48BEAB13
00000007
00000000
39727473
00003639
E1EA24C4
7FD63116
00000004
00000004
00000000
00000009
00000000
34747865
305F3230
00000000
00000009
00000000
36747865
315F3330
00000000
00000009
00000000
38747865
325F3337
00000000
00000008
00000000
33747865
00335F35
00000001
00000001
00000000
00000009
00000000
37747865
305F3136
00000000
00000000
00000000
00000001
00000000
2C4A3699
0000005D
00000000
8C7E134F
00000001
00000000
2C4A3699
0000005D
// vkCreateInstance[6]
00000000
00000001
00000001
00000000
00000001
00000000
00000000
BCFBB050
00000001
00000000
00000000
00000000
00000000
00000007
00000000
31727473
00003031
C74803E3
00000007
00000000
35727473
00003333
D707107E
64AC5DB9
00000003
00000003
00000000
00000009
00000000
37747865
305F3035
00000000
00000008
00000000
33747865
00315F30
00000009
00000000
34747865
325F3038
00000000
00000002
00000002
00000000
00000009
00000000
37747865
305F3032
00000000
00000009
00000000
38747865
315F3836
00000000
00000000
00000000
00000001
00000000
64C2F2E3
000000A5
00000000
2B9C014E
00000001
00000000
64C2F2E3
000000A5
// vkCreateInstance[7]
00000000
00000001
00000000
00000000
00000000
00000000
00000000
00000000
00000000
33138131
00000000
00000000
// vkEnumerateInstanceVersion[0]
00000089
00000001
00000001
00000000
00000089
8C5FE8F8
00000001
00000000
3B6FE507
// vkEnumerateInstanceVersion[1]
00000089
00000001
00000001
00000000
00000089
F3D4E711
00000001
00000000
D8F33418
// vkEnumerateInstanceVersion[2]
00000089
00000001
00000001
00000000
00000089
E8E5B461
00000001
00000000
44EF7FEB
// vkEnumerateInstanceVersion[3]
00000089
00000001
00000001
00000000
00000089
F5059285
00000001
00000000
BAB9F87F
// vkEnumerateInstanceVersion[4]
00000089
00000001
00000000
00000000
00000089
C89DA11B
00000000
00000000
// vkEnumerateInstanceVersion[5]
00000089
00000001
00000001
00000000
00000089
E2DCAA37
00000001
00000000
F03EDCA7
// vkEnumerateInstanceVersion[6]
00000089
00000001
00000001
00000000
00000089
21167D8F
00000001
00000000
84C81999
// vkEnumerateInstanceVersion[7]
00000089
00000001
00000001
00000000
00000089
6D14475B
00000001
00000000
F320CD57
// vkEnumeratePhysicalDevices[0]
00000002
00000001
0E5E18BB
0000007B
00000001
00000000
00000004
00000004
00000000
3328AD08
000000F0
81355C53
00000069
7C240D49
000000D0
5B569643
0000006A
00000002
58989008
00000001
00000000
00000004
00000004
00000000
3328AD08
000000F0
81355C53
00000069
7C240D49
000000D0
5B569643
0000006A
// vkEnumeratePhysicalDevices[1]
00000002
00000001
0067DBA9
00000089
00000001
00000000
00000004
00000000
00000000
00000002
8CFE5CD1
00000001
00000000
00000000
00000000
00000000
// vkEnumeratePhysicalDevices[2]
00000002
00000001
959F3A51
0000002E
00000001
00000000
00000004
00000004
00000000
CC0E95EE
000000D9
D1020A15
000000EE
415AF341
00000008
D77C96C0
000000F1
00000002
AC512B01
00000001
00000000
00000004
00000004
00000000
CC0E95EE
000000D9
D1020A15
000000EE
415AF341
00000008
D77C96C0
000000F1
// vkEnumeratePhysicalDevices[3]
00000002
00000001
12093D27
00000015
00000001
00000000
00000000
00000000
00000000
00000002
C10FAA40
00000001
00000000
00000000
00000000
00000000
// vkEnumeratePhysicalDevices[4]
00000002
00000001
C16E2285
00000047
00000001
00000000
00000004
00000004
00000000
2F429CE5
00000058
4A5012DC
00000011
2ADF559A
00000028
4155D7EF
00000087
00000002
F3B37F32
00000001
00000000
00000004
00000004
00000000
2F429CE5
00000058
4A5012DC
00000011
2ADF559A
00000028
4155D7EF
00000087
// vkEnumeratePhysicalDevices[5]
00000002
00000001
2B0B8C13
000000A8
00000001
00000000
00000002
00000002
00000000
7467537A
000000B3
526EB523
0000007F
00000002
79490EAB
00000001
00000000
00000002
00000002
00000000
7467537A
000000B3
526EB523
0000007F
// vkEnumeratePhysicalDevices[6]
00000002
00000001
1D3B993F
00000006
00000001
00000000
00000003
00000003
00000000
CBD3F5E0
00000030
4227DE21
0000001B
40E2A20A
000000E6
00000002
BAEB41A5
00000001
00000000
00000003
00000003
00000000
CBD3F5E0
00000030
4227DE21
0000001B
40E2A20A
000000E6
// vkEnumeratePhysicalDevices[7]
00000002
00000001
8296F5EB
000000FA
00000001
00000000
00000003
00000003
00000000
D12982E4
000000F9
055455E8
00000039
0492C4F5
00000065
00000002
257E8454
00000001
00000000
00000003
00000003
00000000
D12982E4
000000F9
055455E8
00000039
0492C4F5
00000065
// vkEnumeratePhysicalDeviceGroups[0]
0000008F
00000001
090B20BB
000000B8
00000001
00000000
00000004
00000004
00000000
3B9BDB70
00000000
00000000
00000020
00000000
D50E0097
00000038
FA1B1BF1
000000F9
A17A4340
000000CC
B1EEDAFF
00000084
736A947A
00000039
861E02EC
000000A6
07DBF924
00000065
ACC66A57
00000093
CDAAAC43
00000052
A8EA37F7
000000A1
6D21F4CD
0000000F
BCC99AE8
0000004C
202CC828
000000F7
364E433F
000000E0
0C250A03
0000004E
121B2800
000000DB
1391F9B9
0000004F
EACC110E
000000F0
4C41D9C0
000000BE
28804790
0000006A
909FF497
00000040
21615022
00000002
8F8B2B83
000000E0
D9BC1D97
00000009
973082D6
000000D1
37B4000B
000000F6
E69BAE29
00000091
75FA6DD8
0000002B
D3F21DCC
000000DE
DEB0E066
000000F9
C7AF3626
000000B4
9F7A7DAF
00000082
3B9BDB70
00000000
00000000
00000020
00000000
1959B9EF
00000034
92C9357D
000000AC
E585552F
0000006E
976699CC
00000031
7E0AB2ED
0000001A
F01DBF29
000000AA
63DB01FC
0000004B
810D2E30
0000007F
04673B75
00000053
9CB471A5
000000DF
66FEC086
000000E6
4806AA81
00000004
282EE0BC
00000033
DB87872D
00000053
CFA6CF3E
000000FC
903715C8
000000C8
2298BDB1
00000056
6DE2B33B
00000036
443BAAC5
000000AC
18AE013E
000000D6
611575C2
000000EE
8C31406D
00000058
EA190B2A
000000E1
D6730839
000000AF
88C9DA8A
0000007C
C49872C6
000000FC
88534206
0000003C
10B8FE22
000000B9
0A57AF35
00000015
220D672B
0000002B
2AA3300B
000000E9
89C80C4D
00000036
3B9BDB70
00000000
00000000
00000020
00000000
8181E84D
000000D7
415AC400
0000005E
56BEFA39
00000057
1D296588
0000004A
3C35612E
000000DE
F1A9A658
0000009A
C78FEC45
000000F4
B7115C02
000000E3
7D2186D3
00000022
947810D8
0000008D
C52F4FBE
0000001A
521B18A9
0000000A
6816DE06
00000012
6156C4DF
000000DD
FDC1786B
000000C9
25B7501A
000000D4
20012170
00000057
1D5C4825
0000009D
96605D95
000000C8
ED192DA3
00000060
139F7110
00000092
8CDECE75
00000039
90E32E82
00000014
F3C668B1
00000044
5D698C8B
000000E4
4BA955F3
00000090
88C780F6
000000EC
1D43D1FF
00000075
E5920673
00000046
1B943CFC
000000C9
0BB662A8
000000D3
4BB57B5C
00000003
3B9BDB70
00000000
00000000
00000020
00000000
D37C9961
000000E2
CA357568
0000000A
301BA988
0000003D
C91752A3
000000FC
96380ED6
0000006B
297A21D7
0000001D
736EBF51
0000002A
AE4ECF4B
0000003D
28B09A93
000000BE
D85328B6
0000001A
6F62E63A
000000E9
F6F62C28
00000060
CE75F4BA
000000F8
8AFD2973
000000E8
D17F6494
0000004B
8CDA80A3
00000040
B62C228E
0000007A
50806F01
00000019
35263B45
000000A6
51423286
0000000A
06FAADB1
00000002
C96FA758
000000FB
ECF45CCB
0000004B
B9FAD67E
00000098
51FBFCC7
00000073
642A357C
00000050
6607B615
00000010
106EE2AB
000000E9
513DD1A6
000000F8
99F86C8D
000000F8
74B31BFB
0000001C
40041E00
00000037
0000008F
A96DFB2C
00000001
00000000
00000000
00000000
00000000
// vkEnumeratePhysicalDeviceGroups[1]
0000008F
00000001
5B177A39
00000042
00000001
00000000
00000001
00000000
00000000
0000008F
13BD488E
00000001
00000000
00000000
00000000
00000000
// vkEnumeratePhysicalDeviceGroups[2]
0000008F
00000001
825F8543
000000F3
00000001
00000000
00000001
00000001
00000000
3B9BDB70
00000000
00000000
00000020
00000000
DD946658
00000051
4E3D4D0F
0000001B
B59641D2
00000083
D5AE305B
000000EB
9A15A311
0000004B
20552F5F
000000E4
34ECF2ED
00000024
8BA56D34
000000E9
B8FE2F4B
00000008
C79D4440
00000050
D22F02F3
000000E7
9F9F80D0
000000CD
AC153076
000000E8
8D8E3B13
000000D7
F1878D5F
000000BF
FCA7CB5F
000000B0
3497553C
0000002D
4C867062
0000006E
899918A7
00000028
0C6E5973
000000B6
DCB284F8
000000AA
3F4ED95A
00000040
C71C5CF1
00000010
AE9C8563
000000F6
725A9A5B
000000CE
6E1FB6AD
0000008C
400E67ED
0000008A
707C70B4
000000D9
89BE4B4B
00000074
02C8261B
00000065
D6172ADF
00000056
2BE893F4
00000042
0000008F
063FA2B6
00000001
00000000
00000000
00000000
00000000
// vkEnumeratePhysicalDeviceGroups[3]
0000008F
00000001
CB06718D
000000A5
00000001
00000000
00000004
00000004
00000000
3B9BDB70
00000000
00000000
00000020
00000000
5ADD92D1
00000094
23669676
00000097
20087497
00000023
42553A33
000000FB
D4350B28
00000046
65D60B6E
00000090
66AD51FD
0000002C
9CC930D3
00000016
3BC8996B
0000007C
01EA0639
0000002D
8758FF4D
00000051
803AF506
000000E4
A61A59E3
000000EB
70358A27
000000EE
AFBF5310
000000A3
BB3E780F
00000039
3D061F79
00000050
7EBD0E05
000000AF
7A946602
000000F4
399DAB3C
000000B6
6988F668
00000056
8F76DC87
0000009C
E82D2FEF
000000BA
EAEED19B
000000A7
46752B5C
000000F8
A57B7700
00000038
0C56A92D
000000EB
1251310B
000000C3
82FE3A4A
000000A5
E09EDD5A
0000005E
28D2E08E
00000082
C41A66D9
000000CA
3B9BDB70
00000000
00000000
00000020
00000000
4CB05EC1
000000D9
8D64B3AD
0000005F
2A4926F0
000000B3
B386D25C
000000BC
76FBB6ED
00000098
15C0CDD5
000000DB
1F8CE97A
000000E5
9B29B54B
000000F5
83924F05
00000092
60900772
0000002D
27E125A4
00000040
6D3FAD4C
00000037
F112CFD0
00000091
B8378D82
000000C1
C842C19A
0000000D
7EBA0352
000000AE
64C371CF
000000B7
A310A849
00000059
624C4B62
00000083
D87064FC
0000002A
8B5230ED
000000BA
FE8B2B79
0000000A
863043D7
000000FB
1724925F
000000CE
4153BBC7
000000A0
19DE2DED
00000044
BCA5F87B
000000E9
156EAB79
000000F5
F98DDC84
00000023
F81F5C80
000000C6
9DED54FD
000000D7
F78047CF
000000A8
3B9BDB70
00000000
00000000
00000020
00000000
3DB18A28
000000F8
D9DB30AF
00000061
F0A3A668
000000CD
E746EBEB
0000006E
65B184F7
0000002A
E8FB46B5
00000053
70293815
00000020
9F55C5FC
000000E8
7CEB5FB4
000000F5
36469FAB
0000001E
6E671698
00000099
88B7CC6B
00000068
E8C7A01D
0000001E
A9172A05
0000004B
47158A7E
0000003F
60FC47FA
000000BF
8F332483
00000001
F5B5B934
00000030
8742CED2
00000070
943EC25A
00000005
07E30F11
000000A0
F91C85FD
0000009B
3E036333
000000D5
42A95D35
00000034
2C400B95
00000048
25FE3A18
0000008A
335082DC
00000045
4FA69611
00000095
C1E6415A
00000040
D5153664
000000AE
72470ADD
000000CA
DC7A4BEE
000000CF
3B9BDB70
00000000
00000000
00000020
00000000
6B82ED5C
000000DB
1F2E490C
000000C4
357D6F2E
00000092
E1018CC5
00000062
346F3293
00000048
CF80F751
0000001B
E76DB5EF
000000CE
062EBC92
0000001E
91BE34EB
000000BF
03621F97
0000008B
4BE1B248
000000F7
AC859F8F
000000C2
B96CC27A
000000F9
A63E0C32
00000022
133F3B0A
00000080
5FAC971A
00000092
CE33DD70
0000004F
6FEA51CA
00000080
AD611A3E
0000005B
C234472F
00000087
52DD34D6
00000000
1FB7F628
00000071
B7CCBA58
00000073
59A78B13
0000004E
8A0F4283
00000066
56E0A246
000000C8
BB2B92C3
000000AE
92484194
0000007E
1CF3D179
000000A5
EAF5C033
00000060
61E406A6
00000034
8E903FD9
00000000
0000008F
A2B249AB
00000001
00000000
00000000
00000000
00000000
// vkEnumeratePhysicalDeviceGroups[4]
0000008F
00000001
992149E9
000000B8
00000001
00000000
00000004
00000004
00000000
3B9BDB70
00000000
00000000
00000020
00000000
762A2BA5
00000099
D5A7EB2E
00000084
68B1F3C9
000000EF
BEA01CA0
000000B6
FCD2CF1E
000000FC
4E2A89F5
000000B3
2B999F07
00000073
9EBA8775
000000AB
87ECBE86
00000032
5C03151C
00000086
00E6A305
000000AD
63A029A5
00000094
6D05C818
000000F8
67BE9998
00000056
DC7A9283
0000009F
959D133D
000000F9
BBDC55A2
000000B3
E5DD6001
000000F7
BFAF9E2F
00000011
7E21B8AA
000000FC
BEEAAC97
0000003F
A3EE54D4
000000F7
A6142E5B
0000004A
A1326797
00000005
683115A8
000000B8
A117511F
00000027
A23C4B27
000000C7
EFE6F675
00000065
C850320A
00000045
D8A50636
0000002D
C47ADDC9
00000012
D0B93207
000000C6
3B9BDB70
00000000
00000000
00000020
00000000
CC5D375A
000000B5
6940776C
000000DF
AF5E490B
0000008B
4DBD3DC9
00000026
764A44E3
000000D5
4264D159
0000007C
2B6C5763
00000077
82A4C12E
0000000B
45547D9D
00000082
193FD24D
000000BE
9733EF95
0000006C
11DB6ACF
0000005A
1126D71A
000000A8
714699BD
00000005
2A04FF67
00000081
B5D28DEE
000000F2
29606598
000000B0
17D259AD
00000066
A2CF179F
000000B0
469A8A20
0000009A
4DED5FAA
00000035
873116F0
00000035
3CBB5615
000000E2
557D728C
00000044
118CC43E
00000013
B2FE7205
000000D4
E90C0722
00000085
A8A62175
0000005E
77CAB1F9
00000082
8EC23615
000000BC
0CBBEAB0
0000002B
4C001508
000000A7
3B9BDB70
00000000
00000000
00000020
00000000
3B6BD0A4
00000064
8FA09FA2
00000066
2C1FFACC
0000007B
CA2E3611
00000042
DDE138D8
0000009C
5463852D
000000B7
38E9DE81
00000042
F6BAD673
0000009C
B4E9A806
0000003E
D802CB08
000000A9
07D11B6B
000000DA
E63EA3D6
000000DE
9F5904A6
00000067
51080DEB
000000ED
6E883110
000000EE
C2F7C23F
0000003F
C910C201
00000044
309D57ED
00000012
A03A1915
000000BB
2A66B259
000000DE
F919CB32
00000094
718E3BAF
00000094
E9C3DEEE
000000EE
BA6E736C
00000025
9B33D947
000000F2
431162A4
00000075
86CEC133
00000029
237C9540
000000C7
235A63D5
000000E4
B73B6062
00000070
5C706106
0000004F
C05A32A3
00000066
3B9BDB70
00000000
00000000
00000020
00000000
B7EE1A9A
000000AE
4E34FA77
00000011
1B3C137B
0000003A
65A24E8A
00000052
7E0B6723
000000ED
1997E8F3
000000F4
2FCF9616
0000000B
0E2AF641
000000CF
98F6A644
00000005
E38D62A7
000000C0
377054CF
000000AE
08E2FAD3
0000007E
B4345622
00000087
D09DFA6C
000000B9
F6D0AC1D
000000E3
9CF94BC1
00000071
57AA5AE1
000000A9
D67E8ECF
00000046
1E39A54C
0000009C
B150A78D
0000002C
18610C9F
00000038
66531DAF
0000003B
7EB9D1C8
00000073
60BDADCE
000000C0
2B2935F2
000000F9
3B51D375
0000003C
D1F559AF
00000048
766B5E3C
0000008C
947678F5
00000063
363F89C2
00000073
B705FBF3
00000042
5482909F
0000007F
0000008F
E8D424EE
00000001
00000000
00000000
00000000
00000000
// vkEnumeratePhysicalDeviceGroups[5]
0000008F
00000001
36BEB903
000000FE
00000001
00000000
00000000
00000000
00000000
0000008F
CC2534B4
00000001
00000000
00000000
00000000
00000000
// vkEnumeratePhysicalDeviceGroups[6]
0000008F
00000001
01569571
000000DB
00000001
00000000
00000003
00000003
00000000
3B9BDB70
00000000
00000000
00000020
00000000
EB391D06
00000032
6661B877
00000028
E149A837
000000D3
C23105D9
000000A5
26FB5E56
000000CB
E9E6ED7C
00000007
03E2E7C4
00000063
252A66D8
000000E0
AA311156
0000008A
0E9F654F
00000090
61263FDD
00000041
21464B6D
00000014
767FE953
000000A6
D708F3A0
0000004D
E7F524F3
00000003
091489CD
00000089
0F93FB05
00000086
D733230A
00000021
0AF5E8D2
000000EE
460A02EC
000000C7
1E10553B
0000006E
174E3F4B
00000030
07124B2F
0000007F
A3340D96
00000021
BE9F0A63
00000047
AFD03FB9
000000D1
D87ABBFF
00000031
A9BB6DCB
00000072
63C3817C
00000054
A18D58B8
00000044
F8375D93
00000042
A4401DAB
000000A2
3B9BDB70
00000000
00000000
00000020
00000000
EF6709E9
000000C9
972AB68B
0000002C
59805A17
0000006D
9AF865DF
000000B2
8F6D0AAA
000000A3
85AD0C99
000000F8
0F90E49C
000000E7
5A6D1EFC
0000008C
69A36E9A
00000089
3309CDB1
000000B6
E14E939A
00000089
6C931D1A
000000EB
A9921B68
00000011
B6AAFAE5
00000044
BE47CC7A
0000009C
B89B02F9
000000F8
C090BC84
00000012
406797B6
0000002D
F9F59771
00000018
26A89353
0000000F
EB2C79D4
00000034
DAC504E5
0000006D
DA277078
0000000B
0D8509DB
000000A3
175A1163
000000E9
D0246CCA
00000083
781B5120
00000080
5EC8E9D7
00000019
FC147A78
00000050
0A452B53
00000020
880E180B
00000008
717F5EED
000000AA
3B9BDB70
00000000
00000000
00000020
00000000
B528614C
000000E6
E1DF6F91
00000072
064D7A2F
000000BC
8646422C
00000045
1722EBBE
00000040
CCE695F7
00000053
15F6063E
0000004D
08C0E4A2
000000DC
625D4DD2
0000000E
BB8C1409
00000042
502E5056
000000BC
21480046
00000042
CB6915C1
00000061
CE9244CB
0000001D
DB19A0BB
000000AD
4DC232A6
00000018
6CC1AEAF
000000D7
3ED1E0EB
00000080
8EA32F2E
00000034
5481E736
000000EC
56B2A3E4
00000082
C89B69D3
00000064
F4CFD336
000000E5
958A3855
0000007B
1ACCD407
00000021
A70F268F
000000D0
72D837AF
00000086
FCEF9215
0000008F
B82962A8
000000D8
D5B48AD0
00000094
B3877F0E
00000085
891E53CB
00000007
0000008F
BE40F38E
00000001
00000000
00000000
00000000
00000000
// vkEnumeratePhysicalDeviceGroups[7]
0000008F
00000001
28333E0F
00000033
00000001
00000000
00000002
00000002
00000000
3B9BDB70
00000000
00000000
00000020
00000000
20599249
00000093
109ADA70
0000000B
4CED509A
000000D0
CC88EBD1
000000A6
889F5E9A
00000050
6AE70FF2
0000004C
519CD4CC
0000005A
45CDA949
00000053
BFAD3261
000000BF
852571D4
00000080
02345A9D
00000086
1F327A74
00000026
512E2BEA
000000EA
BA0FF0B7
00000053
C8E2896A
00000053
92B75630
00000011
73AA1107
000000FA
4794AB91
0000007A
7442A8CC
000000E9
5D39F1B8
000000ED
BDDBF0CA
000000F8
616A43DE
000000D0
E3BBA436
000000EC
1402F91C
000000EC
943735D4
000000CD
0E5C9BEB
00000022
0C7950FA
00000086
7DFF04AE
00000093
DA64B870
000000FE
407DBB94
000000C8
3ED03C49
000000B3
92E38012
000000BF
3B9BDB70
00000000
00000000
00000020
00000000
CC025364
000000A4
5EC127B3
00000067
4EB0FF74
00000076
9927A8FD
000000FA
5727D740
00000088
81EE476C
0000002A
077148A5
00000025
400839A9
000000AF
389C1CCF
00000090
2226FF43
000000E8
1CDDEE9C
0000002F
C42DDDC2
00000069
F06F217A
000000BA
9EA4F0BB
0000000C
CFCD6902
00000019
FA85459D
0000008B
AE6AC89A
00000044
B6F3D08A
0000001B
344FEFE1
00000042
11180CD9
000000A1
923B3BEA
00000086
A41AAFAC
00000014
DAEB22A5
00000012
CB517E6A
000000D9
37A6437B
000000A4
D69871BC
0000002C
82F01B58
000000DC
6E9D7077
00000005
9721C6E5
0000005E
E66743DC
000000D8
7C969920
000000B5
CEB52FC3
00000048
0000008F
E42B0627
00000001
00000000
00000000
00000000
00000000
// vkGetPhysicalDeviceProperties[0]
00000006
00000001
334C76B9
00000099
00000001
00000000
00000006
00000001
00000000
00401000
00000000
00000000
00000000
00000000
00000100
00000000
7262694C
726F4365
50412065
75282055
6175716E
6966696C
00296465
00000000
00000000
00000000
00000000
00000000
00000000
00000000
00000000
00000000
00000000
00000000
00000000
00000000
00000000
00000000
00000000
00000000
00000000
00000000
00000000
00000000
00000000
00000000
00000000
00000000
00000000
00000000
00000000
00000000
00000000
00000000
00000000
00000000
00000000
00000000
00000000
00000000
00000000
00000000
00000000
00000000
00000000
00000000
00000000
00000000
00000000
00000000
00000000
00000000
00000000
00000000
00000000
00000000
00000000
00000000
00000000
00000000
00000010
00000000
00000000
00000000
00000000
00000000
00000000
00001000
00000000
00000000
00000100
00000000
01000000
01000000
00000080
00000040
00000040
00000000
00000000
00000000
00000000
00000004
00000010
00000010
00000010
00000010
00000010
00000000
00000010
00000010
00000010
00000010
00000010
00000010
00000010
00000010
00000000
00000000
00000000
00000000
00000000
00000000
00000000
00000000
00000000
00000000
00000000
00000000
00000000
00000000
00000000
00000000
00000000
00000000
00000000
00000000
00000000
00000000
00000000
00004000
00000003
00000000
00000000
00000000
00000000
00000040
00000003
00000000
00000040
00000040
00000040
00000000
00000008
00000004
00000000
00000000
41700000
3F800000
00000000
00000002
00000000
00000000
00000000
00000002
00000000
00000000
00000000
00000000
00001000
00000000
00000000
00000000
00000100
00000000
00000100
00000000
00000000
00000000
00000000
00000000
00000000
00000000
00000000
00000000
00000000
00000000
00000000
00000000
00000000
00000000
00000000
00000000
00000000
00000000
00000000
00000000
00000000
00000000
00000000
00000000
00000000
00000000
00000000
00000002
00000000
00000000
00000000
00000002
00000000
00000000
00000000
00000000
00000000
00000000
00000000
00000000
00000000
00000000
00000000
00000040
00000000
00000000
00000000
00000000
00000000
00000000
// vkGetPhysicalDeviceProperties[1]
00000006
00000001
FEB89FFF
0000002C
00000001
00000000
00000006
00000001
00000000
00401000
00000000
00000000
00000000
00000000
00000100
00000000
7262694C
726F4365
50412065
75282055
6175716E
6966696C
00296465
00000000
00000000
00000000
00000000
00000000
00000000
00000000
00000000
00000000
00000000
00000000
00000000
00000000
00000000
00000000
00000000
00000000
00000000
00000000
00000000
00000000
00000000
00000000
00000000
00000000
00000000
00000000
00000000
00000000
00000000
00000000
00000000
00000000
00000000
00000000
00000000
00000000
00000000
00000000
00000000
00000000
00000000
00000000
00000000
00000000
00000000
00000000
00000000
00000000
00000000
00000000
00000000
00000000
00000000
00000000
00000000
00000000
00000010
00000000
00000000
00000000
00000000
00000000
00000000
00001000
00000000
00000000
00000100
00000000
01000000
01000000
00000080
00000040
00000040
00000000
00000000
00000000
00000000
00000004
00000010
00000010
00000010
00000010
00000010
00000000
00000010
00000010
00000010
00000010
00000010
00000010
00000010
00000010
00000000
00000000
00000000
00000000
00000000
00000000
00000000
00000000
00000000
00000000
00000000
00000000
00000000
00000000
00000000
00000000
00000000
00000000
00000000
00000000
00000000
00000000
00000000
00004000
00000003
00000000
00000000
00000000
00000000
00000040
00000003
00000000
00000040
00000040
00000040
00000000
00000008
00000004
00000000
00000000
41700000
3F800000
00000000
00000002
00000000
00000000
00000000
00000002
00000000
00000000
00000000
00000000
00001000
00000000
00000000
00000000
00000100
00000000
00000100
00000000
00000000
00000000
00000000
00000000
00000000
00000000
00000000
00000000
00000000
00000000
00000000
00000000
00000000
00000000
00000000
00000000
00000000
00000000
00000000
00000000
00000000
00000000
00000000
00000000
00000000
00000000
00000000
00000002
00000000
00000000
00000000
00000002
00000000
00000000
00000000
00000000
00000000
00000000
00000000
00000000
00000000
00000000
00000000
00000040
00000000
00000000
00000000
00000000
00000000
00000000
// vkGetPhysicalDeviceProperties[2]
00000006
00000001
E299D75F
000000F7
00000001
00000000
00000006
00000001
00000000
00401000
00000000
00000000
00000000
00000000
00000100
00000000
7262694C
726F4365
50412065
75282055
6175716E
6966696C
00296465
00000000
00000000
00000000
00000000
00000000
00000000
00000000
00000000
00000000
00000000
00000000
00000000
00000000
00000000
00000000
00000000
00000000
00000000
00000000
00000000
00000000
00000000
00000000
00000000
00000000
00000000
00000000
00000000
00000000
00000000
00000000
00000000
00000000
00000000
00000000
00000000
00000000
00000000
00000000
00000000
00000000
00000000
00000000
00000000
00000000
00000000
00000000
00000000
00000000
00000000
00000000
00000000
00000000
00000000
00000000
00000000
00000000
00000010
00000000
00000000
00000000
00000000
00000000
00000000
00001000
00000000
00000000
00000100
00000000
01000000
01000000
00000080
00000040
00000040
00000000
00000000
00000000
00000000
00000004
00000010
00000010
00000010
00000010
00000010
00000000
00000010
00000010
00000010
00000010
00000010
00000010
00000010
00000010
00000000
00000000
00000000
00000000
00000000
00000000
00000000
00000000
00000000
00000000
00000000
00000000
00000000
00000000
00000000
00000000
00000000
00000000
00000000
00000000
00000000
00000000
00000000
00004000
00000003
00000000
00000000
00000000
00000000
00000040
00000003
00000000
00000040
00000040
00000040
00000000
00000008
00000004
00000000
00000000
41700000
3F800000
00000000
00000002
00000000
00000000
00000000
00000002
00000000
00000000
00000000
00000000
00001000
00000000
00000000
00000000
00000100
00000000
00000100
00000000
00000000
00000000
00000000
00000000
00000000
00000000
00000000
00000000
00000000
00000000
00000000
00000000
00000000
00000000
00000000
00000000
00000000
00000000
00000000
00000000
00000000
00000000
00000000
00000000
00000000
00000000
00000000
00000002
00000000
00000000
00000000
00000002
00000000
00000000
00000000
00000000
00000000
00000000
00000000
00000000
00000000
00000000
00000000
00000040
00000000
00000000
00000000
00000000
00000000
00000000
// vkGetPhysicalDeviceProperties[3]
00000006
00000001
FFAFF117
0000001A
00000001
00000000
00000006
00000001
00000000
00401000
00000000
00000000
00000000
00000000
00000100
00000000
7262694C
726F4365
50412065
75282055
6175716E
6966696C
00296465
00000000
00000000
00000000
00000000
00000000
00000000
00000000
00000000
00000000
00000000
00000000
00000000
00000000
00000000
00000000
00000000
00000000
00000000
00000000
00000000
00000000
00000000
00000000
00000000
00000000
00000000
00000000
00000000
00000000
00000000
00000000
00000000
00000000
00000000
00000000
00000000
00000000
00000000
00000000
00000000
00000000
00000000
00000000
00000000
00000000
00000000
00000000
00000000
00000000
00000000
00000000
00000000
00000000
00000000
00000000
00000000
00000000
00000010
00000000
00000000
00000000
00000000
00000000
00000000
00001000
00000000
00000000
00000100
00000000
01000000
01000000
00000080
00000040
00000040
00000000
00000000
00000000
00000000
00000004
00000010
00000010
00000010
00000010
00000010
00000000
00000010
00000010
00000010
00000010
00000010
00000010
00000010
00000010
00000000
00000000
00000000
00000000
00000000
00000000
00000000
00000000
00000000
00000000
00000000
00000000
00000000
00000000
00000000
00000000
00000000
00000000
00000000
00000000
00000000
00000000
00000000
00004000
00000003
00000000
00000000
00000000
00000000
00000040
00000003
00000000
00000040
00000040
00000040
00000000
00000008
00000004
00000000
00000000
41700000
3F800000
00000000
00000002
00000000
00000000
00000000
00000002
00000000
00000000
00000000
00000000
00001000
00000000
00000000
00000000
00000100
00000000
00000100
00000000
00000000
00000000
00000000
00000000
00000000
00000000
00000000
00000000
00000000
00000000
00000000
00000000
00000000
00000000
00000000
00000000
00000000
00000000
00000000
00000000
00000000
00000000
00000000
00000000
00000000
00000000
00000000
00000002
00000000
00000000
00000000
00000002
00000000
00000000
00000000
00000000
00000000
00000000
00000000
00000000
00000000
00000000
00000000
00000040
00000000
00000000
00000000
00000000
00000000
00000000
// vkGetPhysicalDeviceProperties[4]
00000006
00000001
8FD9949D
000000F1
00000001
00000000
00000006
00000001
00000000
00401000
00000000
00000000
00000000
00000000
00000100
00000000
7262694C
726F4365
50412065
75282055
6175716E
6966696C
00296465
00000000
00000000
00000000
00000000
00000000
00000000
00000000
00000000
00000000
00000000
00000000
00000000
00000000
00000000
00000000
00000000
00000000
00000000
00000000
00000000
00000000
00000000
00000000
00000000
00000000
00000000
00000000
00000000
00000000
00000000
00000000
00000000
00000000
00000000
00000000
00000000
00000000
00000000
00000000
00000000
00000000
00000000
00000000
00000000
00000000
00000000
00000000
00000000
00000000
00000000
00000000
00000000
00000000
00000000
00000000
00000000
00000000
00000010
00000000
00000000
00000000
00000000
00000000
00000000
00001000
00000000
00000000
00000100
00000000
01000000
01000000
00000080
00000040
00000040
00000000
00000000
00000000
00000000
00000004
00000010
00000010
00000010
00000010
00000010
00000000
00000010
00000010
00000010
00000010
00000010
00000010
00000010
00000010
00000000
00000000
00000000
00000000
00000000
00000000
00000000
00000000
00000000
00000000
00000000
00000000
00000000
00000000
00000000
00000000
00000000
00000000
00000000
00000000
00000000
00000000
00000000
00004000
00000003
00000000
00000000
00000000
00000000
00000040
00000003
00000000
00000040
00000040
00000040
00000000
00000008
00000004
00000000
00000000
41700000
3F800000
00000000
00000002
00000000
00000000
00000000
00000002
00000000
00000000
00000000
00000000
00001000
00000000
00000000
00000000
00000100
00000000
00000100
00000000
00000000
00000000
00000000
00000000
00000000
00000000
00000000
00000000
00000000
00000000
00000000
00000000
00000000
00000000
00000000
00000000
00000000
00000000
00000000
00000000
00000000
00000000
00000000
00000000
00000000
00000000
00000000
00000002
00000000
00000000
00000000
00000002
00000000
00000000
00000000
00000000
00000000
00000000
00000000
00000000
00000000
00000000
00000000
00000040
00000000
00000000
00000000
00000000
00000000
00000000
// vkGetPhysicalDeviceProperties[5]
00000006
00000001
70CB730D
00000066
00000001
00000000
00000006
00000001
00000000
00401000
00000000
00000000
00000000
00000000
00000100
00000000
7262694C
726F4365
50412065
75282055
6175716E
6966696C
00296465
00000000
00000000
00000000
00000000
00000000
00000000
00000000
00000000
00000000
00000000
00000000
00000000
00000000
00000000
00000000
00000000
00000000
00000000
00000000
00000000
00000000
00000000
00000000
00000000
00000000
00000000
00000000
00000000
00000000
00000000
00000000
00000000
00000000
00000000
00000000
00000000
00000000
00000000
00000000
00000000
00000000
00000000
00000000
00000000
00000000
00000000
00000000
00000000
00000000
00000000
00000000
00000000
00000000
00000000
00000000
00000000
00000000
00000010
00000000
00000000
00000000
00000000
00000000
00000000
00001000
00000000
00000000
00000100
00000000
01000000
01000000
00000080
00000040
00000040
00000000
00000000
00000000
00000000
00000004
00000010
00000010
00000010
00000010
00000010
00000000
00000010
00000010
00000010
00000010
00000010
00000010
00000010
00000010
00000000
00000000
00000000
00000000
00000000
00000000
00000000
00000000
00000000
00000000
00000000
00000000
00000000
00000000
00000000
00000000
00000000
00000000
00000000
00000000
00000000
00000000
00000000
00004000
00000003
00000000
00000000
00000000
00000000
00000040
00000003
00000000
00000040
00000040
00000040
00000000
00000008
00000004
00000000
00000000
41700000
3F800000
00000000
00000002
00000000
00000000
00000000
00000002
00000000
00000000
00000000
00000000
00001000
00000000
00000000
00000000
00000100
00000000
00000100
00000000
00000000
00000000
00000000
00000000
00000000
00000000
00000000
00000000
00000000
00000000
00000000
00000000
00000000
00000000
00000000
00000000
00000000
00000000
00000000
00000000
00000000
00000000
00000000
00000000
00000000
00000000
00000000
00000002
00000000
00000000
00000000
00000002
00000000
00000000
00000000
00000000
00000000
00000000
00000000
00000000
00000000
00000000
00000000
00000040
00000000
00000000
00000000
00000000
00000000
00000000
// vkGetPhysicalDeviceProperties[6]
00000006
00000001
ED9D7DCB
00000026
00000001
00000000
00000006
00000001
00000000
00401000
00000000
00000000
00000000
00000000
00000100
00000000
7262694C
726F4365
50412065
75282055
6175716E
6966696C
00296465
00000000
00000000
00000000
00000000
00000000
00000000
00000000
00000000
00000000
00000000
00000000
00000000
00000000
00000000
00000000
00000000
00000000
00000000
00000000
00000000
00000000
00000000
00000000
00000000
00000000
00000000
00000000
00000000
00000000
00000000
00000000
00000000
00000000
00000000
00000000
00000000
00000000
00000000
00000000
00000000
00000000
00000000
00000000
00000000
00000000
00000000
00000000
00000000
00000000
00000000
00000000
00000000
00000000
00000000
00000000
00000000
00000000
00000010
00000000
00000000
00000000
00000000
00000000
00000000
00001000
00000000
00000000
00000100
00000000
01000000
01000000
00000080
00000040
00000040
00000000
00000000
00000000
00000000
00000004
00000010
00000010
00000010
00000010
00000010
00000000
00000010
00000010
00000010
00000010
00000010
00000010
00000010
00000010
00000000
00000000
00000000
00000000
00000000
00000000
00000000
00000000
00000000
00000000
00000000
00000000
00000000
00000000
00000000
00000000
00000000
00000000
00000000
00000000
00000000
00000000
00000000
00004000
00000003
00000000
00000000
00000000
00000000
00000040
00000003
00000000
00000040
00000040
00000040
00000000
00000008
00000004
00000000
00000000
41700000
3F800000
00000000
00000002
00000000
00000000
00000000
00000002
00000000
00000000
00000000
00000000
00001000
00000000
00000000
00000000
00000100
00000000
00000100
00000000
00000000
00000000
00000000
00000000
00000000
00000000
00000000
00000000
00000000
00000000
00000000
00000000
00000000
00000000
00000000
00000000
00000000
00000000
00000000
00000000
00000000
00000000
00000000
00000000
00000000
00000000
00000000
00000002
00000000
00000000
00000000
00000002
00000000
00000000
00000000
00000000
00000000
00000000
00000000
00000000
00000000
00000000
00000000
00000040
00000000
00000000
00000000
00000000
00000000
00000000
// vkGetPhysicalDeviceProperties[7]
00000006
00000001
EC5643F3
00000084
00000000
00000000
00000006
00000000
00000000
// vkGetPhysicalDeviceProperties2[0]
00000094
00000001
940EA61B
00000041
00000001
00000000
3B9BB079
00000000
00000000
00000094
00000001
00000000
3B9BB079
00000000
00000000
00401000
00000000
00000000
00000000
00000000
00000100
00000000
7262694C
726F4365
50412065
75282055
6175716E
6966696C
00296465
00000000
00000000
00000000
00000000
00000000
00000000
00000000
00000000
00000000
00000000
00000000
00000000
00000000
00000000
00000000
00000000
00000000
00000000
00000000
00000000
00000000
00000000
00000000
00000000
00000000
00000000
00000000
00000000
00000000
00000000
00000000
00000000
00000000
00000000
00000000
00000000
00000000
00000000
00000000
00000000
00000000
00000000
00000000
00000000
00000000
00000000
00000000
00000000
00000000
00000000
00000000
00000000
00000000
00000000
00000000
00000000
00000000
00000010
00000000
00000000
00000000
00000000
00000000
00000000
00001000
00000000
00000000
00000100
00000000
01000000
01000000
00000080
00000040
00000040
00000000
00000000
00000000
00000000
00000004
00000010
00000010
00000010
00000010
00000010
00000000
00000010
00000010
00000010
00000010
00000010
00000010
00000010
00000010
00000000
00000000
00000000
00000000
00000000
00000000
00000000
00000000
00000000
00000000
00000000
00000000
00000000
00000000
00000000
00000000
00000000
00000000
00000000
00000000
00000000
00000000
00000000
00004000
00000003
00000000
00000000
00000000
00000000
00000040
00000003
00000000
00000040
00000040
00000040
00000000
00000008
00000004
00000000
00000000
41700000
3F800000
00000000
00000002
00000000
00000000
00000000
00000002
00000000
00000000
00000000
00000000
00001000
00000000
00000000
00000000
00000100
00000000
00000100
00000000
00000000
00000000
00000000
00000000
00000000
00000000
00000000
00000000
00000000
00000000
00000000
00000000
00000000
00000000
00000000
00000000
00000000
00000000
00000000
00000000
00000000
00000000
00000000
00000000
00000000
00000000
00000000
00000002
00000000
00000000
00000000
00000002
00000000
00000000
00000000
00000000
00000000
00000000
00000000
00000000
00000000
00000000
00000000
00000040
00000000
00000000
00000000
00000000
00000000
00000000
// vkGetPhysicalDeviceProperties2[1]
00000094
00000001
FFAE81DD
00000085
00000001
00000000
3B9BB079
00000000
00000000
00000094
00000001
00000000
3B9BB079
00000000
00000000
00401000
00000000
00000000
00000000
00000000
00000100
00000000
7262694C
726F4365
50412065
75282055
6175716E
6966696C
00296465
00000000
00000000
00000000
00000000
00000000
00000000
00000000
00000000
00000000
00000000
00000000
00000000
00000000
00000000
00000000
00000000
00000000
00000000
00000000
00000000
00000000
00000000
00000000
00000000
00000000
00000000
00000000
00000000
00000000
00000000
00000000
00000000
00000000
00000000
00000000
00000000
00000000
00000000
00000000
00000000
00000000
00000000
00000000
00000000
00000000
00000000
00000000
00000000
00000000
00000000
00000000
00000000
00000000
00000000
00000000
00000000
00000000
00000010
00000000
00000000
00000000
00000000
00000000
00000000
00001000
00000000
00000000
00000100
00000000
01000000
01000000
00000080
00000040
00000040
00000000
00000000
00000000
00000000
00000004
00000010
00000010
00000010
00000010
00000010
00000000
00000010
00000010
00000010
00000010
00000010
00000010
00000010
00000010
00000000
00000000
00000000
00000000
00000000
00000000
00000000
00000000
00000000
00000000
00000000
00000000
00000000
00000000
00000000
00000000
00000000
00000000
00000000
00000000
00000000
00000000
00000000
00004000
00000003
00000000
00000000
00000000
00000000
00000040
00000003
00000000
00000040
00000040
00000040
00000000
00000008
00000004
00000000
00000000
41700000
3F800000
00000000
00000002
00000000
00000000
00000000
00000002
00000000
00000000
00000000
00000000
00001000
00000000
00000000
00000000
00000100
00000000
00000100
00000000
00000000
00000000
00000000
00000000
00000000
00000000
00000000
00000000
00000000
00000000
00000000
00000000
00000000
00000000
00000000
00000000
00000000
00000000
00000000
00000000
00000000
00000000
00000000
00000000
00000000
00000000
00000000
00000002
00000000
00000000
00000000
00000002
00000000
00000000
00000000
00000000
00000000
00000000
00000000
00000000
00000000
00000000
00000000
00000040
00000000
00000000
00000000
00000000
00000000
00000000
// vkGetPhysicalDeviceProperties2[2]
00000094
00000001
214AA97D
000000F9
00000001
00000000
3B9BB079
00000000
00000000
00000094
00000001
00000000
3B9BB079
00000000
00000000
00401000
00000000
00000000
00000000
00000000
00000100
00000000
7262694C
726F4365
50412065
75282055
6175716E
6966696C
00296465
00000000
00000000
00000000
00000000
00000000
00000000
00000000
00000000
00000000
00000000
00000000
00000000
00000000
00000000
00000000
00000000
00000000
00000000
00000000
00000000
00000000
00000000
00000000
00000000
00000000
00000000
00000000
00000000
00000000
00000000
00000000
00000000
00000000
00000000
00000000
00000000
00000000
00000000
00000000
00000000
00000000
00000000
00000000
00000000
00000000
00000000
00000000
00000000
00000000
00000000
00000000
00000000
00000000
00000000
00000000
00000000
00000000
00000010
00000000
00000000
00000000
00000000
00000000
00000000
00001000
00000000
00000000
00000100
00000000
01000000
01000000
00000080
00000040
00000040
00000000
00000000
00000000
00000000
00000004
00000010
00000010
00000010
00000010
00000010
00000000
00000010
00000010
00000010
00000010
00000010
00000010
00000010
00000010
00000000
00000000
00000000
00000000
00000000
00000000
00000000
00000000
00000000
00000000
00000000
00000000
00000000
00000000
00000000
00000000
00000000
00000000
00000000
00000000
00000000
00000000
00000000
00004000
00000003
00000000
00000000
00000000
00000000
00000040
00000003
00000000
00000040
00000040
00000040
00000000
00000008
00000004
00000000
00000000
41700000
3F800000
00000000
00000002
00000000
00000000
00000000
00000002
00000000
00000000
00000000
00000000
00001000
00000000
00000000
00000000
00000100
00000000
00000100
00000000
00000000
00000000
00000000
00000000
00000000
00000000
00000000
00000000
00000000
00000000
00000000
00000000
00000000
00000000
00000000
00000000
00000000
00000000
00000000
00000000
00000000
00000000
00000000
00000000
00000000
00000000
00000000
00000002
00000000
00000000
00000000
00000002
00000000
00000000
00000000
00000000
00000000
00000000
00000000
00000000
00000000
00000000
00000000
00000040
00000000
00000000
00000000
00000000
00000000
00000000
// vkGetPhysicalDeviceProperties2[3]
00000094
00000001
B312BB95
00000079
00000001
00000000
3B9BB079
00000000
00000000
00000094
00000001
00000000
3B9BB079
00000000
00000000
00401000
00000000
00000000
00000000
00000000
00000100
00000000
7262694C
726F4365
50412065
75282055
6175716E
6966696C
00296465
00000000
00000000
00000000
00000000
00000000
00000000
00000000
00000000
00000000
00000000
00000000
00000000
00000000
00000000
00000000
00000000
00000000
00000000
00000000
00000000
00000000
00000000
00000000
00000000
00000000
00000000
00000000
00000000
00000000
00000000
00000000
00000000
00000000
00000000
00000000
00000000
00000000
00000000
00000000
00000000
00000000
00000000
00000000
00000000
00000000
00000000
00000000
00000000
00000000
00000000
00000000
00000000
00000000
00000000
00000000
00000000
00000000
00000010
00000000
00000000
00000000
00000000
00000000
00000000
00001000
00000000
00000000
00000100
00000000
01000000
01000000
00000080
00000040
00000040
00000000
00000000
00000000
00000000
00000004
00000010
00000010
00000010
00000010
00000010
00000000
00000010
00000010
00000010
00000010
00000010
00000010
00000010
00000010
00000000
00000000
00000000
00000000
00000000
00000000
00000000
00000000
00000000
00000000
00000000
00000000
00000000
00000000
00000000
00000000
00000000
00000000
00000000
00000000
00000000
00000000
00000000
00004000
00000003
00000000
00000000
00000000
00000000
00000040
00000003
00000000
00000040
00000040
00000040
00000000
00000008
00000004
00000000
00000000
41700000
3F800000
00000000
00000002
00000000
00000000
00000000
00000002
00000000
00000000
00000000
00000000
00001000
00000000
00000000
00000000
00000100
00000000
00000100
00000000
00000000
00000000
00000000
00000000
00000000
00000000
00000000
00000000
00000000
00000000
00000000
00000000
00000000
00000000
00000000
00000000
00000000
00000000
00000000
00000000
00000000
00000000
00000000
00000000
00000000
00000000
00000000
00000002
00000000
00000000
00000000
00000002
00000000
00000000
00000000
00000000
00000000
00000000
00000000
00000000
00000000
00000000
00000000
00000040
00000000
00000000
00000000
00000000
00000000
00000000
// vkGetPhysicalDeviceProperties2[4]
00000094
00000001
9B0A7D25
000000BF
00000001
00000000
3B9BB079
00000001
00000000
3B9C3930
00000001
00000000
3B9C9308
00000000
00000000
00000094
00000001
00000000
3B9BB079
00000001
00000000
3B9C3930
00000001
00000000
3B9C9308
00000000
00000000
00000000
00000008
00000020
00000001
00000000
00401000
00000000
00000000
00000000
00000000
00000100
00000000
7262694C
726F4365
50412065
75282055
6175716E
6966696C
00296465
00000000
00000000
00000000
00000000
00000000
00000000
00000000
00000000
00000000
00000000
00000000
00000000
00000000
00000000
00000000
00000000
00000000
00000000
00000000
00000000
00000000
00000000
00000000
00000000
00000000
00000000
00000000
00000000
00000000
00000000
00000000
00000000
00000000
00000000
00000000
00000000
00000000
00000000
00000000
00000000
00000000
00000000
00000000
00000000
00000000
00000000
00000000
00000000
00000000
00000000
00000000
00000000
00000000
00000000
00000000
00000000
00000000
00000010
00000000
00000000
00000000
00000000
00000000
00000000
00001000
00000000
00000000
00000100
00000000
01000000
01000000
00000080
00000040
00000040
00000000
00000000
00000000
00000000
00000004
00000010
00000010
00000010
00000010
00000010
00000000
00000010
00000010
00000010
00000010
00000010
00000010
00000010
00000010
00000000
00000000
00000000
00000000
00000000
00000000
00000000
00000000
00000000
00000000
00000000
00000000
00000000
00000000
00000000
00000000
00000000
00000000
00000000
00000000
00000000
00000000
00000000
00004000
00000003
00000000
00000000
00000000
00000000
00000040
00000003
00000000
00000040
00000040
00000040
00000000
00000008
00000004
00000000
00000000
41700000
3F800000
00000000
00000002
00000000
00000000
00000000
00000002
00000000
00000000
00000000
00000000
00001000
00000000
00000000
00000000
00000100
00000000
00000100
00000000
00000000
00000000
00000000
00000000
00000000
00000000
00000000
00000000
00000000
00000000
00000000
00000000
00000000
00000000
00000000
00000000
00000000
00000000
00000000
00000000
00000000
00000000
00000000
00000000
00000000
00000000
00000000
00000002
00000000
00000000
00000000
00000002
00000000
00000000
00000000
00000000
00000000
00000000
00000000
00000000
00000000
00000000
00000000
00000040
00000000
00000000
00000000
00000000
00000000
00000000
// vkGetPhysicalDeviceProperties2[5]
00000094
00000001
A4D19315
000000A7
00000000
00000000
00000094
00000000
00000000
// vkGetPhysicalDeviceProperties2[6]
00000094
00000001
2A3D9F0D
00000093
00000001
00000000
3B9BB079
00000001
00000000
3B9B990A
00000001
00000000
3BA25799
00000000
00000000
00000094
00000001
00000000
3B9BB079
00000001
00000000
3B9B990A
00000001
00000000
3BA25799
00000000
00000000
00000000
00000000
00000000
00401000
00000000
00000000
00000000
00000000
00000100
00000000
7262694C
726F4365
50412065
75282055
6175716E
6966696C
00296465
00000000
00000000
00000000
00000000
00000000
00000000
00000000
00000000
00000000
00000000
00000000
00000000
00000000
00000000
00000000
00000000
00000000
00000000
00000000
00000000
00000000
00000000
00000000
00000000
00000000
00000000
00000000
00000000
00000000
00000000
00000000
00000000
00000000
00000000
00000000
00000000
00000000
00000000
00000000
00000000
00000000
00000000
00000000
00000000
00000000
00000000
00000000
00000000
00000000
00000000
00000000
00000000
00000000
00000000
00000000
00000000
00000000
00000010
00000000
00000000
00000000
00000000
00000000
00000000
00001000
00000000
00000000
00000100
00000000
01000000
01000000
00000080
00000040
00000040
00000000
00000000
00000000
00000000
00000004
00000010
00000010
00000010
00000010
00000010
00000000
00000010
00000010
00000010
00000010
00000010
00000010
00000010
00000010
00000000
00000000
00000000
00000000
00000000
00000000
00000000
00000000
00000000
00000000
00000000
00000000
00000000
00000000
00000000
00000000
00000000
00000000
00000000
00000000
00000000
00000000
00000000
00004000
00000003
00000000
00000000
00000000
00000000
00000040
00000003
00000000
00000040
00000040
00000040
00000000
00000008
00000004
00000000
00000000
41700000
3F800000
00000000
00000002
00000000
00000000
00000000
00000002
00000000
00000000
00000000
00000000
00001000
00000000
00000000
00000000
00000100
00000000
00000100
00000000
00000000
00000000
00000000
00000000
00000000
00000000
00000000
00000000
00000000
00000000
00000000
00000000
00000000
00000000
00000000
00000000
00000000
00000000
00000000
00000000
00000000
00000000
00000000
00000000
00000000
00000000
00000000
00000002
00000000
00000000
00000000
00000002
00000000
00000000
00000000
00000000
00000000
00000000
00000000
00000000
00000000
00000000
00000000
00000040
00000000
00000000
00000000
00000000
00000000
00000000
// vkGetPhysicalDeviceProperties2[7]
00000094
00000001
FDCD9D49
0000002B
00000001
00000000
3B9BB079
00000000
00000000
00000094
00000001
00000000
3B9BB079
00000000
00000000
00401000
00000000
00000000
00000000
00000000
00000100
00000000
7262694C
726F4365
50412065
75282055
6175716E
6966696C
00296465
00000000
00000000
00000000
00000000
00000000
00000000
00000000
00000000
00000000
00000000
00000000
00000000
00000000
00000000
00000000
00000000
00000000
00000000
00000000
00000000
00000000
00000000
00000000
00000000
00000000
00000000
00000000
00000000
00000000
00000000
00000000
00000000
00000000
00000000
00000000
00000000
00000000
00000000
00000000
00000000
00000000
00000000
00000000
00000000
00000000
00000000
00000000
00000000
00000000
00000000
00000000
00000000
00000000
00000000
00000000
00000000
00000000
00000010
00000000
00000000
00000000
00000000
00000000
00000000
00001000
00000000
00000000
00000100
00000000
01000000
01000000
00000080
00000040
00000040
00000000
00000000
00000000
00000000
00000004
00000010
00000010
00000010
00000010
00000010
00000000
00000010
00000010
00000010
00000010
00000010
00000010
00000010
00000010
00000000
00000000
00000000
00000000
00000000
00000000
00000000
00000000
00000000
00000000
00000000
00000000
00000000
00000000
00000000
00000000
00000000
00000000
00000000
00000000
00000000
00000000
00000000
00004000
00000003
00000000
00000000
00000000
00000000
00000040
00000003
00000000
00000040
00000040
00000040
00000000
00000008
00000004
00000000
00000000
41700000
3F800000
00000000
00000002
00000000
00000000
00000000
00000002
00000000
00000000
00000000
00000000
00001000
00000000
00000000
00000000
00000100
00000000
00000100
00000000
00000000
00000000
00000000
00000000
00000000
00000000
00000000
00000000
00000000
00000000
00000000
00000000
00000000
00000000
00000000
00000000
00000000
00000000
00000000
00000000
00000000
00000000
00000000
00000000
00000000
00000000
00000000
00000002
00000000
00000000
00000000
00000002
00000000
00000000
00000000
00000000
00000000
00000000
00000000
00000000
00000000
00000000
00000000
00000040
00000000
00000000
00000000
00000000
00000000
00000000
// vkGetPhysicalDeviceFeatures[0]
00000003
00000001
B2FC497F
0000001A
00000001
00000000
00000003
00000001
00000000
00000001
00000000
00000000
00000000
00000000
00000000
00000000
00000000
00000000
00000000
00000000
00000000
00000000
00000000
00000000
00000000
00000000
00000000
00000000
00000000
00000000
00000000
00000000
00000000
00000000
00000000
00000001
00000000
00000000
00000000
00000000
00000000
00000000
00000001
00000001
00000001
00000001
00000000
00000000
00000000
00000000
00000000
00000000
00000000
00000000
00000000
00000000
00000000
00000000
00000000
00000000
00000000
00000000
00000000
00000000
// vkGetPhysicalDeviceFeatures[1]
00000003
00000001
63351347
0000007C
00000001
00000000
00000003
00000001
00000000
00000001
00000000
00000000
00000000
00000000
00000000
00000000
00000000
00000000
00000000
00000000
00000000
00000000
00000000
00000000
00000000
00000000
00000000
00000000
00000000
00000000
00000000
00000000
00000000
00000000
00000000
00000001
00000000
00000000
00000000
00000000
00000000
00000000
00000001
00000001
00000001
00000001
00000000
00000000
00000000
00000000
00000000
00000000
00000000
00000000
00000000
00000000
00000000
00000000
00000000
00000000
00000000
00000000
00000000
00000000
// vkGetPhysicalDeviceFeatures[2]
00000003
00000001
7D4614F7
0000002E
00000001
00000000
00000003
00000001
00000000
00000001
00000000
00000000
00000000
00000000
00000000
00000000
00000000
00000000
00000000
00000000
00000000
00000000
00000000
00000000
00000000
00000000
00000000
00000000
00000000
00000000
00000000
00000000
00000000
00000000
00000000
00000001
00000000
00000000
00000000
00000000
00000000
00000000
00000001
00000001
00000001
00000001
00000000
00000000
00000000
00000000
00000000
00000000
00000000
00000000
00000000
00000000
00000000
00000000
00000000
00000000
00000000
00000000
00000000
00000000
// vkGetPhysicalDeviceFeatures[3]
00000003
00000001
AD4662B1
0000008F
00000001
00000000
00000003
00000001
00000000
00000001
00000000
00000000
00000000
00000000
00000000
00000000
00000000
00000000
00000000
00000000
00000000
00000000
00000000
00000000
00000000
00000000
00000000
00000000
00000000
00000000
00000000
00000000
00000000
00000000
00000000
00000001
00000000
00000000
00000000
00000000
00000000
00000000
00000001
00000001
00000001
00000001
00000000
00000000
00000000
00000000
00000000
00000000
00000000
00000000
00000000
00000000
00000000
00000000
00000000
00000000
00000000
00000000
00000000
00000000
// vkGetPhysicalDeviceFeatures[4]
00000003
00000001
89484847
000000E8
00000001
00000000
00000003
00000001
00000000
00000001
00000000
00000000
00000000
00000000
00000000
00000000
00000000
00000000
00000000
00000000
00000000
00000000
00000000
00000000
00000000
00000000
00000000
00000000
00000000
00000000
00000000
00000000
00000000
00000000
00000000
00000001
00000000
00000000
00000000
00000000
00000000
00000000
00000001
00000001
00000001
00000001
00000000
00000000
00000000
00000000
00000000
00000000
00000000
00000000
00000000
00000000
00000000
00000000
00000000
00000000
00000000
00000000
00000000
00000000
// vkGetPhysicalDeviceFeatures[5]
00000003
00000001
6B74BFD1
000000F1
00000000
00000000
00000003
00000000
00000000
// vkGetPhysicalDeviceFeatures[6]
00000003
00000001
5C8F8D9B
00000099
00000001
00000000
00000003
00000001
00000000
00000001
00000000
00000000
00000000
00000000
00000000
00000000
00000000
00000000
00000000
00000000
00000000
00000000
00000000
00000000
00000000
00000000
00000000
00000000
00000000
00000000
00000000
00000000
00000000
00000000
00000000
00000001
00000000
00000000
00000000
00000000
00000000
00000000
00000001
00000001
00000001
00000001
00000000
00000000
00000000
00000000
00000000
00000000
00000000
00000000
00000000
00000000
00000000
00000000
00000000
00000000
00000000
00000000
00000000
00000000
// vkGetPhysicalDeviceFeatures[7]
00000003
00000001
B2D7FD3D
00000062
00000001
00000000
00000003
00000001
00000000
00000001
00000000
00000000
00000000
00000000
00000000
00000000
00000000
00000000
00000000
00000000
00000000
00000000
00000000
00000000
00000000
00000000
00000000
00000000
00000000
00000000
00000000
00000000
00000000
00000000
00000000
00000001
00000000
00000000
00000000
00000000
00000000
00000000
00000001
00000001
00000001
00000001
00000000
00000000
00000000
00000000
00000000
00000000
00000000
00000000
00000000
00000000
00000000
00000000
00000000
00000000
00000000
00000000
00000000
00000000
// vkGetPhysicalDeviceFeatures2[0]
00000093
00000001
D2A7BB83
0000009C
00000001
00000000
3B9BB078
00000000
00000000
00000093
00000001
00000000
3B9BB078
00000000
00000000
00000001
00000000
00000000
00000000
00000000
00000000
00000000
00000000
00000000
00000000
00000000
00000000
00000000
00000000
00000000
00000000
00000000
00000000
00000000
00000000
00000000
00000000
00000000
00000000
00000000
00000000
00000001
00000000
00000000
00000000
00000000
00000000
00000000
00000001
00000001
00000001
00000001
00000000
00000000
00000000
00000000
00000000
00000000
00000000
00000000
00000000
00000000
00000000
00000000
00000000
00000000
00000000
00000000
00000000
00000000
// vkGetPhysicalDeviceFeatures2[1]
00000093
00000001
686853AF
000000F3
00000000
00000000
00000093
00000000
00000000
// vkGetPhysicalDeviceFeatures2[2]
00000093
00000001
CA75495F
000000BB
00000001
00000000
3B9BB078
00000000
00000000
00000093
00000001
00000000
3B9BB078
00000000
00000000
00000001
00000000
00000000
00000000
00000000
00000000
00000000
00000000
00000000
00000000
00000000
00000000
00000000
00000000
00000000
00000000
00000000
00000000
00000000
00000000
00000000
00000000
00000000
00000000
00000000
00000000
00000001
00000000
00000000
00000000
00000000
00000000
00000000
00000001
00000001
00000001
00000001
00000000
00000000
00000000
00000000
00000000
00000000
00000000
00000000
00000000
00000000
00000000
00000000
00000000
00000000
00000000
00000000
00000000
00000000
// vkGetPhysicalDeviceFeatures2[3]
00000093
00000001
F014DD45
00000035
00000000
00000000
00000093
00000000
00000000
// vkGetPhysicalDeviceFeatures2[4]
00000093
00000001
F8540165
00000089
00000000
00000000
00000093
00000000
00000000
// vkGetPhysicalDeviceFeatures2[5]
00000093
00000001
258DC251
0000001E
00000001
00000000
3B9BB078
00000000
00000000
00000093
00000001
00000000
3B9BB078
00000000
00000000
00000001
00000000
00000000
00000000
00000000
00000000
00000000
00000000
00000000
00000000
00000000
00000000
00000000
00000000
00000000
00000000
00000000
00000000
00000000
00000000
00000000
00000000
00000000
00000000
00000000
00000000
00000001
00000000
00000000
00000000
00000000
00000000
00000000
00000001
00000001
00000001
00000001
00000000
00000000
00000000
00000000
00000000
00000000
00000000
00000000
00000000
00000000
00000000
00000000
00000000
00000000
00000000
00000000
00000000
00000000
// vkGetPhysicalDeviceFeatures2[6]
00000093
00000001
C7779D9B
0000002C
00000001
00000000
3B9BB078
00000000
00000000
00000093
00000001
00000000
3B9BB078
00000000
00000000
00000001
00000000
00000000
00000000
00000000
00000000
00000000
00000000
00000000
00000000
00000000
00000000
00000000
00000000
00000000
00000000
00000000
00000000
00000000
00000000
00000000
00000000
00000000
00000000
00000000
00000000
00000001
00000000
00000000
00000000
00000000
00000000
00000000
00000001
00000001
00000001
00000001
00000000
00000000
00000000
00000000
00000000
00000000
00000000
00000000
00000000
00000000
00000000
00000000
00000000
00000000
00000000
00000000
00000000
00000000
// vkGetPhysicalDeviceFeatures2[7]
00000093
00000001
5C4AB0C7
000000B5
00000000
00000000
00000093
00000000
00000000
// vkGetPhysicalDeviceMemoryProperties[0]
00000008
00000001
BD81FCB7
00000059
00000001
00000000
00000020
00000000
00000010
00000000
00000008
00000001
00000000
00000002
00000020
00000000
00000001
00000000
00000007
00000001
00000000
00000000
00000000
00000000
00000000
00000000
00000000
00000000
00000000
00000000
00000000
00000000
00000000
00000000
00000000
00000000
00000000
00000000
00000000
00000000
00000000
00000000
00000000
00000000
00000000
00000000
00000000
00000000
00000000
00000000
00000000
00000000
00000000
00000000
00000000
00000000
00000000
00000000
00000000
00000000
00000000
00000000
00000000
00000000
00000000
00000000
00000000
00000000
00000000
00000000
00000000
00000000
00000000
00000000
00000000
00000000
00000000
00000000
00000000
00000000
00000002
00000010
00000000
00800000
00000000
00000001
01800000
00000000
00000001
00000000
00000000
00000000
00000000
00000000
00000000
00000000
00000000
00000000
00000000
00000000
00000000
00000000
00000000
00000000
00000000
00000000
00000000
00000000
00000000
00000000
00000000
00000000
00000000
00000000
00000000
00000000
00000000
00000000
00000000
00000000
00000000
00000000
00000000
00000000
00000000
00000000
00000000
00000000
00000000
00000000
00000000
// vkGetPhysicalDeviceMemoryProperties[1]
00000008
00000001
014B7769
000000B8
00000001
00000000
00000020
00000000
00000010
00000000
00000008
00000001
00000000
00000002
00000020
00000000
00000001
00000000
00000007
00000001
00000000
00000000
00000000
00000000
00000000
00000000
00000000
00000000
00000000
00000000
00000000
00000000
00000000
00000000
00000000
00000000
00000000
00000000
00000000
00000000
00000000
00000000
00000000
00000000
00000000
00000000
00000000
00000000
00000000
00000000
00000000
00000000
00000000
00000000
00000000
00000000
00000000
00000000
00000000
00000000
00000000
00000000
00000000
00000000
00000000
00000000
00000000
00000000
00000000
00000000
00000000
00000000
00000000
00000000
00000000
00000000
00000000
00000000
00000000
00000000
00000002
00000010
00000000
00800000
00000000
00000001
01800000
00000000
00000001
00000000
00000000
00000000
00000000
00000000
00000000
00000000
00000000
00000000
00000000
00000000
00000000
00000000
00000000
00000000
00000000
00000000
00000000
00000000
00000000
00000000
00000000
00000000
00000000
00000000
00000000
00000000
00000000
00000000
00000000
00000000
00000000
00000000
00000000
00000000
00000000
00000000
00000000
00000000
00000000
00000000
00000000
// vkGetPhysicalDeviceMemoryProperties[2]
00000008
00000001
DDF688CF
00000066
00000001
00000000
00000020
00000000
00000010
00000000
00000008
00000001
00000000
00000002
00000020
00000000
00000001
00000000
00000007
00000001
00000000
00000000
00000000
00000000
00000000
00000000
00000000
00000000
00000000
00000000
00000000
00000000
00000000
00000000
00000000
00000000
00000000
00000000
00000000
00000000
00000000
00000000
00000000
00000000
00000000
00000000
00000000
00000000
00000000
00000000
00000000
00000000
00000000
00000000
00000000
00000000
00000000
00000000
00000000
00000000
00000000
00000000
00000000
00000000
00000000
00000000
00000000
00000000
00000000
00000000
00000000
00000000
00000000
00000000
00000000
00000000
00000000
00000000
00000000
00000000
00000002
00000010
00000000
00800000
00000000
00000001
01800000
00000000
00000001
00000000
00000000
00000000
00000000
00000000
00000000
00000000
00000000
00000000
00000000
00000000
00000000
00000000
00000000
00000000
00000000
00000000
00000000
00000000
00000000
00000000
00000000
00000000
00000000
00000000
00000000
00000000
00000000
00000000
00000000
00000000
00000000
00000000
00000000
00000000
00000000
00000000
00000000
00000000
00000000
00000000
00000000
// vkGetPhysicalDeviceMemoryProperties[3]
00000008
00000001
5F181BFF
000000A5
00000001
00000000
00000020
00000000
00000010
00000000
00000008
00000001
00000000
00000002
00000020
00000000
00000001
00000000
00000007
00000001
00000000
00000000
00000000
00000000
00000000
00000000
00000000
00000000
00000000
00000000
00000000
00000000
00000000
00000000
00000000
00000000
00000000
00000000
00000000
00000000
00000000
00000000
00000000
00000000
00000000
00000000
00000000
00000000
00000000
00000000
00000000
00000000
00000000
00000000
00000000
00000000
00000000
00000000
00000000
00000000
00000000
00000000
00000000
00000000
00000000
00000000
00000000
00000000
00000000
00000000
00000000
00000000
00000000
00000000
00000000
00000000
00000000
00000000
00000000
00000000
00000002
00000010
00000000
00800000
00000000
00000001
01800000
00000000
00000001
00000000
00000000
00000000
00000000
00000000
00000000
00000000
00000000
00000000
00000000
00000000
00000000
00000000
00000000
00000000
00000000
00000000
00000000
00000000
00000000
00000000
00000000
00000000
00000000
00000000
00000000
00000000
00000000
00000000
00000000
00000000
00000000
00000000
00000000
00000000
00000000
00000000
00000000
00000000
00000000
00000000
00000000
// vkGetPhysicalDeviceMemoryProperties[4]
00000008
00000001
3D6E0853
00000005
00000001
00000000
00000020
00000000
00000010
00000000
00000008
00000001
00000000
00000002
00000020
00000000
00000001
00000000
00000007
00000001
00000000
00000000
00000000
00000000
00000000
00000000
00000000
00000000
00000000
00000000
00000000
00000000
00000000
00000000
00000000
00000000
00000000
00000000
00000000
00000000
00000000
00000000
00000000
00000000
00000000
00000000
00000000
00000000
00000000
00000000
00000000
00000000
00000000
00000000
00000000
00000000
00000000
00000000
00000000
00000000
00000000
00000000
00000000
00000000
00000000
00000000
00000000
00000000
00000000
00000000
00000000
00000000
00000000
00000000
00000000
00000000
00000000
00000000
00000000
00000000
00000002
00000010
00000000
00800000
00000000
00000001
01800000
00000000
00000001
00000000
00000000
00000000
00000000
00000000
00000000
00000000
00000000
00000000
00000000
00000000
00000000
00000000
00000000
00000000
00000000
00000000
00000000
00000000
00000000
00000000
00000000
00000000
00000000
00000000
00000000
00000000
00000000
00000000
00000000
00000000
00000000
00000000
00000000
00000000
00000000
00000000
00000000
00000000
00000000
00000000
00000000
// vkGetPhysicalDeviceMemoryProperties[5]
00000008
00000001
01F12D29
0000000B
00000001
00000000
00000020
00000000
00000010
00000000
00000008
00000001
00000000
00000002
00000020
00000000
00000001
00000000
00000007
00000001
00000000
00000000
00000000
00000000
00000000
00000000
00000000
00000000
00000000
00000000
00000000
00000000
00000000
00000000
00000000
00000000
00000000
00000000
00000000
00000000
00000000
00000000
00000000
00000000
00000000
00000000
00000000
00000000
00000000
00000000
00000000
00000000
00000000
00000000
00000000
00000000
00000000
00000000
00000000
00000000
00000000
00000000
00000000
00000000
00000000
00000000
00000000
00000000
00000000
00000000
00000000
00000000
00000000
00000000
00000000
00000000
00000000
00000000
00000000
00000000
00000002
00000010
00000000
00800000
00000000
00000001
01800000
00000000
00000001
00000000
00000000
00000000
00000000
00000000
00000000
00000000
00000000
00000000
00000000
00000000
00000000
00000000
00000000
00000000
00000000
00000000
00000000
00000000
00000000
00000000
00000000
00000000
00000000
00000000
00000000
00000000
00000000
00000000
00000000
00000000
00000000
00000000
00000000
00000000
00000000
00000000
00000000
00000000
00000000
00000000
00000000
// vkGetPhysicalDeviceMemoryProperties[6]
00000008
00000001
578282FF
00000095
00000001
00000000
00000020
00000000
00000010
00000000
00000008
00000001
00000000
00000002
00000020
00000000
00000001
00000000
00000007
00000001
00000000
00000000
00000000
00000000
00000000
00000000
00000000
00000000
00000000
00000000
00000000
00000000
00000000
00000000
00000000
00000000
00000000
00000000
00000000
00000000
00000000
00000000
00000000
00000000
00000000
00000000
00000000
00000000
00000000
00000000
00000000
00000000
00000000
00000000
00000000
00000000
00000000
00000000
00000000
00000000
00000000
00000000
00000000
00000000
00000000
00000000
00000000
00000000
00000000
00000000
00000000
00000000
00000000
00000000
00000000
00000000
00000000
00000000
00000000
00000000
00000002
00000010
00000000
00800000
00000000
00000001
01800000
00000000
00000001
00000000
00000000
00000000
00000000
00000000
00000000
00000000
00000000
00000000
00000000
00000000
00000000
00000000
00000000
00000000
00000000
00000000
00000000
00000000
00000000
00000000
00000000
00000000
00000000
00000000
00000000
00000000
00000000
00000000
00000000
00000000
00000000
00000000
00000000
00000000
00000000
00000000
00000000
00000000
00000000
00000000
00000000
// vkGetPhysicalDeviceMemoryProperties[7]
00000008
00000001
3ED50DED
000000A2
00000001
00000000
00000020
00000000
00000010
00000000
00000008
00000001
00000000
00000002
00000020
00000000
00000001
00000000
00000007
00000001
00000000
00000000
00000000
00000000
00000000
00000000
00000000
00000000
00000000
00000000
00000000
00000000
00000000
00000000
00000000
00000000
00000000
00000000
00000000
00000000
00000000
00000000
00000000
00000000
00000000
00000000
00000000
00000000
00000000
00000000
00000000
00000000
00000000
00000000
00000000
00000000
00000000
00000000
00000000
00000000
00000000
00000000
00000000
00000000
00000000
00000000
00000000
00000000
00000000
00000000
00000000
00000000
00000000
00000000
00000000
00000000
00000000
00000000
00000000
00000000
00000002
00000010
00000000
00800000
00000000
00000001
01800000
00000000
00000001
00000000
00000000
00000000
00000000
00000000
00000000
00000000
00000000
00000000
00000000
00000000
00000000
00000000
00000000
00000000
00000000
00000000
00000000
00000000
00000000
00000000
00000000
00000000
00000000
00000000
00000000
00000000
00000000
00000000
00000000
00000000
00000000
00000000
00000000
00000000
00000000
00000000
00000000
00000000
00000000
00000000
00000000
// vkGetPhysicalDeviceMemoryProperties2[0]
00000098
00000001
7BAB3C75
00000011
00000001
00000000
3B9BB07E
00000000
00000000
00000020
00000000
00000010
00000000
00000098
00000001
00000000
3B9BB07E
00000000
00000000
00000002
00000020
00000000
00000001
00000000
00000007
00000001
00000000
00000000
00000000
00000000
00000000
00000000
00000000
00000000
00000000
00000000
00000000
00000000
00000000
00000000
00000000
00000000
00000000
00000000
00000000
00000000
00000000
00000000
00000000
00000000
00000000
00000000
00000000
00000000
00000000
00000000
00000000
00000000
00000000
00000000
00000000
00000000
00000000
00000000
00000000
00000000
00000000
00000000
00000000
00000000
00000000
00000000
00000000
00000000
00000000
00000000
00000000
00000000
00000000
00000000
00000000
00000000
00000000
00000000
00000000
00000000
00000002
00000010
00000000
00800000
00000000
00000001
01800000
00000000
00000001
00000000
00000000
00000000
00000000
00000000
00000000
00000000
00000000
00000000
00000000
00000000
00000000
00000000
00000000
00000000
00000000
00000000
00000000
00000000
00000000
00000000
00000000
00000000
00000000
00000000
00000000
00000000
00000000
00000000
00000000
00000000
00000000
00000000
00000000
00000000
00000000
00000000
00000000
00000000
00000000
00000000
00000000
// vkGetPhysicalDeviceMemoryProperties2[1]
00000098
00000001
F1BBD7DF
00000064
00000001
00000000
3B9BB07E
00000000
00000000
00000020
00000000
00000010
00000000
00000098
00000001
00000000
3B9BB07E
00000000
00000000
00000002
00000020
00000000
00000001
00000000
00000007
00000001
00000000
00000000
00000000
00000000
00000000
00000000
00000000
00000000
00000000
00000000
00000000
00000000
00000000
00000000
00000000
00000000
00000000
00000000
00000000
00000000
00000000
00000000
00000000
00000000
00000000
00000000
00000000
00000000
00000000
00000000
00000000
00000000
00000000
00000000
00000000
00000000
00000000
00000000
00000000
00000000
00000000
00000000
00000000
00000000
00000000
00000000
00000000
00000000
00000000
00000000
00000000
00000000
00000000
00000000
00000000
00000000
00000000
00000000
00000000
00000000
00000002
00000010
00000000
00800000
00000000
00000001
01800000
00000000
00000001
00000000
00000000
00000000
00000000
00000000
00000000
00000000
00000000
00000000
00000000
00000000
00000000
00000000
00000000
00000000
00000000
00000000
00000000
00000000
00000000
00000000
00000000
00000000
00000000
00000000
00000000
00000000
00000000
00000000
00000000
00000000
00000000
00000000
00000000
00000000
00000000
00000000
00000000
00000000
00000000
00000000
00000000
// vkGetPhysicalDeviceMemoryProperties2[2]
00000098
00000001
35EF385D
00000097
00000001
00000000
3B9BB07E
00000000
00000000
00000020
00000000
00000010
00000000
00000098
00000001
00000000
3B9BB07E
00000000
00000000
00000002
00000020
00000000
00000001
00000000
00000007
00000001
00000000
00000000
00000000
00000000
00000000
00000000
00000000
00000000
00000000
00000000
00000000
00000000
00000000
00000000
00000000
00000000
00000000
00000000
00000000
00000000
00000000
00000000
00000000
00000000
00000000
00000000
00000000
00000000
00000000
00000000
00000000
00000000
00000000
00000000
00000000
00000000
00000000
00000000
00000000
00000000
00000000
00000000
00000000
00000000
00000000
00000000
00000000
00000000
00000000
00000000
00000000
00000000
00000000
00000000
00000000
00000000
00000000
00000000
00000000
00000000
00000002
00000010
00000000
00800000
00000000
00000001
01800000
00000000
00000001
00000000
00000000
00000000
00000000
00000000
00000000
00000000
00000000
00000000
00000000
00000000
00000000
00000000
00000000
00000000
00000000
00000000
00000000
00000000
00000000
00000000
00000000
00000000
00000000
00000000
00000000
00000000
00000000
00000000
00000000
00000000
00000000
00000000
00000000
00000000
00000000
00000000
00000000
00000000
00000000
00000000
00000000
// vkGetPhysicalDeviceMemoryProperties2[3]
00000098
00000001
832AA567
0000006E
00000001
00000000
3B9BB07E
00000000
00000000
00000020
00000000
00000010
00000000
00000098
00000001
00000000
3B9BB07E
00000000
00000000
00000002
00000020
00000000
00000001
00000000
00000007
00000001
00000000
00000000
00000000
00000000
00000000
00000000
00000000
00000000
00000000
00000000
00000000
00000000
00000000
00000000
00000000
00000000
00000000
00000000
00000000
00000000
00000000
00000000
00000000
00000000
00000000
00000000
00000000
00000000
00000000
00000000
00000000
00000000
00000000
00000000
00000000
00000000
00000000
00000000
00000000
00000000
00000000
00000000
00000000
00000000
00000000
00000000
00000000
00000000
00000000
00000000
00000000
00000000
00000000
00000000
00000000
00000000
00000000
00000000
00000000
00000000
00000002
00000010
00000000
00800000
00000000
00000001
01800000
00000000
00000001
00000000
00000000
00000000
00000000
00000000
00000000
00000000
00000000
00000000
00000000
00000000
00000000
00000000
00000000
00000000
00000000
00000000
00000000
00000000
00000000
00000000
00000000
00000000
00000000
00000000
00000000
00000000
00000000
00000000
00000000
00000000
00000000
00000000
00000000
00000000
00000000
00000000
00000000
00000000
00000000
00000000
00000000
// vkGetPhysicalDeviceMemoryProperties2[4]
00000098
00000001
076B44AD
00000046
00000001
00000000
3B9BB07E
00000000
00000000
00000020
00000000
00000010
00000000
00000098
00000001
00000000
3B9BB07E
00000000
00000000
00000002
00000020
00000000
00000001
00000000
00000007
00000001
00000000
00000000
00000000
00000000
00000000
00000000
00000000
00000000
00000000
00000000
00000000
00000000
00000000
00000000
00000000
00000000
00000000
00000000
00000000
00000000
00000000
00000000
00000000
00000000
00000000
00000000
00000000
00000000
00000000
00000000
00000000
00000000
00000000
00000000
00000000
00000000
00000000
00000000
00000000
00000000
00000000
00000000
00000000
00000000
00000000
00000000
00000000
00000000
00000000
00000000
00000000
00000000
00000000
00000000
00000000
00000000
00000000
00000000
00000000
00000000
00000002
00000010
00000000
00800000
00000000
00000001
01800000
00000000
00000001
00000000
00000000
00000000
00000000
00000000
00000000
00000000
00000000
00000000
00000000
00000000
00000000
00000000
00000000
00000000
00000000
00000000
00000000
00000000
00000000
00000000
00000000
00000000
00000000
00000000
00000000
00000000
00000000
00000000
00000000
00000000
00000000
00000000
00000000
00000000
00000000
00000000
00000000
00000000
00000000
00000000
00000000
// vkGetPhysicalDeviceMemoryProperties2[5]
00000098
00000001
44D576EF
00000083
00000000
00000000
00000098
00000000
00000000
// vkGetPhysicalDeviceMemoryProperties2[6]
00000098
00000001
701EAEFD
00000074
00000001
00000000
3B9BB07E
00000000
00000000
00000020
00000000
00000010
00000000
00000098
00000001
00000000
3B9BB07E
00000000
00000000
00000002
00000020
00000000
00000001
00000000
00000007
00000001
00000000
00000000
00000000
00000000
00000000
00000000
00000000
00000000
00000000
00000000
00000000
00000000
00000000
00000000
00000000
00000000
00000000
00000000
00000000
00000000
00000000
00000000
00000000
00000000
00000000
00000000
00000000
00000000
00000000
00000000
00000000
00000000
00000000
00000000
00000000
00000000
00000000
00000000
00000000
00000000
00000000
00000000
00000000
00000000
00000000
00000000
00000000
00000000
00000000
00000000
00000000
00000000
00000000
00000000
00000000
00000000
00000000
00000000
00000000
00000000
00000002
00000010
00000000
00800000
00000000
00000001
01800000
00000000
00000001
00000000
00000000
00000000
00000000
00000000
00000000
00000000
00000000
00000000
00000000
00000000
00000000
00000000
00000000
00000000
00000000
00000000
00000000
00000000
00000000
00000000
00000000
00000000
00000000
00000000
00000000
00000000
00000000
00000000
00000000
00000000
00000000
00000000
00000000
00000000
00000000
00000000
00000000
00000000
00000000
00000000
00000000
// vkGetPhysicalDeviceMemoryProperties2[7]
00000098
00000001
98CC92AD
00000065
00000001
00000000
3B9BB07E
00000000
00000000
00000020
00000000
00000010
00000000
00000098
00000001
00000000
3B9BB07E
00000000
00000000
00000002
00000020
00000000
00000001
00000000
00000007
00000001
00000000
00000000
00000000
00000000
00000000
00000000
00000000
00000000
00000000
00000000
00000000
00000000
00000000
00000000
00000000
00000000
00000000
00000000
00000000
00000000
00000000
00000000
00000000
00000000
00000000
00000000
00000000
00000000
00000000
00000000
00000000
00000000
00000000
00000000
00000000
00000000
00000000
00000000
00000000
00000000
00000000
00000000
00000000
00000000
00000000
00000000
00000000
00000000
00000000
00000000
00000000
00000000
00000000
00000000
00000000
00000000
00000000
00000000
00000000
00000000
00000002
00000010
00000000
00800000
00000000
00000001
01800000
00000000
00000001
00000000
00000000
00000000
00000000
00000000
00000000
00000000
00000000
00000000
00000000
00000000
00000000
00000000
00000000
00000000
00000000
00000000
00000000
00000000
00000000
00000000
00000000
00000000
00000000
00000000
00000000
00000000
00000000
00000000
00000000
00000000
00000000
00000000
00000000
00000000
00000000
00000000
00000000
00000000
00000000
00000000
00000000
// vkGetPhysicalDeviceQueueFamilyProperties[0]
00000007
00000001
D86F2A2F
000000D6
00000001
00000000
00000004
00000004
00000000
00000007
00000001
00000000
00000000
00000000
00000000
// vkGetPhysicalDeviceQueueFamilyProperties[1]
00000007
00000001
C5063F73
00000044
00000001
00000000
00000003
00000000
00000000
00000007
00000001
00000000
00000000
00000000
00000000
// vkGetPhysicalDeviceQueueFamilyProperties[2]
00000007
00000001
B036B20F
00000092
00000001
00000000
00000000
00000000
00000000
00000007
00000001
00000000
00000000
00000000
00000000
// vkGetPhysicalDeviceQueueFamilyProperties[3]
00000007
00000001
7F943543
00000087
00000001
00000000
00000000
00000000
00000000
00000007
00000001
00000000
00000000
00000000
00000000
// vkGetPhysicalDeviceQueueFamilyProperties[4]
00000007
00000001
2B6BEDFD
0000000E
00000001
00000000
00000000
00000000
00000000
00000007
00000001
00000000
00000000
00000000
00000000
// vkGetPhysicalDeviceQueueFamilyProperties[5]
00000007
00000001
8E1AA3D3
00000087
00000001
00000000
00000001
00000001
00000000
00000007
00000001
00000000
00000000
00000000
00000000
// vkGetPhysicalDeviceQueueFamilyProperties[6]
00000007
00000001
80F2EE19
0000005A
00000001
00000000
00000004
00000004
00000000
00000007
00000001
00000000
00000000
00000000
00000000
// vkGetPhysicalDeviceQueueFamilyProperties[7]
00000007
00000001
CF21538B
00000011
00000001
00000000
00000000
00000000
00000000
00000007
00000001
00000000
00000000
00000000
00000000
// vkGetPhysicalDeviceQueueFamilyProperties2[0]
00000097
00000001
A3015837
000000FB
00000001
00000000
00000003
00000003
00000000
3B9BB07D
00000000
00000000
3B9BB07D
00000000
00000000
3B9BB07D
00000000
00000000
00000097
00000001
00000000
00000000
00000000
00000000
// vkGetPhysicalDeviceQueueFamilyProperties2[1]
00000097
00000001
E432817B
000000FA
00000001
00000000
00000000
00000000
00000000
00000097
00000001
00000000
00000000
00000000
00000000
// vkGetPhysicalDeviceQueueFamilyProperties2[2]
00000097
00000001
AF49B139
000000BB
00000001
00000000
00000004
00000004
00000000
3B9BB07D
00000000
00000000
3B9BB07D
00000000
00000000
3B9BB07D
00000000
00000000
3B9BB07D
00000000
00000000
00000097
00000001
00000000
00000000
00000000
00000000
// vkGetPhysicalDeviceQueueFamilyProperties2[3]
00000097
00000001
4BC91581
000000B3
00000001
00000000
00000004
00000004
00000000
3B9BB07D
00000000
00000000
3B9BB07D
00000000
00000000
3B9BB07D
00000000
00000000
3B9BB07D
00000000
00000000
00000097
00000001
00000000
00000000
00000000
00000000
// vkGetPhysicalDeviceQueueFamilyProperties2[4]
00000097
00000001
4ADFECF1
00000063
00000001
00000000
00000000
00000000
00000000
00000097
00000001
00000000
00000000
00000000
00000000
// vkGetPhysicalDeviceQueueFamilyProperties2[5]
00000097
00000001
99249375
00000045
00000001
00000000
00000002
00000002
00000000
3B9BB07D
00000000
00000000
3B9BB07D
00000000
00000000
00000097
00000001
00000000
00000000
00000000
00000000
// vkGetPhysicalDeviceQueueFamilyProperties2[6]
00000097
00000001
0644B92B
0000008F
00000001
00000000
00000000
00000000
00000000
00000097
00000001
00000000
00000000
00000000
00000000
// vkGetPhysicalDeviceQueueFamilyProperties2[7]
00000097
00000001
5EE9B4D7
00000074
00000001
00000000
00000002
00000002
00000000
3B9BB07D
00000000
00000000
3B9BB07D
00000000
00000000
00000097
00000001
00000000
00000000
00000000
00000000
// vkGetPhysicalDeviceFormatProperties[0]
00000004
00000001
7DF15325
000000CD
D7614A30
00000001
00000000
00000004
00000001
00000000
0FD57259
69196BD2
99C8BA2F
// vkGetPhysicalDeviceFormatProperties[1]
00000004
00000001
1583C997
0000003F
AC39B52B
00000000
00000000
00000004
00000000
00000000
// vkGetPhysicalDeviceFormatProperties[2]
00000004
00000001
15731873
0000004B
9C5CDA72
00000000
00000000
00000004
00000000
00000000
// vkGetPhysicalDeviceFormatProperties[3]
00000004
00000001
0ADD8D85
00000011
12BE961C
00000001
00000000
00000004
00000001
00000000
173C7BDB
899675BE
7878AC25
// vkGetPhysicalDeviceFormatProperties[4]
00000004
00000001
9EE8C81D
0000005B
D9B62C3D
00000001
00000000
00000004
00000001
00000000
5AEDE545
E06CB6E6
86B719C0
// vkGetPhysicalDeviceFormatProperties[5]
00000004
00000001
3FFA01B1
00000053
9A5ED158
00000001
00000000
00000004
00000001
00000000
37BAC79A
4F8FCD76
F4E4F844
// vkGetPhysicalDeviceFormatProperties[6]
00000004
00000001
FE159BF5
0000004E
D4DA0237
00000001
00000000
00000004
00000001
00000000
A81BDC99
7B2CC013
40B27FFD
// vkGetPhysicalDeviceFormatProperties[7]
00000004
00000001
DF97E447
000000A8
C8F01CB6
00000001
00000000
00000004
00000001
00000000
15A10F74
42777EE2
6611A377
// vkGetPhysicalDeviceFormatProperties2[0]
00000095
00000001
33DC03C5
00000023
2A3CE7D4
00000001
00000000
3B9BB07A
00000000
00000000
00000095
00000001
00000000
3B9BB07A
00000000
00000000
62D5BCEB
E88966E3
B4917FE0
// vkGetPhysicalDeviceFormatProperties2[1]
00000095
00000001
3605C5CD
00000028
09E70660
00000001
00000000
3B9BB07A
00000000
00000000
00000095
00000001
00000000
3B9BB07A
00000000
00000000
C59B0264
3845E1D9
B8AE9A65
// vkGetPhysicalDeviceFormatProperties2[2]
00000095
00000001
A3233A21
0000004A
82F2DC96
00000001
00000000
3B9BB07A
00000000
00000000
00000095
00000001
00000000
3B9BB07A
00000000
00000000
D2C4F843
3B1C75BD
1EAC5169
// vkGetPhysicalDeviceFormatProperties2[3]
00000095
00000001
8609471B
00000076
B6F97E4A
00000001
00000000
3B9BB07A
00000000
00000000
00000095
00000001
00000000
3B9BB07A
00000000
00000000
6EC567AC
8A53F6DE
1C15DB09
// vkGetPhysicalDeviceFormatProperties2[4]
00000095
00000001
31349F5F
00000003
3E4EC068
00000001
00000000
3B9BB07A
00000000
00000000
00000095
00000001
00000000
3B9BB07A
00000000
00000000
EBA6FDB2
5975C82A
4402DC9C
// vkGetPhysicalDeviceFormatProperties2[5]
00000095
00000001
4998FF49
0000000C
0772109E
00000001
00000000
3B9BB07A
00000000
00000000
00000095
00000001
00000000
3B9BB07A
00000000
00000000
34CF06C0
13B08589
50CFCD21
// vkGetPhysicalDeviceFormatProperties2[6]
00000095
00000001
73C066E9
000000A9
4DE1DD09
00000000
00000000
00000095
00000000
00000000
// vkGetPhysicalDeviceFormatProperties2[7]
00000095
00000001
DEA93A03
0000001C
316CD842
00000000
00000000
00000095
00000000
00000000
// vkGetPhysicalDeviceImageFormatProperties2[0]
00000096
00000001
E7F1CF21
00000022
00000001
00000000
3B9BB07C
00000000
00000000
AB19B833
F95D5894
069A19E5
06082A9D
FA5A5DC5
00000001
00000000
3B9BB07B
00000000
00000000
00000096
395622A9
00000001
00000000
3B9BB07B
00000000
00000000
236D5F0A
100D805C
041715F3
DF0B6BCC
231A8F66
52006682
E9EBCE7E
93A08338
// vkGetPhysicalDeviceImageFormatProperties2[1]
00000096
00000001
15AF3B53
00000084
00000001
00000000
3B9BB07C
00000000
00000000
0206899C
8B358F2C
479B2AD2
04A076AA
4249DC01
00000001
00000000
3B9BB07B
00000000
00000000
00000096
C27FAAE7
00000001
00000000
3B9BB07B
00000000
00000000
7AB2B60B
9012628B
64DB7EEB
221334B1
E6D6F4A7
9E25E742
355146BC
86A159CE
// vkGetPhysicalDeviceImageFormatProperties2[2]
00000096
00000001
069006EF
00000084
00000000
00000000
00000001
00000000
3B9BB07B
00000000
00000000
00000096
D4FA0F86
00000001
00000000
3B9BB07B
00000000
00000000
80A9677F
E10AE9E6
C8E8B117
109FAAED
CC598CB8
B06B7448
08CFADAB
2190581A
// vkGetPhysicalDeviceImageFormatProperties2[3]
00000096
00000001
8E2CA235
00000069
00000001
00000000
3B9BB07C
00000000
00000000
9783F5FB
0B5C9232
37B4C9B5
0218DC61
4DE10241
00000001
00000000
3B9BB07B
00000001
00000000
3B9D2B65
00000000
00000000
00000096
A86ADE2A
00000001
00000000
3B9BB07B
00000001
00000000
3B9D2B65
00000000
00000000
D74F8421
670F4095
E3802DFA
48614032
03CDAACC
26A5F6D6
CD0570BA
19536EB8
D6B49DD7
// vkGetPhysicalDeviceImageFormatProperties2[4]
00000096
00000001
F23D9269
0000000A
00000001
00000000
3B9BB07C
00000000
00000000
F4A97019
2CDB1F48
F117D587
0C18CBD7
37D59D17
00000001
00000000
3B9BB07B
00000000
00000000
00000096
5E192007
00000001
00000000
3B9BB07B
00000000
00000000
6EC48E2F
D1260DA5
DBA90E62
95133E42
3F81C608
D8BC63F8
F39711FD
716D389A
// vkGetPhysicalDeviceImageFormatProperties2[5]
00000096
00000001
428530A3
000000F1
00000001
00000000
3B9BB07C
00000000
00000000
CD618F42
90FA9041
3A94DE70
06081F5D
E6F94823
00000001
00000000
3B9BB07B
00000000
00000000
00000096
6B636419
00000001
00000000
3B9BB07B
00000000
00000000
E013E1BE
9613C399
7E7F3700
0F928D49
FA6C1960
C33AF73E
75D658F5
E6816CD4
// vkGetPhysicalDeviceImageFormatProperties2[6]
00000096
00000001
1C30D755
000000A0
00000001
00000000
3B9BB07C
00000001
00000000
3B9BDF58
00000000
00000000
17603E6B
E360783D
55CFE33C
AD407613
0094DBF9
46D55E5A
00000001
00000000
3B9BB07B
00000000
00000000
00000096
4FC54863
00000001
00000000
3B9BB07B
00000000
00000000
B74A7C18
71599816
BAC34997
3E4AB4D3
7D4085B7
BFF853FF
623C6D34
07176AAB
// vkGetPhysicalDeviceImageFormatProperties2[7]
00000096
00000001
F5DE29C7
00000080
00000001
00000000
3B9BB07C
00000000
00000000
06597DB0
90C488F5
159F41A5
04309DAE
A0116EA6
00000001
00000000
3B9BB07B
00000000
00000000
00000096
D049EEDD
00000001
00000000
3B9BB07B
00000000
00000000
C6FF487B
F6B540AF
73EC8E79
DDA130C6
CEF093AF
AD9876EF
78D85D8C
AA228107
// vkGetPhysicalDeviceExternalBufferProperties[0]
000000A1
00000001
A9F60B2F
000000D8
00000001
00000000
3B9BDF5A
00000000
00000000
9001B664
01517617
EED3F6F8
00000001
00000000
3B9BDF5B
00000000
00000000
000000A1
00000001
00000000
3B9BDF5B
00000000
00000000
2D2369E1
89A1088D
7A344A7A
// vkGetPhysicalDeviceExternalBufferProperties[1]
000000A1
00000001
9E2D8955
000000B7
00000001
00000000
3B9BDF5A
00000000
00000000
DFB6E02B
057840C7
3CCEF498
00000001
00000000
3B9BDF5B
00000000
00000000
000000A1
00000001
00000000
3B9BDF5B
00000000
00000000
0ED051FE
05DDA7A4
70C3083D
// vkGetPhysicalDeviceExternalBufferProperties[2]
000000A1
00000001
8316918B
00000032
00000001
00000000
3B9BDF5A
00000000
00000000
3B62E0A2
01491059
651FAAA8
00000000
00000000
000000A1
00000000
00000000
// vkGetPhysicalDeviceExternalBufferProperties[3]
000000A1
00000001
01334051
00000074
00000001
00000000
3B9BDF5A
00000000
00000000
299D6763
00986F69
D6682354
00000001
00000000
3B9BDF5B
00000000
00000000
000000A1
00000001
00000000
3B9BDF5B
00000000
00000000
F569202C
701927B3
3058F94A
// vkGetPhysicalDeviceExternalBufferProperties[4]
000000A1
00000001
D6A0BB21
0000000A
00000001
00000000
3B9BDF5A
00000000
00000000
69186975
06600191
82E9F4AC
00000001
00000000
3B9BDF5B
00000000
00000000
000000A1
00000001
00000000
3B9BDF5B
00000000
00000000
78F59627
D508BAE5
BB4FAF20
// vkGetPhysicalDeviceExternalBufferProperties[5]
000000A1
00000001
BFFE5A3F
0000006B
00000000
00000000
00000001
00000000
3B9BDF5B
00000000
00000000
000000A1
00000001
00000000
3B9BDF5B
00000000
00000000
80F7B824
9F7BBD9C
2C02F68C
// vkGetPhysicalDeviceExternalBufferProperties[6]
000000A1
00000001
4467072B
000000FD
00000001
00000000
3B9BDF5A
00000000
00000000
F53BDB49
058A9C7B
EFAB0AAE
00000001
00000000
3B9BDF5B
00000000
00000000
000000A1
00000001
00000000
3B9BDF5B
00000000
00000000
5BDC7D83
8ACC7FEB
8B71CCE6
// vkGetPhysicalDeviceExternalBufferProperties[7]
000000A1
00000001
CFDDD0C5
000000E2
00000001
00000000
3B9BDF5A
00000000
00000000
43C57572
00522AD1
DA2ACC82
00000001
00000000
3B9BDF5B
00000000
00000000
000000A1
00000001
00000000
3B9BDF5B
00000000
00000000
FF0D6409
C51F1024
CCFEC804
// vkGetPhysicalDeviceExternalFenceProperties[0]
000000A2
00000001
9680C40F
00000040
00000001
00000000
3B9C7F80
00000000
00000000
7BC871FA
00000000
00000000
000000A2
00000000
00000000
// vkGetPhysicalDeviceExternalFenceProperties[1]
000000A2
00000001
1CE8E07B
00000062
00000000
00000000
00000000
00000000
000000A2
00000000
00000000
// vkGetPhysicalDeviceExternalFenceProperties[2]
000000A2
00000001
8C98C3A3
000000BA
00000001
00000000
3B9C7F80
00000000
00000000
0ED26B73
00000001
00000000
3B9C7F81
00000000
00000000
000000A2
00000001
00000000
3B9C7F81
00000000
00000000
5B12C2D5
98724477
7015C390
// vkGetPhysicalDeviceExternalFenceProperties[3]
000000A2
00000001
1C4BD477
00000056
00000001
00000000
3B9C7F80
00000000
00000000
EFB4EDD5
00000001
00000000
3B9C7F81
00000000
00000000
000000A2
00000001
00000000
3B9C7F81
00000000
00000000
8F9F6A60
59786025
FD69D513
// vkGetPhysicalDeviceExternalFenceProperties[4]
000000A2
00000001
6D692885
0000006E
00000001
00000000
3B9C7F80
00000000
00000000
6F92A45B
00000001
00000000
3B9C7F81
00000000
00000000
000000A2
00000001
00000000
3B9C7F81
00000000
00000000
5A07979F
F79F8F1F
606061E3
// vkGetPhysicalDeviceExternalFenceProperties[5]
000000A2
00000001
11390B57
000000A1
00000001
00000000
3B9C7F80
00000000
00000000
936DD421
00000001
00000000
3B9C7F81
00000000
00000000
000000A2
00000001
00000000
3B9C7F81
00000000
00000000
A00AF562
1D55AC92
880F0B9B
// vkGetPhysicalDeviceExternalFenceProperties[6]
000000A2
00000001
344F67DF
0000007A
00000001
00000000
3B9C7F80
00000000
00000000
9DD490D9
00000001
00000000
3B9C7F81
00000000
00000000
000000A2
00000001
00000000
3B9C7F81
00000000
00000000
2BF4E98D
D97BE4A6
BFCEFA58
// vkGetPhysicalDeviceExternalFenceProperties[7]
000000A2
00000001
2367C635
000000A5
00000001
00000000
3B9C7F80
00000000
00000000
B4340077
00000001
00000000
3B9C7F81
00000000
00000000
000000A2
00000001
00000000
3B9C7F81
00000000
00000000
36A65D9B
E8DFECEE
656DF212
// vkGetPhysicalDeviceExternalSemaphoreProperties[0]
000000A3
00000001
7193FBCB
00000082
00000001
00000000
3B9BF2E0
00000000
00000000
DBF8C179
00000001
00000000
3B9BF2E1
00000000
00000000
000000A3
00000001
00000000
3B9BF2E1
00000000
00000000
0E079AE1
C6E6EE06
23A5D43F
// vkGetPhysicalDeviceExternalSemaphoreProperties[1]
000000A3
00000001
EAE3BC69
000000D9
00000001
00000000
3B9BF2E0
00000000
00000000
2D195ECC
00000000
00000000
000000A3
00000000
00000000
// vkGetPhysicalDeviceExternalSemaphoreProperties[2]
000000A3
00000001
062A0699
0000002E
00000001
00000000
3B9BF2E0
00000000
00000000
66FA572E
00000001
00000000
3B9BF2E1
00000000
00000000
000000A3
00000001
00000000
3B9BF2E1
00000000
00000000
AE6BE8C8
4396C402
8E8A711E
// vkGetPhysicalDeviceExternalSemaphoreProperties[3]
000000A3
00000001
626169AB
000000DE
00000000
00000000
00000001
00000000
3B9BF2E1
00000000
00000000
000000A3
00000001
00000000
3B9BF2E1
00000000
00000000
AF964A13
9A89196F
06CBF85A
// vkGetPhysicalDeviceExternalSemaphoreProperties[4]
000000A3
00000001
A12265C9
000000B4
00000001
00000000
3B9BF2E0
00000000
00000000
5852340E
00000001
00000000
3B9BF2E1
00000000
00000000
000000A3
00000001
00000000
3B9BF2E1
00000000
00000000
7069FB10
5134ADFA
95B65409
// vkGetPhysicalDeviceExternalSemaphoreProperties[5]
000000A3
00000001
02918E15
000000C3
00000001
00000000
3B9BF2E0
00000000
00000000
BAA34A38
00000001
00000000
3B9BF2E1
00000000
00000000
000000A3
00000001
00000000
3B9BF2E1
00000000
00000000
D020A21C
AEFF4A20
72564B4D
// vkGetPhysicalDeviceExternalSemaphoreProperties[6]
000000A3
00000001
DAB36719
000000AF
00000001
00000000
3B9BF2E0
00000000
00000000
67FB8AC0
00000001
00000000
3B9BF2E1
00000000
00000000
000000A3
00000001
00000000
3B9BF2E1
00000000
00000000
EA37BE8C
EF2EAFB4
C66AB30D
// vkGetPhysicalDeviceExternalSemaphoreProperties[7]
000000A3
00000001
8E9A2141
00000098
00000001
00000000
3B9BF2E0
00000000
00000000
2CF2B344
00000001
00000000
3B9BF2E1
00000000
00000000
000000A3
00000001
00000000
3B9BF2E1
00000000
00000000
84348BB7
B37EC841
9CD3C6AB
// vkGetPhysicalDeviceSparseImageFormatProperties2[0]
00000099
00000001
69332F07
000000D2
00000001
00000000
3B9BB080
00000000
00000000
781B0E13
B91B3462
4B2FE095
08500ADC
CF99874E
00000001
00000000
00000000
00000000
00000000
00000099
00000001
00000000
00000000
00000000
00000000
// vkGetPhysicalDeviceSparseImageFormatProperties2[1]
00000099
00000001
E1C21905
00000064
00000001
00000000
3B9BB080
00000000
00000000
E9D00778
257E702D
52F14880
02B8EA8F
7407455B
00000001
00000000
00000004
00000000
00000000
00000099
00000001
00000000
00000000
00000000
00000000
// vkGetPhysicalDeviceSparseImageFormatProperties2[2]
00000099
00000001
1FF58A4F
00000041
00000001
00000000
3B9BB080
00000000
00000000
D562936C
ABFB7090
EC805E3A
0CBC153F
D7851A24
00000001
00000000
00000001
00000001
00000000
3B9BB07F
00000000
00000000
00000099
00000001
00000000
00000000
00000000
00000000
// vkGetPhysicalDeviceSparseImageFormatProperties2[3]
00000099
00000001
D086096B
000000EE
00000000
00000000
00000001
00000000
00000000
00000000
00000000
00000099
00000001
00000000
00000000
00000000
00000000
// vkGetPhysicalDeviceSparseImageFormatProperties2[4]
00000099
00000001
40938DA5
0000006A
00000000
00000000
00000001
00000000
00000003
00000003
00000000
3B9BB07F
00000000
00000000
3B9BB07F
00000000
00000000
3B9BB07F
00000000
00000000
00000099
00000001
00000000
00000000
00000000
00000000
// vkGetPhysicalDeviceSparseImageFormatProperties2[5]
00000099
00000001
CC18A763
00000090
00000001
00000000
3B9BB080
00000000
00000000
DB208979
1209D947
EE47044B
0A103EA4
CEFD0461
00000001
00000000
00000000
00000000
00000000
00000099
00000001
00000000
00000000
00000000
00000000
// vkGetPhysicalDeviceSparseImageFormatProperties2[6]
00000099
00000001
9353129B
0000004C
00000000
00000000
00000001
00000000
00000000
00000000
00000000
00000099
00000001
00000000
00000000
00000000
00000000
// vkGetPhysicalDeviceSparseImageFormatProperties2[7]
00000099
00000001
47FAC1EB
0000008C
00000001
00000000
3B9BB080
00000000
00000000
F25CD46A
C21E844E
C8DA380C
041029E1
75690B3F
00000001
00000000
00000001
00000001
00000000
3B9BB07F
00000000
00000000
00000099
00000001
00000000
00000000
00000000
00000000
// vkEnumerateDeviceExtensionProperties[0]
0000000E
00000001
BEC3B6E5
000000F0
00000007
00000000
33727473
00003437
00000001
00000000
00000000
00000000
00000000
0000000E
FE44D95E
00000001
00000000
00000000
00000000
00000000
// vkEnumerateDeviceExtensionProperties[1]
0000000E
00000001
6E50A983
000000CF
00000007
00000000
32727473
00003138
00000001
00000000
00000002
00000000
00000000
0000000E
EC1E05C0
00000001
00000000
00000000
00000000
00000000
// vkEnumerateDeviceExtensionProperties[2]
0000000E
00000001
9ED7CB37
00000024
00000007
00000000
32727473
00003832
00000001
00000000
00000001
00000001
00000000
0000000E
7B8490D3
00000001
00000000
00000000
00000000
00000000
// vkEnumerateDeviceExtensionProperties[3]
0000000E
00000001
5BDC2BE5
000000A4
00000007
00000000
34727473
00003831
00000001
00000000
00000004
00000004
00000000
0000000E
5196069D
00000001
00000000
00000000
00000000
00000000
// vkEnumerateDeviceExtensionProperties[4]
0000000E
00000001
32F6490F
000000FA
00000007
00000000
32727473
00003433
00000001
00000000
00000003
00000003
00000000
0000000E
81BE2B3A
00000001
00000000
00000000
00000000
00000000
// vkEnumerateDeviceExtensionProperties[5]
0000000E
00000001
23F9C3DB
0000006D
00000006
00000000
39727473
00000032
00000001
00000000
00000002
00000002
00000000
0000000E
67B1E3FF
00000001
00000000
00000000
00000000
00000000
// vkEnumerateDeviceExtensionProperties[6]
0000000E
00000001
2467A743
0000001D
00000007
00000000
38727473
00003234
00000001
00000000
00000001
00000001
00000000
0000000E
45C566C7
00000001
00000000
00000000
00000000
00000000
// vkEnumerateDeviceExtensionProperties[7]
0000000E
00000001
5D9E4407
000000D6
00000007
00000000
33727473
00003535
00000001
00000000
00000001
00000001
00000000
0000000E
41DBBD33
00000001
00000000
00000000
00000000
00000000
// vkCreateDevice[0]
0000000B
00000001
EC5BEF77
0000007B
00000001
00000000
00000003
00000000
00000000
0414FAFF
00000000
00000000
00000000
00000001
00000001
00000000
00000009
00000000
37747865
305F3431
00000000
00000002
00000002
00000000
00000009
00000000
36747865
305F3835
00000000
00000009
00000000
39747865
315F3033
00000000
00000001
00000000
00000001
00000000
00000000
00000000
00000000
00000000
00000000
00000000
00000000
00000000
00000000
00000000
00000000
00000000
00000000
00000000
00000000
00000000
00000000
00000000
00000000
00000000
00000000
00000000
00000000
00000000
00000001
00000000
00000000
00000000
00000000
00000000
00000000
00000001
00000000
00000000
00000000
00000000
00000000
00000000
00000000
00000000
00000000
00000000
00000000
00000000
00000000
00000000
00000000
00000000
00000000
00000000
00000000
00000000
00000000
00000000
00000000
00000001
00000000
546C720F
000000AF
0000000B
CB7DFAE6
00000001
00000000
546C720F
000000AF
// vkCreateDevice[1]
0000000B
00000001
690EEFCB
00000057
00000001
00000000
00000003
00000000
00000000
41E07C89
00000003
00000003
00000000
00000002
00000000
00000000
469EB22A
C5F024C9
00000004
00000004
00000000
1335A2D3
EDD753DC
CDE8193C
EC5F2941
00000002
00000000
00000000
3918E532
9CD9486D
00000002
00000002
00000000
C5D9A1EB
4866A4CE
00000002
00000000
00000000
1B2EAA5C
983F3894
00000000
00000000
00000000
00000004
00000004
00000000
00000009
00000000
37747865
305F3237
00000000
00000009
00000000
32747865
315F3033
00000000
00000009
00000000
37747865
325F3139
00000000
00000009
00000000
39747865
335F3230
00000000
00000003
00000003
00000000
00000009
00000000
38747865
305F3836
00000000
00000009
00000000
33747865
315F3030
00000000
00000009
00000000
34747865
325F3333
00000000
00000001
00000000
00000000
00000000
00000000
00000000
00000000
00000000
00000000
00000000
00000000
00000000
00000000
00000000
00000000
00000000
00000000
00000000
00000000
00000000
00000000
00000000
00000000
00000000
00000000
00000000
00000000
00000000
00000000
00000000
00000000
00000000
00000000
00000000
00000000
00000001
00000000
00000000
00000001
00000000
00000000
00000000
00000000
00000000
00000000
00000000
00000000
00000000
00000000
00000000
00000000
00000000
00000000
00000000
00000000
00000000
00000000
00000000
00000000
00000001
00000000
194FC877
00000068
0000000B
EAD2A5F8
00000001
00000000
194FC877
00000068
// vkCreateDevice[2]
0000000B
00000001
C89B5A23
000000A5
00000001
00000000
00000003
00000001
00000000
3B9BB078
00000001
00000000
3B9C0E38
00000000
00000000
00000000
00000000
00000000
00000000
00000000
00000000
00000000
00000000
00000000
00000000
00000000
00000000
00000000
00000000
00000000
00000000
00000000
00000000
00000000
00000000
00000000
00000000
00000000
00000000
00000000
00000000
00000000
00000000
00000000
00000000
00000001
00000000
00000000
00000000
00000000
00000000
00000000
00000001
00000000
00000001
00000001
00000000
00000000
00000000
00000000
00000000
00000000
00000000
00000000
00000000
00000000
00000000
00000000
00000000
00000000
00000000
00000000
00000000
00000000
6237656B
00000001
00000001
00000000
00000002
00000000
00000000
18893E1B
B14F69B6
00000002
00000002
00000000
81785603
7080B7F8
00000001
00000001
00000000
00000009
00000000
33747865
305F3738
00000000
00000003
00000003
00000000
00000009
00000000
35747865
305F3637
00000000
00000009
00000000
39747865
315F3338
00000000
00000009
00000000
31747865
325F3838
00000000
00000000
00000000
00000000
00000000
00000001
00000000
219FD95B
0000001E
0000000B
4610A08C
00000001
00000000
219FD95B
0000001E
// vkCreateDevice[3]
0000000B
00000001
F8F7B2A1
000000F1
00000001
00000000
00000003
00000000
00000000
49141653
00000001
00000001
00000000
00000002
00000000
00000000
4FD2A6FA
A8122CB5
00000001
00000001
00000000
209F4C83
00000001
00000001
00000000
00000009
00000000
36747865
305F3330
00000000
00000002
00000002
00000000
00000009
00000000
37747865
305F3338
00000000
00000009
00000000
38747865
315F3932
00000000
00000000
00000000
00000000
00000000
00000001
00000000
29215E59
0000009A
0000000B
6AB01AE8
00000001
00000000
29215E59
0000009A
// vkCreateDevice[4]
0000000B
00000001
3772A5B5
000000C8
00000001
00000000
00000003
00000001
00000000
3B9F4A58
00000001
00000000
3B9C9EC0
00000000
00000000
00000000
00000000
00000000
4E24B9B0
00000003
00000003
00000000
00000002
00000000
00000000
3ABAEE86
8497F11E
00000003
00000003
00000000
91285905
439459D5
02A93622
00000002
00000000
00000000
26CB8CA9
FA491F1F
00000003
00000003
00000000
B5672A0B
C3909976
EC78F518
00000002
00000000
00000000
FFC19582
ED2F8DC6
00000002
00000002
00000000
13DC0359
F45A284C
00000001
00000001
00000000
00000009
00000000
35747865
305F3037
00000000
00000004
00000004
00000000
00000009
00000000
31747865
305F3835
00000000
00000009
00000000
31747865
315F3533
00000000
00000009
00000000
34747865
325F3031
00000000
00000009
00000000
31747865
335F3234
00000000
00000001
00000000
00000001
00000000
00000000
00000000
00000000
00000000
00000000
00000000
00000000
00000000
00000000
00000000
00000000
00000000
00000000
00000000
00000000
00000000
00000000
00000000
00000000
00000000
00000000
00000000
00000000
00000000
00000000
00000000
00000000
00000000
00000000
00000000
00000000
00000000
00000000
00000000
00000000
00000000
00000000
00000000
00000000
00000000
00000000
00000000
00000000
00000000
00000000
00000000
00000000
00000000
00000000
00000000
00000000
00000000
00000000
00000000
00000000
00000001
00000000
FFE22B03
00000045
0000000B
5A39F22B
00000001
00000000
FFE22B03
00000045
// vkCreateDevice[5]
0000000B
00000001
01E6065B
000000E6
00000000
00000000
00000000
00000000
00000000
00000000
0000000B
74C90E0D
00000000
00000000
// vkCreateDevice[6]
0000000B
00000001
F12BDA97
000000B7
00000001
00000000
00000003
00000000
00000000
AF42F615
00000003
00000003
00000000
00000002
00000000
00000000
5C299A0A
C8A5F721
00000002
00000002
00000000
4AD91605
E2743F85
00000002
00000000
00000000
F97104EF
44D948C0
00000002
00000002
00000000
3ADD1310
B1F965ED
00000002
00000000
00000000
7FDDB115
0F47CB24
00000000
00000000
00000000
00000004
00000004
00000000
00000009
00000000
34747865
305F3437
00000000
00000007
00000000
32747865
0000315F
00000009
00000000
39747865
325F3939
00000000
00000009
00000000
38747865
335F3530
00000000
00000001
00000001
00000000
00000009
00000000
31747865
305F3533
00000000
00000001
00000000
00000001
00000000
00000000
00000000
00000000
00000000
00000000
00000000
00000000
00000000
00000000
00000000
00000000
00000000
00000000
00000000
00000000
00000000
00000000
00000000
00000000
00000000
00000000
00000000
00000000
00000000
00000000
00000000
00000000
00000000
00000000
00000000
00000000
00000001
00000000
00000000
00000000
00000000
00000000
00000000
00000000
00000000
00000000
00000000
00000000
00000000
00000000
00000000
00000000
00000000
00000000
00000000
00000000
00000000
00000000
00000000
00000000
00000001
00000000
5493A975
000000FD
0000000B
58CF708E
00000001
00000000
5493A975
000000FD
// vkCreateDevice[7]
0000000B
00000001
160DED07
0000001F
00000001
00000000
00000003
00000001
00000000
3B9F4A58
00000001
00000000
3B9BDB71
00000000
00000000
00000001
00000001
00000000
2E5C0AB7
0000009E
00000000
E942FD17
00000001
00000001
00000000
00000002
00000000
00000000
411BCACD
B5459781
00000001
00000001
00000000
6969D2B9
00000000
00000000
00000000
00000003
00000003
00000000
00000009
00000000
34747865
305F3730
00000000
00000009
00000000
32747865
315F3033
00000000
00000009
00000000
31747865
325F3933
00000000
00000000
00000000
00000000
00000000
00000001
00000000
61263B6D
000000CB
0000000B
CBF60807
00000001
00000000
61263B6D
000000CB
// vkGetDeviceQueue[0]
00000011
00000001
EC372E53
00000038
4AC972EE
9A93A75D
00000001
00000000
02077085
00000048
00000011
00000001
00000000
02077085
00000048
// vkGetDeviceQueue[1]
00000011
00000001
2659D491
0000001E
BDF5FCE4
6E54FD36
00000001
00000000
ABAA952D
0000004D
00000011
00000001
00000000
ABAA952D
0000004D
// vkGetDeviceQueue[2]
00000011
00000001
6B2F83A7
0000008D
0FA9B61F
A9829F6A
00000001
00000000
2610F085
00000018
00000011
00000001
00000000
2610F085
00000018
// vkGetDeviceQueue[3]
00000011
00000001
C5C68F49
0000002A
84B3C8E2
7CC94C43
00000001
00000000
1C65007D
000000ED
00000011
00000001
00000000
1C65007D
000000ED
// vkGetDeviceQueue[4]
00000011
00000001
5BD283C7
000000A5
51765781
4EA7C7ED
00000000
00000000
00000011
00000000
00000000
// vkGetDeviceQueue[5]
00000011
00000001
4E65EB81
000000CD
73807975
080F4318
00000001
00000000
8F0FEB33
000000A0
00000011
00000001
00000000
8F0FEB33
000000A0
// vkGetDeviceQueue[6]
00000011
00000001
43724061
000000F5
BFCE47D6
461A9418
00000000
00000000
00000011
00000000
00000000
// vkGetDeviceQueue[7]
00000011
00000001
FC1FA49D
00000082
5695F893
8E2D708D
00000001
00000000
E57C383F
000000B2
00000011
00000001
00000000
E57C383F
000000B2
// vkGetDeviceQueue2[0]
0000009B
00000001
20F22501
000000F8
00000000
00000000
00000001
00000000
D5247285
000000CD
0000009B
00000001
00000000
D5247285
000000CD
// vkGetDeviceQueue2[1]
0000009B
00000001
2ADC39CB
0000004A
00000000
00000000
00000001
00000000
04839963
0000008B
0000009B
00000001
00000000
04839963
0000008B
// vkGetDeviceQueue2[2]
0000009B
00000001
9CDBAD0F
00000091
00000000
00000000
00000001
00000000
76C1CD2B
000000D0
0000009B
00000001
00000000
76C1CD2B
000000D0
// vkGetDeviceQueue2[3]
0000009B
00000001
0638C253
000000CE
00000001
00000000
3B9D006B
00000000
00000000
1FDF5ADF
DF9DF22F
93001DFE
00000001
00000000
CAAEF661
00000062
0000009B
00000001
00000000
CAAEF661
00000062
// vkGetDeviceQueue2[4]
0000009B
00000001
7FD15127
000000DD
00000001
00000000
3B9D006B
00000000
00000000
D3E3BCAE
68E4D930
78D80C5A
00000001
00000000
51B74AFD
00000030
0000009B
00000001
00000000
51B74AFD
00000030
// vkGetDeviceQueue2[5]
0000009B
00000001
0225297B
00000020
00000001
00000000
3B9D006B
00000000
00000000
A19C9FF2
83DA052E
19C04969
00000001
00000000
8D269393
00000084
0000009B
00000001
00000000
8D269393
00000084
// vkGetDeviceQueue2[6]
0000009B
00000001
C8A28305
00000017
00000000
00000000
00000001
00000000
2765F697
000000E9
0000009B
00000001
00000000
2765F697
000000E9
// vkGetDeviceQueue2[7]
0000009B
00000001
59D6E9D9
000000CF
00000001
00000000
3B9D006B
00000001
00000000
3BA0A605
00000000
00000000
1C5D6B85
97AAFC7E
9B2162C5
54CAFFBC
00000001
00000000
19CFF8F3
000000DE
0000009B
00000001
00000000
19CFF8F3
000000DE
// vkDeviceWaitIdle[0]
00000014
00000001
34199895
0000009A
00000014
51527470
// vkDeviceWaitIdle[1]
00000014
00000001
289E2C1F
000000DF
00000014
29161A05
// vkDeviceWaitIdle[2]
00000014
00000001
54950B6D
000000C5
00000014
14E3B30A
// vkDeviceWaitIdle[3]
00000014
00000001
35684FBB
000000BF
00000014
CAE21B65
// vkDeviceWaitIdle[4]
00000014
00000001
4B108C8D
0000008E
00000014
95570EC2
// vkDeviceWaitIdle[5]
00000014
00000001
F3EF3089
00000010
00000014
7D9D7FD6
// vkDeviceWaitIdle[6]
00000014
00000001
90A659A1
00000076
00000014
D05E72FA
// vkDeviceWaitIdle[7]
00000014
00000001
800CFE5F
00000071
00000014
62D9B305
// vkQueueWaitIdle[0]
00000013
00000001
5D34409B
00000085
00000013
C5081658
// vkQueueWaitIdle[1]
00000013
00000001
A3300847
00000086
00000013
FFA5BC3A
// vkQueueWaitIdle[2]
00000013
00000001
79973D7D
000000CF
00000013
2CA1AE3C
// vkQueueWaitIdle[3]
00000013
00000001
D64367EF
000000AD
00000013
EEF58ACD
// vkQueueWaitIdle[4]
00000013
00000001
D4382451
00000024
00000013
00160FCC
// vkQueueWaitIdle[5]
00000013
00000001
2CD69F6F
0000004E
00000013
2D5E173E
// vkQueueWaitIdle[6]
00000013
00000001
A6D04641
000000A3
00000013
26673AD5
// vkQueueWaitIdle[7]
00000013
00000001
3519ED1F
000000DB
00000013
C6650967
// vkQueueSubmit[0]
00000012
00000001
2266B669
000000B1
00000003
00000003
00000000
00000004
00000000
00000000
00000003
00000003
00000000
81A6A036
0000008C
63BB3D0F
00000064
9C54F9D0
000000A3
00000003
00000000
8B532222
F4D67F38
A5737D98
00000003
00000003
00000000
78789FBB
00000047
7A3C20AE
00000020
AB909E6D
000000A9
00000003
00000003
00000000
09001004
000000F4
EED52BDE
00000046
9C28B085
000000C8
00000004
00000000
00000000
00000003
00000003
00000000
E6C82E5F
00000063
27304FCF
000000CC
99EF66CF
000000A2
00000003
00000000
A0AEE32F
FFC76D8C
AC617318
00000002
00000002
00000000
B5437227
00000039
AAB6549B
00000027
00000004
00000004
00000000
C654C642
000000AE
91A0F12A
000000E6
C6D0EB33
0000007D
EFB2BA9E
00000054
00000004
00000000
00000000
00000003
00000003
00000000
E72812D6
000000AB
D72FAA4E
00000012
12FCE495
00000000
00000003
00000000
E09F9DEC
DC7BD9C1
218F94F2
00000000
00000000
00000000
00000000
00000000
00000000
8C62EE87
00000040
00000012
0FBD1E41
// vkQueueSubmit[1]
00000012
00000001
35590B01
000000FF
00000003
00000003
00000000
00000004
00000000
00000000
00000002
00000002
00000000
33415780
000000D3
AFA79F63
000000F7
00000002
00000000
68E6C653
68617662
00000002
00000002
00000000
1D831744
0000006C
7362B95C
000000D4
00000004
00000004
00000000
EC3DE110
0000001A
FFEE9776
00000002
E78DBC45
000000A9
0E532CCD
00000025
00000004
00000000
00000000
00000001
00000001
00000000
33A91791
00000011
00000001
00000000
7496C59E
00000004
00000004
00000000
061175F1
00000053
B32AA1F4
000000CD
FEF50E1D
0000009E
4B64B82A
000000A8
00000001
00000001
00000000
73CD5F75
0000000D
00000004
00000000
00000000
00000004
00000004
00000000
D94FB69D
00000092
7EA0DCA1
0000007F
311D1EE2
000000EC
13CFEE32
00000021
00000004
00000000
50D49FF6
06183A73
D8380893
25DFD255
00000000
00000000
00000000
00000002
00000002
00000000
C8DF3D5D
000000A7
F81B049A
000000ED
491D0E11
000000E6
00000012
07B7F148
// vkQueueSubmit[2]
00000012
00000001
A48FEEDF
000000D7
00000001
00000001
00000000
00000004
00000000
00000000
00000003
00000003
00000000
9789A3BB
0000009D
1840B9A5
00000014
4CE3C1E2
0000003B
00000003
00000000
EC3ABD21
1B80192F
00E0CE25
00000001
00000001
00000000
91549D76
0000005D
00000001
00000001
00000000
4526789D
000000D0
6074B2D5
000000D3
00000012
CE9164C2
// vkQueueSubmit[3]
00000012
00000001
4C34E93F
0000008B
00000002
00000002
00000000
00000004
00000000
00000000
00000004
00000004
00000000
FBB11CC4
0000001E
4CA3559A
00000085
19B68A62
000000C5
C39858F3
00000035
00000004
00000000
664C09F6
A3D74CE1
C0DB0375
B1ADE972
00000000
00000000
00000000
00000003
00000003
00000000
7A0CA3F7
000000F7
A444EC89
00000001
E048AD6A
0000004B
00000004
00000000
00000000
00000004
00000004
00000000
3596001B
0000007A
D48298D6
0000001D
F7F4FAEE
0000005C
11155832
000000B2
00000004
00000000
DBF72106
EFCF0F78
331637CC
84DBB775
00000004
00000004
00000000
A44F9BF0
00000039
23464A47
0000006E
B2C169CB
000000E5
BF644A22
00000032
00000002
00000002
00000000
7DC842C1
0000003A
0C73B97C
0000003E
0AE8B0B1
00000036
00000012
6E936D89
// vkQueueSubmit[4]
00000012
00000001
54C13EA1
000000BC
00000003
00000003
00000000
00000004
00000000
00000000
00000004
00000004
00000000
BEF7D46C
0000009D
A74FA692
000000A4
72F53A57
0000005F
0A0A8221
00000034
00000004
00000000
215ACB52
D398B8F3
BCE299F2
A455E2BB
00000004
00000004
00000000
C2117C67
000000BD
1BB66CF9
000000C9
C2B9DE0F
000000E2
6A4264E8
000000D6
00000002
00000002
00000000
1A6474CE
000000D5
0156DE5D
000000DE
00000004
00000000
00000000
00000003
00000003
00000000
31E7C899
0000004D
FBB11BAC
000000D0
4F19666D
000000A8
00000003
00000000
F9E5B17A
E827711A
4E1132A9
00000000
00000000
00000000
00000001
00000001
00000000
98BBA318
00000047
00000004
00000000
00000000
00000000
00000000
00000000
00000000
00000000
00000001
00000001
00000000
B1E0A8BA
00000090
00000003
00000003
00000000
D7AD08D6
0000007D
7483705B
000000C7
D6D12AA0
000000AF
E41820F1
0000001C
00000012
F88DCB97
// vkQueueSubmit[5]
00000012
00000001
39DF4283
00000099
00000000
00000000
00000000
15058017
0000003D
00000012
2BF6CDB9
// vkQueueSubmit[6]
00000012
00000001
3280973D
0000006D
00000003
00000003
00000000
00000004
00000000
00000000
00000000
00000000
00000000
00000000
00000000
00000004
00000004
00000000
74959E05
000000CD
D9B39141
000000D3
92D42BB0
0000005A
49B060AF
000000B3
00000002
00000002
00000000
F8B63599
000000EC
5FC6C9AF
000000E1
00000004
00000001
00000000
3B9D0068
00000000
00000000
00000001
00000004
00000004
00000000
7AD22466
00000046
0D5E4F35
0000007D
5157446E
000000D5
B476235E
0000006D
00000004
00000000
94F2573F
E24BCE4E
8FC7452B
9CE97640
00000004
00000004
00000000
385DBF3C
0000002B
82F16BD8
0000000A
66A4EF41
00000041
311DA55C
00000050
00000000
00000000
00000000
00000004
00000000
00000000
00000004
00000004
00000000
40BE902F
0000009B
B9A742B6
00000021
17C1B9E1
00000042
3D5EEBA3
000000B3
00000004
00000000
9211403D
DFF00F32
77958189
81E671A9
00000003
00000003
00000000
D23AADA5
0000006C
04546BA5
00000025
4E27E6BF
00000082
00000001
00000001
00000000
695856DD
00000009
EA8858A7
000000BF
00000012
7EDD7C02
// vkQueueSubmit[7]
00000012
00000001
DAAB6A4F
000000E6
00000000
00000000
00000000
630D8F67
0000001B
00000012
B075D22B
// vkAllocateMemory[0]
00000015
00000001
CF7B7E4B
000000BB
00000001
00000000
00000005
00000000
00000000
A7A140BD
00000088
6D60E998
00000000
00000000
00000001
00000000
DC3F014B
00000043
00000015
99CD17E1
00000001
00000000
DC3F014B
00000043
// vkAllocateMemory[1]
00000015
00000001
0FD66E95
0000004A
00000001
00000000
00000005
00000001
00000000
3B9BE342
00000001
00000000
3B9CBA19
00000000
00000000
69B25555
00000085
C7E12B69
000000F6
37E2166D
E90E5D48
000000F9
855E4757
00000000
00000000
00000001
00000000
A0F99AA7
000000D4
00000015
26499F4A
00000001
00000000
A0F99AA7
000000D4
// vkAllocateMemory[2]
00000015
00000001
C81C4797
00000075
00000001
00000000
00000005
00000000
00000000
4831208F
0000007F
F94579FA
00000000
00000000
00000001
00000000
049C1E37
000000A1
00000015
1683BA43
00000001
00000000
049C1E37
000000A1
// vkAllocateMemory[3]
00000015
00000001
E227F94F
000000F7
00000001
00000000
00000005
00000000
00000000
DC3CF5DA
000000B2
5D1E9827
00000000
00000000
00000000
00000000
00000015
DB249D89
00000000
00000000
// vkAllocateMemory[4]
00000015
00000001
2CBFA89B
000000E8
00000001
00000000
00000005
00000000
00000000
0BA3FBEA
00000013
5B273E7C
00000000
00000000
00000001
00000000
4FDEF00F
000000AF
00000015
404D4DB5
00000001
00000000
4FDEF00F
000000AF
// vkAllocateMemory[5]
00000015
00000001
B92C21EB
0000005C
00000001
00000000
00000005
00000000
00000000
660A80E9
00000079
703381AB
00000000
00000000
00000001
00000000
9F93E9FF
000000B3
00000015
69A59C1B
00000001
00000000
9F93E9FF
000000B3
// vkAllocateMemory[6]
00000015
00000001
26C96589
000000CC
00000000
00000000
00000000
00000000
00000001
00000000
B1A55F8B
00000040
00000015
6D5B5C53
00000001
00000000
B1A55F8B
00000040
// vkAllocateMemory[7]
00000015
00000001
F5F83DD9
00000093
00000001
00000000
00000005
00000000
00000000
87CA33E1
000000CE
7E4924E2
00000000
00000000
00000000
00000000
00000015
251CB583
00000000
00000000
// vkFlushMappedMemoryRanges[0]
00000019
00000001
E377F6B7
000000A5
00000003
00000003
00000000
00000006
00000000
00000000
26B4557F
000000E0
FC356FD1
0000003B
5546ABE2
000000C7
00000006
00000000
00000000
8DA91CC1
00000090
967BA309
000000FE
5D7F6A61
0000002B
00000006
00000000
00000000
A0260E0D
00000068
4DEAA329
00000045
38848B42
0000009D
00000019
02922F87
// vkFlushMappedMemoryRanges[1]
00000019
00000001
DB0B43F3
000000A7
00000002
00000002
00000000
00000006
00000000
00000000
43405D61
0000007C
B82DCC06
00000064
7599EF2F
000000D1
00000006
00000000
00000000
40CA847F
0000007C
87BBFDCE
00000026
526F5817
00000025
00000019
34BAB382
// vkFlushMappedMemoryRanges[2]
00000019
00000001
BC550F25
00000061
00000000
00000000
00000000
00000019
C8E27E0A
// vkFlushMappedMemoryRanges[3]
00000019
00000001
E308E719
000000E4
00000001
00000001
00000000
00000006
00000000
00000000
855DB82F
000000CC
72F881CD
000000DD
EBF4B0AF
00000086
00000019
278760F0
// vkFlushMappedMemoryRanges[4]
00000019
00000001
F0C52BA9
0000007E
00000001
00000001
00000000
00000006
00000000
00000000
307E4151
000000B4
6609C1D7
00000055
A4CD7E53
000000BD
00000019
423EAF0F
// vkFlushMappedMemoryRanges[5]
00000019
00000001
7CF2BE6D
0000004A
00000003
00000003
00000000
00000006
00000000
00000000
06D4F6A3
000000F2
9355471B
00000051
679CE8E0
000000CF
00000006
00000000
00000000
4CDC7611
000000D3
6E8D6252
00000059
DD6E79C8
00000071
00000006
00000000
00000000
D2ED338D
000000AE
BEF1C97F
00000047
1ED378C6
000000AC
00000019
5F2CE576
// vkFlushMappedMemoryRanges[6]
00000019
00000001
08B2FDE3
000000D2
00000001
00000001
00000000
00000006
00000000
00000000
96755D3B
0000001B
9A484471
000000D0
BBA22E18
00000042
00000019
0456FF4D
// vkFlushMappedMemoryRanges[7]
00000019
00000001
420CD445
000000F5
00000002
00000002
00000000
00000006
00000000
00000000
E65756FB
00000075
4B7EB4B3
0000008B
4796A7CD
0000005F
00000006
00000000
00000000
0EC0EBAD
0000001A
60FC03A3
000000E3
71C52242
000000EB
00000019
50239723
// vkInvalidateMappedMemoryRanges[0]
0000001A
00000001
E3F3A99D
00000001
00000003
00000003
00000000
00000006
00000000
00000000
22EAE64D
00000050
266462F7
00000034
7C36D2C6
000000DD
00000006
00000000
00000000
480F36E1
00000058
3820FE8D
000000A5
C4FBA5F4
000000B3
00000006
00000000
00000000
351C30E9
0000009D
F2B483DD
0000000F
9A96C1A5
00000074
0000001A
CB0D38E2
// vkInvalidateMappedMemoryRanges[1]
0000001A
00000001
469F63CB
000000AB
00000003
00000003
00000000
00000006
00000000
00000000
5D7C97ED
0000006D
6C44CA04
00000011
F910700E
000000F1
00000006
00000000
00000000
F0D424C3
0000000E
5332C883
0000001A
AB2A455E
00000062
00000006
00000000
00000000
B19166DF
0000007F
FEF077B8
00000054
247EF12E
000000E7
0000001A
33FCC6AE
// vkInvalidateMappedMemoryRanges[2]
0000001A
00000001
1187AE3B
000000CC
00000003
00000003
00000000
00000006
00000000
00000000
77F4F129
00000051
7729CDF6
0000008B
1481973B
0000007E
00000006
00000000
00000000
BA6BE1BB
0000008B
D6A479B7
000000A5
1D0B594E
000000B5
00000006
00000000
00000000
D0E039A7
00000021
E46274ED
0000006A
17D9FF49
000000BE
0000001A
25007BD1
// vkInvalidateMappedMemoryRanges[3]
0000001A
00000001
E9E00557
000000E7
00000003
00000003
00000000
00000006
00000000
00000000
EB515C59
000000BB
8E9255C5
00000037
F274F0DB
00000025
00000006
00000000
00000000
ADCAE425
0000009E
1CCBE8BD
000000EF
D4411459
00000019
00000006
00000000
00000000
5491020D
0000001F
AD4F6F6B
00000095
8F2AAC97
000000A4
0000001A
5FD65D0D
// vkInvalidateMappedMemoryRanges[4]
0000001A
00000001
6AB0976B
000000AE
00000000
00000000
00000000
0000001A
69F20F5C
// vkInvalidateMappedMemoryRanges[5]
0000001A
00000001
DBF105E7
000000D2
00000003
00000003
00000000
00000006
00000000
00000000
C74A649B
0000006F
EEC43E74
00000070
65DCCB40
0000009F
00000006
00000000
00000000
2225C277
00000075
9ABAE1E8
0000007A
6319420D
000000DC
00000006
00000000
00000000
4707F8D9
000000A0
D4A3F304
00000024
43C623AF
000000FA
0000001A
A8ABA4B0
// vkInvalidateMappedMemoryRanges[6]
0000001A
00000001
0B24834D
00000018
00000001
00000001
00000000
00000006
00000000
00000000
091F4A95
00000001
E18977E5
00000053
56836780
0000000A
0000001A
296D5CD0
// vkInvalidateMappedMemoryRanges[7]
0000001A
00000001
6BFF9D19
00000070
00000000
00000000
00000000
0000001A
6E6C1CE7
// vkGetBufferMemoryRequirements[0]
0000001E
00000001
8CA96D7F
00000090
66D85F3B
0000001F
00000001
00000000
0000001E
00000001
00000000
DFFAB3FE
81451FEF
7C6F920F
A63BDCF6
63F93CFC
// vkGetBufferMemoryRequirements[1]
0000001E
00000001
F19C41C1
00000050
20D907EB
00000049
00000001
00000000
0000001E
00000001
00000000
C25C929C
25517301
96A4938E
3CA8A172
B9FF58DE
// vkGetBufferMemoryRequirements[2]
0000001E
00000001
E4E700E5
000000DA
32C88597
000000EC
00000000
00000000
0000001E
00000000
00000000
// vkGetBufferMemoryRequirements[3]
0000001E
00000001
366A3FC1
0000007D
8F2D150D
000000F8
00000001
00000000
0000001E
00000001
00000000
FA38314A
6B87E1D8
E50D6AA4
3D132D3C
B5EBD4F9
// vkGetBufferMemoryRequirements[4]
0000001E
00000001
6106B5BD
000000D4
DBB5DBC3
00000044
00000001
00000000
0000001E
00000001
00000000
1BD6F237
CE819CF0
836438A6
DB91ACE5
D2917BC5
// vkGetBufferMemoryRequirements[5]
0000001E
00000001
D3A308E9
000000C6
D55E16C1
000000D1
00000001
00000000
0000001E
00000001
00000000
DDC810A9
C32A840A
8C21C0A5
5E0E16AA
407DCD86
// vkGetBufferMemoryRequirements[6]
0000001E
00000001
E5BF3F31
0000001F
E07041F7
000000BC
00000001
00000000
0000001E
00000001
00000000
59902291
67ABD83A
71204F33
5D5F154D
6BFFD516
// vkGetBufferMemoryRequirements[7]
0000001E
00000001
EADC4315
000000AD
81AAAC09
00000070
00000001
00000000
0000001E
00000001
00000000
D978237D
529763D3
C3716F50
3B23F1F7
1A65B02E
// vkGetBufferMemoryRequirements2[0]
00000091
00000001
05021B0B
00000059
00000000
00000000
00000000
00000000
00000091
00000000
00000000
// vkGetBufferMemoryRequirements2[1]
00000091
00000001
1F69FF07
0000003B
00000000
00000000
00000001
00000000
3B9D0453
00000001
00000000
3B9CBA18
00000000
00000000
00000091
00000001
00000000
3B9D0453
00000001
00000000
3B9CBA18
00000000
00000000
00000000
00000000
8B347AE9
8DD43406
E7DE4AD2
740440B0
9865CB9B
// vkGetBufferMemoryRequirements2[2]
00000091
00000001
482A6A45
000000D2
00000001
00000000
3B9D0450
00000000
00000000
2616EAC7
00000032
00000000
00000000
00000091
00000000
00000000
// vkGetBufferMemoryRequirements2[3]
00000091
00000001
12736473
00000041
00000001
00000000
3B9D0450
00000000
00000000
CC09B6DB
000000E0
00000001
00000000
3B9D0453
00000000
00000000
00000091
00000001
00000000
3B9D0453
00000000
00000000
AE3B8EB8
17F11576
E5D79D70
D00C6A3E
F4116059
// vkGetBufferMemoryRequirements2[4]
00000091
00000001
C9DE37FD
0000005B
00000001
00000000
3B9D0450
00000000
00000000
CA518A1B
000000D5
00000001
00000000
3B9D0453
00000000
00000000
00000091
00000001
00000000
3B9D0453
00000000
00000000
260D5276
563FB6A6
57CBEC20
40262CFD
D59094FB
// vkGetBufferMemoryRequirements2[5]
00000091
00000001
00D14395
000000E0
00000000
00000000
00000001
00000000
3B9D0453
00000000
00000000
00000091
00000001
00000000
3B9D0453
00000000
00000000
DB86BC53
75947664
48D7829C
38F1FE16
86028E7C
// vkGetBufferMemoryRequirements2[6]
00000091
00000001
C0D577D9
000000E9
00000001
00000000
3B9D0450
00000000
00000000
9A857A57
00000026
00000001
00000000
3B9D0453
00000000
00000000
00000091
00000001
00000000
3B9D0453
00000000
00000000
0D4009B6
725854A6
9E64C16C
80818B05
5B8CAA47
// vkGetBufferMemoryRequirements2[7]
00000091
00000001
B514206D
00000049
00000001
00000000
3B9D0450
00000000
00000000
F1DE8C5D
000000E0
00000001
00000000
3B9D0453
00000000
00000000
00000091
00000001
00000000
3B9D0453
00000000
00000000
8393113B
510BF433
F08F549E
1C90FE32
ABA04B68
// vkGetImageMemoryRequirements[0]
0000001F
00000001
4E51C8F1
000000EF
D3E3676D
00000026
00000001
00000000
0000001F
00000001
00000000
EA270840
5EE98BCF
807BB340
2F1FD7E4
0E8F1DC4
// vkGetImageMemoryRequirements[1]
0000001F
00000001
53C71023
00000028
0AD63E23
00000008
00000000
00000000
0000001F
00000000
00000000
// vkGetImageMemoryRequirements[2]
0000001F
00000001
07DF599F
000000B9
4A905EC5
0000007B
00000001
00000000
0000001F
00000001
00000000
16E3D639
331651CC
2CD6B7DE
59EFBE3D
B7E3C09A
// vkGetImageMemoryRequirements[3]
0000001F
00000001
BF9CF35D
00000016
C9388CCF
0000005E
00000000
00000000
0000001F
00000000
00000000
// vkGetImageMemoryRequirements[4]
0000001F
00000001
EA28EAE1
00000076
60F2F75D
00000072
00000001
00000000
0000001F
00000001
00000000
3C674B36
1690F104
BB2883FA
4FEEAB5A
85CC4D6F
// vkGetImageMemoryRequirements[5]
0000001F
00000001
5EAA24D3
00000014
1F3E765F
00000096
00000001
00000000
0000001F
00000001
00000000
E2320090
E9C4FDA7
A10C1E90
4F47E714
CF359B39
// vkGetImageMemoryRequirements[6]
0000001F
00000001
E8FCF643
0000001F
E6C23F07
0000002A
00000001
00000000
0000001F
00000001
00000000
D5DE6907
14512DA7
6F134C09
129D15D7
61902DF9
// vkGetImageMemoryRequirements[7]
0000001F
00000001
2768C72F
00000092
3E7060B9
000000EC
00000001
00000000
0000001F
00000001
00000000
7A9DB9A9
DBF1BDDE
62E7129F
1E098AD3
1BCEF605
// vkGetImageMemoryRequirements2[0]
00000090
00000001
E3D92CC1
000000A8
00000001
00000000
3B9D0451
00000000
00000000
E5DE44F7
00000065
00000001
00000000
3B9D0453
00000000
00000000
00000090
00000001
00000000
3B9D0453
00000000
00000000
A3288FE8
3224E032
E2B1441F
9913F7A2
0B8E1150
// vkGetImageMemoryRequirements2[1]
00000090
00000001
ED039B45
000000A9
00000001
00000000
3B9D0451
00000000
00000000
1B8135B5
000000A1
00000000
00000000
00000090
00000000
00000000
// vkGetImageMemoryRequirements2[2]
00000090
00000001
5F96F4D1
00000078
00000001
00000000
3B9D0451
00000000
00000000
0E14C63D
000000B5
00000001
00000000
3B9D0453
00000000
00000000
00000090
00000001
00000000
3B9D0453
00000000
00000000
4731FD9F
41E80D34
9D85A02C
27F2D3FF
48B90DDC
// vkGetImageMemoryRequirements2[3]
00000090
00000001
1E6D1EC1
000000F8
00000001
00000000
3B9D0451
00000000
00000000
324A2611
000000C2
00000000
00000000
00000090
00000000
00000000
// vkGetImageMemoryRequirements2[4]
00000090
00000001
3603A5E3
0000006B
00000001
00000000
3B9D0451
00000000
00000000
880117BB
00000016
00000001
00000000
3B9D0453
00000000
00000000
00000090
00000001
00000000
3B9D0453
00000000
00000000
6586CE14
9A29E30C
2574B665
BB701BD2
A8246532
// vkGetImageMemoryRequirements2[5]
00000090
00000001
17DEB139
000000C3
00000001
00000000
3B9D0451
00000000
00000000
C11CA135
000000F6
00000000
00000000
00000090
00000000
00000000
// vkGetImageMemoryRequirements2[6]
00000090
00000001
60F1695F
000000C5
00000001
00000000
3B9D0451
00000000
00000000
F83ACBEB
000000DF
00000000
00000000
00000090
00000000
00000000
// vkGetImageMemoryRequirements2[7]
00000090
00000001
8627599D
000000D7
00000001
00000000
3B9D0451
00000001
00000000
3B9D2B63
00000000
00000000
BD914095
8596FA4B
00000064
00000000
00000000
00000090
00000000
00000000
// vkBindBufferMemory[0]
0000001C
00000001
4273800D
00000019
682147A3
0000001D
B4D0D045
0000007A
676D1588
000000E9
0000001C
0DBD3CC0
// vkBindBufferMemory[1]
0000001C
00000001
7CE0E0AF
00000014
FE522DEF
000000F0
9064E4E7
00000014
38F52DA8
000000E7
0000001C
56525C27
// vkBindBufferMemory[2]
0000001C
00000001
E9F1DBD7
00000062
9C602DF5
000000AD
A8D327B3
000000D4
DA85429D
00000057
0000001C
D5FEA601
// vkBindBufferMemory[3]
0000001C
00000001
5B0D48E1
000000B6
AA47BAEF
000000C1
EDF2120B
000000EC
403641F7
0000003D
0000001C
FE1EF22E
// vkBindBufferMemory[4]
0000001C
00000001
68EDDB31
00000023
C0A17B1D
00000038
AEFE0245
000000EB
66AD8865
0000009F
0000001C
FF4F1545
// vkBindBufferMemory[5]
0000001C
00000001
BA1B0127
0000000B
3F0D59B1
00000030
9160773D
00000025
91336C55
00000056
0000001C
2FF82ED0
// vkBindBufferMemory[6]
0000001C
00000001
F03F26F9
0000001B
FDCE109D
000000E7
C55CC071
00000035
6BAF23EC
0000000D
0000001C
EDE5AA79
// vkBindBufferMemory[7]
0000001C
00000001
8342F707
00000055
DCF05A6B
00000089
C1985A51
000000B7
5C8707EF
00000059
0000001C
A8F603AB
// vkBindBufferMemory2[0]
0000008A
00000001
B514E99D
0000006F
00000001
00000001
00000000
3B9D2F48
00000000
00000000
C63B5509
00000061
1241801D
00000039
E85275CF
000000D8
0000008A
77CF400A
// vkBindBufferMemory2[1]
0000008A
00000001
20D8B3CF
0000005B
00000002
00000002
00000000
3B9D2F48
00000000
00000000
83F41F55
000000CC
F467AA3B
0000006B
60A08404
000000C7
3B9D2F48
00000000
00000000
7532E6DF
00000077
AA2FF84F
00000026
437FCBE3
000000B4
0000008A
F1A0C366
// vkBindBufferMemory2[2]
0000008A
00000001
B1FFE287
000000EA
00000004
00000004
00000000
3B9D2F48
00000000
00000000
ECF849E3
0000003C
DB818A7B
00000059
B423A1CD
00000077
3B9D2F48
00000000
00000000
C0AA78FB
00000002
250FA417
000000CE
B7D63196
000000C2
3B9D2F48
00000000
00000000
B10F0EFD
00000019
39ADA54F
00000045
5D7EA072
00000039
3B9D2F48
00000001
00000000
3B9BB46D
00000000
00000000
00000000
00000000
00000000
B3E907B3
000000AB
2EB9D3F3
00000063
8824BB8B
0000005A
0000008A
58FE08BD
// vkBindBufferMemory2[3]
0000008A
00000001
A967633D
000000D0
00000004
00000004
00000000
3B9D2F48
00000000
00000000
82548C9F
00000042
7551C17D
00000015
0DA33685
0000001A
3B9D2F48
00000000
00000000
BE199019
0000004F
EB6C35C9
000000CF
3664CD6A
0000006D
3B9D2F48
00000000
00000000
CBA8A0DD
000000DE
3335241F
0000003E
47683F61
00000017
3B9D2F48
00000000
00000000
AE2423F7
00000081
D90A4CC3
00000049
4AD828E4
000000FB
0000008A
9ADAA6A8
// vkBindBufferMemory2[4]
0000008A
00000001
7C570E53
000000F6
00000000
00000000
00000000
0000008A
69B7238B
// vkBindBufferMemory2[5]
0000008A
00000001
3976FD7F
000000B3
00000003
00000003
00000000
3B9D2F48
00000000
00000000
F8A7AF19
0000005B
D8B1A803
000000FE
918783FD
000000C0
3B9D2F48
00000001
00000000
3B9BB46D
00000000
00000000
00000003
00000003
00000000
173B599B
3156D012
E269B30E
08759EFF
00000070
21FCFC27
00000015
AF83886F
00000078
3B9D2F48
00000000
00000000
E20E74BB
0000000C
24EC474F
0000007E
201DBD9D
000000B0
0000008A
7E841F7F
// vkBindBufferMemory2[6]
0000008A
00000001
6FA29CA3
0000007A
00000000
00000000
00000000
0000008A
9B7910CA
// vkBindBufferMemory2[7]
0000008A
00000001
40064A3F
0000008B
00000000
00000000
00000000
0000008A
98DBC06B
// vkBindImageMemory[0]
0000001D
00000001
E480C16D
00000017
DAA7071F
000000A0
88B49373
0000008F
EB738F63
000000D4
0000001D
9E112C61
// vkBindImageMemory[1]
0000001D
00000001
5D80A85B
00000008
3BB75107
000000F1
8A00DF91
000000AA
8F796980
00000026
0000001D
DB0C3C88
// vkBindImageMemory[2]
0000001D
00000001
0595BBD5
000000FB
C07B5359
000000ED
61806773
0000000A
21EB54E7
00000055
0000001D
AB92BEFF
// vkBindImageMemory[3]
0000001D
00000001
6217BFD9
0000008E
CDC7B69D
000000D3
1294D809
0000009A
C7531B1C
00000073
0000001D
4EDBD1C7
// vkBindImageMemory[4]
0000001D
00000001
53EF85FF
00000034
FDE44FDB
0000006D
F3938C35
0000007B
106623D1
00000061
0000001D
FDCEB970
// vkBindImageMemory[5]
0000001D
00000001
E89D5779
000000C2
E53BA9EF
00000040
D5DCEF17
000000C8
01293C11
000000A6
0000001D
A9A38E5A
// vkBindImageMemory[6]
0000001D
00000001
A0DE698F
000000EB
DF215539
0000001A
4D542605
000000BB
D116416E
00000038
0000001D
9123AA6A
// vkBindImageMemory[7]
0000001D
00000001
93FFF1C1
00000060
035C1A3B
000000F8
64360899
00000013
A7EB97E4
00000096
0000001D
170F9769
// vkBindImageMemory2[0]
0000008B
00000001
D7C0904F
0000003E
00000003
00000003
00000000
3B9D2F49
00000000
00000000
4FA07715
00000081
C48F1CAB
00000008
24CB96A5
0000007E
3B9D2F49
00000000
00000000
5E1C04AF
00000026
8C335D5F
0000001D
34D44FBA
00000044
3B9D2F49
00000000
00000000
039DFA6B
0000007F
A01ADBA5
000000A9
96D2FFB3
00000073
0000008B
24DE5F07
// vkBindImageMemory2[1]
0000008B
00000001
25C62A39
00000050
00000003
00000003
00000000
3B9D2F49
00000000
00000000
9B0F64D9
000000FD
756227CB
00000097
F48A8B1F
000000C8
3B9D2F49
00000000
00000000
C49F9B09
000000FE
ACA69DF5
0000009E
934EF973
00000015
3B9D2F49
00000000
00000000
8C97AC75
00000039
3F1D0633
0000009C
AC0D2468
00000058
0000008B
F7E863B7
// vkBindImageMemory2[2]
0000008B
00000001
6EEC6063
0000008E
00000000
00000000
00000000
0000008B
153B7343
// vkBindImageMemory2[3]
0000008B
00000001
077D0057
000000C7
00000002
00000002
00000000
3B9D2F49
00000000
00000000
ED945B7D
00000033
876BEDB5
00000029
8C8C1226
00000015
3B9D2F49
00000000
00000000
0FBFE8ED
0000004C
A31FE3A3
00000040
96208A73
000000E3
0000008B
B5A16DAD
// vkBindImageMemory2[4]
0000008B
00000001
AED7A633
00000055
00000002
00000002
00000000
3B9D2F49
00000000
00000000
C4EE621D
00000034
00614C53
0000009C
94CAB8CE
0000007F
3B9D2F49
00000001
00000000
3B9BB46E
00000000
00000000
00000002
00000002
00000000
5DAA7F27
E9729538
00000001
00000001
00000000
682B5FD0
A8ACA0E3
3070A5E1
CD04B282
6B0A2A83
000000E4
A95A9A99
00000096
33F1CE30
0000006A
0000008B
920A57E9
// vkBindImageMemory2[5]
0000008B
00000001
612685AD
0000000B
00000004
00000004
00000000
3B9D2F49
00000001
00000000
3B9D2B62
00000000
00000000
25B8D551
8C1930C1
00000064
9C3F8983
0000005C
2F1A0597
000000EF
3B9D2F49
00000000
00000000
AA24595F
0000002B
29D49A9F
000000E4
833A9296
000000F5
3B9D2F49
00000001
00000000
3B9BB46E
00000000
00000000
00000003
00000003
00000000
2EC8E637
CA0FC8BD
FF5E6DF4
00000002
00000002
00000000
44601315
5989680F
7149899E
3E0AB510
928E06B8
B4615880
0B20CD5A
BB42A2A6
A6AFDE03
00000037
DAD9A641
000000FE
DD9CF5D7
000000CE
3B9D2F49
00000000
00000000
3D4B5BFB
000000CF
BF90A371
000000B4
D2248EAD
0000006E
0000008B
D40B7FAB
// vkBindImageMemory2[6]
0000008B
00000001
F0DB2CE3
000000E0
00000002
00000002
00000000
3B9D2F49
00000000
00000000
3C30C1F1
0000005C
D7C5BC11
000000C8
E3565915
0000007D
3B9D2F49
00000000
00000000
AD139CDF
00000087
CC4300F1
00000050
0BEAFFDF
0000003B
0000008B
38FEACC0
// vkBindImageMemory2[7]
0000008B
00000001
8A2D4359
00000027
00000000
00000000
00000000
0000008B
8B43105B
// vkCreateBuffer[0]
00000032
00000001
12CC74CF
000000C2
00000001
00000000
0000000C
00000000
00000000
61840F81
99D73830
00000075
01838A00
CBC0163C
00000000
00000000
00000000
00000000
00000000
00000001
00000000
36047035
0000006E
00000032
868A041E
00000001
00000000
36047035
0000006E
// vkCreateBuffer[1]
00000032
00000001
D6D16E75
000000BE
00000001
00000000
0000000C
00000000
00000000
8318ACCB
9A7247A3
00000078
0C09A583
5FCEF709
00000000
00000000
00000000
00000000
00000000
00000001
00000000
C30CB025
0000004B
00000032
821207D6
00000001
00000000
C30CB025
0000004B
// vkCreateBuffer[2]
00000032
00000001
CBAC6119
000000F3
00000001
00000000
0000000C
00000000
00000000
6BF405F4
A9F9FC74
000000CB
08AACEEB
3F150FCA
00000000
00000000
00000000
00000000
00000000
00000000
00000000
00000032
AEA56F38
00000000
00000000
// vkCreateBuffer[3]
00000032
00000001
6B8D5FCB
000000BD
00000001
00000000
0000000C
00000000
00000000
DC5F2FDF
0898DD08
000000EF
0649A2D6
583FC91D
00000000
00000000
00000000
00000000
00000000
00000001
00000000
249BC3DF
000000EF
00000032
5635F013
00000001
00000000
249BC3DF
000000EF
// vkCreateBuffer[4]
00000032
00000001
A8AF791B
000000DF
00000001
00000000
0000000C
00000000
00000000
E62B126C
AD4A5C7F
0000004B
09C181AC
F82903A8
00000000
00000000
00000000
00000000
00000000
00000001
00000000
3A31294B
00000074
00000032
64F3ED90
00000001
00000000
3A31294B
00000074
// vkCreateBuffer[5]
00000032
00000001
F5D344A3
000000BE
00000001
00000000
0000000C
00000000
00000000
35E05B63
CC9A260E
000000C6
0AE27022
18651820
00000000
00000000
00000000
00000000
00000000
00000000
00000000
00000032
802B3551
00000000
00000000
// vkCreateBuffer[6]
00000032
00000001
DE6BF7B7
00000072
00000001
00000000
0000000C
00000000
00000000
0338EE1C
6AACC224
00000050
0DDB44E4
24A01610
00000000
00000000
00000000
00000000
00000000
00000001
00000000
6661E025
0000009D
00000032
82A0CBE4
00000001
00000000
6661E025
0000009D
// vkCreateBuffer[7]
00000032
00000001
8D479E23
00000017
00000001
00000000
0000000C
00000000
00000000
361BCEBA
1CD1F9FA
00000023
0CFAD7DF
EDA5CCD5
00000000
00000000
00000000
00000000
00000000
00000001
00000000
96869BC3
000000B9
00000032
D53191C5
00000001
00000000
96869BC3
000000B9
// vkCreateBufferView[0]
00000034
00000001
CCFCA475
000000DD
00000001
00000000
0000000D
00000000
00000000
77804482
C59BC369
0000007B
8B23488D
14F38CCD
00000029
C10F59D3
00000001
00000000
00000000
00000001
00000000
F2A3BE79
00000090
00000034
75A575A7
00000001
00000000
F2A3BE79
00000090
// vkCreateBufferView[1]
00000034
00000001
22F335FB
000000C1
00000001
00000000
0000000D
00000000
00000000
BA103E1F
30547859
0000009A
0FB36738
5717F933
00000032
7A8C42D8
00000047
00000000
00000000
00000001
00000000
816417C1
000000BE
00000034
D947D6DD
00000001
00000000
816417C1
000000BE
// vkCreateBufferView[2]
00000034
00000001
8715F131
0000006A
00000001
00000000
0000000D
00000000
00000000
029924ED
D69114DB
0000004E
6B3801B2
B1AAAB71
00000012
2F39434C
000000A5
00000000
00000000
00000001
00000000
E5AFC4B7
00000025
00000034
4900DFFA
00000001
00000000
E5AFC4B7
00000025
// vkCreateBufferView[3]
00000034
00000001
2345F081
0000002B
00000001
00000000
0000000D
00000000
00000000
3BD98BAA
CB731D55
000000CE
AAD33404
4EF5C7F9
000000DD
CF582999
00000072
00000000
00000000
00000001
00000000
B3A62EE9
0000000D
00000034
34B357BA
00000001
00000000
B3A62EE9
0000000D
// vkCreateBufferView[4]
00000034
00000001
9B1AB967
00000060
00000001
00000000
0000000D
00000000
00000000
6213D903
C4C7CEF3
0000000B
AC3D08FF
65372646
00000016
2840C2CF
0000007E
00000000
00000000
00000001
00000000
2E480C2D
0000000A
00000034
B17A91CE
00000001
00000000
2E480C2D
0000000A
// vkCreateBufferView[5]
00000034
00000001
7B66A661
00000076
00000001
00000000
0000000D
00000000
00000000
9E9FDD9F
83F3CF33
000000BE
EBECAB20
8A30A059
00000037
C71F32E9
0000008B
00000000
00000000
00000001
00000000
AB3A3BFD
00000010
00000034
F286E40A
00000001
00000000
AB3A3BFD
00000010
// vkCreateBufferView[6]
00000034
00000001
3D6A4FD9
00000041
00000001
00000000
0000000D
00000000
00000000
76B881BD
E713A825
00000055
A11D1CE9
FA147657
00000071
F90F6D98
00000004
00000000
00000000
00000001
00000000
21F7BB6F
00000006
00000034
6CD16F3C
00000001
00000000
21F7BB6F
00000006
// vkCreateBufferView[7]
00000034
00000001
632785F1
0000002F
00000001
00000000
0000000D
00000000
00000000
30C91182
DFAE5721
00000097
AC22C29C
66355025
000000CD
BDA08B88
000000B2
00000000
00000000
00000001
00000000
E1866FAF
00000057
00000034
5CCBBEAA
00000001
00000000
E1866FAF
00000057
// vkCreateImage[0]
00000036
00000001
71F587DF
0000004F
00000000
00000000
00000000
00000000
00000001
00000000
F14C51CD
00000050
00000036
284142D2
00000001
00000000
F14C51CD
00000050
// vkCreateImage[1]
00000036
00000001
22D2A89F
0000000D
00000001
00000000
0000000E
00000000
00000000
E2E27128
9C161C87
EB7B53A6
A4BA55FE
B5E1406E
0AE4A40B
D35EFE6A
08E69D47
03B3BBA2
EF5874F1
06A0234A
E5236B55
00000000
00000000
00000000
67E1EEBF
00000000
00000000
00000001
00000000
4DEDF039
0000003A
00000036
066A2115
00000001
00000000
4DEDF039
0000003A
// vkCreateImage[2]
00000036
00000001
1B0142A3
00000034
00000001
00000000
0000000E
00000000
00000000
E7F492D9
7EED378D
C11ED97D
47C75545
CBE7EA99
F14F9C8D
4E7D3E52
1C14D102
A18B5C36
776155EA
0238A1CD
47F979BE
00000000
00000000
00000000
8A035DF5
00000000
00000000
00000000
00000000
00000036
3258D3A2
00000000
00000000
// vkCreateImage[3]
00000036
00000001
415256C9
00000076
00000001
00000000
0000000E
00000000
00000000
C10AAB1F
00DCE70E
502E64C2
EF382971
74E40CF6
1C637667
108485EA
6D2DE523
5A6EACD5
40981256
00AC869F
23D7F103
00000000
00000000
00000000
6633CD5F
00000000
00000000
00000001
00000000
0D6C87EB
00000077
00000036
D723C72F
00000001
00000000
0D6C87EB
00000077
// vkCreateImage[4]
00000036
00000001
538535B3
00000029
00000001
00000000
0000000E
00000001
00000000
3B9BE341
00000000
00000000
65EF8D0A
1C06C4BC
4FF4F92E
FAEA029E
E6C51744
C2CB1A0B
17604BBD
9CE41465
7585BEF3
F91B03B6
DD125BD0
0298E899
96D4D058
00000000
00000000
00000000
BDC1A82F
00000000
00000000
00000001
00000000
88B1D477
0000007A
00000036
922F6A6B
00000001
00000000
88B1D477
0000007A
// vkCreateImage[5]
00000036
00000001
9986C4E5
00000089
00000000
00000000
00000000
00000000
00000001
00000000
4D3344C1
00000069
00000036
CE9E8AB7
00000001
00000000
4D3344C1
00000069
// vkCreateImage[6]
00000036
00000001
AF0CBF4F
000000F8
00000001
00000000
0000000E
00000000
00000000
91D8141E
59446D50
8D56FF7C
5546B292
84259C5E
5D8DE3E9
911C3AFC
08AE7815
2E1B4D13
6D5E9AA6
028CE231
7F201558
00000000
00000000
00000000
B9D18487
00000000
00000000
00000001
00000000
10E9C09D
0000009D
00000036
4275F819
00000001
00000000
10E9C09D
0000009D
// vkCreateImage[7]
00000036
00000001
D88D8381
0000004A
00000001
00000000
0000000E
00000000
00000000
7A68A60F
EC59AEF7
7B532D8D
B4E588D7
FC002C64
DDE2E038
29E3186F
D8D435D7
17AE6C2A
AC4ED0F4
086489AF
87C9829B
00000000
00000000
00000000
85DBA3CB
00000000
00000000
00000000
00000000
00000036
9A737D7E
00000000
00000000
// vkGetImageSubresourceLayout[0]
00000038
00000001
39D0578F
00000097
A7E95BE3
0000002B
00000000
00000000
00000001
00000000
00000038
00000001
00000000
770A659F
AABD2559
EBBC373F
F703534F
2F61D870
E27ED3B3
0039B2B0
C3B1CBB9
33C4030A
0CF848D8
// vkGetImageSubresourceLayout[1]
00000038
00000001
047D2325
00000013
63071F85
000000C8
00000001
00000000
6FE423E3
300C0A81
EA67341A
00000001
00000000
00000038
00000001
00000000
8D77E347
D7F5F353
D1D56FB4
99D2012C
2236D678
DAC88772
617C154C
85FACA8A
A383E08C
180F8AF2
// vkGetImageSubresourceLayout[2]
00000038
00000001
BEA34EA9
00000051
7D6F5789
000000A1
00000000
00000000
00000001
00000000
00000038
00000001
00000000
4B10462E
3B55BC01
65FC23C5
7F1701A2
F5C15AD8
677A4264
5E85456F
0CC1AD87
D7992269
0FCC4C13
// vkGetImageSubresourceLayout[3]
00000038
00000001
685CAF2F
0000009B
6DA7D65F
00000096
00000001
00000000
B0D85DFC
25237335
54A28842
00000000
00000000
00000038
00000000
00000000
// vkGetImageSubresourceLayout[4]
00000038
00000001
E9E781CB
00000069
50444439
000000C1
00000001
00000000
E2939BB7
5D922F47
5F64D99B
00000001
00000000
00000038
00000001
00000000
243977EB
0CA5BE63
BB9E522B
4F08D7BC
43B6B763
553BF4E6
0A6225D0
1444C513
20AD6047
2325EED9
// vkGetImageSubresourceLayout[5]
00000038
00000001
3D6C1D8F
00000051
FBCCFB93
000000F6
00000001
00000000
284E9FBD
71A491A6
32F8B3C9
00000001
00000000
00000038
00000001
00000000
A07FEA84
1F30A950
08193D95
BF36A087
2410F95A
6A0BF8A0
A8E51801
4AB80CB9
83519885
C129FBE4
// vkGetImageSubresourceLayout[6]
00000038
00000001
3669AE0F
0000000E
E5F8CEC7
00000012
00000001
00000000
86401492
C697458B
837C4AAF
00000001
00000000
00000038
00000001
00000000
94605885
9E8DF34D
E78E7701
14DF55D5
90A39599
57D36A4B
1B380FB3
DF3A8DD8
4CCF6579
3AAFD2AF
// vkGetImageSubresourceLayout[7]
00000038
00000001
C7A5F39D
0000000B
3CD12E4D
0000001D
00000001
00000000
2DDAE329
A7F994BD
C09F0805
00000001
00000000
00000038
00000001
00000000
7CE28B0A
DFF9E6CD
B0A8E627
96700EFE
E7F5E886
A4627A24
27408028
AF93172A
F74E669F
BDBB7B61
// vkCreateImageView[0]
00000039
00000001
A0D90225
000000C1
00000000
00000000
00000000
00000000
00000001
00000000
F4F05CA1
0000009A
00000039
CE36FD2F
00000001
00000000
F4F05CA1
0000009A
// vkCreateImageView[1]
00000039
00000001
7B3DD131
000000A3
00000001
00000000
0000000F
00000000
00000000
9C2B0982
E5E6FA2D
00000048
2C65D31C
81AB1E6E
9BE2B8EB
780860B0
1176C485
BFC8EFBF
DBC6B330
5164532B
16259577
F5D349CE
D4E989DB
00000000
00000000
00000001
00000000
FF15D55F
0000004D
00000039
D9448F9B
00000001
00000000
FF15D55F
0000004D
// vkCreateImageView[2]
00000039
00000001
AC85716B
00000021
00000001
00000000
0000000F
00000000
00000000
50BE8F23
14465703
00000025
FC3F64FC
8000B70C
EB95E360
B3348D47
215958A2
2C3318C6
AA40F18F
C670B978
06441861
9DB5ED54
88F92A0E
00000000
00000000
00000000
00000000
00000039
8A2D83CB
00000000
00000000
// vkCreateImageView[3]
00000039
00000001
5C6D4F69
000000EB
00000001
00000000
0000000F
00000000
00000000
86576D1B
A5DBD9CB
000000AC
88A8B2E8
13D507F2
75A8839A
7456430A
911C6D9E
EA9A7568
FA3D65F5
AC3FF794
04851CDA
468CC800
5B1BF973
00000000
00000000
00000001
00000000
2CC46CD1
0000002D
00000039
C1C9900E
00000001
00000000
2CC46CD1
0000002D
// vkCreateImageView[4]
00000039
00000001
92D39EB9
00000001
00000001
00000000
0000000F
00000000
00000000
AB7345AF
39539E71
000000F1
2790C3F8
7C8E1C3C
1F6B6EA7
590F8522
860A09B9
DB99A8F9
AC451354
E92120D3
D2D01577
7DA18441
98BF515B
00000000
00000000
00000001
00000000
8A51C1FD
000000AE
00000039
2D43F0E0
00000001
00000000
8A51C1FD
000000AE
// vkCreateImageView[5]
00000039
00000001
80071D2D
000000E9
00000001
00000000
0000000F
00000001
00000000
3B9C930A
00000000
00000000
00DC3FB4
89959A41
70FCCC21
00000093
BD56464F
94B9C320
49D559C8
7093DE17
49E07282
C1C4DB20
819C8FF9
706FE6FA
C92A3BE6
C913E34F
E935A25F
00000000
00000000
00000001
00000000
4DCE866D
00000095
00000039
45022798
00000001
00000000
4DCE866D
00000095
// vkCreateImageView[6]
00000039
00000001
EA22F3C5
000000D6
00000000
00000000
00000000
00000000
00000001
00000000
917307AF
000000DE
00000039
6570C161
00000001
00000000
917307AF
000000DE
// vkCreateImageView[7]
00000039
00000001
B776594B
00000021
00000001
00000000
0000000F
00000000
00000000
B79B819D
52CDE239
000000AA
432B03A0
F494A8D3
1F1C7242
93EE12A9
4A1741CA
6F8DE0EF
38C5F212
3E74DE57
63FB94B8
8A5FD7C9
95894B8E
00000000
00000000
00000001
00000000
40F8873D
0000000A
00000039
AE9562B8
00000001
00000000
40F8873D
0000000A
// vkCreateSampler[0]
00000046
00000001
40E919A9
000000C4
00000001
00000000
0000001F
00000000
00000000
422A039A
61A50E8E
1AB69625
21A6C0F2
3DE2502A
F8B184D6
7C74334F
52F51EF5
00000001
68252E3B
00000000
8286DF36
950F9BBF
77EC111F
F9A382D1
00000000
00000000
00000000
00000001
00000000
9221ADCB
000000AE
00000046
C55BFBF1
00000001
00000000
9221ADCB
000000AE
// vkCreateSampler[1]
00000046
00000001
42AE7407
0000009D
00000001
00000000
0000001F
00000000
00000000
DB8BA3B3
D8F81553
60AEEB41
FF0AEB65
0E264B54
0495CA15
F6391C30
A4943DB6
00000000
FCAA1FAB
00000001
00FFE5D1
5890A235
83D6C0F5
D1A0E9A7
00000001
00000000
00000000
00000001
00000000
B2D067CF
000000AA
00000046
F5FAC5DD
00000001
00000000
B2D067CF
000000AA
// vkCreateSampler[2]
00000046
00000001
3584977D
000000B9
00000001
00000000
0000001F
00000000
00000000
EB6BE29A
63A56358
54FC42B0
C610CC24
F2268A81
B55F7EE5
715FD11D
476AB1DB
00000001
295C1E79
00000001
AB83865A
165CDBE0
C43E719D
9F1916B3
00000000
00000000
00000000
00000001
00000000
97E94C63
0000008B
00000046
F54593A0
00000001
00000000
97E94C63
0000008B
// vkCreateSampler[3]
00000046
00000001
3E62E4B9
00000018
00000001
00000000
0000001F
00000000
00000000
8B82ECBD
2ABD2BE2
1CE13854
B27F2E3D
F87BB9AB
A5334016
53209FBC
8593535E
00000001
94F09A1A
00000000
855AC6B9
18880E83
C8EB17BB
73632DF5
00000000
00000000
00000000
00000001
00000000
FDE8B737
00000079
00000046
40742F11
00000001
00000000
FDE8B737
00000079
// vkCreateSampler[4]
00000046
00000001
9381EEEF
00000083
00000001
00000000
0000001F
00000000
00000000
CE0F7AE5
AE6B5189
CBF0FC22
6263CFEA
3E7AABAD
6E6732A6
2718D4A8
80676D44
00000001
1162CC17
00000001
E2628953
41AB0B02
68D4BE88
BD0324DC
00000000
00000000
00000000
00000001
00000000
EF1BA6E1
0000001E
00000046
D68EF6B5
00000001
00000000
EF1BA6E1
0000001E
// vkCreateSampler[5]
00000046
00000001
44752491
00000060
00000001
00000000
0000001F
00000000
00000000
581CE44A
131FE2C2
645C35B2
F9EFE0D8
ACC2EE04
78496411
EFDE8908
7AB3B668
00000000
666F74DB
00000000
42ECF3F2
65FE0B94
ACE2114E
6450D5B2
00000001
00000000
00000000
00000001
00000000
3E2341C9
00000089
00000046
2177C3C9
00000001
00000000
3E2341C9
00000089
// vkCreateSampler[6]
00000046
00000001
12C12989
0000007F
00000001
00000000
0000001F
00000000
00000000
C58A11EF
B0766321
E9480EB1
F15D3151
F491CEF3
B797DD96
763E2244
32479AEE
00000001
A2876FCF
00000001
6F46B83D
0694B5F1
CCE4395C
47DE44E5
00000000
00000000
00000000
00000001
00000000
6B1EB2C1
00000021
00000046
C6E27C9C
00000001
00000000
6B1EB2C1
00000021
// vkCreateSampler[7]
00000046
00000001
98748D89
0000002D
00000001
00000000
0000001F
00000000
00000000
D37B96C9
48AB7AEA
E1B1297E
EE4DE9B5
F683227E
F40AB507
14473B02
8C3BFBDD
00000000
69C83BC9
00000000
778C5AD2
FBA4C646
28B34DF3
4C0E5C51
00000000
00000000
00000000
00000001
00000000
080739AF
0000009D
00000046
860113FF
00000001
00000000
080739AF
0000009D
// vkCreateShaderModule[0]
0000003B
00000001
53D30F53
0000004B
00000000
00000000
00000000
00000000
00000000
00000000
0000003B
A20D64D7
00000000
00000000
// vkCreateShaderModule[1]
0000003B
00000001
C745E121
000000AD
00000001
00000000
00000010
00000000
00000000
B3DA4577
00000008
00000000
00000002
00000000
D0869877
72FC88FF
00000000
00000000
00000001
00000000
4B83D991
000000C5
0000003B
E19530EB
00000001
00000000
4B83D991
000000C5
// vkCreateShaderModule[2]
0000003B
00000001
0C93FEB9
00000058
00000000
00000000
00000000
00000000
00000000
00000000
0000003B
174DCBDB
00000000
00000000
// vkCreateShaderModule[3]
0000003B
00000001
D6234B89
0000000A
00000000
00000000
00000000
00000000
00000001
00000000
97A9C883
00000092
0000003B
FFE69265
00000001
00000000
97A9C883
00000092
// vkCreateShaderModule[4]
0000003B
00000001
995F174F
00000079
00000000
00000000
00000000
00000000
00000001
00000000
BC58E177
00000086
0000003B
246FF789
00000001
00000000
BC58E177
00000086
// vkCreateShaderModule[5]
0000003B
00000001
8CD1FE17
000000C4
00000001
00000000
00000010
00000000
00000000
62C0CDC6
00000010
00000000
00000004
00000000
02292787
989EFB56
DADEBEBD
D3EEF5C0
00000000
00000000
00000001
00000000
50F6C8AF
00000068
0000003B
CB35B7FF
00000001
00000000
50F6C8AF
00000068
// vkCreateShaderModule[6]
0000003B
00000001
637034FB
000000E2
00000001
00000000
00000010
00000000
00000000
AA7E0169
0000000C
00000000
00000003
00000000
D1836A06
2D385ACA
1C002403
00000000
00000000
00000001
00000000
4C40EE3B
0000002C
0000003B
E53F08A3
00000001
00000000
4C40EE3B
0000002C
// vkCreateShaderModule[7]
0000003B
00000001
5A0E59FB
00000078
00000001
00000000
00000010
00000000
00000000
29161DF9
00000008
00000000
00000002
00000000
A3CF79CA
B34ED544
00000000
00000000
00000000
00000000
0000003B
DB47E6F1
00000000
00000000
// vkCreateDescriptorSetLayout[0]
00000048
00000001
825CB4B7
00000053
00000001
00000000
00000020
00000000
00000000
8E619D5B
00000002
00000002
00000000
C621CF48
E8C4FE60
00000001
A30C32F2
00000001
00000000
0E8A73CA
00000076
5B4AF494
21048AFD
00000004
E55A0D2A
00000004
00000000
3F9F8454
0000004D
BC747D54
0000000A
6CA2D72F
00000072
7E25B483
000000FB
00000000
00000000
00000000
00000000
00000048
F43D53CE
00000000
00000000
// vkCreateDescriptorSetLayout[1]
00000048
00000001
8F6CECD9
00000060
00000001
00000000
00000020
00000000
00000000
7F9603B4
00000002
00000002
00000000
4E8E7284
4738B2FA
00000004
5B924977
00000004
00000000
BEE2B50B
000000BA
5E5F92E8
000000D2
17BE59C4
000000C1
E06A9D70
0000006D
D035B36E
3E03C709
00000002
FA5B4423
00000002
00000000
182C9696
000000EF
E74DC256
0000005A
00000000
00000000
00000000
00000000
00000048
F3219E87
00000000
00000000
// vkCreateDescriptorSetLayout[2]
00000048
00000001
AD2D75E1
00000088
00000001
00000000
00000020
00000000
00000000
0B00D0EE
00000004
00000004
00000000
5AA7BCD7
EC023367
00000000
84B4A6E2
00000000
00000000
629448B5
A8D32784
00000000
F31E5AA8
00000000
00000000
D3550CB9
0095B3E9
00000003
2DD63566
00000003
00000000
1BEC8D42
00000037
5F8654A1
00000011
83142A61
00000023
6693C291
2F2E3AE2
00000004
D954E126
00000004
00000000
184140A6
00000083
EA65410E
00000045
B416635A
0000007A
CE401363
0000002E
00000000
00000000
00000000
00000000
00000048
1EF59637
00000000
00000000
// vkCreateDescriptorSetLayout[3]
00000048
00000001
A5FA0769
00000022
00000000
00000000
00000000
00000000
00000000
00000000
00000048
3973AA4B
00000000
00000000
// vkCreateDescriptorSetLayout[4]
00000048
00000001
CC40B6B1
00000049
00000001
00000000
00000020
00000000
00000000
1B657C3F
00000004
00000004
00000000
37BA823A
019E1C0C
00000001
B20FA97B
00000001
00000000
03344042
000000CF
E98C1F36
A2CF1EDF
00000001
B19EC438
00000001
00000000
9D41D409
00000060
4C0A8DAA
26378DD2
00000002
56DB1D7B
00000002
00000000
9E3A2BDF
00000060
1BB25E55
000000E2
CFC768F9
9C62FF40
00000002
31B51D6F
00000002
00000000
0216BF8C
0000006C
72435262
000000B8
00000000
00000000
00000000
00000000
00000048
436C8D90
00000000
00000000
// vkCreateDescriptorSetLayout[5]
00000048
00000001
77E286E9
0000003B
00000001
00000000
00000020
00000000
00000000
370BEF80
00000004
00000004
00000000
B94BAB3B
23E49C18
00000001
3FA626B7
00000001
00000000
B729B4B9
000000DB
8BB611A3
5C6EE34B
00000000
85AD12DB
00000000
00000000
92631A5B
8368FB03
00000000
7328B59F
00000000
00000000
DC5AE573
19461961
00000001
693BB5D8
00000001
00000000
DC476D87
000000AC
00000000
00000000
00000001
00000000
3ACF74ED
0000003D
00000048
0E668390
00000001
00000000
3ACF74ED
0000003D
// vkCreateDescriptorSetLayout[6]
00000048
00000001
5F1EAC3D
0000002B
00000001
00000000
00000020
00000000
00000000
29CCE0E6
00000004
00000004
00000000
3EFE454E
44D62A96
00000004
C0345FFB
00000004
00000000
899B3BCF
00000033
4B91DE39
00000097
3C9DCF52
0000001A
8BA4D4E2
0000000A
5466AE54
4E4CFF62
00000001
2DB7A164
00000001
00000000
69CA2ED0
00000051
8B809912
48CF4195
00000000
D2AA6F1B
00000000
00000000
C712242C
A56A07A4
00000000
3F6F67E6
00000000
00000000
00000000
00000000
00000000
00000000
00000048
66387F91
00000000
00000000
// vkCreateDescriptorSetLayout[7]
00000048
00000001
195119B7
000000D2
00000001
00000000
00000020
00000000
00000000
EE81E0F0
00000003
00000003
00000000
89EE2DF4
8D36682D
00000003
C18133BC
00000003
00000000
1B6EF1D1
000000AD
A36E88A4
00000031
C30F29E5
000000C1
D5EA70D0
A6D2913F
00000002
A2B2E3C5
00000002
00000000
9AD19026
000000B5
E059C3F9
00000043
01ED077D
1139B08B
00000003
DAE99B91
00000003
00000000
04B15F36
000000CE
30FD14E8
00000081
5530FF00
00000046
00000000
00000000
00000001
00000000
7A520F15
0000008F
00000048
25E163F3
00000001
00000000
7A520F15
0000008F
// vkCreatePipelineLayout[0]
00000044
00000001
73C59BD3
0000000A
00000001
00000000
0000001E
00000000
00000000
0E20805C
00000000
00000000
00000000
00000002
00000002
00000000
3BFF044A
BA282F10
32456ABC
75AD96FC
8EFD50FA
785CDD5D
00000000
00000000
00000001
00000000
8C383751
00000030
00000044
1E2985A5
00000001
00000000
8C383751
00000030
// vkCreatePipelineLayout[1]
00000044
00000001
524604E9
000000D0
00000001
00000000
0000001E
00000000
00000000
EFF2C83D
00000001
00000001
00000000
D7601198
000000B3
00000001
00000001
00000000
DC8A5339
E3BF4069
46F3F4D4
00000000
00000000
00000001
00000000
DF803B71
00000095
00000044
5FE1F134
00000001
00000000
DF803B71
00000095
// vkCreatePipelineLayout[2]
00000044
00000001
F781A7D7
0000001B
00000001
00000000
0000001E
00000000
00000000
81A653FA
00000003
00000003
00000000
D1064AA5
0000007A
3935ABA7
00000019
2D41BD82
00000084
00000003
00000003
00000000
9EF17954
EA411AD7
7790F7BB
0E915DBA
1A3E9698
159D93CF
66AF415D
FF7B56B2
DDDBFB18
00000000
00000000
00000001
00000000
A7A42C27
000000AE
00000044
7DFFCDFE
00000001
00000000
A7A42C27
000000AE
// vkCreatePipelineLayout[3]
00000044
00000001
92CA1BFD
000000AB
00000001
00000000
0000001E
00000000
00000000
985C60D3
00000004
00000004
00000000
818FCCEE
000000CF
1CE6394F
00000097
032DA811
0000003C
7D16AB34
00000062
00000004
00000004
00000000
D7A1E830
44476AD7
15D360D2
2980953E
64DB7E1C
F5DD934F
1919AAB3
C8B6A8B7
0D26EC78
36472EF2
D9900EA1
5847ABC3
00000000
00000000
00000000
00000000
00000044
DAB8CD0D
00000000
00000000
// vkCreatePipelineLayout[4]
00000044
00000001
4A6F69F1
00000090
00000000
00000000
00000000
00000000
00000001
00000000
03CB9F23
0000006B
00000044
49C162B6
00000001
00000000
03CB9F23
0000006B
// vkCreatePipelineLayout[5]
00000044
00000001
282B0A4B
00000025
00000001
00000000
0000001E
00000000
00000000
53E540CF
00000001
00000001
00000000
1F7FA3E2
00000055
00000003
00000003
00000000
33B7003B
4FF695A8
9FCABB63
B33F8E26
CB9B0C08
0A070843
B7998C4E
D4A3F355
9AB40516
00000000
00000000
00000001
00000000
8185DE99
00000030
00000044
31351EDA
00000001
00000000
8185DE99
00000030
// vkCreatePipelineLayout[6]
00000044
00000001
F4A10495
000000A6
00000001
00000000
0000001E
00000000
00000000
9514849B
00000002
00000002
00000000
2DB786FD
00000000
C0DFEF04
000000A3
00000004
00000004
00000000
4DA28FEC
61FCE67C
8A09BEF1
62CF2EC2
677E73F0
1043AEF6
512A5CC4
5600F503
22831285
4257DB23
E18CB9A4
448431BC
00000000
00000000
00000000
00000000
00000044
760DB0A0
00000000
00000000
// vkCreatePipelineLayout[7]
00000044
00000001
31072C0B
00000062
00000001
00000000
0000001E
00000000
00000000
B5CEFD0B
00000004
00000004
00000000
2FDF114E
00000041
F1558D44
0000004F
DC4DB85F
00000069
D016C7E0
0000004B
00000002
00000002
00000000
330A9043
5B6B35CB
A679BF24
B337E069
2158893C
AB9F560F
00000000
00000000
00000001
00000000
370A2895
0000008A
00000044
DFBF523C
00000001
00000000
370A2895
0000008A
// vkCreatePipelineCache[0]
0000003D
00000001
A4BAA65D
0000001A
00000001
00000000
00000011
00000000
00000000
431246AE
00000004
00000000
00000004
00000000
E892D111
00000000
00000000
00000001
00000000
21C99821
000000AA
0000003D
E39CC1B5
00000001
00000000
21C99821
000000AA
// vkCreatePipelineCache[1]
0000003D
00000001
CD084CE5
00000090
00000001
00000000
00000011
00000000
00000000
0D573926
00000003
00000000
00000003
00000000
00F1874C
00000000
00000000
00000001
00000000
FD931981
0000000E
0000003D
F7510E44
00000001
00000000
FD931981
0000000E
// vkCreatePipelineCache[2]
0000003D
00000001
A9EFDD91
000000E1
00000000
00000000
00000000
00000000
00000000
00000000
0000003D
5AAD4045
00000000
00000000
// vkCreatePipelineCache[3]
0000003D
00000001
DBD0B4E3
000000DA
00000000
00000000
00000000
00000000
00000000
00000000
0000003D
E698B251
00000000
00000000
// vkCreatePipelineCache[4]
0000003D
00000001
CFEA98F5
000000D2
00000001
00000000
00000011
00000000
00000000
9CBBB817
00000004
00000000
00000004
00000000
E02CC28A
00000000
00000000
00000001
00000000
C7B69AE1
000000A0
0000003D
0F57FAE2
00000001
00000000
C7B69AE1
000000A0
// vkCreatePipelineCache[5]
0000003D
00000001
8A8AA463
000000E1
00000001
00000000
00000011
00000000
00000000
3D8D1243
00000002
00000000
00000002
00000000
00006D22
00000000
00000000
00000001
00000000
83EF1EFF
0000009E
0000003D
62EE9FDA
00000001
00000000
83EF1EFF
0000009E
// vkCreatePipelineCache[6]
0000003D
00000001
4E0842D3
0000005A
00000000
00000000
00000000
00000000
00000001
00000000
7FB70AF1
00000079
0000003D
5AF3344B
00000001
00000000
7FB70AF1
00000079
// vkCreatePipelineCache[7]
0000003D
00000001
B94F8C97
000000A7
00000000
00000000
00000000
00000000
00000001
00000000
542A3637
00000042
0000003D
91979D40
00000001
00000000
542A3637
00000042
// vkCreateComputePipelines[0]
00000042
00000001
0C49D937
00000007
6250CCC7
00000027
00000003
00000003
00000000
0000001D
00000000
00000000
8B0676BD
00000012
00000000
00000000
77AB38CD
2DB04F24
39F1B143
00000083
00000007
00000000
38727473
00003535
00000001
00000000
00000003
00000003
00000000
740A0359
BFED3BDC
950359D9
000000A4
E443FFEA
B897934D
00433AC7
00000032
0BE20291
91037D01
9ED0B13A
00000065
00000004
00000000
00000004
00000000
66FB8E36
017DEC83
000000E4
243D2BE3
000000CA
399B1079
0000001D
00000000
00000000
993AB580
00000012
00000000
00000000
59A0E042
FA299D02
F2D26537
000000FE
00000007
00000000
37727473
00003431
00000000
00000000
6D6F5F97
00000097
E883D589
0000004E
6F753B51
0000001D
00000000
00000000
81401222
00000012
00000000
00000000
BFE979C5
2B32BB16
CAB78925
000000E9
00000007
00000000
35727473
00003038
00000000
00000000
D26F6FA9
000000B0
033A0AD9
00000091
002D22AB
00000000
00000000
00000003
00000000
56D1E0A2
00000035
1A37000B
000000A7
6397FF53
000000E4
00000042
6F8E5ED8
00000003
00000000
56D1E0A2
00000035
1A37000B
000000A7
6397FF53
000000E4
// vkCreateComputePipelines[1]
00000042
00000001
37114B1F
000000CB
38DCE1F9
000000F5
00000001
00000001
00000000
0000001D
00000000
00000000
764B0237
00000012
00000000
00000000
D6673AEE
AA8FBC12
2F96EDF1
000000CE
00000007
00000000
35727473
00003638
00000001
00000000
00000002
00000002
00000000
511BBF41
1D6A193A
F2A8771B
000000A5
1E49ABEF
8FD00F6C
1E5B5FC5
0000007B
00000004
00000000
00000004
00000000
62502A4D
5B00DB03
0000008F
E530DB59
0000000E
1B0E90A5
00000000
00000000
00000001
00000000
8CA10897
00000049
00000042
76C90313
00000001
00000000
8CA10897
00000049
// vkCreateComputePipelines[2]
00000042
00000001
E5161447
00000044
0EE503C3
00000094
00000003
00000003
00000000
0000001D
00000000
00000000
4F826372
00000012
00000000
00000000
20708819
49C5F39F
880ED9CF
000000D9
00000007
00000000
38727473
00003630
00000001
00000000
00000000
00000000
00000000
00000003
00000000
00000003
00000000
00821CFB
F1C7D4E7
00000015
6C42D573
0000005B
8F416F9C
0000001D
00000000
00000000
2B1A844B
00000012
00000000
00000000
7E1A2A8E
7FD0E0C5
B7AFB72F
000000A6
00000007
00000000
35727473
00003931
00000001
00000000
00000002
00000002
00000000
C062D9A6
7643BE38
779C8286
0000003D
357A4F88
96D9F6DF
C8A600F0
00000089
00000000
00000000
00000000
00000000
F2EF2427
00000046
BC131933
00000003
C3C3391D
0000001D
00000000
00000000
72D0601D
00000012
00000000
00000000
2CEAEBED
355B48FB
4A0EBA49
000000E2
00000007
00000000
33727473
00003930
00000000
00000000
EA177CFF
000000D2
2F333129
00000087
1719E15E
00000000
00000000
00000003
00000000
684567E3
0000002B
D85CBFDC
00000036
C2AA3F30
0000006B
00000042
CF11131C
00000003
00000000
684567E3
0000002B
D85CBFDC
00000036
C2AA3F30
0000006B
// vkCreateComputePipelines[3]
00000042
00000001
40B88047
00000056
C6149C85
000000A8
00000004
00000004
00000000
0000001D
00000000
00000000
6A217081
00000012
00000000
00000000
C3499784
D5A01CCE
EE083C71
00000002
00000007
00000000
31727473
00003437
00000001
00000000
00000000
00000000
00000000
00000000
00000000
00000000
00000000
6D2F06DB
00000097
01252E19
00000084
08A45E01
0000001D
00000000
00000000
CAB550A3
00000012
00000000
00000000
CD5E0A29
898F10D0
7086601D
000000B9
00000007
00000000
39727473
00003335
00000001
00000000
00000002
00000002
00000000
66A2918A
DAC26126
39BB4C45
000000C1
ACA70E81
902D85E8
7ECFCEE9
000000D5
00000004
00000000
00000004
00000000
A284A295
4781BDC7
0000001F
80898BE9
000000BF
49CC099B
0000001D
00000000
00000000
A202582F
00000012
00000000
00000000
0FD8D7E9
49411DE5
0E106DAF
00000017
00000007
00000000
33727473
00003436
00000000
00000000
810AD58B
00000073
464EA5B1
000000F4
B5CA0139
0000001D
00000000
00000000
8D54EFB9
00000012
00000000
00000000
56B2D203
F45F34E0
594372CF
0000003E
00000007
00000000
39727473
00003939
00000001
00000000
00000000
00000000
00000000
00000003
00000000
00000003
00000000
00784C9B
29825D2F
000000D3
9D2C12E3
00000069
755007AD
00000000
00000000
00000004
00000000
C6DDC284
00000083
A1F915F8
00000014
BC4588F5
00000081
650045B0
00000061
00000042
304C1ED3
00000004
00000000
C6DDC284
00000083
A1F915F8
00000014
BC4588F5
00000081
650045B0
00000061
// vkCreateComputePipelines[4]
00000042
00000001
336C982D
000000E3
9EBB0D67
00000022
00000003
00000003
00000000
0000001D
00000000
00000000
59EA0462
00000012
00000000
00000000
CCFC22ED
E67AA545
F8B5A55B
000000CC
00000007
00000000
32727473
00003935
00000001
00000000
00000002
00000002
00000000
FE6DD1A5
4F4D4185
0489AECF
000000E1
AC698472
41520714
6F40635D
00000074
00000002
00000000
00000002
00000000
0000C82E
B7D881E3
000000B4
154E5D1D
000000B4
BEC4676D
0000001D
00000000
00000000
E3001883
00000012
00000000
00000000
9E50851B
6296789A
C3A3C7B7
00000001
00000007
00000000
35727473
00003835
00000001
00000000
00000001
00000001
00000000
AB1687B9
1EAF21ED
F570005D
000000F6
00000000
00000000
00000000
00000000
316E39B3
000000BA
A11D441B
000000F5
3B1C8D99
0000001D
00000000
00000000
E19B5CD5
00000012
00000000
00000000
24E46341
B8ED1736
AC9E0DC7
00000003
00000007
00000000
36727473
00003834
00000001
00000000
00000001
00000001
00000000
DAE1A0CB
0F80A8E4
F2161E2C
0000009E
00000000
00000000
00000000
00000000
093CFA29
00000030
5A7EB083
00000010
6063EFF5
00000000
00000000
00000003
00000000
B2C1B8E6
000000F3
27966DF1
000000FF
3B2FD0A0
000000D3
00000042
924E5B94
00000003
00000000
B2C1B8E6
000000F3
27966DF1
000000FF
3B2FD0A0
000000D3
// vkCreateComputePipelines[5]
00000042
00000001
98E2EFEF
00000037
AE01BC23
00000051
00000003
00000003
00000000
0000001D
00000000
00000000
9813774E
00000012
00000000
00000000
477C9789
95114E54
E1B81EBF
0000005C
00000007
00000000
32727473
00003532
00000000
00000000
F2C19DFB
00000060
246E1DB1
0000005C
EE09F972
0000001D
00000000
00000000
FAA34CD4
00000012
00000000
00000000
9782277F
5B33A9C6
E6D9C9C5
0000000D
00000006
00000000
35727473
00000038
00000000
00000000
6F20AB1F
000000E2
56C1294D
000000D3
868BEFB0
0000001D
00000000
00000000
3DA14A11
00000012
00000000
00000000
84FE09A3
DC59BB7F
491B8F6F
00000062
00000007
00000000
35727473
00003835
00000001
00000000
00000004
00000004
00000000
19A76CF1
E74DFE74
A918ACA8
0000009C
26DA006E
A87BA9F3
38F54CAC
000000B2
4D70ACDA
6F42C4E9
6C022264
000000EC
E7F31D71
FE543D78
43782C67
00000080
00000004
00000000
00000004
00000000
CF5F47C1
DE2049B9
000000AA
A4158D73
0000005D
EDE4D346
00000000
00000000
00000003
00000000
0E733C00
00000074
8F713F4C
00000069
0010A2BB
00000093
00000042
F13794B6
00000003
00000000
0E733C00
00000074
8F713F4C
00000069
0010A2BB
00000093
// vkCreateComputePipelines[6]
00000042
00000001
1FAF88F1
0000004C
9DC07D5F
00000080
00000002
00000002
00000000
0000001D
00000000
00000000
47090BFA
00000012
00000000
00000000
AB96C913
1A352B8B
BA6F636B
00000021
00000007
00000000
38727473
00003338
00000001
00000000
00000001
00000001
00000000
5A32331B
09A994F2
0E407D82
000000FC
00000003
00000000
00000003
00000000
007472BD
AFBE8343
00000082
17E16ED1
00000067
0FA64C74
0000001D
00000000
00000000
2663AFCE
00000012
00000000
00000000
02DD242B
A1532608
983E92A9
00000075
00000007
00000000
36727473
00003832
00000001
00000000
00000001
00000001
00000000
3747C8B7
B7BE1822
216820CB
0000008D
00000001
00000000
00000001
00000000
00000094
D8F3995D
000000B1
2622CA33
00000028
5A9047FC
00000000
00000000
00000002
00000000
72B160ED
0000005D
A9A35A95
000000F4
00000042
AC567D25
00000002
00000000
72B160ED
0000005D
A9A35A95
000000F4
// vkCreateComputePipelines[7]
00000042
00000001
D90BCFE1
000000D7
D82D1329
0000000E
00000003
00000003
00000000
0000001D
00000000
00000000
61EA2030
00000012
00000000
00000000
440E9073
C4431D21
0F7B54B7
00000009
00000006
00000000
33727473
00000038
00000000
00000000
9D0F3551
000000B8
48368533
00000086
1E657A3C
0000001D
00000000
00000000
4E0F7E70
00000012
00000000
00000000
97D839E8
1B6D68CD
7A7EDCAF
00000026
00000007
00000000
39727473
00003231
00000001
00000000
00000000
00000000
00000000
00000001
00000000
00000001
00000000
000000CE
3B024DA3
0000003A
5616F575
00000097
70B80D53
0000001D
00000000
00000000
90FC7504
00000012
00000000
00000000
B6E7AA51
AB5A553B
02E3E04F
00000091
00000007
00000000
37727473
00003934
00000001
00000000
00000001
00000001
00000000
03B30CC6
BF4BDF43
8BEEEA54
000000A7
00000004
00000000
00000004
00000000
4B5AB6C6
8F0CE7CF
000000F3
2B92B69B
000000A0
02EB0167
00000000
00000000
00000003
00000000
73B41345
00000017
08F4D0F2
000000B0
B46F2AD7
00000072
00000042
FC7F1381
00000003
00000000
73B41345
00000017
08F4D0F2
000000B0
B46F2AD7
00000072
// vkCreateGraphicsPipelines[0]
00000041
00000001
7D91D24B
0000008D
2AE62571
000000E7
00000004
00000004
00000000
0000001C
00000000
00000000
DB1770D5
00000002
00000002
00000000
00000012
00000000
00000000
8D6EB802
6DE63A80
7FE083E9
000000E7
00000007
00000000
39727473
00003133
00000001
00000000
00000000
00000000
00000000
00000000
00000000
00000000
00000000
00000012
00000000
00000000
3A931E86
CEAA99B5
5329DD0D
00000034
00000007
00000000
37727473
00003831
00000001
00000000
00000004
00000004
00000000
B5D1C3F8
0F44080F
97D2F10F
000000FE
5A2109FB
38AE4F58
C59199F4
000000DF
C1A6B5A4
FD0EDD1C
9C853359
000000CA
6ACC6443
60768D07
E6BBE88C
0000000D
00000003
00000000
00000003
00000000
00C314BB
00000001
00000000
00000013
00000000
00000000
96E9B90B
00000002
00000002
00000000
A9187EE7
E03C1ECA
F78919ED
94605C8E
5FFD5E64
B2BB3428
00000000
00000000
00000000
00000001
00000000
00000014
00000000
00000000
636E891B
77814462
00000000
00000001
00000000
00000015
00000000
00000000
B4956B9C
78D16F87
00000001
00000000
00000016
00000000
00000000
06C431F4
00000001
00000001
00000000
DD89C743
32B35190
AAB0B393
A428160D
2EFBDA49
AAC59835
00000004
00000004
00000000
BD62D396
BF0F5DA1
E9ECF34C
9CA4525C
9EAD4559
06BBB058
16E455EB
30D52F6D
73EE3B95
DA8F6F5C
41EA3989
0F94D1B3
C8A317B8
66042535
EF0C8D3A
45034ED6
00000001
00000000
00000017
00000000
00000000
BECBB490
00000000
00000001
1FC6B46F
11CEF2BB
36416377
00000000
37B75D0C
07DCD3F0
2CD74D50
696FBD60
00000001
00000000
00000018
00000000
00000000
54C9026A
00000000
00000000
6BA2C85A
00000000
00000000
00000001
00000001
00000001
00000000
00000019
00000000
00000000
AE2AA7E2
00000001
00000000
322C5244
00000001
00000001
5BFE258D
FDA15193
07288D1A
3007B16C
FDBAFE3C
3EF6735E
6CDF3302
5319848A
5E7DE3BC
F2251751
AC2EBBBC
9B4146B5
D1F89A1C
70C6D152
767B2581
E6A4CCBF
00000001
00000000
0000001A
00000000
00000000
1C40CE89
00000000
E0BA9972
00000001
00000001
00000000
00000001
13CCAE3B
6E67B1F8
40AE9055
B455DC5F
ABADB2D6
C6A50B27
3E5843B9
00000004
00000000
0ED715AC
4FA31867
18158EAD
DA6A43DB
00000001
00000000
0000001B
00000000
00000000
CE825983
00000002
00000002
00000000
847C620C
1548D9C9
C81E5E65
0000004E
127F98AD
00000071
7A62174D
29FB2109
0000003D
9282AA73
0000001C
00000000
00000000
079F70BE
00000001
00000001
00000000
00000012
00000000
00000000
98EBC79C
17799741
952EC4C7
00000063
00000007
00000000
35727473
00003132
00000001
00000000
00000003
00000003
00000000
AAC12C4B
91DC40F1
57908B29
00000060
701FD5CD
481FC320
83BABDDE
0000005B
FE2E283C
D5B27DEA
30BE1801
00000023
00000002
00000000
00000002
00000000
00008AD6
00000001
00000000
00000013
00000000
00000000
7CC4203B
00000002
00000002
00000000
FC24AB8E
65808AAC
B7FA2EC5
D1D01AF3
2F4C0F44
A905066B
00000000
00000000
00000000
00000001
00000000
00000014
00000000
00000000
AF2C3FBB
0F54FCDB
00000001
00000000
00000000
00000001
00000000
00000016
00000000
00000000
2EF53598
00000000
00000000
00000000
00000003
00000003
00000000
8F1FD789
31770575
8556394F
64675A60
C47313F2
5AEAAF56
B213B921
966AEE8B
6A0B9C8D
2C901CB9
EC898F25
68297E62
00000001
00000000
00000017
00000000
00000000
C5F70C26
00000001
00000000
C877DCAF
CC8F2435
C0FE77F4
00000001
49A431D0
804A726C
C3BABD1C
D0B7CFE6
00000001
00000000
00000018
00000000
00000000
34B10D5A
00000021
00000001
09F41200
00000002
00000000
1D66C9B2
B8F0EF05
00000000
00000000
00000001
00000000
00000019
00000000
00000000
22A04E2A
00000001
00000001
9DC2332A
00000001
00000000
ED7DDDF1
AE51331D
0D97BF74
6A44DF41
2B681971
0D7E1A47
EA4C01FF
FA9EAA64
4A60A22E
F1100C39
744B7636
0B7DE9EF
27C4C345
80D15302
E7AF19A8
A718C6BB
00000001
00000000
0000001A
00000000
00000000
B33AE9E5
00000000
F5E35230
00000001
00000001
00000000
00000000
6038C9B5
A0E1ED99
046A5AAE
FBE20D5C
C0026028
67B9E749
9CCBEEF8
00000004
00000000
5E2D569A
5C5EBF41
5562E12B
DB4399E0
00000000
00000000
529F20BF
00000088
B05856BD
00000056
A194F900
0F0A665D
00000052
F73A4AD3
0000001C
00000000
00000000
DDC1A97C
00000001
00000001
00000000
00000012
00000000
00000000
03D133DD
B98D2742
06D58C3B
0000007C
00000007
00000000
31727473
00003239
00000001
00000000
00000003
00000003
00000000
D2E55A10
D4E7D20E
9BB6FCCD
0000001C
43290A8A
843D6FA7
6FB0B199
0000000B
CA1062D2
C03FF6FF
758787D5
00000037
00000000
00000000
00000000
00000000
00000001
00000000
00000013
00000000
00000000
6BA23666
00000002
00000002
00000000
5865C23E
E8E58BD9
E052BFBA
E9E60822
95EA710C
66CBF18E
00000004
00000004
00000000
E9BEE87B
A83F00A4
44EA27F5
21B40C1D
DAAF2C32
346CCE47
035972F1
2919B0FF
724CF94D
DDE915DE
0D9F5E5C
9CA3D7BB
911BE0F5
D145230E
CB527268
695273BE
00000001
00000000
00000014
00000000
00000000
085E9E90
877BD72D
00000000
00000001
00000000
00000015
00000000
00000000
A5313AA0
75FF93B7
00000000
00000000
00000001
00000000
00000017
00000000
00000000
24115BFB
00000000
00000000
88228114
0807B554
829DAE16
00000000
F81F4EC6
98E6E238
B4256067
6F765F5C
00000001
00000000
00000018
00000000
00000000
55765ABF
00000001
00000000
DD48E5C4
00000001
00000000
157DAEDA
00000000
00000000
00000001
00000000
00000019
00000000
00000000
B1CA67CF
00000000
00000000
EF5D67C9
00000000
00000001
C0BDA983
FA76E742
C67D7A5F
FB436EC4
420B301D
F7442379
5C74E31A
3F44DF95
24168342
2C137971
95B13EA3
C46D828F
3D304EE3
6CB0009F
131C99FC
5F30F35B
00000001
00000000
0000001A
00000000
00000000
0F6A9266
00000000
4775692B
00000000
00000000
00000000
00000004
00000000
8E83A12A
BEF5C852
95F68B4D
E60324FE
00000001
00000000
0000001B
00000000
00000000
9795C30D
00000000
00000000
00000000
5A4E4F89
000000B5
55C735C9
000000DB
80395C7C
80FD1FD3
00000097
BEF62797
0000001C
00000000
00000000
FFBD42BB
00000002
00000002
00000000
00000012
00000000
00000000
9409DDF9
48D438C7
DACEA679
000000CD
00000007
00000000
34727473
00003939
00000001
00000000
00000004
00000004
00000000
6D8453B2
1C7742E0
0C4A798F
00000010
DEBE0F67
E733F034
104B4D4D
0000004F
9D65B924
FBCC4C06
6BC644C2
000000A4
62EC2D2F
5F4D235E
540BACED
00000093
00000001
00000000
00000001
00000000
000000FF
00000012
00000000
00000000
FD07236D
E4CF65CB
8EB82AB1
000000FF
00000007
00000000
37727473
00003236
00000001
00000000
00000001
00000001
00000000
8DE01065
DF2599E7
C896C1A2
00000040
00000002
00000000
00000002
00000000
0000A7D5
00000001
00000000
00000013
00000000
00000000
EDBF9D0A
00000000
00000000
00000000
00000000
00000000
00000000
00000001
00000000
00000014
00000000
00000000
FB7144F6
DCA61634
00000001
00000001
00000000
00000015
00000000
00000000
61C685CE
F75BD865
00000000
00000000
00000001
00000000
00000017
00000000
00000000
BB0A1AAC
00000000
00000001
57AEFCF4
9047D076
1FC9D32C
00000001
FAEF1D81
190E0C76
C5A537B8
19468292
00000001
00000000
00000018
00000000
00000000
7C64FF8D
00000001
00000001
0B5D0263
00000001
00000000
D6A1A3B5
00000000
00000000
00000001
00000000
00000019
00000000
00000000
4E04C321
00000000
00000001
25698620
00000000
00000000
C78335AF
08EE8993
2D1BE143
D3ECD074
C43C6B47
C2AE0628
B56D5C3A
5B806C0C
6F96F78C
F3CC268F
AE03752F
F872D2C3
4370884F
35C6510A
2939A854
35A1182C
00000001
00000000
0000001A
00000000
00000000
2F6D48DC
00000000
3D32FE5B
00000003
00000003
00000000
00000000
9D6BA084
9EC32B90
EC8F25E7
C38D4658
9C4CD012
C52BCBD0
482174FD
00000001
293340DC
AD4858F0
F427A0A4
ECD79594
51C8A0B6
EEC5FBA1
8AF6044C
00000001
3DA62833
D8B32261
CF8EE1EC
31F70AFC
2AB302C9
E599DB83
DEB06DA2
00000004
00000000
482E14FE
0830B679
2468BB2D
2151AF7D
00000000
00000000
6FB2FD31
0000000D
59A0DDA3
000000D9
B7CB6876
72EE5D43
000000DC
2511065B
00000000
00000000
00000004
00000000
FEC4A6AA
0000008B
5BBBAC66
000000BC
2C95520C
000000BC
118A0C60
000000B7
00000041
4319049B
00000004
00000000
FEC4A6AA
0000008B
5BBBAC66
000000BC
2C95520C
000000BC
118A0C60
000000B7
// vkCreateGraphicsPipelines[1]
00000041
00000001
5F19B97D
00000055
0C62C31B
000000FD
00000004
00000004
00000000
0000001C
00000000
00000000
EDBAC8ED
00000004
00000004
00000000
00000012
00000000
00000000
0D453BA7
CF5FD474
EC7E5AAF
00000077
00000007
00000000
36727473
00003732
00000001
00000000
00000000
00000000
00000000
00000000
00000000
00000000
00000000
00000012
00000000
00000000
C5FF0102
3712AC9C
5E8B7661
00000034
00000006
00000000
34727473
00000035
00000001
00000000
00000002
00000002
00000000
335D82A8
8F090AFD
C46A1782
0000002D
3168D278
D3D82662
92A1FA9D
000000D4
00000004
00000000
00000004
00000000
370221CD
00000012
00000000
00000000
915070CB
B5BDD046
DC89360B
00000019
00000007
00000000
31727473
00003436
00000001
00000000
00000003
00000003
00000000
EC260392
DEA5BDAF
A94003B9
0000007F
05EBFCF8
8AD95A38
7A7A2C9E
00000011
0357423A
7448AAE6
51DF3B21
00000092
00000002
00000000
00000002
00000000
00005884
00000012
00000000
00000000
EC59022C
24A6F416
B438ED8B
0000001F
00000007
00000000
34727473
00003337
00000001
00000000
00000002
00000002
00000000
D35ED27B
ED4F3324
FE5963EF
000000D8
2A9A43C9
A59537F3
11F9461A
00000062
00000004
00000000
00000004
00000000
71AA012A
00000000
00000000
00000001
00000000
00000014
00000000
00000000
CA801794
47FB0A11
00000001
00000000
00000000
00000001
00000000
00000016
00000000
00000000
CD2ED4ED
00000003
00000003
00000000
988FFA94
69698474
097C0353
3E506BB3
1DD313E6
BAC6B256
63785011
AC023A9F
F74143B5
89AEC8AF
8628EC59
072E4DFE
9520391F
E2E71ADF
4EC2DF89
F30CF479
01BF3C78
D3962F8B
00000001
00000001
00000000
87E14DC6
DF7D6E0C
FB8954BC
B718FDBA
00000001
00000000
00000017
00000000
00000000
5D27A3EB
00000000
00000000
9D978A88
E6B7AEFB
B882C10D
00000001
36AE98CE
B8DB7DED
73DC270F
809AD97A
00000001
00000000
00000018
00000000
00000000
DD8C798A
00000000
00000001
A4CF150B
00000000
00000000
00000000
00000001
00000000
00000000
00000000
00000000
00000001
00000000
0000001B
00000000
00000000
1C82E302
00000003
00000003
00000000
4020BF8C
2EA84FFC
0F68B0EC
1BBFF6BB
00000088
76EFA1D1
00000012
2EE81B1A
EFCE6D9F
00000056
F9F45F8A
0000001C
00000000
00000000
88E89923
00000003
00000003
00000000
00000012
00000000
00000000
41D2C595
E34B0E72
B0405C7F
000000C3
00000007
00000000
39727473
00003532
00000001
00000000
00000002
00000002
00000000
85C865D3
077214D5
2D241527
0000003E
1ACDEE90
BD991DEC
6399E624
00000013
00000000
00000000
00000000
00000000
00000012
00000000
00000000
A986F60E
388226D1
2C6B98CD
000000C3
00000007
00000000
31727473
00003930
00000001
00000000
00000004
00000004
00000000
8BC103FE
10F7878B
724FC8CF
00000095
6F33523F
165308D9
86978BEA
00000099
1CACAC4A
77C00407
99507654
00000078
41A1C980
619E34DA
7712A5AD
00000079
00000000
00000000
00000000
00000000
00000012
00000000
00000000
C8BA1512
A01D17FC
B3B4748B
00000002
00000007
00000000
31727473
00003737
00000001
00000000
00000003
00000003
00000000
DEB5F3E1
07A0F894
15E2033F
000000BB
636774F4
AF863E68
81DA19A7
00000099
54874937
0A27FD9F
D9067E50
000000FF
00000004
00000000
00000004
00000000
A72763B7
00000000
00000000
00000001
00000000
00000014
00000000
00000000
2CD84E81
73D455EE
00000001
00000001
00000000
00000015
00000000
00000000
B9DB67F6
9DA36452
00000001
00000000
00000016
00000000
00000000
7DFC4F33
00000003
00000003
00000000
A55A15D4
643A6681
AA5BEF89
A0852838
07E6F5A0
91F03909
B5444E40
B901C79F
877034DC
A41D234A
8EDD8E6A
1A25C669
2BC9B7B6
C40CE7A7
67BA1A21
8BB81D96
C93E7832
27A79083
00000002
00000002
00000000
3711FCDA
7EA23C40
BE33125A
233C66CA
57F22734
B9450FEA
BA3324A2
8C620C78
00000001
00000000
00000017
00000000
00000000
9882664F
00000001
00000000
EFA15234
4FA9F800
09A91AB3
00000000
44E6D46E
7E2F6BFB
B8567B15
28378533
00000001
00000000
00000018
00000000
00000000
4B6ED8C0
00000061
00000001
2F854FB0
00000004
00000000
97345003
F48A1302
36C128D0
DB23A897
00000000
00000000
00000001
00000000
00000019
00000000
00000000
AF7FCAB0
00000000
00000001
BC9DEED3
00000000
00000000
2D7B12C3
6AE8F34F
6BF9D31C
999C33D2
C44B9EF7
2A758EF8
0A3C9AA5
540529C5
B0D1E2A5
CC2510A0
03335BA4
DC5F8924
521E7A90
C1525DDD
B5CAC48E
2B981372
00000000
00000000
00000001
00000000
0000001B
00000000
00000000
DE3D06C7
00000004
00000004
00000000
E6FD11F4
0AC14EC9
E665304D
B6A9EA1A
CA868AE1
000000BA
ED401B9F
000000D4
6B33641C
D9C165F7
000000E1
A7FF10AB
0000001C
00000000
00000000
B7347A2B
00000004
00000004
00000000
00000012
00000000
00000000
394AD6AF
C0C57B33
E0C2F2A9
000000DF
00000007
00000000
37727473
00003632
00000000
00000000
00000012
00000000
00000000
746ECC67
238567DE
60479799
0000002B
00000007
00000000
37727473
00003331
00000001
00000000
00000000
00000000
00000000
00000004
00000000
00000004
00000000
D377CF99
00000012
00000000
00000000
7F828EE6
C0C5FA40
76DA6CB9
000000B9
00000007
00000000
35727473
00003430
00000001
00000000
00000003
00000003
00000000
7A8EC567
1E7C2BF8
D78C24E8
00000016
4F897782
E4637E2F
A18944FD
00000060
DA5E5637
6F71D114
F1BE497B
00000032
00000001
00000000
00000001
00000000
00000011
00000012
00000000
00000000
DAB88EE8
B7E59E08
B9D589CF
0000004A
00000007
00000000
38727473
00003431
00000001
00000000
00000002
00000002
00000000
2307ECA6
389D608C
5BA21656
00000059
28CAD886
FDE5E0B9
BE0C59FC
000000C3
00000000
00000000
00000000
00000000
00000001
00000000
00000013
00000000
00000000
4DB01FAD
00000000
00000000
00000000
00000002
00000002
00000000
9A1E8293
E04C7B62
BB66E698
609BEFB8
36A2592E
5D7132BB
E063A767
9C5E47F3
00000001
00000000
00000014
00000000
00000000
75814A04
77BEB128
00000001
00000001
00000000
00000015
00000000
00000000
C77A0D47
859D4B2D
00000000
00000000
00000001
00000000
00000017
00000000
00000000
052A53EA
00000000
00000000
344D8983
C05DFC78
E2A29044
00000001
FF50F427
4F4219AD
A3B93CB5
2F66407B
00000001
00000000
00000018
00000000
00000000
E5F14E87
00000061
00000000
FC4C6071
00000004
00000000
32730530
111B7A83
37EDC9B9
28E7057B
00000001
00000000
00000001
00000000
00000019
00000000
00000000
CDB73D08
00000000
00000001
58E65F75
00000001
00000001
0C826DF5
D3E88194
7488C4F2
3334395D
C124193B
AE7E18EE
1C17261E
76118102
E73F1023
27CAF3B4
63C08825
60847637
351C40A4
5056CE3E
56D9FC4B
3CF102DE
00000001
00000000
0000001A
00000000
00000000
F4E27DC5
00000000
F5E4207B
00000002
00000002
00000000
00000001
56584374
0E02D989
71563135
647FAF5B
AD21E937
9BB9F93B
B25F740A
00000001
7CEF93DE
B54448F3
AFF912E4
49A1B02E
0F6197C2
80B86365
766EB2AB
00000004
00000000
3B5D21CA
17F156C9
A49E5010
ED054A5D
00000001
00000000
0000001B
00000000
00000000
737216BE
00000002
00000002
00000000
29A98371
8AA7B9B6
4D7ECA99
000000B9
64688565
000000D8
F10CD8CE
01BD1B35
00000030
909BD8D0
0000001C
00000000
00000000
03805289
00000002
00000002
00000000
00000012
00000000
00000000
427730BD
13BD509E
E896ACA9
000000E7
00000006
00000000
34727473
00000037
00000001
00000000
00000000
00000000
00000000
00000003
00000000
00000003
00000000
00EB4F86
00000012
00000000
00000000
375DD217
6509A153
52D7EE8D
0000004C
00000007
00000000
36727473
00003833
00000001
00000000
00000002
00000002
00000000
9A621503
292D84E1
656B8B2E
00000067
7FF3F3FC
DED864DD
E31E5E2A
000000DD
00000004
00000000
00000004
00000000
39C28039
00000001
00000000
00000013
00000000
00000000
13344CC6
00000003
00000003
00000000
0E6CE56A
005A575B
B0BAB062
309D96AE
DA68AA72
5A20ED21
32744002
1B07C7D7
B2A56068
00000003
00000003
00000000
D2BCF711
30E56039
0DE9E11F
AB45599C
2DB999CA
50D3F288
0AF36AD7
AB5D3FB7
D5ABAAAB
8161017C
416F5BDF
34C80E2E
00000000
00000000
00000001
00000000
00000015
00000000
00000000
109E298D
92E4148F
00000000
00000000
00000000
00000000
00000001
00000000
00000018
00000000
00000000
B7C910AE
00000061
00000000
97877C17
00000004
00000000
373AD67B
BFCF3AAE
2CD141E6
53E58526
00000000
00000000
00000001
00000000
00000019
00000000
00000000
C601A2FC
00000000
00000000
94813B73
00000001
00000000
3718B3D7
D003B17F
146A0D4C
C5419998
BD3D94EB
7B67BBAB
76C718B6
12F77101
E5C18994
E5887EC5
2BB92E5D
45119EF7
EECBA4EE
84DCA373
F97016FA
D3EAA1B4
00000000
00000000
00000001
00000000
0000001B
00000000
00000000
95466DE8
00000004
00000004
00000000
3346E1EF
2E64AD84
51D6A555
192673C2
BA393179
00000093
4A860CA1
000000D1
F4A14549
B5261A5D
0000004D
334FCD3D
00000000
00000000
00000004
00000000
36D9EF8F
000000A0
3E5F2747
0000007B
481B30AA
00000045
95FEC2C1
000000A4
00000041
90ABB775
00000004
00000000
36D9EF8F
000000A0
3E5F2747
0000007B
481B30AA
00000045
95FEC2C1
000000A4
// vkCreateGraphicsPipelines[2]
00000041
00000001
84CD5C31
0000001C
03262763
00000047
00000001
00000001
00000000
0000001C
00000000
00000000
C2485DDC
00000004
00000004
00000000
00000012
00000000
00000000
DDB9C80E
7F96012B
514C9C0D
00000066
00000007
00000000
34727473
00003339
00000001
00000000
00000000
00000000
00000000
00000003
00000000
00000003
00000000
00409360
00000012
00000000
00000000
0F496638
0529DC0C
551F48E9
0000007A
00000007
00000000
32727473
00003235
00000001
00000000
00000003
00000003
00000000
189CFDCE
3B43E1F1
0D850907
0000004C
9DBB8DBF
5EB44FA2
1A47B9BB
000000E2
18AECE64
46905C73
47DE6DB0
000000B8
00000001
00000000
00000001
00000000
00000089
00000012
00000000
00000000
27F1F0DB
7A3CEC9C
0E48CF59
00000069
00000007
00000000
37727473
00003233
00000000
00000000
00000012
00000000
00000000
6F384286
4C590A39
7CEF7335
0000000D
00000007
00000000
33727473
00003532
00000001
00000000
00000001
00000001
00000000
47E67F44
5CDAA956
3D964919
00000011
00000002
00000000
00000002
00000000
0000652D
00000001
00000000
00000013
00000000
00000000
4F3FC34D
00000004
00000004
00000000
C3E4D472
528BD9D8
5DF4A993
CD40F09F
7CED970E
2411A13E
9DAB0779
35A312E9
6A886B24
37159807
1A86F7A8
C09F6134
00000001
00000001
00000000
E76C8C4A
03C2AC5B
A2908E24
F3759041
00000000
00000000
00000001
00000000
00000015
00000000
00000000
12CCEF43
2F87E550
00000001
00000000
00000016
00000000
00000000
A1AEA04C
00000001
00000001
00000000
2EF343F2
BC837A1E
FAB755BF
6AA80BCD
1365C160
764C95F1
00000000
00000000
00000000
00000001
00000000
00000017
00000000
00000000
675BBA73
00000000
00000001
239D7707
99305EC9
3C95BD99
00000001
53908F12
305588F2
F5964EE7
CAA46694
00000001
00000000
00000018
00000000
00000000
A27D7533
00000021
00000000
F109624C
00000002
00000000
70B9EA7B
34EB9E7C
00000001
00000000
00000001
00000000
00000019
00000000
00000000
29DE67B3
00000000
00000001
E37F6F79
00000000
00000000
66411CA1
A11AB3F7
583F2850
7A4E746C
81C595D4
E05DBB29
E14FADD1
D2A8DC38
DA175A5D
6A56ECB2
38A8FF1B
DCCACA10
31C89689
C7DE8DBE
A01FD295
14905181
00000000
00000000
00000000
00000000
7EB792BD
0000009A
B7D3EA11
00000037
7F3371CA
F1AD37E1
00000044
64C35CCB
00000000
00000000
00000001
00000000
191696CF
00000058
00000041
2B2FBC06
00000001
00000000
191696CF
00000058
// vkCreateGraphicsPipelines[3]
00000041
00000001
32E8F409
000000AF
6D70E673
0000004F
00000002
00000002
00000000
0000001C
00000000
00000000
A209582D
00000001
00000001
00000000
00000012
00000000
00000000
08BEAA12
0A38EE5D
BFE6F679
000000B9
00000007
00000000
33727473
00003138
00000001
00000000
00000003
00000003
00000000
46C079BE
73BADD12
B56EEEA1
00000064
2CF5DE9B
20F3D5DC
B215B99E
0000006E
5966E7CE
B43B8067
ADB54719
0000005D
00000004
00000000
00000004
00000000
C4D37078
00000001
00000000
00000013
00000000
00000000
5E30C912
00000000
00000000
00000000
00000000
00000000
00000000
00000001
00000000
00000014
00000000
00000000
EE82B61A
5BB028DC
00000000
00000001
00000000
00000015
00000000
00000000
EF3990DD
D69F57F3
00000001
00000000
00000016
00000000
00000000
6C4CC04B
00000002
00000002
00000000
F59B46CA
E03A58A6
07C8AD20
2AAF1AA4
D1CA444A
2EDE7D96
9CFCE653
5BE88F26
CAD29725
B070CBBA
B3AFEE0E
7854F609
00000003
00000003
00000000
AF1A5777
8A433398
312C1EF1
1F5F4967
5228BFA9
A7F5288C
D813C8DB
E9B93D8B
BE4B7AE7
043229B9
6DB1BDBD
38F35F85
00000001
00000000
00000017
00000000
00000000
6B905F49
00000001
00000000
8E7F0F9B
32D2C980
73E421CA
00000000
A374C6E4
09CCA981
C7935A6E
DC1ED229
00000001
00000000
00000018
00000000
00000000
92AA7313
00000000
00000000
3D541753
00000000
00000000
00000001
00000001
00000001
00000000
00000019
00000000
00000000
074D90B1
00000001
00000001
B39A0FC8
00000000
00000000
5EE392FE
7330007F
6C7EECD2
F9B6E211
D93BDA26
544F9C20
D4D22126
CCE92366
C07B875A
D23FD4CB
B771A6BB
0FE2777C
820FEECF
4DC68C7C
157E6F37
76BFBE12
00000001
00000000
0000001A
00000000
00000000
96017979
00000000
8601F952
00000004
00000004
00000000
00000001
49644BF7
AE252F1A
47CC9273
1952B799
8D2FBA6A
A6AFB35D
F39927C3
00000001
E3F9093D
FC32F949
2942C6E3
2D73D0E4
86BDA8EC
BFD2C770
9819345A
00000000
F485B892
6DD1B98D
FE4D8301
B10A21AF
4D4D60AF
EEF24E4F
65AFBA91
00000001
3B5E3230
E8CA2FB1
2AE07CD9
697B37F0
2BE52D42
8FE4D8EC
FD5CA302
00000004
00000000
D025A83D
8AF4A5CC
5487D0F7
3E796B02
00000001
00000000
0000001B
00000000
00000000
49A530F6
00000000
00000000
00000000
A241B819
000000D1
134A4D19
000000B0
3D44353B
1D821CB7
000000A6
4E0FCE71
0000001C
00000000
00000000
21C7BBA5
00000003
00000003
00000000
00000012
00000000
00000000
DB2EB5AA
A23C768B
0E6A4E19
0000001F
00000006
00000000
35727473
00000033
00000000
00000000
00000012
00000000
00000000
DFF5FDB5
4AC834B4
3D08EF75
00000028
00000007
00000000
32727473
00003933
00000001
00000000
00000004
00000004
00000000
F982A230
4053F2C0
860E4991
000000C3
6AFFDDEF
CE8AD8A2
75E471CF
00000094
903A1325
B3DF67F2
480BA6E2
00000021
A2F6D358
A8B0201A
83534616
000000DD
00000000
00000000
00000000
00000000
00000012
00000000
00000000
884116F5
276F1234
958834E7
00000002
00000007
00000000
32727473
00003835
00000001
00000000
00000000
00000000
00000000
00000003
00000000
00000003
00000000
008BB4F8
00000001
00000000
00000013
00000000
00000000
3B556E8F
00000001
00000001
00000000
B4EEA8E4
36065093
FFFBCD4D
00000001
00000001
00000000
DFA7B79C
CD85BC3C
90D19130
7E3D0CDE
00000001
00000000
00000014
00000000
00000000
201859A0
357A07C9
00000000
00000001
00000000
00000015
00000000
00000000
67834201
750A0323
00000001
00000000
00000016
00000000
00000000
2EA4A927
00000000
00000000
00000000
00000000
00000000
00000000
00000001
00000000
00000017
00000000
00000000
A14B627D
00000001
00000001
CC67F26A
EF1055DD
58828B4F
00000000
363825FE
41AA9018
E927E441
30A25D4C
00000000
00000000
00000001
00000000
00000019
00000000
00000000
BCF905ED
00000001
00000001
EAD988F7
00000000
00000000
36924CFB
D85B4AF8
2C626D0C
64D144CA
A54AAADA
753BBFA0
35B31287
9EE47E76
032AABC6
769F163C
6580F610
60C21528
F45BFBF6
59337EE2
AFF39CE4
5EFD7DCF
00000001
00000000
0000001A
00000000
00000000
9A20F3BF
00000000
A5D76252
00000000
00000000
00000000
00000004
00000000
CF9C8BB6
A9A1E151
D9787A36
FFF7C837
00000000
00000000
6788AAE3
00000068
F17E88B1
0000005F
CC05D474
B4ADE7C1
00000066
2F528005
00000000
00000000
00000002
00000000
C4BE038D
0000009D
16FF87ED
000000D9
00000041
4DCDDCB1
00000002
00000000
C4BE038D
0000009D
16FF87ED
000000D9
// vkCreateGraphicsPipelines[4]
00000041
00000001
07902047
0000006C
09EE5DC1
000000D2
00000004
00000004
00000000
0000001C
00000000
00000000
359D02C2
00000001
00000001
00000000
00000012
00000000
00000000
239E3534
F3C293CA
C3945B09
00000099
00000007
00000000
38727473
00003330
00000001
00000000
00000002
00000002
00000000
0920370D
629A9D07
4A3A2CE3
00000004
A1B4A140
77CB65A9
069B96CD
000000F6
00000000
00000000
00000000
00000000
00000001
00000000
00000013
00000000
00000000
3F8F8B4D
00000003
00000003
00000000
EB41CBB8
D608FC44
FF59CC30
9B7891BF
71E13DC6
275585AE
C710730C
13B6544E
36F99272
00000003
00000003
00000000
90093E31
EDE9336C
EE1F1879
93628896
B1F7792E
5BA32B29
D9A3CADF
E3BCDE6D
5E0E0233
1001EEB2
B8AF89A2
C8BA9AD2
00000001
00000000
00000014
00000000
00000000
9A4D1AB6
EE184745
00000001
00000001
00000000
00000015
00000000
00000000
ECC41F71
BFB36A0A
00000001
00000000
00000016
00000000
00000000
69984942
00000001
00000001
00000000
132D871D
745E053F
CF2751AC
380E2585
A159C97A
46C00627
00000000
00000000
00000000
00000001
00000000
00000017
00000000
00000000
518F1F63
00000000
00000001
92F638D6
AD226E88
4DE0E5B8
00000001
B374F21C
327E7F02
A9525637
F9E72036
00000001
00000000
00000018
00000000
00000000
8C680DCD
00000041
00000001
F2EDA252
00000003
00000000
16F0BEF0
6083CFD9
30CBC210
00000001
00000000
00000001
00000000
00000019
00000000
00000000
01456942
00000000
00000001
20556E29
00000001
00000000
4B2E2ABF
8DCFD896
94EDF6D7
20D1648B
529214F7
527685C3
E0786BA0
62DE376E
79C9DB59
E8A92624
A14572D6
AB6AADDE
907B9040
25635E55
D1011BAC
41CDF9A1
00000001
00000000
0000001A
00000000
00000000
91F90C35
00000001
9D75EBBD
00000004
00000004
00000000
00000000
4D266CC8
768FEC90
8170AD42
ECEA3AD9
D84F1537
B2F48516
581E4249
00000000
263F312C
79E31C25
7F87D8DE
C26CBC71
D145F1A1
04E90DC4
0851CF2C
00000001
A7B0796B
B1476FDD
ECF6D4AD
6F87054D
BC10F99E
E2FFC5E2
D638D703
00000000
3477109D
D92B4B12
AF4A3477
6CC3B2C2
B81579B6
D461427F
5F31C52E
00000004
00000000
6E445A66
7359B295
6261CFC5
6CCB1998
00000000
00000000
2EB21BF9
00000083
AFFA2D2D
000000F0
36C3DE88
F8280809
0000002F
1980996F
0000001C
00000000
00000000
C927673D
00000001
00000001
00000000
00000012
00000000
00000000
F681CD88
B1D5E44C
956E446F
0000005A
00000007
00000000
33727473
00003837
00000000
00000000
00000001
00000000
00000013
00000000
00000000
CD653297
00000002
00000002
00000000
8CE1FB23
3F534F12
A6482B62
CC2244B6
DD14474E
DD11E5E0
00000000
00000000
00000000
00000001
00000000
00000014
00000000
00000000
901CD0BE
6FDF4C09
00000001
00000001
00000000
00000015
00000000
00000000
524BDF98
385682CE
00000001
00000000
00000016
00000000
00000000
159B5024
00000001
00000001
00000000
CF6BEDCB
F5F47D38
7A45AB46
3C596EC0
F849C502
5A978007
00000004
00000004
00000000
929F3539
FB18587B
F607D4C2
32F03C12
CFBA735F
4883ABD4
2AD1F4B4
FBDAD812
73F2024C
ED135FFA
C5DAAB93
B8CA0638
C0437814
1CC75FC8
FA79ADAD
AE6E9628
00000000
00000000
00000001
00000000
00000018
00000000
00000000
1A725E5A
00000041
00000001
33DBB563
00000003
00000000
BA5DA909
3987BEBA
BD98C6EF
00000000
00000001
00000001
00000000
00000019
00000000
00000000
7725E30A
00000001
00000001
8F379D2D
00000000
00000001
46B4A659
612CD4CD
996E20D8
F35E0EB6
D4D44A32
164EA4A9
931CFD77
E16B4013
66342FA4
A96739FA
EA210D3B
658843FB
19979531
1AB6FE8C
5D5EFE90
D84380D4
00000001
00000000
0000001A
00000000
00000000
59E20C68
00000001
7A044D91
00000001
00000001
00000000
00000000
D2A62754
CC4CCC82
24189E42
CE88EE96
34FFE548
1DAA75D1
BC462635
00000004
00000000
D289C408
038D429C
92D42CB0
FECB340F
00000001
00000000
0000001B
00000000
00000000
2F262926
00000002
00000002
00000000
40758A0F
E0EEB981
4F97EF45
00000016
D280843F
00000035
C6F3BAB5
B2411941
000000F6
9F98EE11
0000001C
00000000
00000000
24143491
00000002
00000002
00000000
00000012
00000000
00000000
3D0CA1B0
1882361E
91BFA16B
000000C7
00000007
00000000
39727473
00003438
00000001
00000000
00000004
00000004
00000000
8E330871
5B4E3FA3
27B66DC5
00000086
758E6791
816727C6
3A4F79C5
000000A4
501444A3
351E0FC7
8DCEDD3D
000000DE
BE5EB7E6
542813B1
20DA6ABA
000000E7
00000003
00000000
00000003
00000000
00F9367C
00000012
00000000
00000000
D26BBBC4
D04A6F7A
FE61F1A5
000000FA
00000006
00000000
33727473
00000037
00000000
00000000
00000001
00000000
00000013
00000000
00000000
D8254ED0
00000000
00000000
00000000
00000003
00000003
00000000
9403031C
B992DFAD
AF6D07EC
74AB15C3
A2F0A4AC
8111F27F
4BC32239
8B3BF0A9
663DF161
6775D49A
AD618E44
C02D0449
00000001
00000000
00000014
00000000
00000000
0523D0B9
F0C759B0
00000000
00000001
00000000
00000015
00000000
00000000
0DFF80F8
0F816021
00000001
00000000
00000016
00000000
00000000
37452220
00000003
00000003
00000000
E8AB3348
3BD48F75
DEDC49DD
488B3126
5736C9C2
013E5ABE
3993B03F
36763F92
43D9BDFB
678B3EE4
F33891E2
4CFCB163
787069D2
67CEE390
F1F51590
7CD4E3CD
C752F223
981EBCA8
00000002
00000002
00000000
0453C09F
7762F9BF
72CE512E
7474BEAD
ED0B7F12
872197BA
6D0F50C2
BFF68DB6
00000001
00000000
00000017
00000000
00000000
5DB8FB0E
00000001
00000000
F3204E36
2CA01513
A81CE244
00000001
8D5F4343
5A9DA56D
9F71AD1F
850D2C9D
00000000
00000000
00000001
00000000
00000019
00000000
00000000
5FA395E9
00000000
00000001
10ACDA2B
00000001
00000000
174F09EC
84F9D5EB
EC504EE4
5D8A1D26
3A8683B8
B39FE553
173425D5
552C69CC
2106EA18
3E485F4A
59FDC463
3C0363FE
447BDB02
3EC415A3
8270EE5E
640679B6
00000001
00000000
0000001A
00000000
00000000
C360EF91
00000001
7F9BC559
00000003
00000003
00000000
00000001
47A3C491
18C619CB
D6926ED2
0FCCA679
E9D43421
580E804F
7CEB0EA6
00000001
896C8712
FA521C95
99DE4913
43ADD97D
3358BB84
6DB1C6B3
B9ABAE9C
00000001
2B7D7D37
FA48CFFF
911628F5
C04A3FFC
FDA083BB
A67D0388
F222BD51
00000004
00000000
5E652210
11E0CC1E
8FF1EAC6
D6AD3539
00000001
00000000
0000001B
00000000
00000000
BE4FF402
00000002
00000002
00000000
33B8E1E7
547CD2EC
627CC481
000000D3
C5C35EE1
000000D6
5E72EFA0
2B9E783B
000000E2
71FC771B
0000001C
00000000
00000000
8BB3A0BE
00000001
00000001
00000000
00000012
00000000
00000000
DD10876A
28D687F9
5515039D
000000AA
00000007
00000000
31727473
00003732
00000000
00000000
00000001
00000000
00000013
00000000
00000000
0CC739DB
00000001
00000001
00000000
2129BCBA
56F509ED
78F0B51D
00000000
00000000
00000000
00000000
00000000
00000000
00000000
00000000
00000000
00000001
00000000
00000017
00000000
00000000
15D7D78F
00000001
00000001
26B42478
93338F54
D244CDE8
00000001
F94255C6
E35C05F4
AF9D9E91
B62A20AE
00000000
00000000
00000001
00000000
00000019
00000000
00000000
F1B1ED34
00000000
00000000
86695224
00000001
00000001
1D4E83A7
F8AB6D8F
3050341E
04650931
9618D383
CFB7BF75
064BF680
CA24EB30
AF23723E
ED86A757
8E4D49CB
D4C54CF6
DCC5C556
1ABDC37F
4E053220
A197A726
00000001
00000000
0000001A
00000000
00000000
A72F6C14
00000000
D11A1CA0
00000004
00000004
00000000
00000001
B8227D25
EA7C9386
2D0E717E
D1CCED1C
0BF6CC7E
05E2EDF4
904D3101
00000000
3022D732
2C45DEAD
BAE0A51A
EB2610C8
B6ED901C
1EF0E27C
A2DA90A5
00000001
0C5004E7
A99D94D2
B5D54648
A9177F8B
A9A1E640
4F06FAEA
1C4A0BA4
00000000
37661F83
000787CF
0CECC3E0
E8FB2F07
3BC9E3E1
2BEE2F19
6BFB066E
00000004
00000000
92321EAF
3BEEA9FD
F9563447
242785B7
00000001
00000000
0000001B
00000000
00000000
FF7BCC08
00000000
00000000
00000000
F2ECBFA9
000000D2
25C4994D
0000007F
E3641392
41455901
00000076
8FBEE73E
00000000
00000000
00000004
00000000
9D299D48
000000D5
79DF9FE8
000000C9
41978D78
000000D4
06106F3B
00000099
00000041
C779D3E6
00000004
00000000
9D299D48
000000D5
79DF9FE8
000000C9
41978D78
000000D4
06106F3B
00000099
// vkCreateGraphicsPipelines[5]
00000041
00000001
FB4E57F9
000000B1
5B1DB385
00000096
00000004
00000004
00000000
0000001C
00000000
00000000
76912B22
00000001
00000001
00000000
00000012
00000000
00000000
E7CCE37E
D775BD0F
BED2EFC9
000000DD
00000007
00000000
34727473
00003737
00000001
00000000
00000001
00000001
00000000
551A35E9
310E2EB6
199EA464
000000D9
00000000
00000000
00000000
00000000
00000001
00000000
00000013
00000000
00000000
E0456068
00000002
00000002
00000000
AE3EA1D6
8C3D0934
3E37DE38
72A71C13
B7EB9D08
6EB43511
00000001
00000001
00000000
97660E39
CF6BEEAE
0A21C8ED
829AC065
00000001
00000000
00000014
00000000
00000000
7BB6B1E0
BDA7B9A8
00000001
00000001
00000000
00000015
00000000
00000000
877864A5
803DD554
00000001
00000000
00000016
00000000
00000000
85A6C47F
00000001
00000001
00000000
57E32837
DAFC4369
4EFC105A
46CF077E
9226C3A7
519FBA45
00000003
00000003
00000000
42E70C03
3E37385D
9948474C
9D68A521
1548D63F
A7C78D35
7EF9DF66
2A64B79B
F1ED8903
D2B8535B
F806334B
CF5C0948
00000001
00000000
00000017
00000000
00000000
8CCDB0C4
00000000
00000000
EF207B67
711C5555
7A149AB7
00000001
515737CE
132A5FF8
D1C59097
896AC971
00000001
00000000
00000018
00000000
00000000
E976BE6F
00000021
00000000
5AE0A15F
00000002
00000000
8A53C7CE
8437D608
00000000
00000000
00000001
00000000
00000019
00000000
00000000
962FF47E
00000000
00000000
8A67CF9D
00000000
00000001
3022C28E
F8739BA8
75A36FF4
690B4658
54BFF7AF
AE05021B
D79E72C9
07647D39
50D25FDB
D1C79522
2DDDBC95
204A1D08
3B3BBE73
E5264E18
6B1CDD74
8DD2649D
00000001
00000000
0000001A
00000000
00000000
1FE13207
00000000
041FA35C
00000003
00000003
00000000
00000000
E0BA68F4
15674A1E
8BB122BB
1693E623
23CF07AD
B2F0B802
034CF2B1
00000001
CE0726B8
D0304C1D
D9F35BBE
472D7AA4
30C7C881
58642500
D75E5507
00000001
E6D37822
A2DD3386
C56B2434
7D2C8F57
C93BBA4E
76AFB939
99DEDE4F
00000004
00000000
7E68FDF7
77B1673D
A1B14F74
D7F25B8D
00000001
00000000
0000001B
00000000
00000000
57262614
00000003
00000003
00000000
91028A6A
AED269CD
E06917B8
6343D08F
00000047
64F2973F
00000054
116F9214
4D64CEF7
00000023
42707261
0000001C
00000000
00000000
051B04D6
00000001
00000001
00000000
00000012
00000000
00000000
61EBF159
DC53B108
1FF63A83
000000EC
00000007
00000000
34727473
00003331
00000000
00000000
00000001
00000000
00000013
00000000
00000000
20DE2438
00000000
00000000
00000000
00000004
00000004
00000000
615ED801
5CC92339
3A706DB3
0359BCD3
1A12B118
366EBA2F
B013FB4D
C1D9FB2A
61A806B0
14080EA0
0771EF0B
91F66B54
5DF6C26A
5AB1C52B
62E72DBC
1DC44C46
00000000
00000000
00000001
00000000
00000015
00000000
00000000
7735B4AF
F141241D
00000001
00000000
00000016
00000000
00000000
41E5CA5A
00000001
00000001
00000000
643A20A3
ED2FCD83
04D3F7BC
0323AF92
1FB1CB7F
FE26149A
00000000
00000000
00000000
00000001
00000000
00000017
00000000
00000000
F2E38FEA
00000000
00000001
78FB647B
238388E8
D13A9056
00000000
45CB2F0D
93E8A642
5B70F504
B1AD072A
00000001
00000000
00000018
00000000
00000000
FDA06F06
00000021
00000001
B80E0D37
00000002
00000000
F41664C9
05B3BA5D
00000001
00000001
00000000
00000000
00000001
00000000
0000001A
00000000
00000000
3B7FFC80
00000000
8F3249FF
00000004
00000004
00000000
00000001
2E2ED7B6
D0ACBF3C
7C1681B8
4B56BA95
8CA9BFF9
1180FEBB
310F1079
00000000
2F5A1F23
E37B7849
91552493
01662624
5215951D
21DBA06C
81516C82
00000000
BEABF47C
0D132396
32275261
2B007E44
D76477D9
3963834A
D2F24183
00000000
DF45E1BB
A87DD2BA
395B14D4
88BAFCD6
A56D9FE2
E86B6175
3E01BD9E
00000004
00000000
3FFF8EF7
B7D8A357
BDF86B65
927104A0
00000001
00000000
0000001B
00000000
00000000
F0482322
00000001
00000001
00000000
D7AFEB07
B84A3EC9
00000090
263B2EE3
00000060
9628BBC4
AA3678B1
000000AD
B8542468
0000001C
00000000
00000000
20374A9A
00000001
00000001
00000000
00000012
00000000
00000000
80CBD3E7
27CEABE0
F7AF0321
000000EB
00000007
00000000
35727473
00003238
00000001
00000000
00000001
00000001
00000000
A9DB402B
E25923C4
2A8274D4
0000007B
00000000
00000000
00000000
00000000
00000001
00000000
00000013
00000000
00000000
7F1B52D0
00000003
00000003
00000000
24CBCF64
814567DC
DAD9D737
D8A7DF8F
C4EE1183
8907AA28
65AC9113
D5D6BA5F
645A3FE7
00000000
00000000
00000000
00000000
00000000
00000000
00000000
00000001
00000000
00000016
00000000
00000000
61791FEF
00000000
00000000
00000000
00000003
00000003
00000000
7207BFE6
F7863A9E
A43E84F8
14A90EA7
C6904987
C211A784
6E9152B0
E2BBA2B1
21F679B4
DD77F024
6F66711E
364F9965
00000001
00000000
00000017
00000000
00000000
44BE3A58
00000000
00000000
26D86C5D
B7AC2DCA
DB75821E
00000000
AC61E3DE
78D3DE7F
92BF52B3
443A4DAC
00000001
00000000
00000018
00000000
00000000
31095959
00000061
00000001
63BFBE80
00000004
00000000
FD7E5F89
043DA99D
CE63A203
C7958B20
00000001
00000000
00000001
00000000
00000019
00000000
00000000
4BACD499
00000000
00000001
1E7CAD8A
00000000
00000001
1FB2A6D7
5BECA67C
A64BBFDE
38F4F0F4
A85CB280
E45C1023
9DDD38FD
DDB3978F
2A09F46C
9C469955
021E09FB
F6F6ADDD
A45602FE
628F4A40
605C594E
93EC8A0B
00000000
00000000
00000001
00000000
0000001B
00000000
00000000
275AD604
00000002
00000002
00000000
7AE20CE4
9AD14D7D
F449AAFF
000000F8
FEA5D16D
000000B8
64C9831E
22CEFA77
00000019
5C2AA0DF
0000001C
00000000
00000000
72751884
00000001
00000001
00000000
00000012
00000000
00000000
2F8554B8
2AF8AF36
72E64F19
000000EF
00000007
00000000
31727473
00003939
00000001
00000000
00000000
00000000
00000000
00000003
00000000
00000003
00000000
002F9A1C
00000001
00000000
00000013
00000000
00000000
A9559D07
00000001
00000001
00000000
E544F828
D661867A
248A6D3F
00000001
00000001
00000000
9A84B19B
64106180
86F09888
196BD2DC
00000001
00000000
00000014
00000000
00000000
A98A5DBD
D28077BE
00000001
00000001
00000000
00000015
00000000
00000000
0B2D1B3A
08647CBE
00000001
00000000
00000016
00000000
00000000
7F0C0C6F
00000000
00000000
00000000
00000004
00000004
00000000
243E7B61
0D887FAE
156C9C9F
0EBB0539
2EC06C4E
D21EF7C7
7DC24256
56991E56
6C55A706
BC642BBF
0A88875F
71D19632
E3DA7A28
1F0AA3E2
E61D8617
BB5F9135
00000001
00000000
00000017
00000000
00000000
2AE247A9
00000001
00000000
BD152C14
DC090DB6
5DD213C3
00000001
C22DF333
B329EFFE
19300A34
B2FA1332
00000001
00000000
00000018
00000000
00000000
53AFCB2A
00000000
00000000
0E0384DF
00000000
00000000
00000001
00000000
00000001
00000000
00000019
00000000
00000000
8C421BC4
00000000
00000000
10D54610
00000001
00000000
9F610D61
00C93D79
87CB82F1
AAC0AC2E
F98DF693
CFCF87CB
069D3FA9
C0970B86
AD420A9D
CEE91908
252CCC79
73410463
28515772
0CA3ED85
A3A69EE6
DFED3D61
00000000
00000000
00000001
00000000
0000001B
00000000
00000000
32728B31
00000000
00000000
00000000
73D07A41
0000003E
6CA75879
0000003A
A5E9B8E5
253166F7
0000005D
0E9F0144
00000000
00000000
00000004
00000000
6F6DAD48
000000F8
08F4D642
000000CF
E8F37811
0000005B
BF25692D
00000002
00000041
38762A22
00000004
00000000
6F6DAD48
000000F8
08F4D642
000000CF
E8F37811
0000005B
BF25692D
00000002
// vkCreateGraphicsPipelines[6]
00000041
00000001
7ABD2DD7
00000092
6707B949
000000F9
00000003
00000003
00000000
0000001C
00000000
00000000
EDA33EAF
00000002
00000002
00000000
00000012
00000000
00000000
E505268F
1B6F1268
01BA1573
000000CA
00000007
00000000
35727473
00003633
00000001
00000000
00000004
00000004
00000000
64B6CF33
9832B68A
9120BCA6
000000DC
9612AB9E
A0AF7D73
DEE1DADC
0000001C
2171FBB2
B869151D
29CABD7B
00000047
A2BE3F2A
F61CAFDD
5C3DF0D0
0000000B
00000002
00000000
00000002
00000000
000031A2
00000012
00000000
00000000
DB254378
A124ACF8
E70CCD79
000000D3
00000007
00000000
39727473
00003938
00000001
00000000
00000000
00000000
00000000
00000000
00000000
00000000
00000000
00000001
00000000
00000013
00000000
00000000
7412D738
00000001
00000001
00000000
E831AAB2
DD6A50EB
263E4496
00000001
00000001
00000000
9139A3B8
23E3A59A
506798C8
FBE66AE0
00000001
00000000
00000014
00000000
00000000
5CBBB7D5
40A1E0CD
00000000
00000001
00000000
00000015
00000000
00000000
0DE16710
9E8BF1D4
00000001
00000000
00000016
00000000
00000000
0C045C55
00000001
00000001
00000000
8BF9765D
0183A855
B0011E94
A9A3CFA8
2C9A356C
EEC0A374
00000000
00000000
00000000
00000001
00000000
00000017
00000000
00000000
146A75A3
00000000
00000000
5606D532
7A635E7A
D4F5056F
00000001
C8701950
45409057
BE86B2B8
7B700F82
00000001
00000000
00000018
00000000
00000000
822E96F7
00000021
00000000
39266715
00000002
00000000
C3701D9E
8D3F6438
00000001
00000001
00000000
00000000
00000001
00000000
0000001A
00000000
00000000
703923F1
00000000
B955CA80
00000003
00000003
00000000
00000000
E86F5BA7
2D72A5D2
CECCFB54
2CD8B929
10F487AD
5152F27A
D3FCE93B
00000000
7FC8F76F
B1A93D78
010A2F1E
19245C0F
57CAA36E
BD7B48FC
D0AE31F5
00000000
E25129CC
EB2D5B67
83E637ED
5113BE5A
9FF8A8AD
AAD9C696
3FF70084
00000004
00000000
CAD26009
F6F02EAB
2138ACAC
337C342D
00000001
00000000
0000001B
00000000
00000000
BB05D916
00000002
00000002
00000000
28F4FA53
C270DC4F
6A1BC343
000000D6
710A2511
000000B1
2B54F1FA
64A8EEC5
0000005C
5F9EF2E5
0000001C
00000000
00000000
43CF2C33
00000002
00000002
00000000
00000012
00000000
00000000
9D0468E7
A8FE2269
B27CC2BF
0000002A
00000007
00000000
31727473
00003135
00000001
00000000
00000004
00000004
00000000
86A4173B
4311FD2B
9121461A
0000003E
39453E7A
A1E7D7EF
771E35B3
00000034
A768C1DE
ACAA807E
4026AED1
000000AD
456CD1AE
A772813B
FAB8AC3E
000000AB
00000001
00000000
00000001
00000000
000000FA
00000012
00000000
00000000
0100049F
A7B05C42
032FB7A9
00000087
00000007
00000000
33727473
00003039
00000001
00000000
00000002
00000002
00000000
B3246CD8
F0929D35
F1B65300
0000005A
FD749E7C
252C14B0
E7E77BE2
00000020
00000000
00000000
00000000
00000000
00000000
00000000
00000001
00000000
00000014
00000000
00000000
1A945B28
D0FA6047
00000000
00000001
00000000
00000015
00000000
00000000
0E0B308E
38666BB7
00000001
00000000
00000016
00000000
00000000
C7D352AD
00000002
00000002
00000000
700EA5A5
63F49E8A
D7801846
A76A874C
CF3309EF
037E7327
EA510E6E
B9FB2287
886A60CA
FCB21CF5
ECE26E56
AB336CBE
00000002
00000002
00000000
C0D849E1
C20ECCEB
75940547
B52E4487
92D95D64
FCE838AC
62EED424
12687FD1
00000001
00000000
00000017
00000000
00000000
1B3CF59A
00000001
00000001
48716154
1DAF6B62
6C0B67B4
00000001
C961FBA8
AD48BF3B
7B30D02C
6ECC7306
00000001
00000000
00000018
00000000
00000000
D2C7342C
00000001
00000001
98BA2E9C
00000001
00000000
664EF5FB
00000000
00000001
00000000
00000000
00000001
00000000
0000001A
00000000
00000000
9F43144B
00000000
03B1CAE0
00000003
00000003
00000000
00000001
787FD1CA
D371BD1B
DAC85FB4
DCCCAEE2
6BDC8450
2C3A08B6
999D0611
00000001
B9CDE955
3E4B0978
D7EE94F0
082AA17A
C66B6F25
4B4FC51F
D75FE9F8
00000000
0654259D
08D43605
FD694C47
01522B4F
AC4731E8
BE6EF207
726B2AA3
00000004
00000000
38677352
9F93F407
51813B0D
508C6DBC
00000001
00000000
0000001B
00000000
00000000
49CB5A24
00000002
00000002
00000000
F4398E43
A2C2E3FF
C619F229
000000C9
8EC0C72D
00000013
9CFB49DF
66D26475
000000DE
FC8D303E
0000001C
00000000
00000000
A4E02381
00000001
00000001
00000000
00000012
00000000
00000000
4FAB90F8
0AA1AACF
4822432B
000000CD
00000006
00000000
31727473
00000037
00000001
00000000
00000001
00000001
00000000
23592BB5
C75B8331
A9DA20C8
00000018
00000004
00000000
00000004
00000000
94DC3EB7
00000001
00000000
00000013
00000000
00000000
559C7282
00000000
00000000
00000000
00000003
00000003
00000000
BA929A7E
A36DDA16
71A45219
6EE4FB33
62AB8018
096ABB37
FCBC721C
9E3507CC
F7DE3F39
F953DC0E
DAB0FBC0
DFD875CA
00000001
00000000
00000014
00000000
00000000
F4F7A1E5
1D6009C7
00000000
00000001
00000000
00000015
00000000
00000000
B46764A8
F6FB78B4
00000001
00000000
00000016
00000000
00000000
5C010831
00000003
00000003
00000000
74A21003
6FA9F7D8
F7FAEA72
15D3DE33
CA609736
96E79210
E1E14239
4BF7CEC5
7B3037C5
4ABEF2F8
7C4A14AC
10F71D4A
27B62B60
AC67D4B9
17E9A6A5
1A2B9972
F998A902
ADF785B7
00000004
00000004
00000000
65E04DF6
C3212C05
2D8FD11B
C6287541
5F3036DA
C6999C16
F08D124D
2EC283DC
118BC523
DB0418CA
EED0886B
F3365BFC
6D8D66A0
85B09F30
EB42C0C6
047992A6
00000001
00000000
00000017
00000000
00000000
6F572602
00000000
00000000
D203C359
7543AA87
0CB24999
00000000
DBF8235D
5E354FA6
54183E42
1C78DF44
00000000
00000000
00000001
00000000
00000019
00000000
00000000
7BF785A2
00000000
00000001
F7F413F7
00000001
00000000
91D558B0
42FBB127
EB6393D5
ED39A2D2
CAAC632A
9C470EE9
90657CC3
427C5FE1
74176858
0BEB7F26
4CE3DD24
53D902A9
130E06E8
7B4FC402
E06276FF
71EE0F82
00000001
00000000
0000001A
00000000
00000000
7CF5861F
00000001
04AC6290
00000001
00000001
00000000
00000000
127B4C82
E8B1691D
13B55AE7
DE236A9A
4FF11913
D9E21C81
6836D155
00000004
00000000
6938BCB9
50703115
43AB490F
AF5EE11E
00000001
00000000
0000001B
00000000
00000000
1F989A21
00000001
00000001
00000000
E3EBFAF3
BCF64663
00000015
7949EC65
000000C9
2353A83B
2DDB8B37
0000008F
DFFE9E9B
00000000
00000000
00000003
00000000
3D18C9FA
00000048
178A00AD
000000C1
C273CB4B
00000029
00000041
70DFDA1A
00000003
00000000
3D18C9FA
00000048
178A00AD
000000C1
C273CB4B
00000029
// vkCreateGraphicsPipelines[7]
00000041
00000001
5E18D7CF
000000C2
CD2EEE77
00000071
00000003
00000003
00000000
0000001C
00000000
00000000
42729600
00000002
00000002
00000000
00000012
00000000
00000000
C04B51DA
48B58594
C7C10AEB
0000009B
00000007
00000000
32727473
00003639
00000001
00000000
00000002
00000002
00000000
F24B4589
B16CD01E
DDD9E193
0000007D
E6E07546
48B595C3
FE92B655
000000E2
00000003
00000000
00000003
00000000
00F3AB16
00000012
00000000
00000000
C65513F0
3645C1E0
34763879
0000004C
00000006
00000000
33727473
00000038
00000001
00000000
00000000
00000000
00000000
00000002
00000000
00000002
00000000
0000C491
00000001
00000000
00000013
00000000
00000000
BC718106
00000001
00000001
00000000
A214A95F
867F21B7
A3EAB7CE
00000002
00000002
00000000
C8044652
69C6A248
B36DCC8C
51C2160B
F987757A
54BF6ADB
D455C831
8B9D1020
00000001
00000000
00000014
00000000
00000000
41B0F60C
74316551
00000001
00000001
00000000
00000015
00000000
00000000
08EC8A75
8EE74C10
00000001
00000000
00000016
00000000
00000000
D14731F5
00000002
00000002
00000000
E1905196
09D9788D
86F87B33
C6A9D41E
AEF72AD8
3C51FF94
414FD3E0
E0A9B340
0F2254B0
BAB2A7D0
615CF8D2
AE204A57
00000002
00000002
00000000
D7ADB224
74341FFC
4745B0F6
FE505825
F6086AA1
C0949D85
CF5E8E46
619A5073
00000001
00000000
00000017
00000000
00000000
FEE47418
00000000
00000000
EFB21448
DDE89DA8
EAF65E8A
00000001
42B74244
042ACA60
C1AC15B6
6CF6C628
00000001
00000000
00000018
00000000
00000000
29B17884
00000041
00000000
302357B4
00000003
00000000
79566090
3AAF44BC
7A399A1F
00000000
00000001
00000001
00000000
00000019
00000000
00000000
96A8D2BE
00000001
00000000
DB570581
00000001
00000000
363DAB71
0CEE6D52
1F06EFED
221D5F5F
1E39F3D2
34510606
8E82DD7D
541D65CF
9EF0FC8D
CC6A055D
23F53623
77699E83
60C859CB
4F994C48
D95CF39E
02D25860
00000001
00000000
0000001A
00000000
00000000
5F555E97
00000001
8C091C7B
00000003
00000003
00000000
00000001
F48AEC62
D66AE83A
6735765A
E5C756A4
F2B6DE6C
B808E684
14AEEE62
00000000
8EFBA8ED
8C8B9335
5AB08197
A5E2DDC1
21645B1F
53B2ABA1
7C8D7C5D
00000001
00BA3EEE
59702D3F
1F675F92
0F8CB659
F4616943
59CAF550
3FF13B5A
00000004
00000000
34617AB6
AEAE0E0B
0D14DCBC
BD50A1B7
00000001
00000000
0000001B
00000000
00000000
86DB7896
00000003
00000003
00000000
A6D67BC6
F2F11581
AEF76A5B
0AD46923
00000022
0BEF0671
000000FD
DEBF6034
D60D557F
000000C3
35E296C0
0000001C
00000000
00000000
B73FD930
00000004
00000004
00000000
00000012
00000000
00000000
BDEE5B5A
9E7B735C
5245AD51
00000058
00000007
00000000
36727473
00003831
00000001
00000000
00000000
00000000
00000000
00000004
00000000
00000004
00000000
1185DECD
00000012
00000000
00000000
F5A6E0C0
06C9AF5A
CA0EFCDB
00000019
00000007
00000000
39727473
00003338
00000001
00000000
00000002
00000002
00000000
9629E4BA
AAF42BD9
3E5A77B3
0000008C
867C3636
E9E6BDAA
3C14EECB
00000032
00000003
00000000
00000003
00000000
009ECF52
00000012
00000000
00000000
0363F1E2
0DFBFA24
C562AD4F
000000E5
00000007
00000000
32727473
00003930
00000001
00000000
00000002
00000002
00000000
519BC4B2
DDC3F717
40FFCD85
00000095
D9A07E8A
900F4425
A9BAF0E1
000000CD
00000002
00000000
00000002
00000000
000012AE
00000012
00000000
00000000
335A1FE7
D07D73D5
6A0CA2FF
00000028
00000007
00000000
34727473
00003034
00000000
00000000
00000001
00000000
00000013
00000000
00000000
530003A5
00000000
00000000
00000000
00000003
00000003
00000000
E4222E04
A5E49B45
94648D8E
1E5A1DC4
8313EE8F
7F35ABE1
3C8CF3AC
7AD97FFE
10C11B06
E6C55523
C11468B4
2C8B83AA
00000001
00000000
00000014
00000000
00000000
B42CF85A
43572242
00000001
00000001
00000000
00000015
00000000
00000000
E3FDB128
3A02C7A7
00000001
00000000
00000016
00000000
00000000
6260DEC8
00000000
00000000
00000000
00000001
00000001
00000000
B2395AAA
41B82617
66C1D814
DB12C83E
00000001
00000000
00000017
00000000
00000000
D2A58AE5
00000001
00000000
34C8E3A1
FD3D57E6
DEDC55C4
00000000
D3C5903A
8A122E28
31CDC584
3C5E2B58
00000001
00000000
00000018
00000000
00000000
1308B524
00000021
00000000
BF984676
00000002
00000000
3B0FE00A
35C5C976
00000001
00000000
00000001
00000000
00000019
00000000
00000000
F7759A4F
00000001
00000001
E251A3C9
00000000
00000000
35FCCF0D
31F9F08B
798A69AF
758484C7
246E3D13
57421E60
E7F3E480
FC2B29D5
0E02FE1C
0A381771
CE811A70
ABDFD1BD
35214178
819D6E2D
DBAB7BD0
B5E8B105
00000001
00000000
0000001A
00000000
00000000
A82F8B36
00000000
9B5B01BD
00000003
00000003
00000000
00000000
9590B214
50B5B45A
74BAA2F5
3B0CE130
33166764
167A8984
638D7620
00000001
171E92AF
05F61DCE
5AFAD15C
84F95127
B4289699
294BF0BD
53D8B802
00000001
79566A15
784418B3
42540180
1AFA4D40
760A3F22
E4441F34
E16D222F
00000004
00000000
4C4E6801
5C31A40B
87533823
3765DA56
00000001
00000000
0000001B
00000000
00000000
C133D1A9
00000002
00000002
00000000
C42FA22F
3A008BB3
C12AD83D
000000BC
68ECCB2D
000000C2
47AE571A
F706F003
000000EB
1C124870
0000001C
00000000
00000000
91056B7F
00000002
00000002
00000000
00000012
00000000
00000000
F2F1CA49
0246D893
00D2F281
000000A4
00000007
00000000
33727473
00003632
00000000
00000000
00000012
00000000
00000000
3C73D6B0
8D839DAD
B7D6EB75
00000013
00000007
00000000
31727473
00003131
00000000
00000000
00000001
00000000
00000013
00000000
00000000
4ECE45F1
00000004
00000004
00000000
EE627065
9E40A5C6
0D4F6F5A
5AAF0918
EA9437A5
2EDB5AA2
5576B16F
DD743FB3
723744A2
53578DA0
02283CA7
A4C83368
00000000
00000000
00000000
00000001
00000000
00000014
00000000
00000000
A4C9A853
A3DF8D72
00000000
00000001
00000000
00000015
00000000
00000000
A7182E1C
F19EF12E
00000001
00000000
00000016
00000000
00000000
CC005911
00000000
00000000
00000000
00000002
00000002
00000000
621B1E9B
6E141EC7
DD638960
1A0E7A80
250B2B7F
4CDBA4FE
621126B6
39552737
00000001
00000000
00000017
00000000
00000000
9DE3EAF4
00000001
00000001
69D220EB
EBA6A229
D9DBED24
00000000
1F848078
A11C34EC
BE0727EB
AE1B83E2
00000000
00000000
00000000
00000000
00000001
00000000
0000001A
00000000
00000000
3A1B411F
00000001
F710C337
00000004
00000004
00000000
00000000
C2176A26
6A9192A1
C89F5464
77C71F92
5F2F8F43
CA119DF2
945EA1B7
00000001
B5D9D457
2C8CF1BD
35CD7D2F
9BE851BE
7F729835
E8F8F1B4
38F8E051
00000001
57E1DD54
DBAD4F41
36013EEE
1FE8EF03
C560C2D0
2DC1CA9C
E16BD735
00000000
0DB9DCD1
D81FA090
CFC4640B
EFC701F0
183F2D47
B7C4ED34
6FC504E4
00000004
00000000
83E7CC8B
1B2ECCBE
A9C5BE55
308E968A
00000001
00000000
0000001B
00000000
00000000
6775D6C5
00000003
00000003
00000000
13FEFAFF
6F9649F6
5F48283D
706B27E9
00000072
AE7FEC7D
0000008C
E8183EE0
6B98466B
0000009B
1AB0482A
00000000
00000000
00000003
00000000
02DD040E
000000EA
B63C869D
000000EE
8B1BC4D7
000000A8
00000041
6EEEE2CC
00000003
00000000
02DD040E
000000EA
B63C869D
000000EE
8B1BC4D7
000000A8
// vkCreateRenderPass[0]
00000052
00000001
0965EB63
000000C8
00000000
00000000
00000000
00000000
00000001
00000000
73D568D3
0000006C
00000052
571B18FE
00000001
00000000
73D568D3
0000006C
// vkCreateRenderPass[1]
00000052
00000001
0EC8BC29
00000097
00000001
00000000
00000026
00000000
00000000
EB0DA26A
00000003
00000003
00000000
A8152545
BAB20C85
7CB2AE63
B27679C8
CB466D02
2B282BB2
F547B008
925E8533
95D992C2
176FAD57
209053ED
EBDD4E67
52147BCB
EFC1E29C
AD1CCACA
14AB41EE
F04F7267
65C43EE9
3D560775
E4E161C5
0C8C060E
3FB9948B
57371EAA
9DFB2CFE
4D1DEF05
A917EE47
365B5AE6
00000002
00000002
00000000
71062BDD
BA5E3AE8
00000001
00000001
00000000
813A55D0
35555684
00000002
00000002
00000000
CE96F4AB
47A49AB8
44843203
E34BE90D
00000002
00000000
6C1FCCA9
A06D6E3D
DA5A8FA0
6B7423A2
00000001
00000000
4DDEF46D
EC90A4D3
00000001
00000001
00000000
203F6B0B
3C666D23
E99BB35E
00000000
00000000
00000000
00000002
00000002
00000000
98964D25
E00FBE33
39C55882
DF682102
00000002
00000000
85320555
228DDC29
187FC24F
9F052207
00000001
00000000
B8A69B22
E40B4C83
00000004
00000004
00000000
527CB433
94912CF0
421ED535
10218137
00000002
00000002
00000000
A89C9A89
68AC0DE6
DBA18CBC
4D22D698
2A82714B
D6B46C38
D1936F32
2FF49A3F
D9E200DC
A6FC7A0B
4A7F469D
3FF9218E
2C1F35F4
247E105A
00000000
00000000
00000001
00000000
AB278F39
0000007A
00000052
E9C10E72
00000001
00000000
AB278F39
0000007A
// vkCreateRenderPass[2]
00000052
00000001
5ECA55DB
000000A9
00000001
00000000
00000026
00000000
00000000
650861C9
00000002
00000002
00000000
BE98418E
3D70C7DB
505C4293
C3AF09C6
79E10977
060B4474
7EE09CA9
5CA2469C
84F52708
1386AC2A
10847781
DC9C192E
EFE4199F
D04918B6
F4799D7D
C0CDBC20
248B9416
DDC6D66E
00000003
00000003
00000000
EDD62231
1730E33F
00000002
00000002
00000000
3DCC98AA
27F7F80E
4102D181
84261D39
00000002
00000002
00000000
65DE5AC8
7D826C1C
A77AADD6
DD821F4D
00000002
00000000
7F9312C6
CA3C16B6
97039FBA
66798C06
00000001
00000000
D017D5DD
BA1C758A
00000001
00000001
00000000
46F4C491
70E82D34
8F3E5029
00000000
00000000
00000000
00000004
00000004
00000000
D14AA151
5C3A6357
C139E815
2CEB9BC1
A55460F1
DA77FA54
2C0DA933
772BFB49
00000004
00000000
157586DF
086C33E5
2ED86EE4
9A65F115
7D0CF573
9A94D380
7E965788
63A6F718
00000001
00000000
6C7ABC1E
7EACCCEF
00000003
00000003
00000000
3CF48720
05A99DFD
845CE393
2FBFC985
926333D0
00000000
00000000
00000000
00000003
00000003
00000000
A41EFCFD
8461AD03
0A4B650F
B3F32430
36642238
51FF186A
00000003
00000000
E770B23C
9546D545
63D05D25
13263E5C
C0C90796
25E0BE31
00000001
00000000
E1EED0F5
AD093305
00000001
00000001
00000000
914F63C2
00000002
00000002
00000000
E2770296
B976DC40
7BF907D0
5F97E3D8
8A757C03
B5174591
8EBA6A34
3FA00A4F
B76E10C8
0A3E0673
FF71DF50
2E5171E2
CB49DB1D
5A30E51C
00000000
00000000
00000001
00000000
82AF614B
000000EF
00000052
CD609E91
00000001
00000000
82AF614B
000000EF
// vkCreateRenderPass[3]
00000052
00000001
BDFCF2D5
000000EB
00000001
00000000
00000026
00000000
00000000
7EDD353B
00000001
00000001
00000000
3C1D5179
371D9BEB
BC9F8A3F
5A619494
3ACE90DF
998FC158
CFD05F95
9F1EE935
B1C62025
00000000
00000000
00000000
00000002
00000002
00000000
B8EFC797
9A00ABDE
F5DEA063
220DB0B9
851FA004
45431F10
249B680C
703DAA85
595ACEC3
C4DED469
4546C7A0
EA77A101
669719E5
E7D8BE02
00000000
00000000
00000001
00000000
825A7E11
00000043
00000052
6F4CE8F6
00000001
00000000
825A7E11
00000043
// vkCreateRenderPass[4]
00000052
00000001
9F4D900B
00000052
00000000
00000000
00000000
00000000
00000001
00000000
F4CD24A5
0000005C
00000052
4CF2CC3E
00000001
00000000
F4CD24A5
0000005C
// vkCreateRenderPass[5]
00000052
00000001
EE460B65
000000CB
00000001
00000000
00000026
00000000
00000000
BEE306CB
00000000
00000000
00000000
00000001
00000001
00000000
A57F88A3
EEC2CBCE
00000001
00000001
00000000
E751EFDF
1A99E5ED
00000003
00000003
00000000
93F6501F
C7699928
1890C3EB
E0711940
8F6386BC
04320C0D
00000003
00000000
30B55289
D05B532C
3FB39077
3B8940A6
DB87A255
9715A636
00000001
00000000
1FDA2AD9
3665851A
00000004
00000004
00000000
2EB5FCF8
CB812399
187BAC75
75C874A2
00000000
00000000
00000000
00000000
00000000
00000001
00000000
2C34CCDD
00000015
00000052
78DB814F
00000001
00000000
2C34CCDD
00000015
// vkCreateRenderPass[6]
00000052
00000001
C96BE1B3
00000030
00000001
00000000
00000026
00000000
00000000
A932F24B
00000000
00000000
00000000
00000001
00000001
00000000
E025EA7C
C4330FA5
00000004
00000004
00000000
23A8AFE2
69EED734
ED1723CB
582EC14F
92A6759D
2FAC6B03
C73198C3
C9E9C73D
00000003
00000003
00000000
72ED3EBF
54BD1BEA
9E953343
1588AF00
C2C10D10
F29AB204
00000003
00000000
598CE2A8
180AE391
DC880852
37541D62
F9CB566B
737FDEC6
00000001
00000000
9376949E
9D157919
00000000
00000000
00000000
00000003
00000003
00000000
6EAF5BA9
A8D5A7D3
307E3744
AF38B398
0F688010
D9495DDE
954D3C7E
652D6175
24F3CACB
3B2DEA57
5B4DDE1E
D7189E5A
A7648465
0E926DBA
BD924049
5D43109C
545AD742
DD9D38BB
FB92AC11
FCB6330A
4E6D4648
00000000
00000000
00000000
00000000
00000052
70344BE0
00000000
00000000
// vkCreateRenderPass[7]
00000052
00000001
310A406F
0000004C
00000001
00000000
00000026
00000000
00000000
FEADBED7
00000003
00000003
00000000
FC9D9352
0E346AE1
5EB34CE6
DB66FA83
8FF5BBEE
DA2049DA
EE18F587
4870C037
6C11A977
4863C1E2
FA17AED4
E2AFBE69
6F011B08
86E4D18B
AF4CB509
469DB60C
0B969527
63BAFCDC
A029CE64
35EE2364
A095D622
FA5D59F9
0960E311
BAF8960F
3513FF50
D657F922
1B2E4D20
00000000
00000000
00000000
00000002
00000002
00000000
BFA17F41
37EA2720
4F8B0209
BAAA5627
685B9EAE
9060A85E
79601587
0FAF53BB
F16E3923
AB101E89
C6911CD4
F3B07F04
FAAB5DE6
56FD87F0
00000000
00000000
00000000
00000000
00000052
9D6292EC
00000000
00000000
// vkCreateRenderPass2[0]
000000A7
00000001
969215A5
000000FF
00000001
00000000
3B9C73CC
00000000
00000000
E08C5EBC
00000002
00000002
00000000
3B9C73C8
00000000
00000000
AE56D6B6
C25887FF
D89F2EE9
09F3B37A
20210341
6E80B702
2D7FC5D5
BAFE7B94
1CAC6CDD
3B9C73C8
00000000
00000000
F48721BB
B405AF2D
6939CE41
2738C68E
00351506
3269DAD9
900D4175
E60AD538
6B52DC99
00000002
00000002
00000000
3B9C73CA
00000000
00000000
540C65B9
6FA372A7
2814C574
00000004
00000004
00000000
3B9C73C9
00000000
00000000
B338E457
9F129039
1FD8C460
3B9C73C9
00000000
00000000
0C2A21D9
0B733AD2
723B92D8
3B9C73C9
00000000
00000000
84641F9A
FF1DC178
D3CAE0BB
3B9C73C9
00000000
00000000
DEC72379
42FA7FC4
4A1C0E59
00000004
00000004
00000000
3B9C73C9
00000000
00000000
3DE90217
E8A113DA
2B99A357
3B9C73C9
00000000
00000000
4ED82E74
8A010E68
41CF099D
3B9C73C9
00000000
00000000
91E1C576
BAD3AF90
2E3AE678
3B9C73C9
00000000
00000000
5B430D22
CB0B05FA
A7E41867
00000004
00000000
3B9C73C9
00000000
00000000
9FF626E2
9612C695
97AA6B57
3B9C73C9
00000000
00000000
D647D4AF
5B892BB1
85518DB4
3B9C73C9
00000000
00000000
06F47785
8416D101
DE02754C
3B9C73C9
00000000
00000000
615EBD74
C5FD1293
7797F89A
00000000
00000000
00000004
00000004
00000000
14785928
174CEE1C
02DFB9F5
2F411AD8
3B9C73CA
00000000
00000000
D164DA68
53C47F4B
83CDB36E
00000002
00000002
00000000
3B9C73C9
00000000
00000000
B627939B
3F4ACCD4
0056A213
3B9C73C9
00000000
00000000
A2277AE6
D83E4514
D1E986D0
00000001
00000001
00000000
3B9C73C9
00000000
00000000
27025115
97EA0C9F
DF3AE90D
00000001
00000000
3B9C73C9
00000000
00000000
D3BEC0E9
516073C4
7D02B753
00000000
00000000
00000001
00000001
00000000
104AB872
00000000
00000000
00000000
00000000
00000000
00000000
00000000
00000000
00000000
00000000
000000A7
C9DB0C78
00000000
00000000
// vkCreateRenderPass2[1]
000000A7
00000001
6EFB726D
000000D8
00000000
00000000
00000000
00000000
00000001
00000000
DEA7BA0B
000000E5
000000A7
1F531CE7
00000001
00000000
DEA7BA0B
000000E5
// vkCreateRenderPass2[2]
000000A7
00000001
E7981B95
00000048
00000001
00000000
3B9C73CC
00000000
00000000
BA435E22
00000001
00000001
00000000
3B9C73C8
00000000
00000000
5282E912
86F7E0BF
AEC73C85
C668174F
648C96DD
C010EC1B
9E88DBB7
9FB9C194
7BED809E
00000004
00000004
00000000
3B9C73CA
00000000
00000000
DEAD59B1
76DA7A41
C024041B
00000002
00000002
00000000
3B9C73C9
00000000
00000000
CF7C6A54
C9D0D380
5A633523
3B9C73C9
00000000
00000000
CA52D0F4
28646E79
66585E50
00000003
00000003
00000000
3B9C73C9
00000000
00000000
83A33A95
0CDBB8E2
8944581C
3B9C73C9
00000000
00000000
FD196098
3D702672
701BF2D7
3B9C73C9
00000000
00000000
F9748170
1F3AF35D
FD0CDAFA
00000003
00000000
3B9C73C9
00000000
00000000
6AE47C48
6F061CD1
8D2B5ABF
3B9C73C9
00000000
00000000
5BC2EA4A
449BF901
AB3CA27A
3B9C73C9
00000000
00000000
5A63F777
89758EC7
6D833248
00000001
00000000
3B9C73C9
00000000
00000000
65A23393
0337BFBB
93472AA4
00000000
00000000
00000000
3B9C73CA
00000000
00000000
A47DD8D8
95537A87
575AAE87
00000002
00000002
00000000
3B9C73C9
00000000
00000000
F29D5F7F
64015A2E
CCA74823
3B9C73C9
00000000
00000000
69EC5848
A73B6249
C98AE66A
00000003
00000003
00000000
3B9C73C9
00000000
00000000
11A50D1A
BAC205C2
317014D3
3B9C73C9
00000000
00000000
1348448D
14DB3C4F
0C88A463
3B9C73C9
00000000
00000000
B798C4F9
0BBE3FB2
BF61CFD4
00000003
00000000
3B9C73C9
00000000
00000000
AEC9CB21
DD7C27A0
F0F77331
3B9C73C9
00000000
00000000
CE112A1D
F889B91C
143320F3
3B9C73C9
00000000
00000000
8C686045
9B7B4851
D5311529
00000000
00000000
00000000
00000000
00000000
3B9C73CA
00000000
00000000
FA5A19FF
856C96F8
85FFD0DC
00000004
00000004
00000000
3B9C73C9
00000000
00000000
9075FFAE
344B1783
05DCAF97
3B9C73C9
00000000
00000000
68539340
6A55A8B7
F4E80398
3B9C73C9
00000000
00000000
DA005E1F
6AABAE42
3578DB89
3B9C73C9
00000000
00000000
C9DB1F77
7F0CBAB8
2DAD2EBD
00000004
00000004
00000000
3B9C73C9
00000000
00000000
399DD22C
80D0BAB1
04947002
3B9C73C9
00000000
00000000
76FB7098
1A62DB53
0A7F85D4
3B9C73C9
00000000
00000000
98150B6D
0BA7BF1C
C6C085F3
3B9C73C9
00000000
00000000
1DC991A2
4BB37BC4
2225016C
00000004
00000000
3B9C73C9
00000000
00000000
3A4C354D
E48EBD5F
D96BA2C8
3B9C73C9
00000000
00000000
AA75F90A
95A99701
83DAB031
3B9C73C9
00000000
00000000
EC7A9BA3
79F64682
3B875B41
3B9C73C9
00000000
00000000
7572F912
14A7E247
BE84DAC0
00000000
00000000
00000002
00000002
00000000
76312024
3021CF1E
3B9C73CA
00000000
00000000
3F15DB6E
2A7515C5
C864B665
00000000
00000000
00000000
00000001
00000001
00000000
3B9C73C9
00000000
00000000
276326EC
5D975A60
2B2462AF
00000001
00000000
3B9C73C9
00000000
00000000
1C19430D
11D6E797
7880371F
00000001
00000000
3B9C73C9
00000000
00000000
C1414297
7475E57B
D517916F
00000001
00000001
00000000
7A5DBFE5
00000004
00000004
00000000
3B9C73CB
00000000
00000000
AC816E2C
6A75F505
6A16E2B1
5383E5B9
D27C2A75
597E36F8
08D43571
5C9310C0
3B9C73CB
00000000
00000000
7265DE52
08DBCBEC
F46D9070
2826215F
29B1DB28
224AF25E
1AF9E9A1
29F6AC03
3B9C73CB
00000000
00000000
AF18C8C7
59B505D6
F19A91F4
3C29FF4D
AA0DAFEF
A21AA95B
E0D74CBF
3B737CAD
3B9C73CB
00000000
00000000
585E8995
077D1A46
955780EB
54AF1BE0
F00EFC14
F71D3826
D7567190
C0CAA823
00000004
00000004
00000000
27108723
C09FB0F5
1275221D
1556247D
00000000
00000000
00000001
00000000
87C3EC91
00000059
000000A7
F033D8DA
00000001
00000000
87C3EC91
00000059
// vkCreateRenderPass2[3]
000000A7
00000001
794A6F0B
00000077
00000001
00000000
3B9C73CC
00000000
00000000
A3B392E1
00000003
00000003
00000000
3B9C73C8
00000000
00000000
6B468F75
EFC253CC
0F935794
62338E80
32EB1105
BF618B74
8F1BAB29
4B4CB968
09B335D9
3B9C73C8
00000000
00000000
A88EC496
65163E06
BAF67341
DBD1F446
047A96B5
DAA76084
64D8008A
7E04B85E
6FBBD218
3B9C73C8
00000000
00000000
3674B958
E8B3A23F
A0E7EC0C
623ECB32
F5786599
920819B3
44B95BB4
16C53887
25D4494B
00000000
00000000
00000000
00000003
00000003
00000000
3B9C73CB
00000000
00000000
1545958F
4E5506B4
F6D535B7
EB608C23
F406D883
A9F8FC0D
24FE20C5
FFA2676E
3B9C73CB
00000000
00000000
007CC638
8341C2F5
33F8C490
81CFEBB6
BC0FF993
82E83672
0F5AB729
443F1D35
3B9C73CB
00000000
00000000
185B1D08
42F68EC2
550C018E
4C6E975C
47579A86
5CE0503C
A37326B0
FC3AA6C0
00000001
00000001
00000000
EDBB7D60
00000000
00000000
00000001
00000000
9DD9A96D
00000074
000000A7
10C94DAE
00000001
00000000
9DD9A96D
00000074
// vkCreateRenderPass2[4]
000000A7
00000001
8BCD69B1
00000094
00000001
00000000
3B9C73CC
00000000
00000000
60B3362E
00000004
00000004
00000000
3B9C73C8
00000000
00000000
562BD845
A51256AC
FE75CBEC
1EC3F099
4C30B236
FCB2B0C7
250B27E5
E2DC5410
0D772946
3B9C73C8
00000000
00000000
F1AF40EA
DF621546
902A8B5A
03E34566
B6C0647A
A58A4716
683969E4
B73A7825
B09D47D5
3B9C73C8
00000000
00000000
17C1F998
3324FF61
443B5E95
74CF8C1F
21963E35
D0851B16
79315838
D31B2F3F
2D7FE52C
3B9C73C8
00000000
00000000
4C6A5351
FB8837E0
05EC479E
60CA9955
1594E2DC
45ED85FE
CD8A0066
23566056
92D1B019
00000003
00000003
00000000
3B9C73CA
00000000
00000000
4D3FE661
E029C558
AA4D6E64
00000001
00000001
00000000
3B9C73C9
00000000
00000000
29514498
12E2A87C
446CF1AD
00000002
00000002
00000000
3B9C73C9
00000000
00000000
C5F91402
D4495220
C3F0931C
3B9C73C9
00000000
00000000
840211AE
13052C99
17537A9A
00000002
00000000
3B9C73C9
00000000
00000000
8A975207
A7F37F7B
AA698B2D
3B9C73C9
00000000
00000000
1C73E735
C743E753
C231A732
00000001
00000000
3B9C73C9
00000000
00000000
A92FDB9A
A0BD5255
34DC6815
00000001
00000001
00000000
72FD60FC
3B9C73CA
00000000
00000000
6E7D7583
9CA3ACAE
D0B1D366
00000003
00000003
00000000
3B9C73C9
00000000
00000000
E022E0B2
7F270F93
925B3903
3B9C73C9
00000000
00000000
1B960BF1
F17C88F0
33A5A7C3
3B9C73C9
00000000
00000000
A0E3E73C
FD1E6FF4
5F9F6333
00000003
00000003
00000000
3B9C73C9
00000000
00000000
36B26FF4
519779F2
18A33E36
3B9C73C9
00000000
00000000
734FD203
AE6A9FF1
66540C83
3B9C73C9
00000000
00000000
9AB0EAF7
7433BBCA
3EE9D549
00000003
00000000
3B9C73C9
00000000
00000000
331621AA
3FA6BE6F
6FB2767D
3B9C73C9
00000000
00000000
20E4422B
5A47AEBE
46BEBC00
3B9C73C9
00000000
00000000
1FB1EDF0
EC2B5318
0BA27701
00000001
00000000
3B9C73C9
00000000
00000000
A4592535
616DD884
B4B106B6
00000003
00000003
00000000
928EDC40
C6B54EF0
2F1E07DC
3B9C73CA
00000000
00000000
BAD0F74C
FB1AE587
F74D4EE0
00000003
00000003
00000000
3B9C73C9
00000000
00000000
F7BB529E
B0061FB5
D9E7F784
3B9C73C9
00000000
00000000
9F81982A
9436DD28
89342F15
3B9C73C9
00000000
00000000
D571CC8B
217957C5
DD33C43F
00000001
00000001
00000000
3B9C73C9
00000000
00000000
28D8EAD6
58A47AE6
F4457EF6
00000001
00000000
3B9C73C9
00000000
00000000
E1533946
14DDF7F8
A9B811A5
00000000
00000000
00000002
00000002
00000000
81FA2BB2
310A12A6
00000004
00000004
00000000
3B9C73CB
00000000
00000000
3C105AE8
5595CDEC
EFF4AC60
83F0BB52
C315E359
93D0A3B0
600FA58E
37B9ECBB
3B9C73CB
00000000
00000000
49FF397C
1F3C9ECF
377BEAD3
1BD10255
F92D2321
DDF46055
F36AD779
42D7623E
3B9C73CB
00000000
00000000
C8A32BC4
D2600231
907BE518
8A4C185C
8ABF91CC
20AEF288
FB7A03AA
FF528010
3B9C73CB
00000000
00000000
32609A50
A90FB97F
C2303129
B16BEF0C
E7B05753
512E9A3E
C30EB78C
E4AE2C05
00000002
00000002
00000000
6813BCF3
F3CAEF9C
00000000
00000000
00000001
00000000
DFDC09F3
000000AB
000000A7
949A2E6C
00000001
00000000
DFDC09F3
000000AB
// vkCreateRenderPass2[5]
000000A7
00000001
0A15A505
00000004
00000001
00000000
3B9C73CC
00000000
00000000
4E35F398
00000004
00000004
00000000
3B9C73C8
00000000
00000000
809B560B
C2327E4E
04992662
634D66D5
749B3BA0
2CC0508D
FED984AE
C87EB9B8
70B3DFE2
3B9C73C8
00000000
00000000
FFF75E07
F70286DF
89FDA80E
08A3637D
025FD640
21748086
4DDC7455
7A35F297
9DC6757D
3B9C73C8
00000000
00000000
A1867163
A53A69F8
A52C8376
C562FE5A
8CB002BB
B58AC8D8
08FB9F93
BF5BA5A5
738AEA27
3B9C73C8
00000000
00000000
12741FAA
FE41873D
036BD6EB
6E133C6C
CB1BC49E
D4470E88
24C21CD6
01150DEA
E24687DD
00000004
00000004
00000000
3B9C73CA
00000000
00000000
1138AC65
389669D1
00C565E4
00000001
00000001
00000000
3B9C73C9
00000000
00000000
E9C3D166
FE4E56F5
59786231
00000003
00000003
00000000
3B9C73C9
00000000
00000000
2C9698F5
D31E225C
BEC101A3
3B9C73C9
00000000
00000000
280A02CB
7F902031
6812FBAE
3B9C73C9
00000000
00000000
2B05B105
9E10D3B8
C5B42F0E
00000003
00000000
3B9C73C9
00000000
00000000
F78014BB
E44AA713
88B4E76D
3B9C73C9
00000000
00000000
F8A731DB
64F6AF08
F010E3BF
3B9C73C9
00000000
00000000
4C7253FA
FAFF9D79
98BBC329
00000001
00000000
3B9C73C9
00000000
00000000
DBFB8BC1
411BF042
751ABED7
00000001
00000001
00000000
2F236397
3B9C73CA
00000000
00000000
D7340EB7
FE75E0F2
E2EB8FB4
00000004
00000004
00000000
3B9C73C9
00000000
00000000
A8EB369D
A5A6F1EF
05DF3042
3B9C73C9
00000000
00000000
CC7BC431
88F1608D
45BE5741
3B9C73C9
00000000
00000000
2C020BBB
8B256CCE
5A5D4EA7
3B9C73C9
00000000
00000000
1BC3C5F6
88E8A8DA
402277C7
00000001
00000001
00000000
3B9C73C9
00000000
00000000
B134A61B
6C8FB7C5
06246DB0
00000001
00000000
3B9C73C9
00000000
00000000
2D56CA45
0E1DCD94
027B0D42
00000001
00000000
3B9C73C9
00000000
00000000
8A9EA7EE
02122B89
764F1344
00000003
00000003
00000000
5D88EBF2
9A6D7BB6
C53FCB5F
3B9C73CA
00000000
00000000
FE51E40B
9645F7B7
A616DCCE
00000000
00000000
00000000
00000000
00000000
00000000
00000000
00000000
00000000
00000000
00000000
00000000
00000000
3B9C73CA
00000000
00000000
9250DF06
BDCF2894
90E38BF1
00000001
00000001
00000000
3B9C73C9
00000000
00000000
1214F61C
5829C9B4
680205D3
00000003
00000003
00000000
3B9C73C9
00000000
00000000
30F65AED
44CD3105
B832833B
3B9C73C9
00000000
00000000
B94D1F12
6978376F
CAD4F605
3B9C73C9
00000000
00000000
37F63ED7
19A61732
52A2BC40
00000003
00000000
3B9C73C9
00000000
00000000
3D300DE8
51389E85
8AF7BFAE
3B9C73C9
00000000
00000000
74BC66CC
1981FBDC
039FC528
3B9C73C9
00000000
00000000
C1887406
B6D07FDC
F9B6829F
00000001
00000000
3B9C73C9
00000000
00000000
DFA0FF93
CF671C7F
0829E0AE
00000001
00000001
00000000
523930E7
00000002
00000002
00000000
3B9C73CB
00000000
00000000
472E378D
C6D10872
293A7A1B
1C6C6FEC
30D52F23
60773380
8F537315
6E816997
3B9C73CB
00000000
00000000
10CA8270
486975FA
DACA451E
7FFD24D3
808C0E83
7679FE3C
3A25EF8E
D5D49353
00000004
00000004
00000000
B953E8E5
0CB88C21
DEF5042B
4272B9F8
00000000
00000000
00000001
00000000
D8091C75
00000027
000000A7
EC79288F
00000001
00000000
D8091C75
00000027
// vkCreateRenderPass2[6]
000000A7
00000001
A7012FB5
00000056
00000001
00000000
3B9C73CC
00000000
00000000
738BC8FF
00000004
00000004
00000000
3B9C73C8
00000000
00000000
7487CA5F
2040F5BE
27760123
F045F248
000F5D3D
6205F750
E4DC8081
2B57C3BA
21B82872
3B9C73C8
00000000
00000000
A32F2D81
34F2AA54
A1F2CF1A
DC6D8763
1C1BFFCB
E7A4235F
0E32F3BB
C70F5C29
939A7F65
3B9C73C8
00000000
00000000
3935CF3A
8A7A2015
65D78414
B7AB242C
5932A80C
4B1920E0
173AAF66
DB39CED6
395757BC
3B9C73C8
00000000
00000000
063495A3
1858B848
4372CE54
476BFB1C
4A0D4FB3
8D208D1A
4F5AD3BF
2EAD6AF0
6E743911
00000003
00000003
00000000
3B9C73CA
00000000
00000000
6056C2DB
47F6B73B
8C53CC29
00000003
00000003
00000000
3B9C73C9
00000000
00000000
356D62A2
6AF25225
59BFAD20
3B9C73C9
00000000
00000000
889B5DC2
EB0761C8
723413F0
3B9C73C9
00000000
00000000
657E8DB8
59EB1D4D
B508C47F
00000002
00000002
00000000
3B9C73C9
00000000
00000000
2ADABB30
953ED8A3
4053D98C
3B9C73C9
00000000
00000000
87A2D142
EDEDB5DE
A44DBD47
00000002
00000000
3B9C73C9
00000000
00000000
1CDE10B7
BF77B761
52A09B4C
3B9C73C9
00000000
00000000
E369841F
3E5BBF0E
840A3D4A
00000001
00000000
3B9C73C9
00000000
00000000
23F3B807
FC20994D
99C35E8A
00000000
00000000
00000000
3B9C73CA
00000000
00000000
ED83D7D8
665B1C1B
B669D5CD
00000000
00000000
00000000
00000004
00000004
00000000
3B9C73C9
00000000
00000000
E3157EDA
56508064
F8C4A096
3B9C73C9
00000000
00000000
57FA5640
83956D76
BEDE4C03
3B9C73C9
00000000
00000000
D93A6013
0AFD87F4
009A54DA
3B9C73C9
00000000
00000000
EDDB9112
48850EFF
D16F242F
00000004
00000000
3B9C73C9
00000000
00000000
0D53803F
DCC46EF0
FF4109BD
3B9C73C9
00000000
00000000
7A2A14EC
7FD29B33
0D506EEA
3B9C73C9
00000000
00000000
DB445E78
3143B72A
BCF56FBB
3B9C73C9
00000000
00000000
D837FF02
594C8073
47DB301A
00000000
00000000
00000002
00000002
00000000
1BFB8F37
EA27070A
3B9C73CA
00000000
00000000
5F726FAD
837EC601
39F43FC6
00000002
00000002
00000000
3B9C73C9
00000000
00000000
EDA8A60A
08C4763F
976E0791
3B9C73C9
00000000
00000000
222A7986
20E3A7E4
91969EDD
00000001
00000001
00000000
3B9C73C9
00000000
00000000
EC5789BE
16F154A3
08E32A7F
00000001
00000000
3B9C73C9
00000000
00000000
F0AE726D
31B65991
FED9F2E2
00000000
00000000
00000003
00000003
00000000
C88A45DE
CB86C3EE
C9BFCC5B
00000001
00000001
00000000
3B9C73CB
00000000
00000000
3E2C5E5E
3AB4C823
0686C6E4
6BD5F015
51CF4402
DDB48B65
E2EDF82B
8C75CEE7
00000003
00000003
00000000
2132AA0F
57805021
A96F4E6E
00000000
00000000
00000000
00000000
000000A7
F5251AB4
00000000
00000000
// vkCreateRenderPass2[7]
000000A7
00000001
1833D3E3
00000073
00000001
00000000
3B9C73CC
00000000
00000000
CF778B0C
00000004
00000004
00000000
3B9C73C8
00000000
00000000
D0630B0C
B569C59F
A2E7BC29
51DE1C39
F9023DC1
B7E12F29
96F03060
59DFBFF2
B0197BA1
3B9C73C8
00000000
00000000
DFE6A239
7740E384
FA5DE194
4E15FE52
11E5BCCA
7B33D4DF
0E738BDE
7C79A77D
B8B432AB
3B9C73C8
00000000
00000000
1D526665
53802972
EBBA7083
2EA80E67
C9819F2A
2C54D519
51743E05
68F28A5B
DDD30A71
3B9C73C8
00000000
00000000
929DBE3D
EC48B743
2C16C3FF
B10F5C91
2EC92299
B9C2FE12
CFEE8048
DEE25092
D6B00A0D
00000002
00000002
00000000
3B9C73CA
00000000
00000000
9DAC1534
F26A60EE
FA886F6F
00000004
00000004
00000000
3B9C73C9
00000000
00000000
C5562339
BDC1214A
BB82A722
3B9C73C9
00000000
00000000
BE424A69
E2FB6A0E
BE5E0141
3B9C73C9
00000000
00000000
F13D0629
5FD65DA8
458F70A6
3B9C73C9
00000000
00000000
4E20D46D
7BEB9262
08ED6E5B
00000003
00000003
00000000
3B9C73C9
00000000
00000000
CF61528F
75761D4D
4E46C099
3B9C73C9
00000000
00000000
9C3A2193
91F11F3C
1F1477EB
3B9C73C9
00000000
00000000
E7FA6841
6D5D1ACE
3DE3F76C
00000003
00000000
3B9C73C9
00000000
00000000
F17573BB
ECD61139
35EF0163
3B9C73C9
00000000
00000000
FBD6B90C
80C4C5F8
FF7C8F85
3B9C73C9
00000000
00000000
C672BA49
8893E5E9
4C251B91
00000000
00000000
00000002
00000002
00000000
9C728FFC
EB6868F3
3B9C73CA
00000000
00000000
5083903E
6CCA639A
A1DE6C84
00000001
00000001
00000000
3B9C73C9
00000000
00000000
CD98227F
C9C9EA6A
2C9138CC
00000003
00000003
00000000
3B9C73C9
00000000
00000000
2C3F79F7
02CDE61B
A815E336
3B9C73C9
00000000
00000000
15373071
74D7BE3F
91A880C5
3B9C73C9
00000000
00000000
30988571
8716D4AA
D4CDE7C7
00000003
00000000
3B9C73C9
00000000
00000000
D8F797C0
3DEE9AD6
B48206C5
3B9C73C9
00000000
00000000
4209F7B4
8DDE5F69
973F3DDB
3B9C73C9
00000000
00000000
68F9F7ED
2538BCC0
C494A14E
00000001
00000000
3B9C73C9
00000000
00000000
C1A11ACC
E96F5B0B
17AAE77E
00000001
00000001
00000000
C6C2D704
00000002
00000002
00000000
3B9C73CB
00000000
00000000
53E07683
6E80D2FF
37DE71FE
8F02A0A7
1A1C2222
3747C7CE
5C4B7AC4
8B981C76
3B9C73CB
00000000
00000000
2918F47C
C2422578
D2E6DDD2
50218A51
61BD07AE
D532642D
1C9548BA
3B794940
00000003
00000003
00000000
E2F61288
EB430714
6DAE622C
00000000
00000000
00000001
00000000
EF36D0BB
00000065
000000A7
9E1DF74F
00000001
00000000
EF36D0BB
00000065
// vkCreateFramebuffer[0]
00000050
00000001
4970B4DB
000000B2
00000000
00000000
00000000
00000000
00000001
00000000
8AC96E69
00000012
00000050
F796578F
00000001
00000000
8AC96E69
00000012
// vkCreateFramebuffer[1]
00000050
00000001
E6AD884F
000000A1
00000000
00000000
00000000
00000000
00000001
00000000
0E11A5E5
0000007C
00000050
9C725BD1
00000001
00000000
0E11A5E5
0000007C
// vkCreateFramebuffer[2]
00000050
00000001
B45CEB33
00000085
00000000
00000000
00000000
00000000
00000001
00000000
3E359F0B
00000078
00000050
ABD9A9E4
00000001
00000000
3E359F0B
00000078
// vkCreateFramebuffer[3]
00000050
00000001
9F0E0DD1
000000E9
00000001
00000000
00000025
00000000
00000000
59E48AD4
4262DD61
000000C8
00000001
00000001
00000000
B514FF24
000000B1
B0357850
88BED0EE
0FCA01E8
00000000
00000000
00000001
00000000
880AD87D
000000A5
00000050
1FAB2201
00000001
00000000
880AD87D
000000A5
// vkCreateFramebuffer[4]
00000050
00000001
A9D1F6F3
0000001A
00000001
00000000
00000025
00000000
00000000
1F344963
D05D7959
0000000B
00000000
00000000
00000000
2D17ADA0
BD15DB3E
4A4C7684
00000000
00000000
00000001
00000000
0FE1FC55
00000015
00000050
1D56391F
00000001
00000000
0FE1FC55
00000015
// vkCreateFramebuffer[5]
00000050
00000001
E0A1AED5
00000031
00000001
00000000
00000025
00000000
00000000
022231FD
2F73DE35
00000032
00000000
00000000
00000000
29BE0E8E
EE8936AA
BAFDDF2B
00000000
00000000
00000001
00000000
A47053AB
00000006
00000050
3BAE8D41
00000001
00000000
A47053AB
00000006
// vkCreateFramebuffer[6]
00000050
00000001
0B893CEF
000000D8
00000001
00000000
00000025
00000000
00000000
CB426FD3
EB557B25
000000D2
00000000
00000000
00000000
68DCA1B0
2506CF00
3543FE59
00000000
00000000
00000000
00000000
00000050
FE670F7F
00000000
00000000
// vkCreateFramebuffer[7]
00000050
00000001
AD6E2973
0000005F
00000001
00000000
00000025
00000000
00000000
CDFE8E3E
78AA054F
00000007
00000004
00000004
00000000
0BC59986
000000CB
167C7C7A
0000007F
36D78C05
0000001D
A0F9159A
0000001D
04B5243D
FD38DDAC
E3EE4703
00000000
00000000
00000001
00000000
D78D194D
000000C5
00000050
718F6FD9
00000001
00000000
D78D194D
000000C5
// vkCreateDescriptorPool[0]
0000004A
00000001
1D513173
0000000B
00000000
00000000
00000000
00000000
00000001
00000000
19E439B5
000000AC
0000004A
40627C26
00000001
00000000
19E439B5
000000AC
// vkCreateDescriptorPool[1]
0000004A
00000001
4E218577
00000029
00000001
00000000
00000021
00000000
00000000
898849E3
573332DA
00000001
00000001
00000000
820B5CF7
8DADD226
00000000
00000000
00000001
00000000
89734401
0000009C
0000004A
16793000
00000001
00000000
89734401
0000009C
// vkCreateDescriptorPool[2]
0000004A
00000001
D4D67F17
00000070
00000000
00000000
00000000
00000000
00000000
00000000
0000004A
126056ED
00000000
00000000
// vkCreateDescriptorPool[3]
0000004A
00000001
A3DF7F35
00000009
00000000
00000000
00000000
00000000
00000001
00000000
A08BD3EB
00000088
0000004A
8F0D90E8
00000001
00000000
A08BD3EB
00000088
// vkCreateDescriptorPool[4]
0000004A
00000001
C707F02B
000000BF
00000001
00000000
00000021
00000000
00000000
868907B3
122DB0E5
00000002
00000002
00000000
8333B39E
4EB24638
C6492B45
7352AC88
00000000
00000000
00000001
00000000
6E107A3D
000000F1
0000004A
6C45B3F1
00000001
00000000
6E107A3D
000000F1
// vkCreateDescriptorPool[5]
0000004A
00000001
3F63ABD3
000000D7
00000000
00000000
00000000
00000000
00000000
00000000
0000004A
AB4E6306
00000000
00000000
// vkCreateDescriptorPool[6]
0000004A
00000001
9E1D7229
000000CE
00000001
00000000
00000021
00000000
00000000
26B09804
741E3AFE
00000004
00000004
00000000
01D4A0F2
9AFB2A17
03350ACB
6A3252C8
60CFEF68
53B2143B
839FD937
CDC60292
00000000
00000000
00000001
00000000
48B34651
00000004
0000004A
BA17E176
00000001
00000000
48B34651
00000004
// vkCreateDescriptorPool[7]
0000004A
00000001
034F779D
00000000
00000000
00000000
00000000
00000000
00000001
00000000
B31322FD
0000007C
0000004A
DF2221E1
00000001
00000000
B31322FD
0000007C
// vkResetDescriptorPool[0]
0000004C
00000001
3309C6E7
0000001A
158132A9
000000D8
4627CC52
0000004C
19BEC5FA
// vkResetDescriptorPool[1]
0000004C
00000001
3110EB5F
000000D0
BDFE8C75
00000021
E14FF885
0000004C
4D2D704C
// vkResetDescriptorPool[2]
0000004C
00000001
22BFA507
00000056
251EF4CF
00000089
20AF0DEC
0000004C
EB09A408
// vkResetDescriptorPool[3]
0000004C
00000001
EEE8193F
000000BD
1AF4CE23
00000096
B6A2A99C
0000004C
657B8DAC
// vkResetDescriptorPool[4]
0000004C
00000001
7A4E4513
000000ED
3994FFAB
0000000D
CCC8C880
0000004C
F1D566D5
// vkResetDescriptorPool[5]
0000004C
00000001
747F53E9
00000038
8CB37DA3
0000008C
DBC5FFB7
0000004C
C6FDEFA9
// vkResetDescriptorPool[6]
0000004C
00000001
B0D480AB
00000081
7982BFDD
000000D5
937B7A3B
0000004C
37CB9720
// vkResetDescriptorPool[7]
0000004C
00000001
B9E4756F
0000004C
3555FE17
000000C8
5E23AB07
0000004C
DBE2CFD6
// vkAllocateDescriptorSets[0]
0000004D
00000001
4A186491
000000B9
00000000
00000000
00000000
00000000
0000004D
A130B437
00000000
00000000
// vkAllocateDescriptorSets[1]
0000004D
00000001
C38F6F65
00000064
00000001
00000000
00000022
00000000
00000000
B1A0422D
00000024
00000004
00000004
00000000
712C228B
00000060
F317263A
0000002B
C3BF10F2
0000006E
63977551
0000002C
00000004
00000000
9F9EC59B
00000007
7266AD2B
0000004C
6D82419D
00000068
918B96C1
0000006B
0000004D
BC6DA275
00000004
00000000
9F9EC59B
00000007
7266AD2B
0000004C
6D82419D
00000068
918B96C1
0000006B
// vkAllocateDescriptorSets[2]
0000004D
00000001
895A6E01
0000009C
00000001
00000000
00000022
00000000
00000000
131F59F3
000000A4
00000004
00000004
00000000
928C9CDC
00000052
3BF21B74
000000BB
B630CD2C
000000C3
635A1CC1
000000C1
00000004
00000000
48CB487D
0000001A
1FB17195
00000063
05A61650
000000EB
35AE83E7
0000009C
0000004D
67E6E249
00000004
00000000
48CB487D
0000001A
1FB17195
00000063
05A61650
000000EB
35AE83E7
0000009C
// vkAllocateDescriptorSets[3]
0000004D
00000001
8E5C72C3
00000074
00000001
00000000
00000022
00000000
00000000
EC9DF14D
000000EC
00000003
00000003
00000000
1931E563
00000082
49212215
00000073
A8E79AE9
00000049
00000003
00000000
DC6BBC22
0000006F
87ECA5AE
00000076
3D2A8B04
00000058
0000004D
52C51959
00000003
00000000
DC6BBC22
0000006F
87ECA5AE
00000076
3D2A8B04
00000058
// vkAllocateDescriptorSets[4]
0000004D
00000001
FF646C6B
0000003B
00000001
00000000
00000022
00000000
00000000
0538BB67
00000040
00000004
00000004
00000000
EFA67C6E
000000E6
F665C7B0
0000001E
C11D3A4B
0000007B
C29A9F79
000000AB
00000004
00000000
E8F6DDE5
0000004C
0DE40904
00000009
443D55A9
0000008A
646C5F14
00000067
0000004D
2DD0BA55
00000004
00000000
E8F6DDE5
0000004C
0DE40904
00000009
443D55A9
0000008A
646C5F14
00000067
// vkAllocateDescriptorSets[5]
0000004D
00000001
92D47301
000000E7
00000000
00000000
00000000
00000000
0000004D
C0A8426B
00000000
00000000
// vkAllocateDescriptorSets[6]
0000004D
00000001
DF4E8DBF
0000003A
00000001
00000000
00000022
00000000
00000000
732E0683
000000AB
00000004
00000004
00000000
54AC7D25
00000044
7AF68D8E
00000037
689E8302
0000008A
F625E6FD
000000A9
00000004
00000000
A48649DA
000000EE
E4B2FEB1
0000005A
D30FF16B
0000000D
EDDD3EF5
00000067
0000004D
51D8E51E
00000004
00000000
A48649DA
000000EE
E4B2FEB1
0000005A
D30FF16B
0000000D
EDDD3EF5
00000067
// vkAllocateDescriptorSets[7]
0000004D
00000001
79FF862B
00000007
00000000
00000000
00000000
00000000
0000004D
1B2BA2D9
00000000
00000000
// vkFreeDescriptorSets[0]
0000004E
00000001
4229F603
00000023
3779669F
00000000
00000003
00000003
00000000
8AA29EC5
00000001
1226C38F
000000E6
207AD901
00000006
0000004E
B97F1844
// vkFreeDescriptorSets[1]
0000004E
00000001
8EC227F9
000000AC
0C68F775
00000001
00000000
00000000
00000000
0000004E
A271BE75
// vkFreeDescriptorSets[2]
0000004E
00000001
7552C5EF
0000007D
E7380889
000000BB
00000002
00000002
00000000
6B47825C
00000004
32157765
000000F3
0000004E
2AEC5DAB
// vkFreeDescriptorSets[3]
0000004E
00000001
07F9AA37
000000D2
C3A3929B
00000022
00000000
00000000
00000000
0000004E
34B6B730
// vkFreeDescriptorSets[4]
0000004E
00000001
D692DB51
00000033
3CF95BBD
00000002
00000002
00000002
00000000
3D22EA56
000000E8
F2A9EADC
000000DC
0000004E
9694A48B
// vkFreeDescriptorSets[5]
0000004E
00000001
20BAA987
00000068
63754297
00000086
00000003
00000003
00000000
FBDE23E1
00000032
E96A381C
00000066
420B6C7F
000000D3
0000004E
D98F746C
// vkFreeDescriptorSets[6]
0000004E
00000001
84B6951F
000000A6
D6F4956D
00000048
00000001
00000001
00000000
EC5E4BD0
0000002A
0000004E
CCFB779B
// vkFreeDescriptorSets[7]
0000004E
00000001
5C2FCEBB
00000007
6DF7A1F7
00000045
00000002
00000002
00000000
183479E5
000000B3
58B39F00
00000058
0000004E
E1DBDD8F
// vkCreateCommandPool[0]
00000055
00000001
2D08371B
000000E6
00000001
00000000
00000027
00000000
00000000
12AB0751
CB5FC422
00000000
00000000
00000001
00000000
A73C5A53
000000CD
00000055
CC8EADD1
00000001
00000000
A73C5A53
000000CD
// vkCreateCommandPool[1]
00000055
00000001
D8F08F43
000000A5
00000001
00000000
00000027
00000000
00000000
23EAE3D5
51391AB0
00000000
00000000
00000001
00000000
E89603CF
00000030
00000055
A92307DA
00000001
00000000
E89603CF
00000030
// vkCreateCommandPool[2]
00000055
00000001
ADD2E68F
00000008
00000001
00000000
00000027
00000000
00000000
1B3220A7
3DCA9306
00000000
00000000
00000000
00000000
00000055
885B86EF
00000000
00000000
// vkCreateCommandPool[3]
00000055
00000001
B2246991
00000045
00000000
00000000
00000000
00000000
00000000
00000000
00000055
FA97D3D7
00000000
00000000
// vkCreateCommandPool[4]
00000055
00000001
663ED21F
000000F7
00000000
00000000
00000000
00000000
00000001
00000000
64C690E5
00000095
00000055
59BA916E
00000001
00000000
64C690E5
00000095
// vkCreateCommandPool[5]
00000055
00000001
D7D3FE65
0000007B
00000001
00000000
00000027
00000000
00000000
C39755AD
B9F81074
00000000
00000000
00000001
00000000
25B59895
000000C9
00000055
F31A98C8
00000001
00000000
25B59895
000000C9
// vkCreateCommandPool[6]
00000055
00000001
CB98FFDD
000000FF
00000001
00000000
00000027
00000000
00000000
296E51C8
F8A01E8E
00000000
00000000
00000001
00000000
BC3C94CF
000000B2
00000055
11E2EE73
00000001
00000000
BC3C94CF
000000B2
// vkCreateCommandPool[7]
00000055
00000001
33301113
000000B4
00000001
00000000
00000027
00000000
00000000
6AC59710
B1EBE62B
00000000
00000000
00000001
00000000
7053F17B
0000000C
00000055
526C5D0E
00000001
00000000
7053F17B
0000000C
// vkResetCommandPool[0]
00000057
00000001
2E3E84F1
00000091
32C50BC7
00000096
55F2DDAE
00000057
6030E7B2
// vkResetCommandPool[1]
00000057
00000001
45F191F7
00000075
E1DEBC75
00000099
CA66F894
00000057
266CADE8
// vkResetCommandPool[2]
00000057
00000001
8A7AD5C7
00000065
3E5FF1B5
00000026
BDE6BCEB
00000057
B4E73E54
// vkResetCommandPool[3]
00000057
00000001
BFE94C67
000000D8
57566CEF
00000094
B6D107E7
00000057
3401BEF9
// vkResetCommandPool[4]
00000057
00000001
3E84AB39
000000DE
D6CEFDB5
00000060
B1857D68
00000057
00CBF391
// vkResetCommandPool[5]
00000057
00000001
7A1D64A5
000000F0
B0171103
000000D5
AA9A2BE3
00000057
49F391E3
// vkResetCommandPool[6]
00000057
00000001
22DB1C97
000000BC
C3138D09
000000AE
9151B6F2
00000057
37128162
// vkResetCommandPool[7]
00000057
00000001
5726300F
00000057
F23DB707
00000042
EF9E317D
00000057
BC5FE20B
// vkAllocateCommandBuffers[0]
00000058
00000001
F77F082F
0000000C
00000000
00000000
00000000
00000000
00000058
3D937226
00000000
00000000
// vkAllocateCommandBuffers[1]
00000058
00000001
67FF27C5
00000093
00000001
00000000
00000028
00000000
00000000
97FCAE53
0000008F
09554E2C
00000004
00000004
00000000
32D317DC
000000A6
3EF4C1C7
0000003D
F95430FE
00000081
57EB5E31
0000006F
00000058
D9E85AEF
00000004
00000000
32D317DC
000000A6
3EF4C1C7
0000003D
F95430FE
00000081
57EB5E31
0000006F
// vkAllocateCommandBuffers[2]
00000058
00000001
52D166F9
0000000D
00000001
00000000
00000028
00000000
00000000
8F97792D
000000A4
9C1DF165
00000002
00000002
00000000
EE29CA5E
000000B9
54916F69
00000029
00000058
BD474FE5
00000002
00000000
EE29CA5E
000000B9
54916F69
00000029
// vkAllocateCommandBuffers[3]
00000058
00000001
39F5EC9D
000000D0
00000001
00000000
00000028
00000000
00000000
0B6291A9
00000048
8D636475
00000000
00000000
00000000
00000058
4979B0BA
00000000
00000000
// vkAllocateCommandBuffers[4]
00000058
00000001
2533214B
000000EE
00000001
00000000
00000028
00000000
00000000
005E5587
0000006D
7C22C9B0
00000001
00000001
00000000
33BCC7C6
000000B7
00000058
1E6EBFD4
00000001
00000000
33BCC7C6
000000B7
// vkAllocateCommandBuffers[5]
00000058
00000001
5087E74F
000000A2
00000001
00000000
00000028
00000000
00000000
11FDEBE1
00000050
5A82539F
00000000
00000000
00000000
00000058
37869809
00000000
00000000
// vkAllocateCommandBuffers[6]
00000058
00000001
9FEFDD15
0000006B
00000001
00000000
00000028
00000000
00000000
E1BED7FD
00000092
DA4EFBDA
00000004
00000004
00000000
2237C5F8
00000080
629C9E41
0000006B
6E41A5EB
00000075
7AD1D70A
000000EF
00000058
9FC0F6C5
00000004
00000000
2237C5F8
00000080
629C9E41
0000006B
6E41A5EB
00000075
7AD1D70A
000000EF
// vkAllocateCommandBuffers[7]
00000058
00000001
3DCB554B
0000009D
00000001
00000000
00000028
00000000
00000000
3F4AF283
000000D3
DC65457D
00000000
00000000
00000000
00000058
06910527
00000000
00000000
// vkBeginCommandBuffer[0]
0000005A
00000001
520168F7
00000059
00000001
00000000
0000002A
00000000
00000000
D5F71DA4
00000001
00000000
00000029
00000000
00000000
3C3682F5
00000031
97FAB980
B2D227B9
00000020
00000001
28142E8F
2B9C4F32
0000005A
24699594
// vkBeginCommandBuffer[1]
0000005A
00000001
AEDC1239
00000039
00000001
00000000
0000002A
00000001
00000000
3B9BB464
00000000
00000000
5FFADB8D
568773C6
00000001
00000000
00000029
00000000
00000000
5BB177B1
000000BA
CCF27CFE
F3935643
000000BD
00000000
785D14B1
695E43F9
0000005A
DF3A96F1
// vkBeginCommandBuffer[2]
0000005A
00000001
76A2F2A9
000000DF
00000001
00000000
0000002A
00000000
00000000
253D34AF
00000000
00000000
0000005A
9AC5DF35
// vkBeginCommandBuffer[3]
0000005A
00000001
94EEA0AB
00000039
00000000
00000000
0000005A
6918581B
// vkBeginCommandBuffer[4]
0000005A
00000001
741B7B2B
000000A0
00000001
00000000
0000002A
00000000
00000000
302A0A5B
00000000
00000000
0000005A
C544E716
// vkBeginCommandBuffer[5]
0000005A
00000001
6720A025
0000007F
00000001
00000000
0000002A
00000000
00000000
73A273ED
00000001
00000000
00000029
00000000
00000000
76D5C99D
0000004C
0CEC4D9F
60B27DA1
000000C0
00000001
E8A426A9
E7DE375F
0000005A
2C2FDBAB
// vkBeginCommandBuffer[6]
0000005A
00000001
2BB82F7F
00000070
00000001
00000000
0000002A
00000000
00000000
FF66EFCF
00000000
00000000
0000005A
7962034A
// vkBeginCommandBuffer[7]
0000005A
00000001
4B30037F
0000005C
00000001
00000000
0000002A
00000000
00000000
1485EF08
00000001
00000000
00000029
00000000
00000000
75181725
000000A9
6D00C7EF
310FBE3F
000000B9
00000001
47B6597F
B878E5EF
0000005A
B0CF7089
// vkEndCommandBuffer[0]
0000005B
00000001
22F14E01
000000F7
0000005B
432CEAEF
// vkEndCommandBuffer[1]
0000005B
00000001
62137D31
00000056
0000005B
025992FC
// vkEndCommandBuffer[2]
0000005B
00000001
DE3469B3
0000009E
0000005B
15DBFAF7
// vkEndCommandBuffer[3]
0000005B
00000001
71394B23
0000008A
0000005B
BC9605C4
// vkEndCommandBuffer[4]
0000005B
00000001
B7011E75
000000BF
0000005B
7175601E
// vkEndCommandBuffer[5]
0000005B
00000001
E018EFD7
00000058
0000005B
B96DDFF2
// vkEndCommandBuffer[6]
0000005B
00000001
E5C7F27F
000000C1
0000005B
7C18A77C
// vkEndCommandBuffer[7]
0000005B
00000001
48F1DD0F
000000F6
0000005B
E5B9A285
// vkResetCommandBuffer[0]
0000005C
00000001
639FCAC7
0000004C
1D4332A6
0000005C
0043B8A9
// vkResetCommandBuffer[1]
0000005C
00000001
B266D1D1
0000000C
05B10884
0000005C
243A0A23
// vkResetCommandBuffer[2]
0000005C
00000001
D7141665
00000007
43032A3F
0000005C
28B9D7C2
// vkResetCommandBuffer[3]
0000005C
00000001
0A7BA46B
0000007D
C16879A8
0000005C
B5B293CF
// vkResetCommandBuffer[4]
0000005C
00000001
B30415D9
000000FB
6FF763AB
0000005C
95B19C95
// vkResetCommandBuffer[5]
0000005C
00000001
69676A0D
000000D6
514D8F93
0000005C
65874348
// vkResetCommandBuffer[6]
0000005C
00000001
81005747
000000FE
37723143
0000005C
26BD704C
// vkResetCommandBuffer[7]
0000005C
00000001
997A2C99
000000EC
946E7384
0000005C
AB35C648
// vkCreateFence[0]
00000023
00000001
F1512243
000000E3
00000000
00000000
00000000
00000000
00000001
00000000
ABB0ED91
000000A7
00000023
3B019B35
00000001
00000000
ABB0ED91
000000A7
// vkCreateFence[1]
00000023
00000001
3C706F3B
00000036
00000001
00000000
00000008
00000000
00000000
A37C7D4F
00000000
00000000
00000000
00000000
00000023
14875A92
00000000
00000000
// vkCreateFence[2]
00000023
00000001
2D469E37
000000F4
00000001
00000000
00000008
00000000
00000000
B1904411
00000000
00000000
00000001
00000000
DB32CA17
00000034
00000023
E696A645
00000001
00000000
DB32CA17
00000034
// vkCreateFence[3]
00000023
00000001
31F2E94F
0000007D
00000001
00000000
00000008
00000000
00000000
F4D6BFA0
00000000
00000000
00000001
00000000
E9DAC257
00000097
00000023
DF783A5E
00000001
00000000
E9DAC257
00000097
// vkCreateFence[4]
00000023
00000001
B3D461F1
000000D7
00000001
00000000
00000008
00000000
00000000
A46AEAF9
00000000
00000000
00000001
00000000
DEBBB851
000000DB
00000023
187B1BFF
00000001
00000000
DEBBB851
000000DB
// vkCreateFence[5]
00000023
00000001
CC0AC437
00000054
00000000
00000000
00000000
00000000
00000001
00000000
77CEE105
00000029
00000023
F90CE051
00000001
00000000
77CEE105
00000029
// vkCreateFence[6]
00000023
00000001
C5799A31
00000028
00000001
00000000
00000008
00000000
00000000
7454B777
00000000
00000000
00000000
00000000
00000023
AAFB9E47
00000000
00000000
// vkCreateFence[7]
00000023
00000001
DEA9AB3B
0000004A
00000001
00000000
00000008
00000000
00000000
AB64DDFE
00000000
00000000
00000001
00000000
256E332F
0000006F
00000023
86D033D2
00000001
00000000
256E332F
0000006F
// vkResetFences[0]
00000025
00000001
4080100F
00000063
00000002
00000002
00000000
4DBFF72C
000000BA
EC2D727D
0000006D
00000025
CD0AF0E3
// vkResetFences[1]
00000025
00000001
7B65DBFD
000000B8
00000004
00000004
00000000
A47BDB88
0000001B
54EFF259
000000F1
C36826DB
00000019
2AC5F4AF
00000027
00000025
4D932808
// vkResetFences[2]
00000025
00000001
D094113F
000000B5
00000004
00000004
00000000
8593B253
000000B6
B76755E9
000000E7
2E173D9E
00000016
F28290A1
000000C2
00000025
7323349B
// vkResetFences[3]
00000025
00000001
7F542767
00000068
00000000
00000000
00000000
00000025
845F20D5
// vkResetFences[4]
00000025
00000001
89F10B29
000000DE
00000003
00000003
00000000
C4DC7949
00000062
8DB23DFA
00000060
5CD68347
0000004F
00000025
4CD25DE4
// vkResetFences[5]
00000025
00000001
72BEE6D5
00000079
00000003
00000003
00000000
4D0A7FEE
00000043
79CF8E2C
000000C1
3EE3EFDC
00000054
00000025
37FD33AE
// vkResetFences[6]
00000025
00000001
E77795FD
000000A8
00000004
00000004
00000000
8E85E9F1
0000006D
4D976653
000000D1
1D788F76
0000008C
0BA8267E
00000054
00000025
62BBAE96
// vkResetFences[7]
00000025
00000001
F4A5F505
000000DD
00000003
00000003
00000000
1B08425A
000000CF
12BF44D3
0000001F
F7281EF9
000000F8
00000025
776B51D7
// vkGetFenceStatus[0]
00000026
00000001
5587D4C3
00000048
62B1A43D
00000010
00000026
5E42E736
// vkGetFenceStatus[1]
00000026
00000001
33F08FE1
0000007D
F50F656B
00000010
00000026
1456758F
// vkGetFenceStatus[2]
00000026
00000001
73F02739
0000005D
FBBD4805
000000D9
00000026
C4EE6D24
// vkGetFenceStatus[3]
00000026
00000001
54E9CF4D
000000A9
4D5D9113
000000D7
00000026
1ED51902
// vkGetFenceStatus[4]
00000026
00000001
EE922F4B
000000EC
C0A9EF49
00000062
00000026
CC919DCC
// vkGetFenceStatus[5]
00000026
00000001
0E2316C3
000000DA
37E20DDB
000000C3
00000026
AE27209A
// vkGetFenceStatus[6]
00000026
00000001
76BB1735
000000B9
F7D9C0D9
00000079
00000026
E9ED66F4
// vkGetFenceStatus[7]
00000026
00000001
1E4AE9EB
00000049
5BC80B65
000000DB
00000026
3EE2F535
// vkWaitForFences[0]
00000027
00000001
1CA6AFDF
0000007A
00000003
00000003
00000000
0D9FC32A
0000000B
06688752
00000009
1855D657
00000046
00000000
352287CE
000000E2
00000027
192A65CC
// vkWaitForFences[1]
00000027
00000001
CB07CEAF
000000EC
00000004
00000004
00000000
0446B3B9
000000FD
9F946270
00000083
D1AD7359
0000008A
8012DB15
00000015
00000001
9D20B6F6
000000E9
00000027
2AA1C856
// vkWaitForFences[2]
00000027
00000001
BBD78AEB
000000B3
00000001
00000001
00000000
2F829DC8
000000BC
00000000
30BD2A9A
000000FC
00000027
C95199BB
// vkWaitForFences[3]
00000027
00000001
654BE023
00000090
00000004
00000004
00000000
ADA621B5
00000017
11B207AC
000000AB
20FCDC0B
0000007A
EAD3194F
00000058
00000001
0858A6A3
00000042
00000027
308E4E9F
// vkWaitForFences[4]
00000027
00000001
E5D7F1C7
0000009E
00000001
00000001
00000000
8553EE63
0000008F
00000000
76D1D2AF
00000028
00000027
8DFFD85B
// vkWaitForFences[5]
00000027
00000001
D8D264F5
0000006E
00000003
00000003
00000000
26025DAA
00000092
EEB1AA26
000000E3
3C0CDD16
00000000
00000001
91801FBF
000000AC
00000027
089CF72F
// vkWaitForFences[6]
00000027
00000001
9A79498F
0000000F
00000003
00000003
00000000
71D04094
00000024
A98505A2
000000F0
8401213F
0000009F
00000000
BAA2257F
0000008D
00000027
DD486612
// vkWaitForFences[7]
00000027
00000001
77A52655
00000032
00000001
00000001
00000000
8C31FE5B
000000E0
00000000
A9811164
00000041
00000027
4BF0BEF3
// vkCreateSemaphore[0]
00000028
00000001
F2AB19A1
000000CD
00000000
00000000
00000000
00000000
00000001
00000000
CAE2F3D9
00000050
00000028
AC491187
00000001
00000000
CAE2F3D9
00000050
// vkCreateSemaphore[1]
00000028
00000001
BB41B5E1
00000048
00000001
00000000
00000009
00000000
00000000
EFB8FBD3
00000000
00000000
00000000
00000000
00000028
75A95747
00000000
00000000
// vkCreateSemaphore[2]
00000028
00000001
2CC9E8B1
000000AD
00000001
00000000
00000009
00000000
00000000
9152DB15
00000000
00000000
00000001
00000000
32FBF1D9
000000BE
00000028
AE042123
00000001
00000000
32FBF1D9
000000BE
// vkCreateSemaphore[3]
00000028
00000001
2583A543
0000007C
00000001
00000000
00000009
00000000
00000000
63EB16C4
00000000
00000000
00000001
00000000
C2F5DCC3
000000B0
00000028
28D6BFED
00000001
00000000
C2F5DCC3
000000B0
// vkCreateSemaphore[4]
00000028
00000001
2C9E5B61
00000086
00000001
00000000
00000009
00000001
00000000
3B9BF6C8
00000000
00000000
E6F654CB
1DB61D70
00000000
00000000
00000001
00000000
36058ABD
00000005
00000028
918A26D1
00000001
00000000
36058ABD
00000005
// vkCreateSemaphore[5]
00000028
00000001
4231FC61
00000007
00000001
00000000
00000009
00000000
00000000
1657E393
00000000
00000000
00000001
00000000
948BDAB7
00000079
00000028
6E7F9538
00000001
00000000
948BDAB7
00000079
// vkCreateSemaphore[6]
00000028
00000001
DF68A8FD
0000009F
00000001
00000000
00000009
00000000
00000000
79441AC4
00000000
00000000
00000001
00000000
83307111
000000EE
00000028
96F99E57
00000001
00000000
83307111
000000EE
// vkCreateSemaphore[7]
00000028
00000001
9A31742F
000000AF
00000001
00000000
00000009
00000000
00000000
E73353F1
00000000
00000000
00000001
00000000
2191D803
000000A1
00000028
88D7DE3D
00000001
00000000
2191D803
000000A1
// vkCreateQueryPool[0]
0000002F
00000001
628D3BEF
000000FE
00000001
00000000
0000000B
00000000
00000000
7FDE2E3E
3E2EBD2B
CFB6E7A7
A67E4ABB
00000000
00000000
00000001
00000000
AAA86E45
0000002C
0000002F
FF94D381
00000001
00000000
AAA86E45
0000002C
// vkCreateQueryPool[1]
0000002F
00000001
224FDD19
000000B9
00000001
00000000
0000000B
00000000
00000000
A6259C58
5C365CF5
9386E761
F3C062FB
00000000
00000000
00000000
00000000
0000002F
4069A0FA
00000000
00000000
// vkCreateQueryPool[2]
0000002F
00000001
566F7741
000000B8
00000001
00000000
0000000B
00000000
00000000
A55A754B
1C723FEF
8F7B5609
9752F10A
00000000
00000000
00000001
00000000
6492F101
000000D5
0000002F
039CA6F0
00000001
00000000
6492F101
000000D5
// vkCreateQueryPool[3]
0000002F
00000001
378832EB
000000DD
00000001
00000000
0000000B
00000000
00000000
32F2CCC9
8D66FC6F
37126B25
D81D5486
00000000
00000000
00000001
00000000
7D35418F
00000020
0000002F
69898727
00000001
00000000
7D35418F
00000020
// vkCreateQueryPool[4]
0000002F
00000001
8EADC975
00000006
00000001
00000000
0000000B
00000000
00000000
2207931F
7EC0BA27
6E580CF0
5263AEDD
00000000
00000000
00000001
00000000
6E38B131
00000041
0000002F
00D7029D
00000001
00000000
6E38B131
00000041
// vkCreateQueryPool[5]
0000002F
00000001
77C4257D
0000005D
00000000
00000000
00000000
00000000
00000001
00000000
65C1846D
00000056
0000002F
8B66841F
00000001
00000000
65C1846D
00000056
// vkCreateQueryPool[6]
0000002F
00000001
D10125F5
0000007F
00000001
00000000
0000000B
00000000
00000000
85B8291E
605C73D0
E474C243
0D0B7F4E
00000000
00000000
00000001
00000000
D8240659
00000081
0000002F
7480428F
00000001
00000000
D8240659
00000081
// vkCreateQueryPool[7]
0000002F
00000001
7E49C301
000000C6
00000001
00000000
0000000B
00000000
00000000
97F143DF
C8D4376E
BB51B046
BF5C9EEF
00000000
00000000
00000001
00000000
1DCF8E75
00000032
0000002F
A43CE656
00000001
00000000
1DCF8E75
00000032
// vkGetQueryPoolResults[0]
00000031
00000001
21171865
000000E9
EE8139D3
00000039
AFA467B4
5F8CF157
00000009
00000000
00000009
00000000
D675FB73
00000068
4FB42043
00000031
142F6700
00000009
00000000
86CA08C4
B8BF7A4B
00000005
// vkGetQueryPoolResults[1]
00000031
00000001
F6A8475D
00000046
1AC23AE3
000000F0
4B70EBD9
0F2C7E97
00000003
00000000
00000003
00000000
A4B713C7
000000D6
0B3C68E9
00000031
3231FB5D
00000003
00000000
00000003
// vkGetQueryPoolResults[2]
00000031
00000001
03F5D90D
000000FD
F0AD7FF1
0000003A
028476FB
BB0FCC32
00000004
00000000
00000004
00000000
F98F2D91
00000093
7AD82F76
00000031
5817F559
00000004
00000000
00000004
// vkGetQueryPoolResults[3]
00000031
00000001
84818257
0000000B
F0371D35
00000058
F2A460A8
E0E55DCE
00000007
00000000
00000007
00000000
390030F9
00000047
E7337A0D
00000031
C046F347
00000007
00000000
BB3A8525
000D5B36
// vkGetQueryPoolResults[4]
00000031
00000001
8ED55699
00000074
282551A9
000000F0
19DA328C
EA11F222
0000000E
00000000
0000000E
00000000
D9F7B24E
00000029
B4C56371
00000031
05651C74
0000000E
00000000
DA44E844
0DAD4AD5
66A4A71E
0000178E
// vkGetQueryPoolResults[5]
00000031
00000001
C7D6F077
000000D7
F01E5E7D
0000004E
CA3C7BE5
655899D3
00000002
00000000
00000002
00000000
4C29D5F4
00000081
5F403CF2
00000031
3D2A8398
00000002
00000000
00000002
// vkGetQueryPoolResults[6]
00000031
00000001
A4041A91
000000FC
0F134F9D
00000001
43DD3737
135198AE
00000005
00000000
00000005
00000000
9EF81CF3
00000083
412F4F86
00000031
89FF29EA
00000005
00000000
FC90B4B0
00000009
// vkGetQueryPoolResults[7]
00000031
00000001
C5B0A413
00000032
885FC141
00000099
9A106CFB
829861D6
00000007
00000000
00000007
00000000
60AD38ED
0000008A
B1E7504B
00000031
5C13282B
00000007
00000000
195F8488
00B588ED
// vkGetMemoryResourcePropertiesMESA[0]
000000C0
00000001
3A63FE89
00000041
1D92A3F3
00000001
00000000
3BA0A601
00000000
00000000
000000C0
8B6FEA6F
00000001
00000000
3BA0A601
00000000
00000000
5BDBC6AB
// vkGetMemoryResourcePropertiesMESA[1]
000000C0
00000001
936DEB8D
00000077
BFB465C9
00000001
00000000
3BA0A601
00000000
00000000
000000C0
5EBCD1CD
00000001
00000000
3BA0A601
00000000
00000000
93F10C9F
// vkGetMemoryResourcePropertiesMESA[2]
000000C0
00000001
9EC260D9
00000096
E1CE39CB
00000001
00000000
3BA0A601
00000001
00000000
3BA0A603
00000000
00000000
000000C0
34D8659B
00000001
00000000
3BA0A601
00000001
00000000
3BA0A603
00000000
00000000
6D59BD23
E7F045D8
D22617E0
// vkGetMemoryResourcePropertiesMESA[3]
000000C0
00000001
E4E431E1
000000A9
B6A4C0CE
00000001
00000000
3BA0A601
00000000
00000000
000000C0
EFB5970D
00000001
00000000
3BA0A601
00000000
00000000
53F6A951
// vkGetMemoryResourcePropertiesMESA[4]
000000C0
00000001
31E51C99
0000007A
FA4DCC32
00000001
00000000
3BA0A601
00000000
00000000
000000C0
A700A030
00000001
00000000
3BA0A601
00000000
00000000
CB76E14A
// vkGetMemoryResourcePropertiesMESA[5]
000000C0
00000001
404D6763
00000060
962471F3
00000001
00000000
3BA0A601
00000001
00000000
3BA0A603
00000000
00000000
000000C0
62BC5E45
00000001
00000000
3BA0A601
00000001
00000000
3BA0A603
00000000
00000000
11117C0A
8FF1E8A0
647ED06F
// vkGetMemoryResourcePropertiesMESA[6]
000000C0
00000001
F623FE45
00000027
87FDF077
00000000
00000000
000000C0
B192E5A9
00000000
00000000
// vkGetMemoryResourcePropertiesMESA[7]
000000C0
00000001
BC989375
00000072
10668A58
00000001
00000000
3BA0A601
00000000
00000000
000000C0
45C74EB7
00000001
00000000
3BA0A601
00000000
00000000
243C364D
// OVERRUN vkGetPhysicalDeviceProperties2
00000094
00000001
8B35859D
000000DA
00000000
00000000
00000094
00000000
00000000
// NOREPLY vkDestroyInstance
00000001
00000000
8BAB1F0B
00000057
00000000
00000000
