// vkCreateInstance[0]
00000000
00000000
00000000
00000000
00000000
00000000
00000001
00000000
414C343D
0000001E
// vkCreateInstance[1]
00000000
00000000
00000001
00000000
00000001
00000000
00000000
A6CECC1B
00000001
00000000
00000000
00000000
00000000
00000006
00000000
32727473
00000039
E4B06CE6
00000007
00000000
34727473
00003334
9B810E76
C324C985
00000000
00000000
00000000
00000003
00000003
00000000
00000009
00000000
32747865
305F3237
00000000
00000009
00000000
37747865
315F3833
00000000
00000009
00000000
38747865
325F3132
00000000
00000000
00000000
00000001
00000000
E6C3F339
00000051
// vkCreateInstance[2]
00000000
00000000
00000000
00000000
00000000
00000000
00000001
00000000
F06C144B
000000E1
// vkCreateInstance[3]
00000000
00000000
00000001
00000000
00000001
00000000
00000000
6C0FD4F5
00000001
00000000
00000000
00000000
00000000
00000007
00000000
39727473
00003136
7EED8D14
00000007
00000000
32727473
00003833
587FD280
3B1A11DF
00000001
00000001
00000000
00000009
00000000
37747865
305F3937
00000000
00000002
00000002
00000000
00000009
00000000
39747865
305F3834
00000000
00000008
00000000
32747865
00315F32
00000000
00000000
00000001
00000000
EC148CB5
000000A4
// vkCreateInstance[4]
00000000
00000000
00000000
00000000
00000000
00000000
00000001
00000000
4BE03DB1
0000001E
// vkCreateInstance[5]
00000000
00000000
00000001
00000000
00000001
00000000
00000000
F9270F4E
00000001
00000000
00000000
00000000
00000000
00000007
00000000
35727473
00003931
D47D380D
00000007
00000000
33727473
00003031
48BEAB13
966BAEA1
00000003
00000003
00000000
00000009
00000000
38747865
305F3636
00000000
00000009
00000000
39747865
315F3336
00000000
00000009
00000000
35747865
325F3731
00000000
00000004
00000004
00000000
00000009
00000000
38747865
305F3337
00000000
00000008
00000000
33747865
00315F35
00000009
00000000
34747865
325F3139
00000000
00000009
00000000
32747865
335F3834
00000000
00000000
00000000
00000001
00000000
AA2CA1AF
0000002C
// vkCreateInstance[6]
00000000
00000000
00000001
00000000
00000001
00000000
00000000
C69D4BD8
00000001
00000000
00000000
00000000
00000000
00000007
00000000
36727473
00003937
82283D15
00000007
00000000
37727473
00003739
29E821A4
855C3844
00000003
00000003
00000000
00000009
00000000
33747865
305F3937
00000000
00000009
00000000
35747865
315F3130
00000000
00000009
00000000
37747865
325F3035
00000000
00000003
00000003
00000000
00000008
00000000
34747865
00305F34
00000009
00000000
33747865
315F3531
00000000
00000009
00000000
37747865
325F3032
00000000
00000000
00000000
00000001
00000000
9403560D
00000064
// vkCreateInstance[7]
00000000
00000000
00000001
00000000
00000001
00000000
00000000
3A1890C7
00000001
00000000
00000000
00000000
00000000
00000007
00000000
39727473
00003234
DC3BF364
00000007
00000000
32727473
00003733
678A5AA3
83868A29
00000004
00000004
00000000
00000009
00000000
33747865
305F3136
00000000
00000009
00000000
34747865
315F3037
00000000
00000009
00000000
39747865
325F3133
00000000
00000009
00000000
32747865
335F3537
00000000
00000004
00000004
00000000
00000009
00000000
36747865
305F3332
00000000
00000009
00000000
39747865
315F3038
00000000
00000009
00000000
37747865
325F3634
00000000
00000007
00000000
35747865
0000335F
00000000
00000000
00000001
00000000
F463B337
000000E2
// vkCreateInstance[8]
00000000
00000000
00000001
00000000
00000001
00000000
00000000
21167D8F
00000001
00000000
00000000
00000000
00000000
00000007
00000000
39727473
00003237
0E5E18BA
00000007
00000000
38727473
00003039
5D5F576C
91EB79FA
00000001
00000001
00000000
00000009
00000000
39747865
305F3336
00000000
00000003
00000003
00000000
00000009
00000000
34747865
305F3639
00000000
00000009
00000000
38747865
315F3233
00000000
00000009
00000000
33747865
325F3536
00000000
00000000
00000000
00000000
00000000
// vkCreateInstance[9]
00000000
00000000
00000001
00000000
00000001
00000000
00000000
54C56C9A
00000001
00000000
00000000
00000000
00000000
00000007
00000000
36727473
00003035
2D5DB79B
00000007
00000000
35727473
00003839
2E47DC0E
DC6B13AB
00000004
00000004
00000000
00000009
00000000
38747865
305F3631
00000000
00000009
00000000
38747865
315F3137
00000000
00000009
00000000
38747865
325F3633
00000000
00000009
00000000
39747865
335F3335
00000000
00000000
00000000
00000000
00000000
00000000
00000001
00000000
154ED513
000000DE
// vkCreateInstance[10]
00000000
00000000
00000000
00000000
00000000
00000000
00000001
00000000
3FE31D03
00000044
// vkCreateInstance[11]
00000000
00000000
00000000
00000000
00000000
00000000
00000001
00000000
11CBC289
0000002A
// vkCreateInstance[12]
00000000
00000000
00000000
00000000
00000000
00000000
00000000
00000000
// vkCreateInstance[13]
00000000
00000000
00000001
00000000
00000001
00000000
00000000
7467537A
00000001
00000000
00000000
00000000
00000000
00000006
00000000
32727473
00000034
4FDF8E1A
00000007
00000000
33727473
00003135
6BC15385
CBD3F5E0
00000002
00000002
00000000
00000009
00000000
31747865
305F3131
00000000
00000009
00000000
32747865
315F3935
00000000
00000004
00000004
00000000
00000009
00000000
32747865
305F3431
00000000
00000009
00000000
39747865
315F3838
00000000
00000009
00000000
36747865
325F3032
00000000
00000009
00000000
34747865
335F3234
00000000
00000000
00000000
00000000
00000000
// vkCreateInstance[14]
00000000
00000000
00000000
00000000
00000000
00000000
00000001
00000000
2904ACED
00000072
// vkCreateInstance[15]
00000000
00000000
00000001
00000000
00000001
00000000
00000000
8B7199CD
00000001
00000000
00000000
00000000
00000000
00000007
00000000
34727473
00003136
39235BC0
00000007
00000000
36727473
00003436
07DBF924
6518093D
00000004
00000004
00000000
00000009
00000000
38747865
305F3232
00000000
00000009
00000000
33747865
315F3832
00000000
00000009
00000000
36747865
325F3537
00000000
00000009
00000000
36747865
335F3634
00000000
00000000
00000000
00000000
00000000
00000000
00000000
00000000
// vkCreateInstance[16]
00000000
00000000
00000001
00000000
00000001
00000000
00000000
121B2800
00000001
00000000
00000000
00000000
00000000
00000007
00000000
37727473
00003136
28804790
00000007
00000000
35727473
00003837
409A8A78
21615022
00000004
00000004
00000000
00000009
00000000
38747865
305F3939
00000000
00000009
00000000
38747865
315F3037
00000000
00000008
00000000
33747865
00325F38
00000009
00000000
36747865
335F3430
00000000
00000001
00000001
00000000
00000009
00000000
39747865
305F3538
00000000
00000000
00000000
00000001
00000000
D3F21DCD
000000DE
// vkCreateInstance[17]
00000000
00000000
00000001
00000000
00000001
00000000
00000000
9F7A7DAF
00000001
00000000
00000000
00000000
00000000
00000007
00000000
31727473
00003130
34ACCD78
00000007
00000000
36727473
00003039
E585552F
6ED5D1BF
00000001
00000001
00000000
00000009
00000000
35747865
305F3430
00000000
00000003
00000003
00000000
00000009
00000000
33747865
305F3330
00000000
00000009
00000000
35747865
315F3631
00000000
00000009
00000000
35747865
325F3131
00000000
00000000
00000000
00000001
00000000
66FEC087
000000E6
// vkDestroyInstance[0]
00000001
00000000
4806AA81
00000004
00000000
00000000
// vkDestroyInstance[1]
00000001
00000000
DB87872D
00000053
00000000
00000000
// vkDestroyInstance[2]
00000001
00000000
903715C9
000000C8
00000000
00000000
// vkDestroyInstance[3]
00000001
00000000
6DE2B33B
00000036
00000000
00000000
// vkDestroyInstance[4]
00000001
00000000
18AE013F
000000D6
00000000
00000000
// vkDestroyInstance[5]
00000001
00000000
8C31406D
00000058
00000000
00000000
// vkDestroyInstance[6]
00000001
00000000
D6730839
000000AF
00000000
00000000
// vkDestroyInstance[7]
00000001
00000000
C49872C7
000000FC
00000000
00000000
// vkDestroyInstance[8]
00000001
00000000
10B8FE23
000000B9
00000000
00000000
// vkDestroyInstance[9]
00000001
00000000
220D672B
0000002B
00000000
00000000
// vkDestroyInstance[10]
00000001
00000000
89C80C4D
00000036
00000000
00000000
// vkDestroyInstance[11]
00000001
00000000
550D40DD
00000099
00000000
00000000
// vkDestroyInstance[12]
00000001
00000000
415AC401
0000005E
00000000
00000000
// vkDestroyInstance[13]
00000001
00000000
1D296589
0000004A
00000000
00000000
// vkDestroyInstance[14]
00000001
00000000
F1A9A659
0000009A
00000000
00000000
// vkDestroyInstance[15]
00000001
00000000
B7115C03
000000E3
00000000
00000000
// vkDestroyInstance[16]
00000001
00000000
947810D9
0000008D
00000000
00000000
// vkDestroyInstance[17]
00000001
00000000
521B18A9
0000000A
00000000
00000000
// vkEnumerateInstanceVersion[0]
00000089
00000000
00000001
00000000
// vkEnumerateInstanceVersion[1]
00000089
00000000
00000001
00000000
// vkEnumerateInstanceVersion[2]
00000089
00000000
00000000
00000000
// vkEnumerateInstanceVersion[3]
00000089
00000000
00000000
00000000
// vkEnumerateInstanceVersion[4]
00000089
00000000
00000001
00000000
// vkEnumerateInstanceVersion[5]
00000089
00000000
00000001
00000000
// vkEnumerateInstanceVersion[6]
00000089
00000000
00000001
00000000
// vkEnumerateInstanceVersion[7]
00000089
00000000
00000000
00000000
// vkEnumerateInstanceVersion[8]
00000089
00000000
00000001
00000000
// vkEnumerateInstanceVersion[9]
00000089
00000000
00000001
00000000
// vkEnumerateInstanceVersion[10]
00000089
00000000
00000001
00000000
// vkEnumerateInstanceVersion[11]
00000089
00000000
00000001
00000000
// vkEnumerateInstanceVersion[12]
00000089
00000000
00000001
00000000
// vkEnumerateInstanceVersion[13]
00000089
00000000
00000001
00000000
// vkEnumerateInstanceVersion[14]
00000089
00000000
00000001
00000000
// vkEnumerateInstanceVersion[15]
00000089
00000000
00000001
00000000
// vkEnumerateInstanceVersion[16]
00000089
00000000
00000001
00000000
// vkEnumerateInstanceVersion[17]
00000089
00000000
00000000
00000000
// vkEnumeratePhysicalDevices[0]
00000002
00000000
C91752A3
000000FC
00000001
00000000
00000000
00000000
00000000
// vkEnumeratePhysicalDevices[1]
00000002
00000000
736EBF51
0000002A
00000001
00000000
00000000
00000000
00000000
// vkEnumeratePhysicalDevices[2]
00000002
00000000
6F62E63B
000000E9
00000001
00000000
00000004
00000004
00000000
E8C2D219
000000D1
4B452123
0000008C
40DF7C9A
000000B6
7A1D556C
00000050
// vkEnumeratePhysicalDevices[3]
00000002
00000000
19A2105D
00000035
00000001
00000000
00000000
00000000
00000000
// vkEnumeratePhysicalDevices[4]
00000002
00000000
02B087F9
000000C9
00000001
00000000
00000004
00000004
00000000
51FBFCC7
00000073
642A357C
00000050
6607B615
00000010
106EE2AB
000000E9
// vkEnumeratePhysicalDevices[5]
00000002
00000000
513DD1A7
000000F8
00000001
00000000
00000000
00000000
00000000
// vkEnumeratePhysicalDevices[6]
00000002
00000000
40041E01
00000037
00000001
00000000
00000004
00000004
00000000
DE1BF0CD
000000B0
780B25D9
000000A9
5B177A38
00000042
2EE7AF97
0000008A
// vkEnumeratePhysicalDevices[7]
00000002
00000000
3534CCAF
0000004E
00000001
00000000
00000002
00000002
00000000
14D4954E
000000D1
47E1A38B
00000016
// vkEnumeratePhysicalDevices[8]
00000002
00000000
FBBE9381
000000C0
00000001
00000000
00000004
00000004
00000000
A4BA3161
00000056
F0D3FA5C
0000003A
63F666E0
000000F7
4E896A65
0000000A
// vkEnumeratePhysicalDevices[9]
00000002
00000000
53C617EB
0000002F
00000001
00000000
00000004
00000004
00000000
E4BC6E82
000000EB
4D84E990
0000003E
5596DFDE
00000019
8B525B4F
0000009C
// vkEnumeratePhysicalDevices[10]
00000002
00000000
943863A5
000000CE
00000001
00000000
00000001
00000001
00000000
05373B76
000000CE
// vkEnumeratePhysicalDevices[11]
00000002
00000000
3E67026D
00000066
00000001
00000000
00000004
00000004
00000000
DE182747
00000012
BAAAD651
00000013
0581F255
000000A2
0289EB06
0000004A
// vkEnumeratePhysicalDevices[12]
00000002
00000000
C02FC22B
000000CA
00000001
00000000
00000001
00000001
00000000
19D6D73B
00000080
// vkEnumeratePhysicalDevices[13]
00000002
00000000
C71A5B11
000000CB
00000001
00000000
00000001
00000001
00000000
2DF810B9
000000C6
// vkEnumeratePhysicalDevices[14]
00000002
00000000
2649C1B1
000000FC
00000001
00000000
00000002
00000002
00000000
4E3D4D0F
0000001B
B59641D2
00000083
// vkEnumeratePhysicalDevices[15]
00000002
00000000
D5AE305B
000000EB
00000001
00000000
00000001
00000001
00000000
24452ECF
0000008B
// vkEnumeratePhysicalDevices[16]
00000002
00000000
E91553A9
000000B8
00000001
00000000
00000002
00000002
00000000
D22F02F3
000000E7
9F9F80D0
000000CD
// vkEnumeratePhysicalDevices[17]
00000002
00000000
AC153077
000000E8
00000001
00000000
00000001
00000001
00000000
2D9B8EBF
0000004C
// vkEnumeratePhysicalDeviceGroups[0]
0000008F
00000000
6EC15D39
00000089
00000001
00000000
00000001
00000001
00000000
3B9BDB70
00000000
00000000
00000020
00000000
AE9C8563
000000F6
725A9A5B
000000CE
6E1FB6AD
0000008C
400E67ED
0000008A
707C70B4
000000D9
89BE4B4B
00000074
02C8261B
00000065
D6172ADF
00000056
2BE893F4
00000042
7C5C483D
00000006
CB06718C
000000A5
EEC1754C
0000006A
F9EF954E
00000092
04D75988
0000000F
B11379A2
0000005A
947F8143
00000023
97F2A702
00000020
237475E1
00000042
FBB41D14
000000D4
46E3DB95
00000065
906704C3
00000066
2C139C19
0000009C
16D8E80E
0000003B
7C6A47A7
00000001
2D75C25D
00000087
5136BF62
00000080
E49DF6BB
000000A6
EBA1A9D3
00000070
EE1B8CC4
000000AF
A39CC4B2
000000BB
39C97AB1
0000003D
501FC6F4
0000007E
// vkEnumeratePhysicalDeviceGroups[1]
0000008F
00000000
F4DFC9A5
00000039
00000001
00000000
00000004
00000004
00000000
3B9BDB70
00000000
00000000
00000020
00000000
EAEED19B
000000A7
46752B5C
000000F8
A57B7700
00000038
0C56A92D
000000EB
1251310B
000000C3
82FE3A4A
000000A5
E09EDD5A
0000005E
28D2E08E
00000082
C41A66D9
000000CA
E20CEA4A
00000034
4FD24206
0000004C
B14B69DC
0000004C
D9577B6B
0000008D
5F221DFC
0000002A
B38742AD
000000B3
BC85E5DE
00000076
9836404C
00000015
DB34FA8D
0000001F
E587DD21
0000009B
F5C7B9AA
00000083
923C4E5D
00000060
2D206ADA
00000027
40270546
0000006D
37B5DBAC
000000F1
91CBE386
000000B8
C1FBE94C
000000C8
0D589A58
0000007E
AE7FBA11
00000064
B7975B28
000000A3
591550FF
00000062
83DAB265
000000D8
2A30363B
0000008B
3B9BDB70
00000000
00000000
00000020
00000000
CED5669F
00000041
A0E20045
00000019
447C999D
000000BC
E9B161F4
00000015
F59DC887
000000F9
239DC599
000000F8
C69806EA
0000009D
D788C7CC
000000F7
A8E33C94
000000AF
B34DEC74
00000014
71EF5E7A
000000D9
EC9F6FBF
0000003D
F8A10E70
000000D9
61E1E80D
000000F0
CD7E80A2
000000E7
6ED3F30B
00000065
2A2D551F
000000E8
5351D2C1
00000070
20572AEB
0000009F
E8ACABFF
0000007C
F59CD100
00000036
1E830596
0000006E
99C61AA8
00000088
68815FDA
000000E8
1E3B25E5
000000A9
4BA44898
00000047
3F8B1BAA
00000060
BFE4440E
0000008F
0106BB05
000000F5
309944E2
00000087
70536E9B
00000094
05628748
00000007
3B9BDB70
00000000
00000000
00000020
00000000
2C400B95
00000048
25FE3A18
0000008A
335082DC
00000045
4FA69611
00000095
C1E6415A
00000040
D5153664
000000AE
72470ADD
000000CA
DC7A4BEE
000000CF
DAE720B2
000000F9
2B00B570
0000008B
5B616E42
0000007D
6B82ED5C
000000DB
1F2E490C
000000C4
357D6F2E
00000092
E1018CC5
00000062
346F3293
00000048
CF80F751
0000001B
E76DB5EF
000000CE
062EBC92
0000001E
91BE34EB
000000BF
03621F97
0000008B
4BE1B248
000000F7
AC859F8F
000000C2
B96CC27A
000000F9
A63E0C32
00000022
133F3B0A
00000080
5FAC971A
00000092
CE33DD70
0000004F
6FEA51CA
00000080
AD611A3E
0000005B
C234472F
00000087
52DD34D6
00000000
3B9BDB70
00000000
00000000
00000020
00000000
59A78B13
0000004E
8A0F4283
00000066
56E0A246
000000C8
BB2B92C3
000000AE
92484194
0000007E
1CF3D179
000000A5
EAF5C033
00000060
61E406A6
00000034
8E903FD9
00000000
FEAD3BED
00000047
A2B249AB
00000099
B8E7DF9B
000000E1
BD1296CD
000000D4
BA7725A3
00000082
32E9C069
000000FC
EC5DF2C7
00000076
99D026A7
000000D5
84546026
00000068
EFFE76E0
000000BE
B64E172F
000000FC
FCD26DAD
0000004E
B3F0B94C
0000002B
730B19EC
0000009E
AB392034
00000087
32864238
0000005C
86B46F01
00000000
ADB55556
00000063
9450085B
0000006D
F86668C1
00000067
5604C3B6
000000DC
9F22CE0A
00000095
F977EDF4
000000BB
// vkEnumeratePhysicalDeviceGroups[2]
0000008F
00000000
7E21B8AB
000000FC
00000001
00000000
00000002
00000002
00000000
3B9BDB70
00000000
00000000
00000020
00000000
B8A61715
000000A1
27F52FA9
000000A2
C76330AF
000000EF
65B699EC
000000C8
452FAC9A
000000D8
2D9B4F22
000000C4
12CB2F3F
000000D0
C6AD0327
0000009A
0297C0D6
00000059
E9A413CA
00000043
CC5D375A
000000B5
6940776C
000000DF
AF5E490B
0000008B
4DBD3DC9
00000026
764A44E3
000000D5
4264D159
0000007C
2B6C5763
00000077
82A4C12E
0000000B
45547D9D
00000082
193FD24D
000000BE
9733EF95
0000006C
11DB6ACF
0000005A
1126D71A
000000A8
714699BD
00000005
2A04FF67
00000081
B5D28DEE
000000F2
29606598
000000B0
17D259AD
00000066
A2CF179F
000000B0
469A8A20
0000009A
4DED5FAA
00000035
873116F0
00000035
3B9BDB70
00000000
00000000
00000020
00000000
118CC43E
00000013
B2FE7205
000000D4
E90C0722
00000085
A8A62175
0000005E
77CAB1F9
00000082
8EC23615
000000BC
0CBBEAB0
0000002B
4C001508
000000A7
BC2E9FF5
000000B6
FF11DC91
000000D0
8E65E4CF
00000045
5B1916CD
0000009C
BD6679C0
0000003B
647EC154
0000008F
6653C3B7
0000002C
7BCEC85D
000000CA
427005F6
000000DD
9C434723
00000054
B74F3410
00000038
423E96D0
000000F6
9C25B2DB
000000B4
3E85B0A9
000000D8
A92CD2DE
00000007
DA0DBC78
000000E6
DE518343
0000009F
6710B0E7
00000051
ED9140C0
0000006E
EEE133EA
000000C2
3F98E0EE
000000C9
44E32DBD
00000030
1291F006
000000A0
BB798E9B
0000002A
// vkEnumeratePhysicalDeviceGroups[3]
0000008F
00000000
94D8CD47
000000E9
00000001
00000000
00000004
00000004
00000000
3B9BDB70
00000000
00000000
00000020
00000000
86CEC133
00000029
237C9540
000000C7
235A63D5
000000E4
B73B6062
00000070
5C706106
0000004F
C05A32A3
00000066
3D90FD27
0000001D
B7D9365C
00000034
B7EE1A9A
000000AE
4E34FA77
00000011
1B3C137B
0000003A
65A24E8A
00000052
7E0B6723
000000ED
1997E8F3
000000F4
2FCF9616
0000000B
0E2AF641
000000CF
98F6A644
00000005
E38D62A7
000000C0
377054CF
000000AE
08E2FAD3
0000007E
B4345622
00000087
D09DFA6C
000000B9
F6D0AC1D
000000E3
9CF94BC1
00000071
57AA5AE1
000000A9
D67E8ECF
00000046
1E39A54C
0000009C
B150A78D
0000002C
18610C9F
00000038
66531DAF
0000003B
7EB9D1C8
00000073
60BDADCE
000000C0
3B9BDB70
00000000
00000000
00000020
00000000
D1F559AF
00000048
766B5E3C
0000008C
947678F5
00000063
363F89C2
00000073
B705FBF3
00000042
5482909F
0000007F
97F7634B
0000001C
E8D424EE
00000036
FE909103
00000014
0BD4F091
00000003
CC2534B4
00000001
DB8AE021
0000007A
51CFA14E
000000E3
6215F679
000000D9
948B82B1
00000049
EB391D06
00000032
6661B877
00000028
E149A837
000000D3
C23105D9
000000A5
26FB5E56
000000CB
E9E6ED7C
00000007
03E2E7C4
00000063
252A66D8
000000E0
AA311156
0000008A
0E9F654F
00000090
61263FDD
00000041
21464B6D
00000014
767FE953
000000A6
D708F3A0
0000004D
E7F524F3
00000003
091489CD
00000089
0F93FB05
00000086
3B9BDB70
00000000
00000000
00000020
00000000
C7E21846
0000001E
6EB8F85F
00000017
30AB1C2E
00000007
7FE9DA20
000000A3
215C1C0B
000000BE
477E4A80
000000AF
D12FF4BF
000000D8
312218D0
000000A9
72904D18
00000063
546E197B
000000A1
4499E3AF
000000F8
42850DA8
000000A4
A2B73A66
0000003E
3ED43AB3
0000000F
968240EF
000000EF
C9B8056F
00000097
2CDEEC51
00000059
6DB076BD
0000009A
B2B3D222
0000008F
A36CF2B9
00000085
F819B750
0000000F
E7B128FD
0000005A
8C0354BE
00000069
89C08E1C
00000033
B62E9693
000000E1
8951D454
0000006C
EB7FEC92
000000A9
11F10C60
000000B6
446056BF
000000BE
9C546496
000000B8
F8ECAE24
000000C0
128137EA
00000040
3B9BDB70
00000000
00000000
00000020
00000000
0F078F6C
000000EB
340E8462
000000DA
6D9814D5
000000DA
0B7EF083
0000000D
A31A7B19
00000017
E9901243
000000D0
83497471
00000078
8049E97A
0000005E
196A8D84
000000FC
500C48E1
0000000A
206A985A
00000088
087EE17B
00000071
AA0CB6F5
00000020
E539D34D
00000065
C36E5359
000000B5
E61541B6
000000E1
723280C3
00000006
BC937D7E
00000086
451E07EA
00000017
40008E26
000000CC
534E570F
00000015
4D455C71
00000008
DC14F827
00000062
0EE3BDCB
000000BB
42D15CD3
00000050
BC377F13
00000021
42A305D5
000000CB
6153AF71
000000CE
1DFCA10C
000000DB
AD83C3FB
0000004D
18143722
0000006C
D765194F
0000003E
// vkEnumeratePhysicalDeviceGroups[4]
0000008F
00000000
5481E737
000000EC
00000001
00000000
00000003
00000003
00000000
3B9BDB70
00000000
00000000
00000020
00000000
7B2CCE17
0000001A
21358EE6
000000A7
D08EF562
00000072
86143E14
000000FC
8F036FBE
000000B8
D810C3F6
000000D5
94D43EDE
000000B3
8523E065
00000089
07BFAAEA
000000E5
FAD32CAF
000000D4
FDBB37B8
0000004A
BE40F38E
00000028
33318247
0000005E
63A522E3
00000085
53001B63
00000018
68D52EB6
00000058
20599249
00000093
109ADA70
0000000B
4CED509A
000000D0
CC88EBD1
000000A6
889F5E9A
00000050
6AE70FF2
0000004C
519CD4CC
0000005A
45CDA949
00000053
BFAD3261
000000BF
852571D4
00000080
02345A9D
00000086
1F327A74
00000026
512E2BEA
000000EA
BA0FF0B7
00000053
C8E2896A
00000053
92B75630
00000011
3B9BDB70
00000000
00000000
00000020
00000000
7442A8CC
000000E9
5D39F1B8
000000ED
BDDBF0CA
000000F8
616A43DE
000000D0
E3BBA436
000000EC
1402F91C
000000EC
943735D4
000000CD
0E5C9BEB
00000022
0C7950FA
00000086
7DFF04AE
00000093
DA64B870
000000FE
407DBB94
000000C8
3ED03C49
000000B3
92E38012
000000BF
56B1B132
0000005C
FD983DF5
000000F1
CC025364
000000A4
5EC127B3
00000067
4EB0FF74
00000076
9927A8FD
000000FA
5727D740
00000088
81EE476C
0000002A
077148A5
00000025
400839A9
000000AF
389C1CCF
00000090
2226FF43
000000E8
1CDDEE9C
0000002F
C42DDDC2
00000069
F06F217A
000000BA
9EA4F0BB
0000000C
CFCD6902
00000019
FA85459D
0000008B
3B9BDB70
00000000
00000000
00000020
00000000
42FE9CA9
00000011
A1D3FF82
00000092
86C0ABFE
000000A4
14185D06
000000DA
12A3C54B
000000CB
D9C2B0CF
00000037
A4AB4EEC
000000D6
2C61CBEC
00000082
DCA1284F
0000006E
0597EBC1
00000097
5E3C1D96
000000E6
D8FE4338
0000007C
B5D4CE45
000000CE
48A3FF76
00000038
E42B0627
00000033
991BA3CE
0000007E
DD90F85B
000000E6
E48E1B4D
0000003C
6CE9E732
00000073
ACF424D9
0000005D
8B62CCBA
000000E9
F1DA2B29
00000030
CC544333
0000007B
B9CF3DDE
00000012
D0646CF9
000000D7
FF876918
000000F9
41ADFE67
00000068
338C9127
00000002
BF2D288B
00000088
C53482EC
00000061
83A81A4E
000000E0
7CB10028
00000013
// vkEnumeratePhysicalDeviceGroups[5]
0000008F
00000000
9DA7FDF3
000000E1
00000001
00000000
00000004
00000004
00000000
3B9BDB70
00000000
00000000
00000020
00000000
D9E46A51
000000FC
755D3871
00000001
30942540
000000F5
4CA27B41
000000B2
B0FB4BC8
000000A4
0168E969
0000008A
1EBB3EF7
000000D2
4D7AB56D
00000083
E31EF8FB
000000FE
BF323EF2
00000050
F885CE63
000000C6
8B03EE7C
000000A5
926C8264
000000FE
8D2707D7
00000048
868F8154
00000069
8AC32BBD
000000F0
D18DA490
000000ED
F40FF922
00000084
6886663A
0000009A
A14566E6
00000094
4EC9521C
00000073
4D49FFCE
00000021
819E0387
00000071
9615A32E
00000023
8CCC6FF2
000000C5
FA01208B
000000F9
29B87BAF
00000040
A2FC706B
00000002
FE99958F
0000006C
BC735CA7
000000A9
90DF617B
00000009
5E4D0C25
0000006B
3B9BDB70
00000000
00000000
00000020
00000000
E5346059
000000C0
AB6FE7D5
00000004
E6145787
00000017
ECD78663
00000017
D8A9F8F4
00000001
62279051
00000044
76E099F9
00000045
CBC0981C
000000C8
5F64E0D2
000000A2
BFD64E7F
000000DA
7B3E5DAA
000000C4
5627922C
00000063
74C6224F
000000CD
1DD39048
0000007B
5AC04CA4
00000025
6A4A2EAD
00000025
04A65E39
000000FE
2C0D0A30
000000D0
429EA21F
0000005E
DB9E49BE
00000020
96EE86EF
000000C9
49825407
000000F3
FF6B0446
00000069
4207158A
000000F0
8387A1E7
00000049
BD512B39
0000006B
B0FA6216
00000046
6EFA083B
00000055
C6E95218
000000E9
7C5D00BE
00000037
B728B7F9
000000D4
7DCADA54
000000F3
3B9BDB70
00000000
00000000
00000020
00000000
107F37D4
00000021
34C590E7
000000F7
264C679B
0000003A
BAEC1FCF
00000006
1A6F9365
00000040
27DCCBB0
0000007A
C652FC97
000000F3
1954F128
00000066
A65023BA
000000B9
2FFBBD51
000000D5
00C458B4
00000016
6D7CD4ED
0000009C
F46ED6DD
000000FE
0D05F982
0000008C
37E10355
00000088
6C0046F4
00000058
0C0A78D0
000000F2
A6CE9740
000000F8
ED10E6B8
0000001A
BC098FD8
0000008D
ADD763FA
0000006B
D5BC9F74
000000AB
BDBA19EB
0000001E
FEC08E90
00000043
AF3EF55C
00000047
2DD5AD98
0000007A
CE1C6152
000000CB
B444090F
000000DB
0C346FDF
000000C9
36D71C3F
000000AD
A4EEFF8D
00000016
DDCC33FE
00000063
3B9BDB70
00000000
00000000
00000020
00000000
AE94E386
00000082
7F7A6583
000000E7
64A11177
0000001D
9B2A1BB0
000000DA
7AAC3FA2
0000001B
262D9D55
00000062
9D173F5B
000000E7
B3CFB710
00000033
2AC899D7
00000085
41F2B2F3
0000006A
BE40D9F3
000000E3
EF65F0F8
000000FD
896631D2
00000049
DE724287
0000007E
A237B196
000000E5
CF696E8F
0000008B
E9BD00A8
00000036
C9E901E1
000000C2
9FA16A0C
00000056
DC6DA46E
0000007C
1A54FEC6
00000002
C1FD9E00
000000FD
BAB24193
000000A8
58CD091B
000000ED
E299D75E
000000F7
B573F61A
00000044
0E72C596
0000008A
A01D9D30
00000070
4CC3E668
000000C2
E7792A6F
000000D7
19CB517B
0000003A
820D311A
00000046
// vkEnumeratePhysicalDeviceGroups[6]
0000008F
00000000
B4CD8E8F
0000003F
00000001
00000000
00000002
00000002
00000000
3B9BDB70
00000000
00000000
00000020
00000000
A14962F5
00000099
E74B7FB6
000000F5
0EF54306
00000088
D59E3E53
0000009B
8265C978
00000026
F2242639
00000069
452959CF
00000047
7AEAE92E
000000B2
4E48B720
00000044
7DC7922E
00000036
7FAE9D40
0000005E
995880FB
00000078
3DDD9859
00000056
2D18BE2F
0000009B
C2485EAA
0000002E
BD3CAA1F
000000E1
949EBA96
000000B1
737C2EE5
00000088
264103C5
0000000E
8102A241
00000053
874A9033
000000B0
2293C61E
000000A5
C2EBA580
000000CF
FD26770A
000000E4
36930452
00000050
9F5F48B4
0000007E
7AFBF358
00000054
1E4FED4C
00000020
E3231FE9
00000023
B2C6FBD0
00000041
399B6C99
00000016
A2A0929B
00000089
3B9BDB70
00000000
00000000
00000020
00000000
1DBB2FB1
00000039
9031D495
00000033
80C5B52F
00000091
A8EF8120
000000E2
4ED01EDF
0000006C
53E0472C
00000001
C6170C37
00000005
D25C8062
0000004E
D27C3A5B
0000009D
38636231
00000015
BE38915F
00000039
47B963B4
000000AE
A02AC240
000000FC
DC791848
00000057
44E20D0D
00000099
B80100CA
00000084
61184461
00000005
1F24DF03
00000054
58D683C0
00000023
1D07D20C
00000040
E60B483D
000000C5
24ADEF7D
000000AE
92F233A4
0000000A
58D51A05
00000013
178185B8
000000B9
FFAFF116
0000001A
4CCBE4BF
00000051
3FBB550A
00000044
8795A220
0000000C
5C9C1898
00000007
140CA1A8
00000023
ECFEBA26
00000066
// vkEnumeratePhysicalDeviceGroups[7]
0000008F
00000000
EF0756B9
000000B8
00000001
00000000
00000000
00000000
00000000
// vkEnumeratePhysicalDeviceGroups[8]
0000008F
00000000
ADFD295B
00000054
00000001
00000000
00000002
00000002
00000000
3B9BDB70
00000000
00000000
00000020
00000000
5A346E04
000000EC
CDB64AA5
000000CA
A42538DB
000000B9
D7E42F6A
00000020
9B2D537D
000000ED
DED18CE5
00000045
67B8C2F8
00000017
ADD31ECC
00000093
9EE213B9
000000B9
87198E7A
00000079
907F2360
0000006B
8927B27D
000000EF
64CE2877
0000004D
E5F84260
00000038
A1FA8DF8
0000004D
8C93547A
00000022
0DCEF328
00000099
822EE60D
0000001C
2CD66A72
0000003D
370BC2FF
000000E5
6F42BFF6
00000046
8BC3D38A
00000005
401B0277
00000089
455BF496
000000F1
87B7ABB6
00000043
7925DE5F
00000020
673DD93B
000000B5
1A8F973E
000000BE
5F9C3B5B
00000011
A78826D6
000000FA
8B509F22
0000005C
8B74E9F8
0000008E
3B9BDB70
00000000
00000000
00000020
00000000
AEB292FB
00000021
27E0B98A
00000013
E9D95E94
00000094
24554C27
000000AD
E10E1A45
000000D3
375D5CF7
0000007B
D7726D00
000000CD
D9259496
000000C4
55E103E8
0000005D
E37ACA27
0000004A
28E68AD3
00000027
D95F3DA0
000000CB
61B95AFE
000000D5
70915526
00000067
1E2C0EF7
000000FA
99DB7B23
00000025
450EB7AA
0000004B
AAB89A16
000000AF
CCA4B02B
000000A3
9A8B0920
000000F3
0218664E
00000089
F3CC3E09
00000002
EB70399F
000000D0
A49768D9
00000021
612753F1
000000BF
8FD9949C
000000F1
E1FFF8D3
00000019
75A3AE18
00000007
C77AD8C8
0000006E
993B27E2
000000AD
6C1A7DDC
00000046
EEFB98A9
0000005E
// vkEnumeratePhysicalDeviceGroups[9]
0000008F
00000000
67F86287
0000009B
00000001
00000000
00000003
00000003
00000000
3B9BDB70
00000000
00000000
00000020
00000000
B4420D35
000000B2
0026AE8B
000000CF
0AC4CF15
000000D4
1C72BA61
00000096
23BB2E3A
00000087
82116C71
000000C3
5B35B769
0000008D
4559EB49
000000C8
FBCEC1BD
00000091
E8B437FE
000000F7
A7A50EE5
0000005B
CD55924F
00000079
D1D86841
000000B2
3EC3AFBE
000000ED
CEEBD5C2
0000009F
3D644B75
0000001B
8FF69970
000000F3
5B935771
000000DF
289DE3AE
0000001D
C6DFEEA6
0000000A
EA955E0E
000000B4
504E8C60
0000006C
E1381E12
000000BA
58A43D4E
00000040
A8558C5D
000000A0
FEEC111E
000000E5
C5A66D6B
000000EA
0E4034D0
0000009D
6F53D0B3
0000006A
60556919
0000005B
4B3F1D20
000000C1
D0EE4266
00000057
3B9BDB70
00000000
00000000
00000020
00000000
A28AD8CC
0000009C
84DCE864
00000024
0E580FFE
00000057
AC4C09D3
0000001D
E431AE89
00000083
2C154307
0000008B
A48AE5E0
000000A0
7CC8D334
000000E4
574AC3FA
000000C1
B5DE8693
0000001F
F9A6A3AC
00000095
058BD113
0000007A
E5B5D483
00000035
621BED79
000000A1
D57715F1
000000F3
2CB9E2BB
00000065
B7728BF8
0000003A
1985B59F
0000003F
55EA8C2B
000000F9
F84BEF6B
00000054
A817F426
0000003E
C8D68C82
000000AD
76181CC4
000000BE
789E6608
0000005E
7E1CAE65
000000A6
C5ED8155
000000A9
B926E626
000000EF
319AC940
0000006E
70CB730C
00000066
8AC21475
0000001E
924925D4
0000007C
ED40DC4D
00000044
3B9BDB70
00000000
00000000
00000020
00000000
6A245782
0000001B
CC8BDD03
00000006
A703CAEF
00000013
F0FC4B47
0000002E
7573BB6C
000000C4
6084377C
000000AA
8085B157
000000CC
D0A01524
00000049
EAFF520B
00000027
277F7617
000000F8
864C68F6
000000D3
1B1174FA
000000F2
412CB34E
00000004
76E4F7EF
00000065
CF95442D
000000A2
B466120D
000000BC
CAFDFD7E
000000E9
3A763BF0
00000089
B20CCDB0
00000064
FDDCCADA
00000001
8B4BAE04
000000CD
3FDD8D5E
000000FB
6C47C6D9
000000E8
28ADFDB0
000000A9
2DD66631
00000057
A99343B6
0000003D
13787E13
000000C6
894ECB0D
000000EF
8ECFAFE3
000000F5
2933EB1C
0000002C
602CC709
00000095
0585D23F
00000083
// vkEnumeratePhysicalDeviceGroups[10]
0000008F
00000000
6D6BBC9D
0000003C
00000001
00000000
00000004
00000004
00000000
3B9BDB70
00000000
00000000
00000020
00000000
81081239
000000B0
9CA354D6
000000A7
FF8AA933
00000089
13C4BE39
0000003F
65EE0465
000000C7
7706C34A
0000001E
9127BD47
000000A4
0C607FE9
00000063
16F59E48
0000008F
18371C67
000000A4
D0A40D77
0000007A
0B83C705
000000FA
84BAED6F
0000003D
C700C80C
00000003
05567EF4
000000F4
DBF9FB74
0000004F
7767E9C3
00000047
B9126CEA
0000006A
2AACBA42
00000098
22197C77
000000FC
8FC947F3
000000B5
D3A4278B
00000051
C545FF88
00000088
A2F1CFC9
00000072
FDF9117B
00000080
CD9454E3
0000006A
8DC7238E
0000002A
B2E9ED25
00000065
B2D3D8F8
00000063
CEF1BDF6
00000033
7ED224ED
000000D1
47473C91
0000005C
3B9BDB70
00000000
00000000
00000020
00000000
D847A872
0000002C
C7D2D9B2
000000B8
9F3E07EE
00000015
BB254E83
0000005C
560B9AD2
000000ED
2488BCE5
00000042
41485039
00000040
596F3D85
00000062
47754F9B
00000090
77BF362F
00000003
2626FB92
000000F4
2158D607
000000F5
40B282F6
00000039
324E10E6
00000012
CD3C409B
00000094
899D52EA
0000009E
32CB13FA
0000008B
6DE12C08
000000B7
DF35DBDE
0000003D
93DE63D6
00000023
8DCD5310
00000075
642D6BD6
000000B6
32226707
00000015
A01A8C21
000000EF
13C01044
00000027
C943BE93
000000AA
0EB9F2EF
00000007
BF109E08
00000067
61F3FBC8
0000006A
AEB2841D
00000023
974C214F
00000098
2111A822
000000AC
3B9BDB70
00000000
00000000
00000020
00000000
61B50DCD
00000023
4921BEF4
00000033
A9690F96
000000B8
FCA132AA
00000065
5B5B46B3
000000BF
D6AE4CAE
0000002D
39A01C4F
0000004C
B596B597
00000024
590433BD
0000007D
890D9238
0000004A
16AD6632
00000083
D3CD6BB8
0000004C
35763838
000000B4
76A4D6E5
00000005
4A50D337
000000CC
CF6975F7
0000009F
97B449D5
0000001A
9D7CC285
0000005F
C13733AA
00000071
4140E6B1
0000009E
0EE95A3A
0000000D
D41C3466
000000C8
50CB7FC0
00000028
CFF10031
00000021
F4E65212
000000EC
A112AD73
000000D2
1A71580D
0000001C
DA9EE69B
0000006F
A228587A
00000096
3EF34007
000000BE
353719FD
00000081
81FA0627
00000065
3B9BDB70
00000000
00000000
00000020
00000000
B53674FF
00000036
D1BC7A14
000000F2
62420FD3
000000A9
EC5643F2
00000084
224ADC1F
000000D0
B75C29D5
00000094
412DBABB
000000B9
00EE0092
000000B7
1EF2BE2A
000000CF
339863EF
000000FC
C36A9864
00000090
60C7E1D7
000000A9
7B665C24
0000008B
9D13B2FB
0000003B
448563F0
00000009
A3706225
0000002A
ABEC2357
000000AB
EBDED950
0000008D
80BBE14E
0000003B
DAF4081B
00000069
F7BE93AF
00000046
C4D6547F
000000A9
6BD33A6B
00000066
45A077D6
0000007E
1904F4CD
000000AB
D4BE2C52
000000D5
212D7797
0000002F
8F3C3CD2
00000004
7434CDAA
000000C0
0B7B0E03
0000007D
36DED715
00000064
D2A959A4
000000BA
// vkEnumeratePhysicalDeviceGroups[11]
0000008F
00000000
E870FBAF
0000003E
00000001
00000000
00000000
00000000
00000000
// vkEnumeratePhysicalDeviceGroups[12]
0000008F
00000000
D8ADE43D
0000006C
00000001
00000000
00000001
00000001
00000000
3B9BDB70
00000000
00000000
00000020
00000000
D8EBC32D
00000082
62827E2B
00000085
5C4CC59D
00000032
3B937128
0000005C
A89C4B65
000000E0
9607CF15
000000FB
C1D431FF
000000C6
FC0AFBB1
00000010
574E3589
000000E7
0D42AA6E
00000075
0B50AD7F
000000D5
9C50E95F
0000002D
E42AC322
00000025
DA92657B
000000E8
F0439594
00000049
781A9DA0
0000000B
9554A0B3
00000080
109BAD30
000000FD
DDB001B7
000000D5
90C05631
00000065
178C5396
000000FE
6662BEC8
000000CB
8300089A
000000D7
928B7F14
000000A5
4D21E937
00000064
44963FF3
000000E7
5A29396E
00000078
F605A1C1
000000EF
0C90C7BC
0000008D
F299414D
000000E8
DF2C10D0
0000007A
047601E4
0000006D
// vkEnumeratePhysicalDeviceGroups[13]
0000008F
00000000
96B3E241
000000BF
00000001
00000000
00000004
00000004
00000000
3B9BDB70
00000000
00000000
00000020
00000000
FF33A69B
00000047
10DCA628
000000DD
9B6E4823
000000C9
CA769E0A
000000C6
5C69467E
0000006A
64199742
000000FF
8513E54E
000000CA
060CA48C
00000093
94EC71A6
0000001D
0974BA91
00000092
87908BA1
00000003
19D60F42
000000E6
5500E973
00000056
EED17540
0000005E
C012C0AC
0000008D
08D27886
000000A3
5EC2A92C
00000095
12FC552E
0000007C
E56EFD23
000000A2
1571620C
000000D8
8A22739B
00000072
55A0AB16
00000080
EB4A6DC2
000000CF
8B49284D
00000000
EC2F23E1
00000029
E8EC6597
00000053
5C60BF3E
00000036
2569AA45
000000E5
94883BA1
00000025
96EF069B
0000001B
676B00EC
00000051
DDE63F07
00000082
3B9BDB70
00000000
00000000
00000020
00000000
57670D2F
000000DA
42808849
0000009B
5E550418
00000009
B6006F12
00000010
C47E1BCD
000000A1
3F2457CD
000000D1
CA597DEC
00000043
C12D512F
000000F8
65A4FE7E
0000008C
48AAC7B6
00000092
C92C3F45
0000009E
155EFA9F
00000013
B56703D7
0000002B
E786BA33
000000EF
F3D05037
00000044
69EEAB4A
00000015
20539F51
00000048
8D0389DD
000000B9
A41FC4A8
00000043
3C1F3ADF
00000035
194CA67D
00000046
B8C1A060
0000007A
0C0FD5B5
000000BC
831C27CE
0000004D
C99305C8
000000DF
CF9034AD
000000F9
343353B0
000000D2
8B2DB754
00000013
8CFB8251
00000050
56F44F81
000000ED
4BC9AFD3
000000DC
8423FA5B
00000022
3B9BDB70
00000000
00000000
00000020
00000000
CC8EF3A1
000000BF
098BBBBF
00000007
FD41A332
00000050
6AE10436
000000BF
29EF95E9
000000E3
8E979917
0000000A
B4F5FDBA
00000096
B3BA5D0E
000000A9
A12251BD
000000DF
869F0A4B
0000006C
2F32EBDB
000000F9
E7371F87
00000032
3B9B56AE
0000001D
96629599
00000021
F949A9F1
00000096
8198F9CC
0000001F
B8B72AA9
00000044
7555560B
00000032
C80A6928
0000000E
5C7E9452
000000F6
74C472BB
00000055
ED53BDA4
000000F6
9D4F9A42
000000B9
5ACC5117
00000038
ECF50B6E
000000EE
A2A9908C
00000002
03923845
000000FB
7D1E2AFF
00000008
2A156E47
00000040
E6103B1E
0000008D
0A34C449
00000002
3AE72591
000000C3
3B9BDB70
00000000
00000000
00000020
00000000
08FC9944
000000F2
87355806
00000033
359DA954
00000071
49EC713D
0000003E
7D9062F5
00000081
5F12A09D
00000053
6458CE09
000000F1
A7473852
00000012
31FB56FA
00000098
2E76DD6C
00000030
AF347213
0000009F
4C05C1FB
000000F4
EED626A7
00000094
6D1E121D
0000009D
795972A8
0000005D
05EE7C39
0000007C
0549AE39
000000EE
1AD21096
000000A8
A02929AD
00000093
AA1F8452
0000009E
F3C33813
000000D8
6EB65112
000000D3
B529E5F5
00000095
57F64F4D
00000056
12F5B904
000000A5
6B91461D
00000031
B39DA6E1
00000083
CDE19CD2
0000007E
F3B53254
000000D7
D5094917
0000009B
9049084D
000000A9
8CE4C8E6
000000F0
// vkEnumeratePhysicalDeviceGroups[14]
0000008F
00000000
999775E5
000000AE
00000001
00000000
00000003
00000003
00000000
3B9BDB70
00000000
00000000
00000020
00000000
D5032625
00000044
ACF67F8D
000000D1
86426BAA
0000004D
903E07B5
000000C3
CE429EDD
00000065
9B7D630D
0000008A
4257AE5B
00000041
4F6C1972
00000003
9AC7640D
000000C1
0BBCB351
000000C8
7523B960
00000075
E454021A
0000005B
3B6DC6AB
00000082
71B435FF
00000035
B312BB95
00000079
ECEDD0C8
00000055
B23EF624
000000FD
A0366B60
00000025
6246F0BF
000000DC
6FF6C730
0000000D
A456A270
0000001C
5B37C7A2
000000DF
C8ED5301
000000EA
0218C7D8
00000041
C05CE7B5
0000008A
BDF6C6C8
0000000D
4E72DB14
00000060
03D47842
00000053
569192C8
0000004F
96D4E1A7
000000E0
C9755CEF
000000D2
DED0521E
0000000C
3B9BDB70
00000000
00000000
00000020
00000000
1EB0DB42
000000AB
FD3244F2
000000D2
A53B56AD
00000010
20DC84B8
000000C7
B0D5FDFF
0000004B
F5A05735
00000068
9B80FEDD
00000057
3B89D84C
00000006
F65F28EE
000000A4
B3577755
000000B0
2ED80E5C
000000C1
C426DBB0
000000C1
811196CA
000000BF
92F47B34
000000A4
5DA43B78
0000004D
4B334CCC
00000060
6BA1BB2B
000000ED
86C24BD1
000000F9
7621211B
000000CF
DDC395D0
000000DB
12FF2249
000000F0
32F0F6A9
00000068
F00057BB
0000003B
9B9C963F
0000000A
9E166EA5
0000003D
A1374ADA
00000039
3E55B274
000000B6
6509B280
00000061
35CC4955
0000009F
26E85F9B
000000B8
FD50AD1F
0000004C
BE6A99E7
000000B8
3B9BDB70
00000000
00000000
00000020
00000000
AFFB7C97
0000004E
71BBCFEA
0000007F
2BBE8E6B
000000AC
257994AD
00000007
FDF830F9
0000005E
6FDEBBF7
0000008D
578656A9
000000DF
CD1AFCF4
00000083
7D5CA2ED
00000051
F065F2E6
0000009A
1C8C6682
00000095
A55483E3
0000004A
CF766EDE
0000008C
A9A4C1F8
00000046
6DF5EAF1
00000002
D78C860C
0000004F
C093B8CB
00000016
A3821107
0000007D
1D6E6958
00000080
3877202B
000000DE
9B0A7D25
000000BF
A4B1B297
000000BF
F934D17F
000000FD
ED4A368D
00000043
6FD06132
0000005F
C8CFB955
0000003B
0DE0B9D4
0000001A
98CFBB44
00000083
83A1012F
00000082
29BE8D82
00000021
4AC4430A
000000EC
0C5F082A
000000FA
// vkEnumeratePhysicalDeviceGroups[15]
0000008F
00000000
37DEF267
00000000
00000001
00000000
00000000
00000000
00000000
// vkEnumeratePhysicalDeviceGroups[16]
0000008F
00000000
10F04B49
0000000E
00000001
00000000
00000004
00000004
00000000
3B9BDB70
00000000
00000000
00000020
00000000
04CC01C8
0000009C
0240AADF
0000008F
361BA5DE
00000078
333A6521
00000044
4B9CEB25
00000094
8CF86E57
00000085
405A6B61
000000E3
3BC7BDA8
0000002E
35F3A315
00000064
E3127FC4
0000000F
3D145248
000000F8
8E2A1E1A
000000B3
73DFC87C
00000009
54D6F493
00000053
68216F2B
0000001E
0418008D
00000090
2F5F4BAA
00000081
A3E02767
00000017
C2F0D5D7
0000002F
37E715AD
00000039
2D310B5D
0000004D
E7DB782C
000000CE
19081FF0
0000000F
CB7BF940
00000050
E0C80266
000000B9
2573D716
00000010
D53DCF4F
00000071
266A1D83
0000003B
0B090ED6
000000BF
494697AE
000000F6
582591CE
0000000E
96EC1B5C
00000016
3B9BDB70
00000000
00000000
00000020
00000000
AA2E29A4
0000002F
1E837F23
0000000E
33CE604C
0000000D
BF04888B
000000BA
1DADECF8
00000016
F3DFE94B
000000C9
CFC26411
000000BE
384735D1
000000F0
493E98E6
000000B6
408B4204
00000086
6C3F81E6
000000DF
3FA6D8E5
000000B8
08426379
000000B9
4073D07C
000000C3
31DE54A5
00000053
5994A1A1
0000005B
744AB1FC
000000C3
DFD2ECC1
000000EC
A8D8A8F1
000000DE
9D903E47
00000061
DD51C603
000000AD
62F3DB21
00000016
6D147D54
000000EE
3E973B1F
000000D4
D4881F67
0000007D
E09AB5F2
00000057
E92C15E4
0000002D
9ADC7681
000000A6
1D2480CA
0000003D
12803301
000000C5
CC2B38B3
0000006F
E2ADE707
00000046
3B9BDB70
00000000
00000000
00000020
00000000
55C50E4B
000000C1
D4E3319E
0000005E
68C50D38
00000074
5D473C86
0000005A
50DE36D7
00000065
F5463276
00000078
82E0766D
00000004
5ECB3CA3
00000020
4D6BE287
0000002B
4D5DD136
00000091
20732AA5
000000DF
8C6C6764
000000B6
BA11FC33
00000026
2ABBFCC2
00000075
A517D182
000000A0
26F90507
00000022
293ED17F
00000014
D00A2B41
0000009C
40FE7AAE
0000003C
5B1FB582
000000A5
50B1C7AB
0000002B
46FBFB30
000000DB
791AD404
0000004F
13C77DBD
0000006D
276DCEE0
0000008C
5A6F5D99
000000E2
731E33AC
000000EA
1B801CBB
000000D8
27E2F47A
000000AF
50DB1104
00000011
AF63336B
0000002F
7AC5D58C
00000088
3B9BDB70
00000000
00000000
00000020
00000000
F47C1174
00000031
A643CE68
0000005B
BC4195C3
000000F6
5DB7A0F9
00000081
EF346092
000000DE
5AF51434
000000DB
D9EFB08E
000000C8
80EC1814
000000A0
CF6CB0F2
000000AA
5FE11B09
00000057
A7790C95
0000001E
2F442E47
000000F2
601D7E36
00000008
FA2090AB
00000045
E29FE160
0000009D
B62BA1D7
000000F7
CC60A1C9
00000035
0FF8116D
0000003F
D67645DC
000000D9
4DED73E0
00000053
9036B7D0
00000067
3E8D3018
0000005C
C5BE85A4
0000000C
3B542AB3
000000F1
4A6077B2
000000B2
918650E5
00000001
320178E7
00000018
F9CF9B42
00000022
3906C250
0000005E
819394EE
000000E3
443BEBCB
00000024
29912C43
0000003A
// vkEnumeratePhysicalDeviceGroups[17]
0000008F
00000000
4FBAC551
00000092
00000001
00000000
00000004
00000004
00000000
3B9BDB70
00000000
00000000
00000020
00000000
8ABBBADB
000000CA
6E9FAFD0
000000DC
DF183CD5
00000070
94B19E9F
00000083
79981798
0000002E
832FFF68
000000DD
5B0A90EC
00000032
6EDFBAF9
000000CD
12FC0EBB
00000046
34890F59
0000003A
C353BD86
00000024
22329623
000000C5
354FC5F4
00000005
29E14534
0000007C
5CE5D225
0000002F
0C9E2633
000000C8
5C3E8CCB
00000015
9C14EF2E
0000003C
AD8FBBA2
000000B2
DE0A7162
00000036
164AB910
00000070
A4D19314
000000A7
3241A461
0000009A
57A92BDF
0000002A
933BAD5E
000000B0
D6841AC9
000000D5
ABAD0148
000000B4
FC3C8C87
000000ED
04983BDE
00000037
50EB4A48
000000E3
7AF9100C
0000008D
0944C4FB
000000E6
3B9BDB70
00000000
00000000
00000020
00000000
8F25027B
00000059
22B11CCE
0000007C
117C7EA6
00000082
519F43FF
000000AA
BDD466DB
000000EE
91323F9E
000000AB
FF2E9189
0000004F
9AE81C0B
00000051
E3F0F9D1
000000C8
92A8DB77
00000016
7B1D93C3
00000056
6A612D8D
000000D9
124D37A7
00000043
101C417F
000000FD
A88D5A76
000000A5
DBF2BFE9
00000052
04E0581D
000000FD
2E23561A
000000E8
53D4E3F6
00000039
502540D7
00000043
D58DE3B6
000000D1
409D41EA
000000DE
4E6402DE
000000F3
7CD25089
0000006A
F3681A9D
00000003
4B655508
00000029
A23A732C
0000004A
0C710261
0000001D
6E72DBE2
0000006E
ED5DD620
0000009C
37A7D901
00000047
5B411160
000000C4
3B9BDB70
00000000
00000000
00000020
00000000
4182FB37
000000AC
2C20B0F8
00000052
248F9D3B
0000005A
1837CA3F
00000065
5B5B3414
00000085
BE9531B3
00000091
B2465489
000000DF
313874CD
00000065
FB783ADC
00000073
2669A118
000000D5
7B2BE71D
000000F8
B2A548E5
0000003E
09AA4C07
000000BA
A3C48AF4
0000003F
1438C817
000000BD
120DAF99
00000009
84F46AA7
00000081
78BFA79C
00000091
7BF8528E
000000B3
53C752BA
000000EA
85391DD3
000000CB
2BA1D756
00000090
B54E9DE3
0000007F
65CDDE4F
00000003
62D15F0B
0000008D
B9765605
0000008F
D4A9EFEB
000000BD
73564174
0000002A
97E7EE29
00000096
5F85A9FD
0000000D
D739AC08
000000B9
5E494E61
000000D2
3B9BDB70
00000000
00000000
00000020
00000000
A516C874
000000A9
8BF17146
0000004D
D9F05012
00000016
711DD9D4
000000C2
DF252E31
0000005B
31FAB544
00000029
2278C42C
00000071
EE31A841
000000D5
0B897E21
000000F4
5D33AE1F
00000091
5652C221
000000F8
CEE67E9E
0000002C
919A818E
0000007D
7A71282C
00000002
93718176
0000003B
E26A5E1C
000000E0
9C0418F6
0000000F
71B109A9
000000A7
29DC86C3
00000082
3557AA4F
000000FC
667B6A16
000000FE
7746802E
0000001F
5097A567
00000043
236921E8
000000FD
2B57C724
00000054
21B3170B
0000002E
CE31B56E
000000E9
BDD52E83
0000009E
87BF3628
0000004E
3BF80201
0000008D
B4E39300
0000006D
77D3731C
00000075
// vkGetPhysicalDeviceProperties[0]
00000006
00000000
2B769407
00000085
00000001
00000000
// vkGetPhysicalDeviceProperties[1]
00000006
00000000
8F6B444D
00000052
00000001
00000000
// vkGetPhysicalDeviceProperties[2]
00000006
00000000
6026B2F1
0000006F
00000001
00000000
// vkGetPhysicalDeviceProperties[3]
00000006
00000000
2C1CEAFF
000000D0
00000001
00000000
// vkGetPhysicalDeviceProperties[4]
00000006
00000000
C6451E49
000000F8
00000001
00000000
// vkGetPhysicalDeviceProperties[5]
00000006
00000000
80F2EE19
0000005A
00000001
00000000
// vkGetPhysicalDeviceProperties[6]
00000006
00000000
F2027153
000000DE
00000000
00000000
// vkGetPhysicalDeviceProperties[7]
00000006
00000000
20906A11
0000000F
00000001
00000000
// vkGetPhysicalDeviceProperties[8]
00000006
00000000
42777EE3
00000066
00000001
00000000
// vkGetPhysicalDeviceProperties[9]
00000006
00000000
5A176AAF
00000042
00000001
00000000
// vkGetPhysicalDeviceProperties[10]
00000006
00000000
1360C385
00000006
00000001
00000000
// vkGetPhysicalDeviceProperties[11]
00000006
00000000
AC640E1D
00000084
00000001
00000000
// vkGetPhysicalDeviceProperties[12]
00000006
00000000
5490FBA5
000000F6
00000001
00000000
// vkGetPhysicalDeviceProperties[13]
00000006
00000000
67FB8AC1
000000BC
00000000
00000000
// vkGetPhysicalDeviceProperties[14]
00000006
00000000
90C0A0F3
000000FE
00000001
00000000
// vkGetPhysicalDeviceProperties[15]
00000006
00000000
D426D175
0000009A
00000001
00000000
// vkGetPhysicalDeviceProperties[16]
00000006
00000000
AAB7E469
00000070
00000001
00000000
// vkGetPhysicalDeviceProperties[17]
00000006
00000000
4B022F0D
000000C9
00000000
00000000
// vkGetPhysicalDeviceProperties2[0]
00000094
00000000
D2BEE7F9
000000A5
00000001
00000000
3B9BB079
00000000
00000000
// vkGetPhysicalDeviceProperties2[1]
00000094
00000000
37D9EDA9
00000041
00000001
00000000
3B9BB079
00000000
00000000
// vkGetPhysicalDeviceProperties2[2]
00000094
00000000
6021DD2F
0000000A
00000001
00000000
3B9BB079
00000001
00000000
3B9D5A40
00000001
00000000
00000036
00000000
00000000
// vkGetPhysicalDeviceProperties2[3]
00000094
00000000
8F4E265D
000000A0
00000000
00000000
// vkGetPhysicalDeviceProperties2[4]
00000094
00000000
D7D103FD
000000A7
00000001
00000000
3B9BB079
00000000
00000000
// vkGetPhysicalDeviceProperties2[5]
00000094
00000000
0D0BA4D3
000000F5
00000000
00000000
// vkGetPhysicalDeviceProperties2[6]
00000094
00000000
2E94525D
00000099
00000001
00000000
3B9BB079
00000001
00000000
3B9DC7A0
00000001
00000000
3B9C9308
00000000
00000000
// vkGetPhysicalDeviceProperties2[7]
00000094
00000000
39AB65ED
000000F4
00000001
00000000
3B9BB079
00000000
00000000
// vkGetPhysicalDeviceProperties2[8]
00000094
00000000
35649F35
0000001F
00000001
00000000
3B9BB079
00000000
00000000
// vkGetPhysicalDeviceProperties2[9]
00000094
00000000
46E55487
000000DE
00000001
00000000
3B9BB079
00000000
00000000
// vkGetPhysicalDeviceProperties2[10]
00000094
00000000
DF9DF22F
00000093
00000001
00000000
3B9BB079
00000000
00000000
// vkGetPhysicalDeviceProperties2[11]
00000094
00000000
37B06091
00000027
00000001
00000000
3B9BB079
00000000
00000000
// vkGetPhysicalDeviceProperties2[12]
00000094
00000000
491D0E11
000000E6
00000000
00000000
// vkGetPhysicalDeviceProperties2[13]
00000094
00000000
D7F44CF3
0000003C
00000000
00000000
// vkGetPhysicalDeviceProperties2[14]
00000094
00000000
ADDC8FB9
0000002C
00000001
00000000
3B9BB079
00000000
00000000
// vkGetPhysicalDeviceProperties2[15]
00000094
00000000
FBB11BAD
000000D0
00000001
00000000
3B9BB079
00000000
00000000
// vkGetPhysicalDeviceProperties2[16]
00000094
00000000
4E27E6BF
00000082
00000000
00000000
// vkGetPhysicalDeviceProperties2[17]
00000094
00000000
695856DD
00000009
00000001
00000000
3B9BB079
00000001
00000000
3B9C3930
00000001
00000000
3BA1F5F1
00000000
00000000
// vkGetPhysicalDeviceFeatures[0]
00000003
00000000
50473611
00000026
00000001
00000000
// vkGetPhysicalDeviceFeatures[1]
00000003
00000000
9A96C1A5
00000074
00000001
00000000
// vkGetPhysicalDeviceFeatures[2]
00000003
00000000
117973DF
000000F9
00000001
00000000
// vkGetPhysicalDeviceFeatures[3]
00000003
00000000
FEF077B9
00000054
00000000
00000000
// vkGetPhysicalDeviceFeatures[4]
00000003
00000000
33FCC6AF
00000011
00000001
00000000
// vkGetPhysicalDeviceFeatures[5]
00000003
00000000
7E1060C7
00000098
00000001
00000000
// vkGetPhysicalDeviceFeatures[6]
00000003
00000000
18A4AA37
0000006C
00000001
00000000
// vkGetPhysicalDeviceFeatures[7]
00000003
00000000
A538F181
00000054
00000000
00000000
// vkGetPhysicalDeviceFeatures[8]
00000003
00000000
953F8875
0000008F
00000001
00000000
// vkGetPhysicalDeviceFeatures[9]
00000003
00000000
BE7F801D
000000C7
00000001
00000000
// vkGetPhysicalDeviceFeatures[10]
00000003
00000000
DC9B834F
0000001B
00000001
00000000
// vkGetPhysicalDeviceFeatures[11]
00000003
00000000
0127D0CD
000000E1
00000001
00000000
// vkGetPhysicalDeviceFeatures[12]
00000003
00000000
8CA96D7F
00000090
00000001
00000000
// vkGetPhysicalDeviceFeatures[13]
00000003
00000000
A63BDCF7
00000063
00000001
00000000
// vkGetPhysicalDeviceFeatures[14]
00000003
00000000
96A4938F
0000003C
00000001
00000000
// vkGetPhysicalDeviceFeatures[15]
00000003
00000000
783DAD15
000000A2
00000001
00000000
// vkGetPhysicalDeviceFeatures[16]
00000003
00000000
C4C98511
00000086
00000001
00000000
// vkGetPhysicalDeviceFeatures[17]
00000003
00000000
9154A3DF
000000DD
00000001
00000000
// vkGetPhysicalDeviceFeatures2[0]
00000093
00000000
71204F33
0000005D
00000001
00000000
3B9BB078
00000000
00000000
// vkGetPhysicalDeviceFeatures2[1]
00000093
00000000
D978237D
00000052
00000001
00000000
3B9BB078
00000000
00000000
// vkGetPhysicalDeviceFeatures2[2]
00000093
00000000
250C15A3
00000075
00000001
00000000
3B9BB078
00000001
00000000
3B9F4A58
00000001
00000000
3B9D7598
00000000
00000000
// vkGetPhysicalDeviceFeatures2[3]
00000093
00000000
399D31B7
000000E8
00000001
00000000
3B9BB078
00000000
00000000
// vkGetPhysicalDeviceFeatures2[4]
00000093
00000000
12C568A5
00000075
00000001
00000000
3B9BB078
00000000
00000000
// vkGetPhysicalDeviceFeatures2[5]
00000093
00000000
CDEE051B
00000054
00000001
00000000
3B9BB078
00000000
00000000
// vkGetPhysicalDeviceFeatures2[6]
00000093
00000000
39568455
000000D8
00000001
00000000
3B9BB078
00000001
00000000
3B9B9909
00000001
00000000
3BA1F5F0
00000000
00000000
// vkGetPhysicalDeviceFeatures2[7]
00000093
00000000
A6AFDE03
00000037
00000001
00000000
3B9BB078
00000001
00000000
3B9C9EC0
00000001
00000000
3B9D0C20
00000000
00000000
// vkGetPhysicalDeviceFeatures2[8]
00000093
00000000
632785F1
0000002F
00000001
00000000
3B9BB078
00000000
00000000
// vkGetPhysicalDeviceFeatures2[9]
00000093
00000000
5CCBBEAB
00000071
00000001
00000000
3B9BB078
00000001
00000000
3B9F4A58
00000001
00000000
3B9B9909
00000000
00000000
// vkGetPhysicalDeviceFeatures2[10]
00000093
00000000
3AAFD2AF
000000C7
00000000
00000000
// vkGetPhysicalDeviceFeatures2[11]
00000093
00000000
1DB05677
00000034
00000001
00000000
3B9BB078
00000000
00000000
// vkGetPhysicalDeviceFeatures2[12]
00000093
00000000
DFF9E6CD
000000B0
00000001
00000000
3B9BB078
00000000
00000000
// vkGetPhysicalDeviceFeatures2[13]
00000093
00000000
A3322C5F
0000007C
00000001
00000000
3B9BB078
00000000
00000000
// vkGetPhysicalDeviceFeatures2[14]
00000093
00000000
F5D349CF
000000D4
00000001
00000000
3B9BB078
00000001
00000000
3B9B9909
00000001
00000000
3B9C0E38
00000000
00000000
// vkGetPhysicalDeviceFeatures2[15]
00000093
00000000
08F31F3D
0000004B
00000001
00000000
3B9BB078
00000000
00000000
// vkGetPhysicalDeviceFeatures2[16]
00000093
00000000
D6234B89
0000000A
00000000
00000000
// vkGetPhysicalDeviceFeatures2[17]
00000093
00000000
278FEE51
0000004E
00000001
00000000
3B9BB078
00000000
00000000
// vkGetPhysicalDeviceMemoryProperties[0]
00000008
00000000
8CD1FE17
000000C4
00000001
00000000
00000020
00000000
00000010
00000000
// vkGetPhysicalDeviceMemoryProperties[1]
00000008
00000000
8FF56CC3
000000F6
00000001
00000000
00000020
00000000
00000010
00000000
// vkGetPhysicalDeviceMemoryProperties[2]
00000008
00000000
2D385ACB
0000001C
00000001
00000000
00000020
00000000
00000010
00000000
// vkGetPhysicalDeviceMemoryProperties[3]
00000008
00000000
E20D0FCD
00000096
00000001
00000000
00000020
00000000
00000010
00000000
// vkGetPhysicalDeviceMemoryProperties[4]
00000008
00000000
9C2BF423
0000008E
00000001
00000000
00000020
00000000
00000010
00000000
// vkGetPhysicalDeviceMemoryProperties[5]
00000008
00000000
9E40E021
0000003F
00000001
00000000
00000020
00000000
00000010
00000000
// vkGetPhysicalDeviceMemoryProperties[6]
00000008
00000000
CF17CEDD
000000AA
00000001
00000000
00000020
00000000
00000010
00000000
// vkGetPhysicalDeviceMemoryProperties[7]
00000008
00000000
BA98CDBB
0000005E
00000001
00000000
00000020
00000000
00000010
00000000
// vkGetPhysicalDeviceMemoryProperties[8]
00000008
00000000
5A358697
0000003E
00000001
00000000
00000020
00000000
00000010
00000000
// vkGetPhysicalDeviceMemoryProperties[9]
00000008
00000000
EC023367
000000E3
00000001
00000000
00000020
00000000
00000010
00000000
// vkGetPhysicalDeviceMemoryProperties[10]
00000008
00000000
5F8654A1
00000011
00000001
00000000
00000020
00000000
00000010
00000000
// vkGetPhysicalDeviceMemoryProperties[11]
00000008
00000000
2EA2B417
0000005F
00000001
00000000
00000020
00000000
00000010
00000000
// vkGetPhysicalDeviceMemoryProperties[12]
00000008
00000000
4980D0E7
000000D0
00000001
00000000
00000020
00000000
00000010
00000000
// vkGetPhysicalDeviceMemoryProperties[13]
00000008
00000000
E98C1F37
000000A2
00000001
00000000
00000020
00000000
00000010
00000000
// vkGetPhysicalDeviceMemoryProperties[14]
00000008
00000000
CFC768F9
0000009C
00000001
00000000
00000020
00000000
00000010
00000000
// vkGetPhysicalDeviceMemoryProperties[15]
00000008
00000000
E1A56CC9
000000CC
00000000
00000000
// vkGetPhysicalDeviceMemoryProperties[16]
00000008
00000000
370BEF81
000000EE
00000001
00000000
00000020
00000000
00000010
00000000
// vkGetPhysicalDeviceMemoryProperties[17]
00000008
00000000
92631A5B
00000083
00000000
00000000
// vkGetPhysicalDeviceMemoryProperties2[0]
00000098
00000000
083DDC6B
000000DC
00000000
00000000
// vkGetPhysicalDeviceMemoryProperties2[1]
00000098
00000000
693BB5D9
00000020
00000001
00000000
3B9BB07E
00000000
00000000
00000020
00000000
00000010
00000000
// vkGetPhysicalDeviceMemoryProperties2[2]
00000098
00000000
6E719E55
000000D1
00000001
00000000
3B9BB07E
00000000
00000000
00000020
00000000
00000010
00000000
// vkGetPhysicalDeviceMemoryProperties2[3]
00000098
00000000
8BA4D4E3
0000000A
00000001
00000000
3B9BB07E
00000000
00000000
00000020
00000000
00000010
00000000
// vkGetPhysicalDeviceMemoryProperties2[4]
00000098
00000000
88A826EF
0000003F
00000000
00000000
// vkGetPhysicalDeviceMemoryProperties2[5]
00000098
00000000
7A23C427
0000000C
00000001
00000000
3B9BB07E
00000000
00000000
00000020
00000000
00000010
00000000
// vkGetPhysicalDeviceMemoryProperties2[6]
00000098
00000000
7290775D
0000001B
00000001
00000000
3B9BB07E
00000000
00000000
00000020
00000000
00000010
00000000
// vkGetPhysicalDeviceMemoryProperties2[7]
00000098
00000000
CFEB4D03
000000DA
00000001
00000000
3B9BB07E
00000000
00000000
00000020
00000000
00000010
00000000
// vkGetPhysicalDeviceMemoryProperties2[8]
00000098
00000000
73C59BD3
0000000A
00000001
00000000
3B9BB07E
00000000
00000000
00000020
00000000
00000010
00000000
// vkGetPhysicalDeviceMemoryProperties2[9]
00000098
00000000
09A88F21
000000C4
00000001
00000000
3B9BB07E
00000000
00000000
00000020
00000000
00000010
00000000
// vkGetPhysicalDeviceMemoryProperties2[10]
00000098
00000000
B3A79161
000000BD
00000000
00000000
// vkGetPhysicalDeviceMemoryProperties2[11]
00000098
00000000
E3BF4069
00000046
00000001
00000000
3B9BB07E
00000000
00000000
00000020
00000000
00000010
00000000
// vkGetPhysicalDeviceMemoryProperties2[12]
00000098
00000000
D1064AA5
0000007A
00000001
00000000
3B9BB07E
00000000
00000000
00000020
00000000
00000010
00000000
// vkGetPhysicalDeviceMemoryProperties2[13]
00000098
00000000
C0EE0565
00000044
00000000
00000000
// vkGetPhysicalDeviceMemoryProperties2[14]
00000098
00000000
AE15ACD1
0000007D
00000001
00000000
3B9BB07E
00000000
00000000
00000020
00000000
00000010
00000000
// vkGetPhysicalDeviceMemoryProperties2[15]
00000098
00000000
62A69169
00000043
00000001
00000000
3B9BB07E
00000000
00000000
00000020
00000000
00000010
00000000
// vkGetPhysicalDeviceMemoryProperties2[16]
00000098
00000000
FF1CDF8B
000000DA
00000001
00000000
3B9BB07E
00000000
00000000
00000020
00000000
00000010
00000000
// vkGetPhysicalDeviceMemoryProperties2[17]
00000098
00000000
9BA5E39D
00000053
00000001
00000000
3B9BB07E
00000000
00000000
00000020
00000000
00000010
00000000
// vkGetPhysicalDeviceQueueFamilyProperties[0]
00000007
00000000
2D222F99
00000054
00000001
00000000
00000001
00000001
00000000
// vkGetPhysicalDeviceQueueFamilyProperties[1]
00000007
00000000
9514849B
00000091
00000001
00000000
00000001
00000001
00000000
// vkGetPhysicalDeviceQueueFamilyProperties[2]
00000007
00000000
E0891001
00000080
00000001
00000000
00000003
00000003
00000000
// vkGetPhysicalDeviceQueueFamilyProperties[3]
00000007
00000000
713BD2A7
000000B5
00000001
00000000
00000001
00000001
00000000
// vkGetPhysicalDeviceQueueFamilyProperties[4]
00000007
00000000
4B567C07
000000BE
00000001
00000000
00000002
00000002
00000000
// vkGetPhysicalDeviceQueueFamilyProperties[5]
00000007
00000000
1AA850B3
000000D2
00000001
00000000
00000002
00000002
00000000
// vkGetPhysicalDeviceQueueFamilyProperties[6]
00000007
00000000
906C5707
000000A9
00000001
00000000
00000002
00000002
00000000
// vkGetPhysicalDeviceQueueFamilyProperties[7]
00000007
00000000
A9EFDD91
000000E1
00000001
00000000
00000001
00000001
00000000
// vkGetPhysicalDeviceQueueFamilyProperties[8]
00000007
00000000
2B4634EF
000000AB
00000001
00000000
00000001
00000001
00000000
// vkGetPhysicalDeviceQueueFamilyProperties[9]
00000007
00000000
81577BAB
0000009C
00000001
00000000
00000004
00000004
00000000
// vkGetPhysicalDeviceQueueFamilyProperties[10]
00000007
00000000
83EF1EFF
0000009E
00000001
00000000
00000000
00000000
00000000
// vkGetPhysicalDeviceQueueFamilyProperties[11]
00000007
00000000
EA88D283
00000075
00000001
00000000
00000003
00000003
00000000
// vkGetPhysicalDeviceQueueFamilyProperties[12]
00000007
00000000
324F6733
00000063
00000001
00000000
00000003
00000003
00000000
// vkGetPhysicalDeviceQueueFamilyProperties[13]
00000007
00000000
91037D01
0000009E
00000001
00000000
00000004
00000004
00000000
// vkGetPhysicalDeviceQueueFamilyProperties[14]
00000007
00000000
FE3F9D4B
0000005A
00000001
00000000
00000003
00000003
00000000
// vkGetPhysicalDeviceQueueFamilyProperties[15]
00000007
00000000
B0BA97E1
00000003
00000001
00000000
00000001
00000001
00000000
// vkGetPhysicalDeviceQueueFamilyProperties[16]
00000007
00000000
6FB044A5
00000028
00000001
00000000
00000003
00000003
00000000
// vkGetPhysicalDeviceQueueFamilyProperties[17]
00000007
00000000
1D6A193B
000000F2
00000001
00000000
00000000
00000000
00000000
// vkGetPhysicalDeviceQueueFamilyProperties2[0]
00000097
00000000
7BDE5955
0000000D
00000001
00000000
00000002
00000002
00000000
3B9BB07D
00000000
00000000
3B9BB07D
00000000
00000000
// vkGetPhysicalDeviceQueueFamilyProperties2[1]
00000097
00000000
0C3DFE53
00000020
00000001
00000000
00000000
00000000
00000000
// vkGetPhysicalDeviceQueueFamilyProperties2[2]
00000097
00000000
C9B1DFE3
00000097
00000001
00000000
00000000
00000000
00000000
// vkGetPhysicalDeviceQueueFamilyProperties2[3]
00000097
00000000
D6548125
0000006D
00000001
00000000
00000000
00000000
00000000
// vkGetPhysicalDeviceQueueFamilyProperties2[4]
00000097
00000000
6C42D573
0000005B
00000001
00000000
00000001
00000001
00000000
3B9BB07D
00000000
00000000
// vkGetPhysicalDeviceQueueFamilyProperties2[5]
00000097
00000000
9B8E2877
00000081
00000001
00000000
00000002
00000002
00000000
3B9BB07D
00000000
00000000
3B9BB07D
00000000
00000000
// vkGetPhysicalDeviceQueueFamilyProperties2[6]
00000097
00000000
7117F953
000000FD
00000001
00000000
00000001
00000001
00000000
3B9BB07D
00000000
00000000
// vkGetPhysicalDeviceQueueFamilyProperties2[7]
00000097
00000000
D27550AD
0000002F
00000001
00000000
00000001
00000001
00000000
3B9BB07D
00000000
00000000
// vkGetPhysicalDeviceQueueFamilyProperties2[8]
00000097
00000000
40B88047
00000056
00000001
00000000
00000004
00000004
00000000
3B9BB07D
00000000
00000000
3B9BB07D
00000000
00000000
3B9BB07D
00000000
00000000
3B9BB07D
00000000
00000000
// vkGetPhysicalDeviceQueueFamilyProperties2[9]
00000097
00000000
04D9CED5
000000CD
00000001
00000000
00000003
00000003
00000000
3B9BB07D
00000000
00000000
3B9BB07D
00000000
00000000
3B9BB07D
00000000
00000000
// vkGetPhysicalDeviceQueueFamilyProperties2[10]
00000097
00000000
4B1B7967
000000A2
00000001
00000000
00000002
00000002
00000000
3B9BB07D
00000000
00000000
3B9BB07D
00000000
00000000
// vkGetPhysicalDeviceQueueFamilyProperties2[11]
00000097
00000000
56B2D203
000000F4
00000001
00000000
00000002
00000002
00000000
3B9BB07D
00000000
00000000
3B9BB07D
00000000
00000000
// vkGetPhysicalDeviceQueueFamilyProperties2[12]
00000097
00000000
6F38C37B
00000038
00000001
00000000
00000000
00000000
00000000
// vkGetPhysicalDeviceQueueFamilyProperties2[13]
00000097
00000000
BC4588F5
00000081
00000001
00000000
00000001
00000001
00000000
3B9BB07D
00000000
00000000
// vkGetPhysicalDeviceQueueFamilyProperties2[14]
00000097
00000000
59EA0463
0000005A
00000001
00000000
00000000
00000000
00000000
// vkGetPhysicalDeviceQueueFamilyProperties2[15]
00000097
00000000
40E2EC05
000000DA
00000001
00000000
00000002
00000002
00000000
3B9BB07D
00000000
00000000
3B9BB07D
00000000
00000000
// vkGetPhysicalDeviceQueueFamilyProperties2[16]
00000097
00000000
44C9BFA5
000000EE
00000001
00000000
00000001
00000001
00000000
3B9BB07D
00000000
00000000
// vkGetPhysicalDeviceQueueFamilyProperties2[17]
00000097
00000000
9E50851B
00000062
00000001
00000000
00000004
00000004
00000000
3B9BB07D
00000000
00000000
3B9BB07D
00000000
00000000
3B9BB07D
00000000
00000000
3B9BB07D
00000000
00000000
// vkGetPhysicalDeviceFormatProperties[0]
00000004
00000000
DAE1A0CB
0000000F
F2161E2C
00000001
00000000
// vkGetPhysicalDeviceFormatProperties[1]
00000004
00000000
199FB5DF
00000009
300965CA
00000001
00000000
// vkGetPhysicalDeviceFormatProperties[2]
00000004
00000000
3788F981
000000AE
518317DF
00000001
00000000
// vkGetPhysicalDeviceFormatProperties[3]
00000004
00000000
4AC84E09
0000004F
477C9789
00000001
00000000
// vkGetPhysicalDeviceFormatProperties[4]
00000004
00000000
1E90456D
000000BC
F2C19DFB
00000001
00000000
// vkGetPhysicalDeviceFormatProperties[5]
00000004
00000000
5A0322D9
000000FA
98D5A3E6
00000001
00000000
// vkGetPhysicalDeviceFormatProperties[6]
00000004
00000000
8620E74D
0000000E
172059B2
00000001
00000000
// vkGetPhysicalDeviceFormatProperties[7]
00000004
00000000
868BEFB1
0000005B
8A55FC2E
00000001
00000000
// vkGetPhysicalDeviceFormatProperties[8]
00000004
00000000
491B8F6F
00000062
844497A4
00000001
00000000
// vkGetPhysicalDeviceFormatProperties[9]
00000004
00000000
19A76CF1
000000E7
A918ACA8
00000001
00000000
// vkGetPhysicalDeviceFormatProperties[10]
00000004
00000000
4D70ACDB
0000006F
6C022264
00000001
00000000
// vkGetPhysicalDeviceFormatProperties[11]
00000004
00000000
A0D4DB0B
000000DE
9FD89B26
00000001
00000000
// vkGetPhysicalDeviceFormatProperties[12]
00000004
00000000
EDE4D347
0000004F
714D8466
00000001
00000000
// vkGetPhysicalDeviceFormatProperties[13]
00000004
00000000
0010A2BB
00000093
F13794B6
00000000
00000000
// vkGetPhysicalDeviceFormatProperties[14]
00000004
00000000
9DC07D5F
00000080
2E67112B
00000001
00000000
// vkGetPhysicalDeviceFormatProperties[15]
00000004
00000000
72B160ED
0000005D
A9A35A95
00000001
00000000
// vkGetPhysicalDeviceFormatProperties[16]
00000004
00000000
C5D9BDE3
000000AB
1A352B8B
00000001
00000000
// vkGetPhysicalDeviceFormatProperties[17]
00000004
00000000
DCE00E29
000000F5
54D1C279
00000001
00000000
// vkGetPhysicalDeviceFormatProperties2[0]
00000095
00000000
FC14864F
0000001E
2F0F711A
00000001
00000000
3B9BB07A
00000000
00000000
// vkGetPhysicalDeviceFormatProperties2[1]
00000095
00000000
92CC45A7
000000BB
2663AFCE
00000000
00000000
// vkGetPhysicalDeviceFormatProperties2[2]
00000095
00000000
02DD242B
000000A1
983E92A8
00000001
00000000
3B9BB07A
00000000
00000000
// vkGetPhysicalDeviceFormatProperties2[3]
00000095
00000000
3B1CB18D
00000037
B7BE1822
00000000
00000000
// vkGetPhysicalDeviceFormatProperties2[4]
00000095
00000000
94A019F3
00000067
21D64830
00000001
00000000
3B9BB07A
00000000
00000000
// vkGetPhysicalDeviceFormatProperties2[5]
00000095
00000000
D90BCFE1
000000D7
D82D1329
00000000
00000000
// vkGetPhysicalDeviceFormatProperties2[6]
00000095
00000000
078114E7
000000BC
EC6A6E0B
00000001
00000000
3B9BB07A
00000000
00000000
// vkGetPhysicalDeviceFormatProperties2[7]
00000095
00000000
B46F2AD7
00000072
CBD4EE1D
00000000
00000000
// vkGetPhysicalDeviceFormatProperties2[8]
00000095
00000000
F1D57915
000000A5
440E9073
00000001
00000000
3B9BB07A
00000000
00000000
// vkGetPhysicalDeviceFormatProperties2[9]
00000095
00000000
38E45589
0000009D
B8513A9A
00000001
00000000
3B9BB07A
00000000
00000000
// vkGetPhysicalDeviceFormatProperties2[10]
00000095
00000000
092469CB
00000097
1B6D68CD
00000001
00000000
3B9BB07A
00000000
00000000
// vkGetPhysicalDeviceFormatProperties2[11]
00000095
00000000
1D82B92B
0000008E
C812106B
00000001
00000000
3B9BB07A
00000000
00000000
// vkGetPhysicalDeviceFormatProperties2[12]
00000095
00000000
3A35A17B
00000056
977951D7
00000001
00000000
3B9BB07A
00000000
00000000
// vkGetPhysicalDeviceFormatProperties2[13]
00000095
00000000
AB5A553B
00000002
917D7B67
00000001
00000000
3B9BB07A
00000000
00000000
// vkGetPhysicalDeviceFormatProperties2[14]
00000095
00000000
2F5920F9
00000003
BF4BDF43
00000001
00000000
3B9BB07A
00000000
00000000
// vkGetPhysicalDeviceFormatProperties2[15]
00000095
00000000
8F0CE7CF
000000F3
2B92B69A
00000001
00000000
3B9BB07A
00000000
00000000
// vkGetPhysicalDeviceFormatProperties2[16]
00000095
00000000
C97C5CD7
00000081
DB1770D5
00000001
00000000
3B9BB07A
00000000
00000000
// vkGetPhysicalDeviceFormatProperties2[17]
00000095
00000000
E7C0B173
00000078
E8E7F44D
00000001
00000000
3B9BB07A
00000000
00000000
// vkGetPhysicalDeviceImageFormatProperties2[0]
00000096
00000000
CA774F4F
000000D2
00000001
00000000
3B9BB07C
00000000
00000000
09A372F8
B3BFBBB4
CB43D0F8
08A42F8F
E5B13DF1
00000001
00000000
3B9BB07B
00000000
00000000
// vkGetPhysicalDeviceImageFormatProperties2[1]
00000096
00000000
CA4A174D
0000006A
00000001
00000000
3B9BB07C
00000000
00000000
0D1554CF
6EBD4A9F
C314BB5C
0CFCB07A
E01B1D99
00000001
00000000
3B9BB07B
00000000
00000000
// vkGetPhysicalDeviceImageFormatProperties2[2]
00000096
00000000
12BC8A49
0000001A
00000001
00000000
3B9BB07C
00000000
00000000
636E891B
77814462
28AAC876
0AA8FA1D
2CDCDE0A
00000001
00000000
3B9BB07B
00000000
00000000
// vkGetPhysicalDeviceImageFormatProperties2[3]
00000096
00000000
FB3043FD
00000028
00000001
00000000
3B9BB07C
00000000
00000000
2EFBDA49
AAC59835
14B6C79E
088CDA95
BD62D396
00000001
00000000
3B9BB07B
00000000
00000000
// vkGetPhysicalDeviceImageFormatProperties2[4]
00000096
00000000
66042535
000000EF
00000001
00000000
3B9BB07C
00000000
00000000
EBA18270
BECBB490
E3B9BED5
02C84525
73B16419
00000000
00000000
// vkGetPhysicalDeviceImageFormatProperties2[5]
00000096
00000000
36416377
00000035
00000001
00000000
3B9BB07C
00000000
00000000
A1022268
D6D23D78
7D243692
0608E52A
54C9026A
00000000
00000000
// vkGetPhysicalDeviceImageFormatProperties2[6]
00000096
00000000
31092A87
0000006B
00000000
00000000
00000001
00000000
3B9BB07B
00000000
00000000
// vkGetPhysicalDeviceImageFormatProperties2[7]
00000096
00000000
01EFEB4D
00000032
00000001
00000000
3B9BB07C
00000000
00000000
07288D1A
3007B16C
FDBAFE3C
02EC6735
6CDF3302
00000001
00000000
3B9BB07B
00000000
00000000
// vkGetPhysicalDeviceImageFormatProperties2[8]
00000096
00000000
A3556899
00000035
00000001
00000000
3B9BB07C
00000000
00000000
40AE9055
B455DC5F
ABADB2D6
0C6850B2
3E5843B9
00000000
00000000
// vkGetPhysicalDeviceImageFormatProperties2[9]
00000096
00000000
18158EAD
000000DA
00000001
00000000
3B9BB07C
00000000
00000000
5C7D6DB1
847C620C
1548D9C9
0C80E5E6
4E6BF3AE
00000000
00000000
// vkGetPhysicalDeviceImageFormatProperties2[10]
00000096
00000000
7A62174D
00000029
00000001
00000000
3B9BB07C
00000000
00000000
079F70BE
32D33944
CE5921CE
025CD637
53F0DA9F
00000001
00000000
3B9BB07B
00000000
00000000
// vkGetPhysicalDeviceImageFormatProperties2[11]
00000096
00000000
AAC12C4B
00000091
00000001
00000000
3B9BB07C
00000000
00000000
83BABDDE
5B44A6A3
FE2E283C
0C5827DE
30BE1801
00000000
00000000
// vkGetPhysicalDeviceImageFormatProperties2[12]
00000096
00000000
89DBC8E3
000000A1
00000001
00000000
3B9BB07C
00000001
00000000
3B9BDF58
00000000
00000000
59A8372C
FC24AB8E
65808AAC
B7FA2EC5
0C1C01AF
2F4C0F44
00000001
00000000
3B9BB07B
00000000
00000000
// vkGetPhysicalDeviceImageFormatProperties2[13]
00000096
00000000
9482017B
000000BC
00000001
00000000
3B9BB07C
00000000
00000000
11A3C927
BDC427CA
64BFF7B8
08F0FD78
31770575
00000001
00000000
3B9BB07B
00000000
00000000
// vkGetPhysicalDeviceImageFormatProperties2[14]
00000096
00000000
46411B29
0000003B
00000001
00000000
3B9BB07C
00000000
00000000
DD053961
9C95A7B6
8502CB0B
00202302
C877DCAF
00000001
00000000
3B9BB07B
00000000
00000000
// vkGetPhysicalDeviceImageFormatProperties2[15]
00000096
00000000
34B10D5B
000000E0
00000001
00000000
3B9BB07C
00000000
00000000
C5577B28
455CAB91
1D66C9B2
0A8C0EF0
AC84F18A
00000000
00000000
// vkGetPhysicalDeviceImageFormatProperties2[16]
00000096
00000000
A31DBE91
000000A6
00000000
00000000
00000000
00000000
// vkGetPhysicalDeviceImageFormatProperties2[17]
00000096
00000000
7649B893
0000009D
00000001
00000000
3B9BB07C
00000001
00000000
3B9BDF58
00000000
00000000
EA4C01FF
FA9EAA64
4A60A22E
F1100C39
0644B763
0B7DE9EF
00000000
00000000
// vkGetPhysicalDeviceExternalBufferProperties[0]
000000A1
00000000
E7AF19A9
000000A7
00000001
00000000
3B9BDF5A
00000000
00000000
B33AE9E5
0290A867
F5E35230
00000001
00000000
3B9BDF5B
00000000
00000000
// vkGetPhysicalDeviceExternalBufferProperties[1]
000000A1
00000000
C0026029
00000067
00000001
00000000
3B9BDF5A
00000000
00000000
DB4399E0
026BA95E
5279161C
00000001
00000000
3B9BDF5B
00000000
00000000
// vkGetPhysicalDeviceExternalBufferProperties[2]
000000A1
00000000
F73A4AD3
00000074
00000001
00000000
3B9BDF5A
00000000
00000000
17C9A96C
0EB1219A
03D133DD
00000001
00000000
3B9BDF5B
00000000
00000000
// vkGetPhysicalDeviceExternalBufferProperties[3]
000000A1
00000000
1A8A6B11
00000030
00000001
00000000
3B9BDF5A
00000000
00000000
D2E55A10
0D4A7D20
9BB6FCCD
00000000
00000000
// vkGetPhysicalDeviceExternalBufferProperties[4]
000000A1
00000000
843D6FA7
0000006F
00000000
00000000
00000001
00000000
3B9BDF5B
00000000
00000000
// vkGetPhysicalDeviceExternalBufferProperties[5]
000000A1
00000000
BA9457DF
000000D1
00000001
00000000
3B9BDF5A
00000000
00000000
5865C23E
0E8A58BD
E052BFBA
00000001
00000000
3B9BDF5B
00000000
00000000
// vkGetPhysicalDeviceExternalBufferProperties[6]
000000A1
00000000
A83F00A5
00000044
00000000
00000000
00000001
00000000
3B9BDF5B
00000000
00000000
// vkGetPhysicalDeviceExternalBufferProperties[7]
000000A1
00000000
911BE0F5
000000D1
00000001
00000000
3B9BDF5A
00000000
00000000
8D22E6B9
0DB058B6
085E9E90
00000001
00000000
3B9BDF5B
00000000
00000000
// vkGetPhysicalDeviceExternalBufferProperties[8]
000000A1
00000000
75FF93B7
00000010
00000000
00000000
00000001
00000000
3B9BDF5B
00000000
00000000
// vkGetPhysicalDeviceExternalBufferProperties[9]
000000A1
00000000
0807B555
00000082
00000001
00000000
3B9BDF5A
00000000
00000000
AF1EA2E4
0D40F227
3C2D1645
00000001
00000000
3B9BDF5B
00000000
00000000
// vkGetPhysicalDeviceExternalBufferProperties[10]
000000A1
00000000
5F7614ED
00000055
00000000
00000000
00000001
00000000
3B9BDF5B
00000000
00000000
// vkGetPhysicalDeviceExternalBufferProperties[11]
000000A1
00000000
E4AE20F3
00000037
00000000
00000000
00000001
00000000
3B9BDF5B
00000000
00000000
// vkGetPhysicalDeviceExternalBufferProperties[12]
000000A1
00000000
BEB4313D
00000013
00000001
00000000
3B9BDF5A
00000000
00000000
FB436EC4
0420B301
F7442379
00000001
00000000
3B9BDF5B
00000000
00000000
// vkGetPhysicalDeviceExternalBufferProperties[13]
000000A1
00000000
6CB0009F
00000013
00000001
00000000
3B9BDF5A
00000000
00000000
C51AD46D
00F2A926
C63B5DD6
00000001
00000000
3B9BDF5B
00000000
00000000
// vkGetPhysicalDeviceExternalBufferProperties[14]
000000A1
00000000
BEF5C853
00000095
00000001
00000000
3B9BDF5A
00000000
00000000
3127DD6D
09795C30
C935C7FC
00000000
00000000
// vkGetPhysicalDeviceExternalBufferProperties[15]
000000A1
00000000
B5FCA2CD
00000055
00000001
00000000
3B9BDF5A
00000000
00000000
BEF62797
09A15E20
C0F055ED
00000001
00000000
3B9BDF5B
00000000
00000000
// vkGetPhysicalDeviceExternalBufferProperties[16]
000000A1
00000000
48D438C7
000000DA
00000001
00000000
3B9BDF5A
00000000
00000000
826FBC79
052BB403
810FD5F0
00000001
00000000
3B9BDF5B
00000000
00000000
// vkGetPhysicalDeviceExternalBufferProperties[17]
000000A1
00000000
E733F035
00000010
00000001
00000000
3B9BDF5A
00000000
00000000
A440F2B2
062AC2D2
5F4D235E
00000001
00000000
3B9BDF5B
00000000
00000000
// vkGetPhysicalDeviceExternalFenceProperties[0]
000000A2
00000000
DE66C98D
000000FD
00000001
00000000
3B9C7F80
00000000
00000000
BEAAF5B0
00000001
00000000
3B9C7F81
00000000
00000000
// vkGetPhysicalDeviceExternalFenceProperties[1]
000000A2
00000000
40C9ADFD
000000BE
00000001
00000000
3B9C7F80
00000000
00000000
2C44C73F
00000000
00000000
// vkGetPhysicalDeviceExternalFenceProperties[2]
000000A2
00000000
EDBF9D0B
000000B8
00000000
00000000
00000000
00000000
// vkGetPhysicalDeviceExternalFenceProperties[3]
000000A2
00000000
79B47A61
000000C2
00000001
00000000
3B9C7F80
00000000
00000000
4682535A
00000000
00000000
// vkGetPhysicalDeviceExternalFenceProperties[4]
000000A2
00000000
507209A7
00000061
00000001
00000000
3B9C7F80
00000000
00000000
BCDAA534
00000001
00000000
3B9C7F81
00000000
00000000
// vkGetPhysicalDeviceExternalFenceProperties[5]
000000A2
00000000
7F8D4E7D
00000057
00000001
00000000
3B9C7F80
00000000
00000000
190E0C76
00000001
00000000
3B9C7F81
00000000
00000000
// vkGetPhysicalDeviceExternalFenceProperties[6]
000000A2
00000000
F3C1B079
00000056
00000000
00000000
00000001
00000000
3B9C7F81
00000000
00000000
// vkGetPhysicalDeviceExternalFenceProperties[7]
000000A2
00000000
54E4FE01
0000004E
00000001
00000000
3B9C7F80
00000000
00000000
3EF13B66
00000001
00000000
3B9C7F81
00000000
00000000
// vkGetPhysicalDeviceExternalFenceProperties[8]
000000A2
00000000
DCA9BEF7
000000EB
00000001
00000000
3B9C7F80
00000000
00000000
303B08C3
00000001
00000000
3B9C7F81
00000000
00000000
// vkGetPhysicalDeviceExternalFenceProperties[9]
000000A2
00000000
5B806C0D
0000006F
00000001
00000000
3B9C7F80
00000000
00000000
35C6510A
00000000
00000000
// vkGetPhysicalDeviceExternalFenceProperties[10]
000000A2
00000000
67CFF323
000000C1
00000001
00000000
3B9C7F80
00000000
00000000
3D32FE5B
00000001
00000000
3B9C7F81
00000000
00000000
// vkGetPhysicalDeviceExternalFenceProperties[11]
000000A2
00000000
9C4CD013
000000C5
00000001
00000000
3B9C7F80
00000000
00000000
AD4858F0
00000001
00000000
3B9C7F81
00000000
00000000
// vkGetPhysicalDeviceExternalFenceProperties[12]
000000A2
00000000
4828D77B
0000003D
00000001
00000000
3B9C7F80
00000000
00000000
E599DB83
00000001
00000000
3B9C7F81
00000000
00000000
// vkGetPhysicalDeviceExternalFenceProperties[13]
000000A2
00000000
6FB2FD31
0000000D
00000001
00000000
3B9C7F80
00000000
00000000
DC8D8F1E
00000000
00000000
// vkGetPhysicalDeviceExternalFenceProperties[14]
000000A2
00000000
374CA0EB
000000EF
00000000
00000000
00000001
00000000
3B9C7F81
00000000
00000000
// vkGetPhysicalDeviceExternalFenceProperties[15]
000000A2
00000000
4319049B
0000005F
00000001
00000000
3B9C7F80
00000000
00000000
4E1E50FE
00000001
00000000
3B9C7F81
00000000
00000000
// vkGetPhysicalDeviceExternalFenceProperties[16]
000000A2
00000000
A55892E7
0000000D
00000001
00000000
3B9C7F80
00000000
00000000
C6F9D4A6
00000001
00000000
3B9C7F81
00000000
00000000
// vkGetPhysicalDeviceExternalFenceProperties[17]
000000A2
00000000
C497937D
0000000B
00000000
00000000
00000001
00000000
3B9C7F81
00000000
00000000
// vkGetPhysicalDeviceExternalSemaphoreProperties[0]
000000A3
00000000
B40E1E69
0000000C
00000001
00000000
3B9BF2E0
00000000
00000000
8F090AFD
00000001
00000000
3B9BF2E1
00000000
00000000
// vkGetPhysicalDeviceExternalSemaphoreProperties[1]
000000A3
00000000
5F12ADC5
00000088
00000001
00000000
3B9BF2E0
00000000
00000000
B5BDD046
00000001
00000000
3B9BF2E1
00000000
00000000
// vkGetPhysicalDeviceExternalSemaphoreProperties[2]
000000A3
00000000
76F37B97
000000EC
00000001
00000000
3B9BF2E0
00000000
00000000
8AD95A38
00000001
00000000
3B9BF2E1
00000000
00000000
// vkGetPhysicalDeviceExternalSemaphoreProperties[3]
000000A3
00000000
EAA038CF
0000005B
00000001
00000000
3B9BF2E0
00000000
00000000
24A6F416
00000001
00000000
3B9BF2E1
00000000
00000000
// vkGetPhysicalDeviceExternalSemaphoreProperties[4]
000000A3
00000000
CF945449
000000E0
00000001
00000000
3B9BF2E0
00000000
00000000
D82B693F
00000000
00000000
// vkGetPhysicalDeviceExternalSemaphoreProperties[5]
000000A3
00000000
11F9461B
00000062
00000000
00000000
00000001
00000000
3B9BF2E1
00000000
00000000
// vkGetPhysicalDeviceExternalSemaphoreProperties[6]
000000A3
00000000
4BE070A7
000000CA
00000001
00000000
3B9BF2E0
00000000
00000000
799844EF
00000000
00000000
// vkGetPhysicalDeviceExternalSemaphoreProperties[7]
000000A3
00000000
263C4C07
000000CD
00000000
00000000
00000001
00000000
3B9BF2E1
00000000
00000000
// vkGetPhysicalDeviceExternalSemaphoreProperties[8]
000000A3
00000000
AC023A9F
000000F7
00000001
00000000
3B9BF2E0
00000000
00000000
E2E71ADF
00000001
00000000
3B9BF2E1
00000000
00000000
// vkGetPhysicalDeviceExternalSemaphoreProperties[9]
000000A3
00000000
DF7D6E0D
000000FB
00000001
00000000
3B9BF2E0
00000000
00000000
A0B814D5
00000001
00000000
3B9BF2E1
00000000
00000000
// vkGetPhysicalDeviceExternalSemaphoreProperties[10]
000000A3
00000000
B882C10D
0000006D
00000001
00000000
3B9BF2E0
00000000
00000000
C4DBACC1
00000000
00000000
// vkGetPhysicalDeviceExternalSemaphoreProperties[11]
000000A3
00000000
211FC16D
000000DD
00000001
00000000
3B9BF2E0
00000000
00000000
A4CF150B
00000000
00000000
// vkGetPhysicalDeviceExternalSemaphoreProperties[12]
000000A3
00000000
D923DCB9
000000DA
00000000
00000000
00000000
00000000
// vkGetPhysicalDeviceExternalSemaphoreProperties[13]
000000A3
00000000
0C50F715
0000007E
00000001
00000000
3B9BF2E0
00000000
00000000
1C82E302
00000001
00000000
3B9BF2E1
00000000
00000000
// vkGetPhysicalDeviceExternalSemaphoreProperties[14]
000000A3
00000000
76EFA1D1
00000012
00000000
00000000
00000001
00000000
3B9BF2E1
00000000
00000000
// vkGetPhysicalDeviceExternalSemaphoreProperties[15]
000000A3
00000000
7CD61FE1
000000BC
00000001
00000000
3B9BF2E0
00000000
00000000
C36B83E1
00000001
00000000
3B9BF2E1
00000000
00000000
// vkGetPhysicalDeviceExternalSemaphoreProperties[16]
000000A3
00000000
4D4CACED
00000085
00000000
00000000
00000001
00000000
3B9BF2E1
00000000
00000000
// vkGetPhysicalDeviceExternalSemaphoreProperties[17]
000000A3
00000000
CAE19747
000000CF
00000001
00000000
3B9BF2E0
00000000
00000000
A986F60E
00000001
00000000
3B9BF2E1
00000000
00000000
// vkGetPhysicalDeviceSparseImageFormatProperties2[0]
00000099
00000000
197F5B3F
00000052
00000001
00000000
3B9BB080
00000000
00000000
952D76E7
6F33523F
165308D9
086878BE
99FA628C
00000001
00000000
00000004
00000004
00000000
3B9BB07F
00000000
00000000
3B9BB07F
00000000
00000000
3B9BB07F
00000000
00000000
3B9BB07F
00000000
00000000
// vkGetPhysicalDeviceSparseImageFormatProperties2[1]
00000099
00000000
54874937
0000000A
00000001
00000000
3B9BB080
00000000
00000000
81079240
A72763B7
00382865
0634A6BB
BF8DED91
00000001
00000000
00000001
00000001
00000000
3B9BB07F
00000000
00000000
// vkGetPhysicalDeviceSparseImageFormatProperties2[2]
00000099
00000000
9DA36453
000000E9
00000001
00000000
3B9BB080
00000000
00000000
C6BF89DB
6DF9CE16
A55A15D4
0640A668
AA5BEF89
00000001
00000000
00000004
00000004
00000000
3B9BB07F
00000000
00000000
3B9BB07F
00000000
00000000
3B9BB07F
00000000
00000000
3B9BB07F
00000000
00000000
// vkGetPhysicalDeviceSparseImageFormatProperties2[3]
00000099
00000000
7E2ABA43
00000004
00000001
00000000
3B9BB080
00000000
00000000
A922CA16
8BD04A40
18FC756A
044C6D46
7E2F6BFB
00000001
00000000
00000002
00000002
00000000
3B9BB07F
00000000
00000000
3B9BB07F
00000000
00000000
// vkGetPhysicalDeviceSparseImageFormatProperties2[4]
00000099
00000000
1BD3EFAF
0000009A
00000000
00000000
00000001
00000000
00000000
00000000
00000000
// vkGetPhysicalDeviceSparseImageFormatProperties2[5]
00000099
00000000
AF7FCAB1
000000AF
00000000
00000000
00000001
00000000
00000004
00000004
00000000
3B9BB07F
00000000
00000000
3B9BB07F
00000000
00000000
3B9BB07F
00000000
00000000
3B9BB07F
00000000
00000000
// vkGetPhysicalDeviceSparseImageFormatProperties2[6]
00000099
00000000
03335BA5
000000DC
00000001
00000000
3B9BB080
00000000
00000000
25CE47E9
5E51EE56
D35FF2F2
0CB43416
3F361D7B
00000001
00000000
00000004
00000004
00000000
3B9BB07F
00000000
00000000
3B9BB07F
00000000
00000000
3B9BB07F
00000000
00000000
3B9BB07F
00000000
00000000
// vkGetPhysicalDeviceSparseImageFormatProperties2[7]
00000099
00000000
C123E73F
000000E8
00000001
00000000
3B9BB080
00000000
00000000
C0C57B33
E0C2F2A9
DF170304
0CF4BC93
C1773E0F
00000001
00000000
00000000
00000000
00000000
// vkGetPhysicalDeviceSparseImageFormatProperties2[8]
00000099
00000000
FB6FB7B9
00000090
00000001
00000000
3B9BB080
00000000
00000000
2B088147
0542EF37
B27D36A5
0CC83122
1813FED7
00000001
00000000
00000004
00000004
00000000
3B9BB07F
00000000
00000000
3B9BB07F
00000000
00000000
3B9BB07F
00000000
00000000
3B9BB07F
00000000
00000000
// vkGetPhysicalDeviceSparseImageFormatProperties2[9]
00000099
00000000
86F52F2D
000000FE
00000000
00000000
00000001
00000000
00000002
00000002
00000000
3B9BB07F
00000000
00000000
3B9BB07F
00000000
00000000
// vkGetPhysicalDeviceSparseImageFormatProperties2[10]
00000099
00000000
C3D3E435
000000F9
00000000
00000000
00000001
00000000
00000001
00000001
00000000
3B9BB07F
00000000
00000000
// vkGetPhysicalDeviceSparseImageFormatProperties2[11]
00000099
00000000
5516ED33
0000009A
00000001
00000000
3B9BB080
00000000
00000000
5D7132BB
E063A767
9C5E47F3
0AF471E4
B4DE4602
00000001
00000000
00000003
00000003
00000000
3B9BB07F
00000000
00000000
3B9BB07F
00000000
00000000
3B9BB07F
00000000
00000000
// vkGetPhysicalDeviceSparseImageFormatProperties2[12]
00000099
00000000
E2A29045
000000FB
00000001
00000000
3B9BB080
00000000
00000000
6E940FBA
FF50F427
4F4219AD
0A3893CB
2F66407B
00000001
00000000
00000004
00000004
00000000
3B9BB07F
00000000
00000000
3B9BB07F
00000000
00000000
3B9BB07F
00000000
00000000
3B9BB07F
00000000
00000000
// vkGetPhysicalDeviceSparseImageFormatProperties2[13]
00000099
00000000
76118103
000000E7
00000000
00000000
00000001
00000000
00000002
00000002
00000000
3B9BB07F
00000000
00000000
3B9BB07F
00000000
00000000
// vkGetPhysicalDeviceSparseImageFormatProperties2[14]
00000099
00000000
E5B3C99B
0000007B
00000001
00000000
3B9BB080
00000000
00000000
AD21E937
9BB9F93B
B25F740A
08446587
AC363700
00000001
00000000
00000002
00000002
00000000
3B9BB07F
00000000
00000000
3B9BB07F
00000000
00000000
// vkGetPhysicalDeviceSparseImageFormatProperties2[15]
00000099
00000000
29A98371
0000008A
00000001
00000000
3B9BB080
00000000
00000000
F10CD8CE
01BD1B35
3031BA75
0808BD8D
9924495E
00000001
00000000
00000002
00000002
00000000
3B9BB07F
00000000
00000000
3B9BB07F
00000000
00000000
// vkGetPhysicalDeviceSparseImageFormatProperties2[16]
00000099
00000000
F590EF65
00000032
00000001
00000000
3B9BB080
00000000
00000000
C3282567
375DD217
6509A153
042C7EE8
4C89FE34
00000001
00000000
00000002
00000002
00000000
3B9BB07F
00000000
00000000
3B9BB07F
00000000
00000000
// vkGetPhysicalDeviceSparseImageFormatProperties2[17]
00000099
00000000
39C28039
0000003C
00000001
00000000
3B9BB080
00000000
00000000
B727C456
C33D27A9
63217043
00E4CE56
005A575B
00000001
00000000
00000002
00000002
00000000
3B9BB07F
00000000
00000000
3B9BB07F
00000000
00000000
// vkEnumerateDeviceExtensionProperties[0]
0000000E
00000000
D5ABAAAB
00000081
00000007
00000000
32727473
00003131
00000001
00000000
00000003
00000003
00000000
// vkEnumerateDeviceExtensionProperties[1]
0000000E
00000000
41759411
0000000B
00000007
00000000
38727473
00003936
00000001
00000000
00000000
00000000
00000000
// vkEnumerateDeviceExtensionProperties[2]
0000000E
00000000
97877C17
0000008D
00000007
00000000
37727473
00003736
00000001
00000000
00000001
00000001
00000000
// vkEnumerateDeviceExtensionProperties[3]
0000000E
00000000
B0130033
00000067
00000007
00000000
37727473
00003239
00000001
00000000
00000004
00000004
00000000
// vkEnumerateDeviceExtensionProperties[4]
0000000E
00000000
06D4B79F
00000037
00000007
00000000
37727473
00003938
00000001
00000000
00000000
00000000
00000000
// vkEnumerateDeviceExtensionProperties[5]
0000000E
00000000
E5C18995
000000E5
00000007
00000000
32727473
00003637
00000001
00000000
00000000
00000000
00000000
// vkEnumerateDeviceExtensionProperties[6]
0000000E
00000000
CAF35D81
00000069
00000007
00000000
35727473
00003739
00000001
00000000
00000001
00000001
00000000
// vkEnumerateDeviceExtensionProperties[7]
0000000E
00000000
BA393179
00000093
00000007
00000000
38727473
00003633
00000001
00000000
00000001
00000001
00000000
// vkEnumerateDeviceExtensionProperties[8]
0000000E
00000000
1C8449FF
00000003
00000007
00000000
38727473
00003134
00000001
00000000
00000001
00000001
00000000
// vkEnumerateDeviceExtensionProperties[9]
0000000E
00000000
32D70B73
000000DD
00000007
00000000
33727473
00003532
00000001
00000000
00000003
00000003
00000000
// vkEnumerateDeviceExtensionProperties[10]
0000000E
00000000
77352801
00000040
00000007
00000000
37727473
00003035
00000001
00000000
00000002
00000002
00000000
// vkEnumerateDeviceExtensionProperties[11]
0000000E
00000000
8CCC33F7
00000020
00000007
00000000
34727473
00003430
00000001
00000000
00000000
00000000
00000000
// vkEnumerateDeviceExtensionProperties[12]
0000000E
00000000
4CC1AFAD
0000009D
00000007
00000000
31727473
00003530
00000001
00000000
00000002
00000002
00000000
// vkEnumerateDeviceExtensionProperties[13]
0000000E
00000000
89FCCAFB
000000BE
00000007
00000000
31727473
00003935
00000001
00000000
00000003
00000003
00000000
// vkEnumerateDeviceExtensionProperties[14]
0000000E
00000000
4C590A39
0000007C
00000007
00000000
37727473
00003833
00000001
00000000
00000000
00000000
00000000
// vkEnumerateDeviceExtensionProperties[15]
0000000E
00000000
2B26A981
00000047
00000007
00000000
32727473
00003634
00000001
00000000
00000004
00000004
00000000
// vkEnumerateDeviceExtensionProperties[16]
0000000E
00000000
C17EF355
00000087
00000007
00000000
33727473
00003537
00000001
00000000
00000004
00000004
00000000
// vkEnumerateDeviceExtensionProperties[17]
0000000E
00000000
E76C8C4B
00000003
00000006
00000000
38727473
00000034
00000001
00000000
00000004
00000004
00000000
// vkCreateDevice[0]
0000000B
00000000
2C5CB021
0000002E
00000001
00000000
00000003
00000000
00000000
764C95F1
00000000
00000000
00000000
00000002
00000002
00000000
00000009
00000000
34747865
305F3331
00000000
00000009
00000000
37747865
315F3035
00000000
00000004
00000004
00000000
00000009
00000000
33747865
305F3237
00000000
00000009
00000000
31747865
315F3234
00000000
00000009
00000000
36747865
325F3231
00000000
00000009
00000000
32747865
335F3234
00000000
00000001
00000000
00000000
00000000
00000000
00000000
00000000
00000000
00000000
00000000
00000000
00000000
00000000
00000000
00000000
00000000
00000000
00000000
00000000
00000000
00000000
00000000
00000000
00000000
00000000
00000000
00000000
00000000
00000000
00000000
00000000
00000000
00000000
00000000
00000000
00000001
00000001
00000000
00000001
00000000
00000000
00000000
00000000
00000000
00000000
00000000
00000000
00000000
00000000
00000000
00000000
00000000
00000000
00000000
00000000
00000000
00000000
00000000
00000000
00000000
00000000
// vkCreateDevice[1]
0000000B
00000000
EE0762AF
00000029
00000000
00000000
00000000
00000000
00000001
00000000
327E89B7
0000000A
// vkCreateDevice[2]
0000000B
00000000
66411CA1
000000A1
00000001
00000000
00000003
00000000
00000000
E14FADD1
00000003
00000003
00000000
00000002
00000000
00000000
31C89689
C7DE8DBE
00000000
00000000
00000000
00000002
00000000
00000000
27D882E7
CBA40C96
00000004
00000004
00000000
B7D3EA10
373568F0
7F3371CA
F1AD37E0
00000002
00000000
00000000
1FA0786F
817C4A40
00000000
00000000
00000000
00000001
00000001
00000000
00000009
00000000
32747865
305F3330
00000000
00000003
00000003
00000000
00000009
00000000
33747865
305F3731
00000000
00000009
00000000
34747865
315F3931
00000000
00000009
00000000
39747865
325F3434
00000000
00000001
00000000
00000000
00000000
00000000
00000000
00000000
00000000
00000000
00000000
00000000
00000000
00000000
00000000
00000000
00000000
00000000
00000000
00000000
00000000
00000000
00000000
00000000
00000000
00000000
00000000
00000000
00000000
00000001
00000000
00000000
00000000
00000000
00000000
00000000
00000001
00000000
00000000
00000000
00000000
00000000
00000000
00000000
00000000
00000000
00000000
00000000
00000000
00000000
00000000
00000000
00000000
00000000
00000000
00000000
00000000
00000000
00000000
00000000
00000001
00000000
68E8384F
00000046
// vkCreateDevice[3]
0000000B
00000000
73BADD13
000000B5
00000001
00000000
00000003
00000000
00000000
6E2645F3
00000002
00000002
00000000
00000002
00000000
00000000
941D531E
C4D37078
00000004
00000004
00000000
6F515FA4
08CFABEB
5E30C912
C200D2C8
00000002
00000000
00000000
0DB9F8AA
FC09AFA9
00000004
00000004
00000000
EE82B61A
5BB028DC
2DC3C60A
8E7695C6
00000004
00000004
00000000
00000009
00000000
37747865
305F3434
00000000
00000009
00000000
39747865
315F3635
00000000
00000009
00000000
38747865
325F3835
00000000
00000009
00000000
32747865
335F3339
00000000
00000004
00000004
00000000
00000009
00000000
31747865
305F3837
00000000
00000009
00000000
34747865
315F3333
00000000
00000009
00000000
33747865
325F3737
00000000
00000009
00000000
38747865
335F3439
00000000
00000001
00000000
00000000
00000000
00000000
00000000
00000000
00000000
00000000
00000000
00000000
00000000
00000000
00000000
00000000
00000000
00000000
00000000
00000000
00000000
00000000
00000000
00000000
00000000
00000000
00000000
00000000
00000000
00000000
00000000
00000000
00000000
00000000
00000000
00000000
00000000
00000001
00000001
00000001
00000000
00000000
00000000
00000000
00000000
00000000
00000000
00000000
00000000
00000000
00000000
00000000
00000000
00000000
00000000
00000000
00000000
00000000
00000000
00000000
00000000
00000000
// vkCreateDevice[4]
0000000B
00000000
5228BFA9
000000A7
00000001
00000000
00000003
00000000
00000000
6DB1BDBD
00000003
00000003
00000000
00000002
00000000
00000000
469179A3
145A3ADE
00000001
00000001
00000000
73E421CA
00000002
00000000
00000000
09CCA981
C7935A6E
00000000
00000000
00000000
00000002
00000000
00000000
92AA7313
E6F589F1
00000001
00000001
00000000
0824CE7E
00000003
00000003
00000000
00000009
00000000
36747865
305F3538
00000000
00000009
00000000
33747865
315F3933
00000000
00000009
00000000
32747865
325F3930
00000000
00000000
00000000
00000000
00000000
00000000
00000000
00000000
00000001
00000000
B39A0FC9
00000018
// vkCreateDevice[5]
0000000B
00000000
2225785B
0000005E
00000001
00000000
00000003
00000001
00000000
3B9B9909
00000001
00000000
3B9C0E38
00000000
00000000
00000000
00000000
00000000
00000000
00000000
00000000
00000000
4B2E2ABF
00000004
00000004
00000000
00000002
00000000
00000000
527685C3
E0786BA0
00000003
00000003
00000000
E8A92624
A14572D6
AB6AADDE
00000002
00000000
00000000
D1011BAC
41CDF9A1
00000001
00000001
00000000
60849AD7
00000002
00000000
00000000
5E58BD12
9D75EBBD
00000004
00000004
00000000
BF7C45F4
0CCDAA6F
4D266CC8
768FEC90
00000002
00000000
00000000
D84F1537
B2F48516
00000000
00000000
00000000
00000003
00000003
00000000
00000009
00000000
35747865
305F3031
00000000
00000009
00000000
37747865
315F3737
00000000
00000009
00000000
38747865
325F3733
00000000
00000000
00000000
00000000
00000001
00000000
00000001
00000000
00000000
00000000
00000000
00000000
00000000
00000000
00000000
00000000
00000000
00000000
00000000
00000000
00000000
00000000
00000000
00000000
00000000
00000000
00000000
00000000
00000000
00000000
00000000
00000000
00000000
00000000
00000000
00000000
00000000
00000000
00000000
00000000
00000001
00000001
00000001
00000000
00000000
00000000
00000000
00000000
00000000
00000000
00000000
00000000
00000000
00000000
00000000
00000000
00000000
00000000
00000000
00000000
00000000
00000000
00000000
00000001
00000000
7FCBF6E3
0000002E
// vkCreateDevice[6]
0000000B
00000000
83732999
000000AF
00000001
00000000
00000003
00000001
00000000
3B9F4A58
00000001
00000000
3B9C9EC0
00000000
00000000
00000000
00000000
00000000
4BE7C3A6
00000004
00000004
00000000
00000002
00000000
00000000
BD928EB5
55741F1B
00000000
00000000
00000000
00000002
00000000
00000000
15EE8980
8255E1DC
00000000
00000000
00000000
00000002
00000000
00000000
3173620A
86695224
00000002
00000002
00000000
F033DEB7
B112C66F
00000002
00000000
00000000
F8AB6D8F
3050341E
00000004
00000004
00000000
CFB7BF75
064BF680
CA24EB30
AF23723E
00000004
00000004
00000000
00000009
00000000
38747865
305F3135
00000000
00000009
00000000
38747865
315F3338
00000000
00000009
00000000
31747865
325F3630
00000000
00000009
00000000
33747865
335F3231
00000000
00000000
00000000
00000000
00000001
00000000
00000000
00000000
00000000
00000000
00000000
00000000
00000000
00000000
00000000
00000000
00000000
00000000
00000000
00000000
00000000
00000000
00000000
00000000
00000000
00000000
00000000
00000000
00000000
00000000
00000000
00000000
00000001
00000000
00000000
00000000
00000000
00000000
00000000
00000000
00000000
00000000
00000000
00000000
00000000
00000000
00000000
00000000
00000000
00000000
00000000
00000000
00000000
00000000
00000000
00000000
00000000
00000000
00000000
00000000
00000000
00000000
00000000
00000001
00000000
B6ED901D
0000001E
// vkCreateDevice[7]
0000000B
00000000
A2DA90A5
0000005C
00000000
00000000
00000000
00000000
00000001
00000000
1C4A0BA5
00000098
// vkCreateDevice[8]
0000000B
00000000
2ADB8B07
00000037
00000000
00000000
00000000
00000000
00000000
00000000
// vkCreateDevice[9]
0000000B
00000000
92321EAF
0000003B
00000001
00000000
00000003
00000001
00000000
3B9C9EC0
00000001
00000000
3B9BDB71
00000000
00000000
00000002
00000002
00000000
965E1411
00000056
9B76067B
000000D8
00000000
00000000
A4EE84B2
00000004
00000004
00000000
00000002
00000000
00000000
46B559C8
5F5F68C9
00000004
00000004
00000000
FD7E5F89
043DA99D
CE63A203
C7958B20
00000002
00000000
00000000
127C57D7
E01C26F6
00000003
00000003
00000000
4BACD499
0041335A
4C94E3F1
00000002
00000000
00000000
322CB776
793AD5CE
00000002
00000002
00000000
A64BBFDE
38F4F0F4
00000002
00000000
00000000
9DDD38FD
DDB3978F
00000004
00000004
00000000
021E09FB
F6F6ADDD
A45602FE
628F4A40
00000004
00000004
00000000
00000008
00000000
34747865
00305F36
00000009
00000000
31747865
315F3236
00000000
00000009
00000000
36747865
325F3035
00000000
00000009
00000000
38747865
335F3439
00000000
00000001
00000001
00000000
00000009
00000000
36747865
305F3734
00000000
00000001
00000000
00000001
00000000
00000000
00000000
00000000
00000000
00000000
00000000
00000000
00000000
00000000
00000000
00000000
00000000
00000000
00000000
00000000
00000000
00000000
00000000
00000000
00000000
00000000
00000000
00000000
00000000
00000000
00000000
00000000
00000000
00000000
00000000
00000000
00000000
00000001
00000001
00000000
00000000
00000000
00000000
00000000
00000000
00000000
00000000
00000000
00000000
00000000
00000000
00000000
00000000
00000000
00000000
00000000
00000000
00000000
00000000
00000000
00000000
00000000
// vkCreateDevice[10]
0000000B
00000000
72E64F19
000000EF
00000001
00000000
00000003
00000000
00000000
650F0C69
00000000
00000000
00000000
00000003
00000003
00000000
00000009
00000000
31747865
305F3039
00000000
00000009
00000000
34747865
315F3834
00000000
00000008
00000000
35747865
00325F32
00000000
00000000
00000000
00000001
00000000
00000000
00000000
00000000
00000000
00000000
00000000
00000000
00000000
00000000
00000000
00000000
00000000
00000000
00000000
00000000
00000000
00000000
00000000
00000000
00000000
00000000
00000000
00000000
00000000
00000000
00000000
00000000
00000000
00000000
00000000
00000000
00000000
00000000
00000001
00000000
00000001
00000000
00000000
00000000
00000000
00000000
00000000
00000000
00000000
00000000
00000000
00000000
00000000
00000000
00000000
00000000
00000000
00000000
00000000
00000000
00000000
00000000
00000001
00000000
A98A5DBD
000000D2
// vkCreateDevice[11]
0000000B
00000000
C8DFD19F
000000F8
00000001
00000000
00000003
00000001
00000000
3B9B9909
00000001
00000000
3B9C0E38
00000000
00000000
00000000
00000000
00000000
00000000
00000000
00000000
00000000
E7E77BE2
00000004
00000004
00000000
00000002
00000000
00000000
158B7F39
930C7377
00000004
00000004
00000000
16ACC11B
C34D284B
1A945B28
D0FA6047
00000002
00000000
00000000
5C625891
D71DC32C
00000000
00000000
00000000
00000002
00000000
00000000
5E8BA02B
695834DB
00000004
00000004
00000000
40CD9226
700EA5A5
63F49E8A
D7801846
00000002
00000000
00000000
037E7327
EA510E6E
00000004
00000004
00000000
FCB21CF5
ECE26E56
AB336CBE
B47DB6A9
00000003
00000003
00000000
00000009
00000000
37747865
305F3432
00000000
00000009
00000000
35747865
315F3738
00000000
00000009
00000000
33747865
325F3539
00000000
00000002
00000002
00000000
00000009
00000000
35747865
305F3439
00000000
00000009
00000000
39747865
315F3631
00000000
00000001
00000000
00000001
00000000
00000000
00000000
00000000
00000000
00000000
00000000
00000000
00000000
00000000
00000000
00000000
00000000
00000000
00000000
00000000
00000000
00000000
00000000
00000000
00000000
00000000
00000000
00000000
00000000
00000001
00000000
00000000
00000000
00000000
00000000
00000000
00000001
00000000
00000001
00000001
00000000
00000000
00000000
00000000
00000000
00000000
00000000
00000000
00000000
00000000
00000000
00000000
00000000
00000000
00000000
00000000
00000000
00000000
00000000
00000000
00000001
00000000
759B2C39
00000024
// vkCreateDevice[12]
0000000B
00000000
307EAC3D
000000CA
00000001
00000000
00000003
00000000
00000000
BF30EE4E
00000003
00000003
00000000
00000002
00000000
00000000
51B8BB7C
0805DA1F
00000004
00000004
00000000
1B3FB3B2
13BD5498
A25B0633
9F43144B
00000002
00000000
00000000
358A54D3
03B1CAE0
00000003
00000003
00000000
C9ADC963
50335B5B
787FD1CA
00000002
00000000
00000000
DCCCAEE2
6BDC8450
00000004
00000004
00000000
54A0625B
B9CDE955
3E4B0978
D7EE94F0
00000002
00000002
00000000
00000009
00000000
38747865
305F3136
00000000
00000009
00000000
39747865
315F3635
00000000
00000000
00000000
00000000
00000000
00000000
00000000
00000000
00000001
00000000
38677353
0000009F
// vkCreateDevice[13]
0000000B
00000000
51813B0D
00000050
00000001
00000000
00000003
00000000
00000000
49CB5A24
00000002
00000002
00000000
00000002
00000000
00000000
C619F229
C9BA0C06
00000000
00000000
00000000
00000002
00000000
00000000
DE3EB8B8
FC8D303E
00000003
00000003
00000000
A4E02381
5268AF33
2CD894EB
00000002
00000002
00000000
00000008
00000000
34747865
00305F32
00000009
00000000
32747865
315F3838
00000000
00000003
00000003
00000000
00000008
00000000
31747865
00305F37
00000009
00000000
35747865
315F3335
00000000
00000009
00000000
35747865
325F3736
00000000
00000001
00000000
00000000
00000000
00000000
00000000
00000000
00000000
00000000
00000000
00000000
00000000
00000000
00000000
00000000
00000000
00000000
00000000
00000000
00000000
00000000
00000000
00000000
00000000
00000000
00000000
00000000
00000000
00000000
00000000
00000000
00000000
00000000
00000000
00000000
00000000
00000001
00000001
00000001
00000000
00000000
00000000
00000000
00000000
00000000
00000000
00000000
00000000
00000000
00000000
00000000
00000000
00000000
00000000
00000000
00000000
00000000
00000000
00000000
00000001
00000000
BA929A7F
000000A3
// vkCreateDevice[14]
0000000B
00000000
71A45219
0000006E
00000001
00000000
00000003
00000001
00000000
3B9C0E38
00000001
00000000
3B9C0A50
00000000
00000000
00000000
00000000
00000000
00000000
00000000
00000000
A07A5EB0
00000003
00000003
00000000
00000002
00000000
00000000
6735765A
E5C756A4
00000000
00000000
00000000
00000002
00000000
00000000
8C8B9335
5AB08197
00000001
00000001
00000000
53B2ABA1
00000002
00000000
00000000
69AC90DC
00BA3EEE
00000000
00000000
00000000
00000002
00000002
00000000
00000009
00000000
32747865
305F3535
00000000
00000009
00000000
32747865
315F3930
00000000
00000000
00000000
00000000
00000001
00000000
00000001
00000000
00000000
00000000
00000000
00000000
00000000
00000000
00000000
00000000
00000000
00000000
00000000
00000000
00000000
00000000
00000000
00000000
00000000
00000000
00000000
00000000
00000000
00000000
00000000
00000000
00000001
00000000
00000000
00000000
00000000
00000000
00000000
00000001
00000000
00000000
00000000
00000000
00000000
00000000
00000000
00000000
00000000
00000000
00000000
00000000
00000000
00000000
00000000
00000000
00000000
00000000
00000000
00000000
00000000
00000000
00000000
00000001
00000000
35E296C1
000000DA
// vkCreateDevice[15]
0000000B
00000000
E9B3F469
000000B7
00000001
00000000
00000003
00000001
00000000
3B9BDB71
00000001
00000000
3B9D0C20
00000000
00000000
00000000
00000004
00000004
00000000
1185DECD
00000026
0DE8D206
000000F5
06C9AF5A
000000CA
19360356
00000002
C68DF2DE
00000002
00000002
00000000
00000002
00000000
00000000
187FC24F
9F052207
00000003
00000003
00000000
9871872D
527CB433
94912CF0
00000002
00000000
00000000
98964D25
E00FBE33
00000002
00000002
00000000
A89C9A89
68AC0DE6
00000002
00000002
00000000
00000009
00000000
31747865
305F3037
00000000
00000009
00000000
38747865
315F3835
00000000
00000001
00000001
00000000
00000009
00000000
38747865
305F3137
00000000
00000001
00000000
00000000
00000000
00000000
00000000
00000000
00000000
00000000
00000000
00000000
00000000
00000000
00000000
00000000
00000000
00000000
00000000
00000000
00000000
00000000
00000000
00000000
00000000
00000000
00000000
00000000
00000000
00000000
00000000
00000000
00000000
00000000
00000000
00000000
00000000
00000000
00000001
00000001
00000000
00000000
00000000
00000000
00000000
00000000
00000000
00000000
00000000
00000000
00000000
00000000
00000000
00000000
00000000
00000000
00000000
00000000
00000000
00000000
00000001
00000000
02949E35
00000093
// vkCreateDevice[16]
0000000B
00000000
5723286B
00000065
00000000
00000000
00000000
00000000
00000001
00000000
79E10977
00000006
// vkCreateDevice[17]
0000000B
00000000
7EE09CA9
0000005C
00000001
00000000
00000003
00000000
00000000
EFE4199F
00000001
00000001
00000000
00000002
00000000
00000000
70AE8455
EDD62231
00000002
00000002
00000000
B2627AAA
C8F1A365
00000001
00000001
00000000
00000009
00000000
31747865
305F3935
00000000
00000004
00000004
00000000
00000009
00000000
37747865
305F3934
00000000
00000009
00000000
36747865
315F3036
00000000
00000009
00000000
33747865
325F3137
00000000
00000009
00000000
34747865
335F3730
00000000
00000001
00000000
00000000
00000000
00000000
00000000
00000000
00000000
00000000
00000000
00000000
00000000
00000000
00000000
00000000
00000000
00000000
00000000
00000000
00000000
00000000
00000000
00000000
00000000
00000000
00000000
00000000
00000000
00000001
00000000
00000000
00000000
00000000
00000000
00000000
00000001
00000001
00000000
00000001
00000000
00000000
00000000
00000000
00000000
00000000
00000000
00000000
00000000
00000000
00000000
00000000
00000000
00000000
00000000
00000000
00000000
00000000
00000000
00000000
00000001
00000000
C31E96ED
00000016
// vkDestroyDevice[0]
0000000C
00000000
01A39A01
00000036
00000000
00000000
// vkDestroyDevice[1]
0000000C
00000000
9BE1387B
00000015
00000000
00000000
// vkDestroyDevice[2]
0000000C
00000000
9A65F115
0000007D
00000000
00000000
// vkDestroyDevice[3]
0000000C
00000000
63A6F719
000000A4
00000000
00000000
// vkDestroyDevice[4]
0000000C
00000000
7EACCCEF
0000005C
00000000
00000000
// vkDestroyDevice[5]
0000000C
00000000
7109ECC7
0000003C
00000000
00000000
// vkDestroyDevice[6]
0000000C
00000000
C139E815
0000002C
00000000
00000000
// vkDestroyDevice[7]
0000000C
00000000
2C0DA933
00000077
00000000
00000000
// vkDestroyDevice[8]
0000000C
00000000
3A81ED3B
000000EE
00000000
00000000
// vkDestroyDevice[9]
0000000C
00000000
67375E39
000000A4
00000000
00000000
// vkDestroyDevice[10]
0000000C
00000000
B3F32431
00000036
00000000
00000000
// vkDestroyDevice[11]
0000000C
00000000
E770B23D
00000095
00000000
00000000
// vkDestroyDevice[12]
0000000C
00000000
E1EED0F5
000000AD
00000000
00000000
// vkDestroyDevice[13]
0000000C
00000000
914F63C3
00000063
00000000
00000000
// vkDestroyDevice[14]
0000000C
00000000
25E0BE31
00000071
00000000
00000000
// vkDestroyDevice[15]
0000000C
00000000
42894C85
000000E2
00000000
00000000
// vkDestroyDevice[16]
0000000C
00000000
5F97E3D9
0000008A
00000000
00000000
// vkDestroyDevice[17]
0000000C
00000000
3FA00A4F
000000B7
00000000
00000000
// vkGetDeviceQueue[0]
00000011
00000000
2E5171E3
000000CB
5A30E51C
435457A7
00000001
00000000
205CAF09
00000082
// vkGetDeviceQueue[1]
00000011
00000000
EFB3B13B
000000CD
BDFCF2D4
EB38BA5B
00000001
00000000
11E50609
00000085
// vkGetDeviceQueue[2]
00000011
00000000
7EDD353B
00000025
F445D51D
3E722A00
00000001
00000000
BC9F8A3F
0000005A
// vkGetDeviceQueue[3]
00000011
00000000
3ACE90DF
00000099
CFD05F95
9F1EE935
00000001
00000000
1FF82FE1
000000B5
// vkGetDeviceQueue[4]
00000011
00000000
52E6591D
000000B8
9A00ABDE
F5DEA063
00000000
00000000
// vkGetDeviceQueue[5]
00000011
00000000
45431F11
00000024
703DAA85
595ACEC3
00000001
00000000
EA77A101
00000066
// vkGetDeviceQueue[6]
00000011
00000000
E7D8BE03
000000F6
0B2D73AA
75ABAF1D
00000001
00000000
43193309
0000006F
// vkGetDeviceQueue[7]
00000011
00000000
9F4D900B
00000052
08FA94A0
AB5495E6
00000001
00000000
A39C8B2F
000000CB
// vkGetDeviceQueue[8]
00000011
00000000
F4CD24A5
0000005C
4CF2CC3E
EE460B64
00000001
00000000
BC878DE9
0000000C
// vkGetDeviceQueue[9]
00000011
00000000
FC02260B
000000BE
A481A00A
0C2E26AB
00000001
00000000
323A7BA1
000000A5
// vkGetDeviceQueue[10]
00000011
00000000
EEC2CBCF
00000043
354A42A5
E751EFDF
00000000
00000000
// vkGetDeviceQueue[11]
00000011
00000000
7CB3B061
00000093
C7699928
1890C3EB
00000001
00000000
04320C0D
00000033
// vkGetDeviceQueue[12]
00000011
00000000
30B55289
000000D0
59AE0113
67ED5C8A
00000000
00000000
// vkGetDeviceQueue[13]
00000011
00000000
3CA52945
000000D9
9C5EE717
2EB5FCF8
00000001
00000000
75C874A3
0000003F
// vkGetDeviceQueue[14]
00000011
00000000
3B8940A7
000000DB
9715A636
E8B941AC
00000000
00000000
// vkGetDeviceQueue[15]
00000011
00000000
076ED845
0000005F
0A718D18
2C34CCDC
00000000
00000000
// vkGetDeviceQueue[16]
00000011
00000000
C96BE1B3
00000030
897D794F
4AC1BBC7
00000000
00000000
// vkGetDeviceQueue[17]
00000011
00000000
A932F24B
00000077
055F38D7
9883D856
00000001
00000000
E025EA7D
000000C4
// vkGetDeviceQueue2[0]
0000009B
00000000
2AF6291D
000000EC
00000001
00000000
3B9D006B
00000000
00000000
582EC14F
92A6759D
2FAC6B03
00000001
00000000
A0A0D5CD
0000007C
// vkGetDeviceQueue2[1]
0000009B
00000000
72ED3EBF
00000054
00000001
00000000
3B9D006B
00000000
00000000
1B9FB137
993BAF9F
C51E3EDE
00000001
00000000
6226DB57
0000000D
// vkGetDeviceQueue2[2]
0000009B
00000000
598CE2A9
00000018
00000001
00000000
3B9D006B
00000000
00000000
6B8CF5C1
6EAF5BA9
A8D5A7D3
00000000
00000000
// vkGetDeviceQueue2[3]
0000009B
00000000
0F688011
000000D9
00000001
00000000
3B9D006B
00000000
00000000
5B4DDE1E
D7189E5A
A7648465
00000000
00000000
// vkGetDeviceQueue2[4]
0000009B
00000000
5D43109D
00000054
00000001
00000000
3B9D006B
00000001
00000000
3BA0A605
00000000
00000000
70344BE0
310A406F
4C684EB2
DC22514D
00000001
00000000
7BCD4A75
000000FE
// vkGetDeviceQueue2[5]
0000009B
00000000
0DDBB4B7
0000006D
00000001
00000000
3B9D006B
00000000
00000000
8FF5BBEE
DA2049DA
EE18F587
00000001
00000000
4863C1E3
000000FA
// vkGetDeviceQueue2[6]
0000009B
00000000
E2AFBE69
0000006F
00000001
00000000
3B9D006B
00000000
00000000
63BAFCDC
A029CE64
35EE2364
00000001
00000000
0960E311
000000BA
// vkGetDeviceQueue2[7]
0000009B
00000000
3513FF51
000000D6
00000000
00000000
00000001
00000000
D72783E5
00000050
// vkGetDeviceQueue2[8]
0000009B
00000000
BFA17F41
00000037
00000001
00000000
3B9D006B
00000000
00000000
79601587
0FAF53BB
F16E3923
00000001
00000000
F3B07F05
000000FA
// vkGetDeviceQueue2[9]
0000009B
00000000
56FD87F1
000000A7
00000000
00000000
00000001
00000000
969215A5
000000FF
// vkGetDeviceQueue2[10]
0000009B
00000000
C3B1E8E3
00000001
00000001
00000000
3B9D006B
00000000
00000000
5A03B635
AE56D6B6
C25887FF
00000001
00000000
20210341
0000006E
// vkGetDeviceQueue2[11]
0000009B
00000000
2D7FC5D5
000000BA
00000000
00000000
00000001
00000000
B405AF2D
00000069
// vkGetDeviceQueue2[12]
0000009B
00000000
2738C68F
00000000
00000000
00000000
00000001
00000000
6D1D1285
0000004E
// vkGetDeviceQueue2[13]
0000009B
00000000
C2207C03
000000D7
00000001
00000000
3B9D006B
00000000
00000000
8A75AB99
B1286184
430FD4B8
00000001
00000000
1FD8C461
00000024
// vkGetDeviceQueue2[14]
0000009B
00000000
FD691775
0000000C
00000000
00000000
00000000
00000000
// vkGetDeviceQueue2[15]
0000009B
00000000
84641F9B
000000FF
00000001
00000000
3B9D006B
00000001
00000000
3BA0A605
00000000
00000000
8EB059CE
2DD6D44C
7A31DD64
3DE90217
00000001
00000000
0028400F
000000B4
// vkGetDeviceQueue2[16]
0000009B
00000000
4ED82E75
0000008A
00000001
00000000
3B9D006B
00000000
00000000
BAD3AF90
2E3AE678
872F1189
00000000
00000000
// vkGetDeviceQueue2[17]
0000009B
00000000
CB0B05FB
000000A7
00000001
00000000
3B9D006B
00000000
00000000
9612C695
97AA6B57
9EDA50FC
00000000
00000000
// vkDeviceWaitIdle[0]
00000014
00000000
5B892BB1
00000085
// vkDeviceWaitIdle[1]
00000014
00000000
25C77791
00000082
// vkDeviceWaitIdle[2]
00000014
00000000
06F47785
00000084
// vkDeviceWaitIdle[3]
00000014
00000000
DE02754D
00000028
// vkDeviceWaitIdle[4]
00000014
00000000
6D36E015
00000061
// vkDeviceWaitIdle[5]
00000014
00000000
C5FD1293
00000077
// vkDeviceWaitIdle[6]
00000014
00000000
02631A55
000000E3
// vkDeviceWaitIdle[7]
00000014
00000000
69295B03
00000081
// vkDeviceWaitIdle[8]
00000014
00000000
14785929
00000017
// vkDeviceWaitIdle[9]
00000014
00000000
02DFB9F5
0000002F
// vkDeviceWaitIdle[10]
00000014
00000000
D2A3BEC3
000000CD
// vkDeviceWaitIdle[11]
00000014
00000000
D164DA69
00000053
// vkDeviceWaitIdle[12]
00000014
00000000
83CDB36F
00000062
// vkDeviceWaitIdle[13]
00000014
00000000
4B327CFB
000000E1
// vkDeviceWaitIdle[14]
00000014
00000000
2A086825
000000B6
// vkDeviceWaitIdle[15]
00000014
00000000
3F4ACCD5
00000000
// vkDeviceWaitIdle[16]
00000014
00000000
73B994E9
00000003
// vkDeviceWaitIdle[17]
00000014
00000000
A2277AE7
000000D8
// vkQueueWaitIdle[0]
00000013
00000000
D1E986D1
00000031
// vkQueueWaitIdle[1]
00000013
00000000
C5190EB7
00000039
// vkQueueWaitIdle[2]
00000013
00000000
80D1AFD7
000000AE
// vkQueueWaitIdle[3]
00000013
00000000
27025115
00000097
// vkQueueWaitIdle[4]
00000013
00000000
DF3AE90D
00000009
// vkQueueWaitIdle[5]
00000013
00000000
15827885
00000099
// vkQueueWaitIdle[6]
00000013
00000000
49424E1D
00000035
// vkQueueWaitIdle[7]
00000013
00000000
104AB873
0000004E
// vkQueueWaitIdle[8]
00000013
00000000
1988240F
000000D3
// vkQueueWaitIdle[9]
00000013
00000000
516073C5
0000007D
// vkQueueWaitIdle[10]
00000013
00000000
F9EDF8DB
00000010
// vkQueueWaitIdle[11]
00000013
00000000
FA6D2675
00000008
// vkQueueWaitIdle[12]
00000013
00000000
9B73B6A9
000000E2
// vkQueueWaitIdle[13]
00000013
00000000
03B44C03
0000008E
// vkQueueWaitIdle[14]
00000013
00000000
C9DB0C79
0000006E
// vkQueueWaitIdle[15]
00000013
00000000
D86F0E39
00000002
// vkQueueWaitIdle[16]
00000013
00000000
2D41927D
000000A4
// vkQueueWaitIdle[17]
00000013
00000000
277B6B0D
0000008B
// vkQueueSubmit[0]
00000012
00000000
8C1A4EC7
000000DE
00000000
00000000
00000000
E7981B95
00000048
// vkQueueSubmit[1]
00000012
00000000
60F0C069
00000024
00000002
00000002
00000000
00000004
00000000
00000000
00000004
00000004
00000000
49096B0F
00000052
5A633523
00000045
D5ABF605
000000CA
28646E79
00000066
00000004
00000000
AEC73C85
C668174F
648C96DD
C010EC1B
00000004
00000004
00000000
7BED809E
00000046
8706D602
00000048
A4F740CA
000000DE
76DA7A41
000000C0
00000002
00000002
00000000
0549455D
00000001
CF7C6A54
000000C9
00000004
00000000
00000000
00000003
00000003
00000000
83A33A95
0000000C
8944581C
000000C9
3F27FB07
000000FD
00000003
00000000
701BF2D7
FD0CDAFA
77B5CDB1
00000000
00000000
00000000
00000000
00000000
00000000
95E4D4EB
000000D1
// vkQueueSubmit[2]
00000012
00000000
6AE47C49
0000006F
00000002
00000002
00000000
00000004
00000000
00000000
00000003
00000003
00000000
89758EC7
0000006D
55548F8D
00000061
CCA74823
000000DA
00000003
00000000
0337BFBB
93472AA4
7F09638C
00000001
00000001
00000000
A47DD8D8
00000095
00000002
00000002
00000000
0756DA2B
000000B5
F29D5F7F
00000064
00000004
00000000
00000000
00000004
00000004
00000000
EBFC9989
00000062
AA7C5EEA
000000BE
11A50D1A
000000BA
317014D3
000000FE
00000004
00000000
1348448D
14DB3C4F
A3EBAB1E
E89E5AC4
00000004
00000004
00000000
859F4895
000000B7
0BBE3FB2
000000BF
4B52ED09
00000052
108F43EF
000000AE
00000002
00000002
00000000
CE112A1D
000000F8
143320F3
0000001E
026AD907
0000002F
// vkQueueSubmit[3]
00000012
00000000
4421FE45
0000008C
00000000
00000000
00000000
FA5A19FF
00000085
// vkQueueSubmit[4]
00000012
00000000
85FFD0DD
0000000F
00000004
00000004
00000000
00000004
00000000
00000000
00000004
00000004
00000000
05DCAF97
00000040
399DD22C
00000080
04947002
000000A7
8F0A913A
000000DE
00000004
00000000
68539340
6A55A8B7
F4E80398
B808595B
00000003
00000003
00000000
3578DB89
0000009C
2A71560A
000000C9
7F0CBAB8
0000002D
00000001
00000001
00000000
DB76958A
00000090
00000004
00000000
00000000
00000003
00000003
00000000
F5DFE232
000000AA
95A99701
00000083
C6F21A5B
00000028
00000003
00000000
3B875B41
8F7A27E8
800DEA7E
00000000
00000000
00000000
00000001
00000001
00000000
5C133C76
000000F5
00000004
00000000
00000000
00000004
00000004
00000000
1C9850B0
00000017
57F700E1
00000032
15BDAAB8
000000AC
276326EC
0000005D
00000004
00000000
76FB7098
1A62DB53
0A7F85D4
AC35178A
00000004
00000004
00000000
0BA7BF1C
000000C6
9282C4FF
0000005E
1DC991A2
0000004B
2225016C
00000054
00000001
00000001
00000000
2A7515C5
000000C8
00000004
00000000
00000000
00000001
00000001
00000000
7880371F
0000001A
00000001
00000000
B70F365F
00000003
00000003
00000000
D517916F
000000D5
29FDD4BF
0000007A
FB228BDD
000000A2
00000000
00000000
00000000
861B35DB
000000A8
// vkQueueSubmit[5]
00000012
00000000
5A1A492F
000000AC
00000003
00000003
00000000
00000004
00000000
00000000
00000002
00000002
00000000
1AF9E9A1
00000029
4D68C803
000000A0
00000002
00000000
820B56A1
54E822C9
00000000
00000000
00000000
00000001
00000001
00000000
29B1DB28
00000022
00000004
00000000
00000000
00000001
00000001
00000000
AA0DAFEF
000000A2
00000001
00000000
F77F3204
00000002
00000002
00000000
077D1A46
00000095
54AF1BE0
000000F0
00000004
00000004
00000000
27108723
000000C0
1275221D
00000015
5E38A1DD
00000091
A42AAA3C
000000CE
00000004
00000000
00000000
00000003
00000003
00000000
7774831E
000000F5
CA54DB7A
00000059
C76EA46D
000000A3
00000003
00000000
047A96B5
DAA76084
64D8008A
00000003
00000003
00000000
A00F7BAE
000000BF
6B468F75
000000EF
0F935794
00000062
00000004
00000004
00000000
4B4CB968
00000009
53A0FA9E
00000038
A88EC496
00000065
BAF67341
000000DB
7E04B85F
0000006F
// vkQueueSubmit[6]
00000012
00000000
4CA0C259
00000071
00000003
00000003
00000000
00000004
00000001
00000000
3B9BB465
00000000
00000000
00000001
00000001
00000000
DB1DEDA3
00000003
00000003
00000000
501EFCE8
50FF4B61
1545958F
00000001
00000001
00000000
FFA2676E
00000004
00000004
00000000
33F8C490
00000081
BC0FF993
00000082
0F5AB729
00000044
CF9878D2
00000078
00000004
00000000
8B82D8D6
C93D3AE3
31530E86
9DD9A96D
00000002
00000002
00000000
4C6E975C
00000047
5CE0503C
000000A3
00000001
00000001
00000000
EDBB7D60
000000A9
00000004
00000000
00000000
00000004
00000004
00000000
C00FDDB7
000000B1
AA59238E
00000044
60B3362E
00000023
8CF6EE77
00000024
00000004
00000000
269199A9
A60BE400
F1AF40EA
DF621546
00000000
00000000
00000000
00000001
00000001
00000000
E2DC5410
0000000D
00000004
00000000
00000000
00000003
00000003
00000000
B73A7825
000000B0
285F8EED
0000003C
17C1F998
00000033
00000003
00000000
74CF8C1F
21963E35
E0417077
00000003
00000003
00000000
D31B2F3F
0000002D
6C9D74C4
0000005F
4C6A5351
000000FB
00000003
00000003
00000000
1594E2DC
00000045
CD8A0066
00000023
92D1B019
000000E0
7B47F1D5
000000D9
// vkQueueSubmit[7]
00000012
00000000
01CF58F5
0000004D
00000001
00000001
00000000
00000004
00000000
00000000
00000002
00000002
00000000
C231A732
00000033
F8443360
00000072
00000002
00000000
019B31AF
20C8C66D
00000002
00000002
00000000
FADAD38E
00000083
8A975207
000000A7
00000001
00000001
00000000
1C73E735
000000C7
46DF3B0F
000000A9
// vkQueueSubmit[8]
00000012
00000000
A0BD5255
00000034
00000001
00000001
00000000
00000004
00000000
00000000
00000004
00000004
00000000
13052C99
00000017
680EA27B
00000068
6E7D7583
0000009C
D0B1D366
0000008E
00000004
00000000
2C778D22
D37A17F0
E022E0B2
36B26FF4
00000004
00000004
00000000
B81BEBE0
00000042
1B960BF1
000000F1
33A5A7C3
0000004D
18C40226
000000A0
00000002
00000002
00000000
4F97D1BF
00000058
1753CB2D
00000001
519779F3
00000018
// vkQueueSubmit[9]
00000012
00000000
9D1ED76B
00000036
00000003
00000003
00000000
00000004
00000000
00000000
00000003
00000003
00000000
3FA6BE6F
0000006F
51CD64E0
00000014
9AB0EAF7
00000074
00000003
00000000
CF95392B
20E4422B
5A47AEBE
00000002
00000002
00000000
1FB1EDF0
000000EC
0BA27701
000000F1
00000003
00000003
00000000
B4B106B6
0000005F
7DC34B60
00000092
C6B54EF0
0000002F
00000004
00000000
00000000
00000004
00000004
00000000
6AAADC24
0000008F
94308CFD
000000F7
B0061FB5
000000D9
F677E839
000000B5
00000004
00000000
9436DD28
89342F15
6600CCE0
661184A1
00000001
00000001
00000000
DD33C43F
00000037
00000000
00000000
00000000
00000004
00000000
00000000
00000001
00000001
00000000
4C34BD8A
00000052
00000001
00000000
B381C256
00000000
00000000
00000000
00000000
00000000
00000000
427D3A0B
00000081
// vkQueueSubmit[10]
00000012
00000000
310A12A7
00000030
00000001
00000001
00000000
00000004
00000000
00000000
00000004
00000004
00000000
600FA58E
00000037
CC10A99A
00000014
49FF397C
0000001F
377BEAD3
0000001B
00000004
00000000
B882CD01
5FF4131A
6813BCF3
F3CAEF9C
00000004
00000004
00000000
8A4C185C
0000008A
20AEF288
000000FB
FF528010
00000044
16FEDE7D
00000032
00000002
00000002
00000000
C30EB78C
000000E4
043DEF96
00000059
16247A27
00000036
// vkQueueSubmit[11]
00000012
00000000
D2F71723
000000E0
00000004
00000004
00000000
00000004
00000000
00000000
00000004
00000004
00000000
C52C5980
0000004E
EB840BF8
0000008E
3CD3429E
000000CE
9DC6757D
0000007B
00000004
00000000
C2327E4E
04992662
634D66D5
749B3BA0
00000003
00000003
00000000
CDAA8AB3
000000BA
FFF75E07
000000F7
89FDA80E
00000008
00000001
00000001
00000000
4DDC7455
0000007A
00000004
00000000
00000000
00000004
00000004
00000000
B58AC8D8
00000008
BF5BA5A5
00000073
3F1201B3
00000032
12741FAA
000000FE
00000004
00000000
D002550A
E9C3D166
FE4E56F5
59786231
00000001
00000001
00000000
01150DEA
000000E2
00000004
00000004
00000000
453B0F55
00000052
1138AC65
00000038
00C565E4
0000008A
22784AC2
00000018
00000004
00000001
00000000
3B9BB465
00000000
00000000
00000003
00000003
00000000
9FB0F345
24C05979
F78014BB
00000004
00000004
00000000
511D2DE6
296B2F8D
F8A731DB
64F6AF08
00000004
00000004
00000000
3556BAFD
4C7253FA
FAFF9D79
98BBC329
00000002
00000002
00000000
751ABED7
00000070
22FFF109
0000002F
00000002
00000000
280A02CB
88F1608D
00000003
00000003
00000000
BF091BF2
00000053
2B05B105
0000009E
C5B42F0E
00000023
00000004
00000004
00000000
A61D6F42
000000B8
A8EB369D
000000A5
05DF3042
000000EC
67554501
000000CC
00000004
00000000
00000000
00000001
00000001
00000000
8B256CCE
0000005A
00000001
00000000
9385CAAF
00000002
00000002
00000000
0B7FDB08
0000002C
DDD2B6CD
000000A2
00000003
00000003
00000000
06246DB0
000000E8
10A4B03F
000000FC
A52F747C
00000005
8A9EA7EF
00000002
// vkQueueSubmit[12]
00000012
00000000
764F1345
00000089
00000003
00000003
00000000
00000004
00000000
00000000
00000001
00000001
00000000
E6513318
0000002D
00000001
00000000
F34F54EF
00000002
00000002
00000000
B99ADE01
000000FE
9645F7B7
000000A6
00000000
00000000
00000000
00000004
00000000
00000000
00000001
00000001
00000000
D47734C1
000000F0
00000001
00000000
1214F61C
00000001
00000001
00000000
9250DF06
000000BD
00000001
00000001
00000000
AD3B0B81
000000E6
00000004
00000000
00000000
00000003
00000003
00000000
626B4311
00000082
30F65AED
00000044
B832833B
0000008D
00000003
00000000
B94D1F12
51389E85
8AF7BFAE
00000001
00000001
00000000
6174A254
00000037
00000002
00000002
00000000
2B095838
00000067
AD6818A4
0000003D
ED90CA2F
0000005F
// vkQueueSubmit[13]
00000012
00000000
CE4D80FF
000000FE
00000000
00000000
00000000
35116773
00000029
// vkQueueSubmit[14]
00000012
00000000
523930E7
0000004D
00000003
00000003
00000000
00000004
00000000
00000000
00000004
00000004
00000000
5E18ABC5
00000033
28886217
00000047
C6D10872
00000029
1C6C6FEC
00000030
00000004
00000000
8F537315
6E816997
4F1B7810
B953E8E5
00000000
00000000
00000000
00000003
00000003
00000000
808C0E83
00000076
3A25EF8E
000000D5
FB76EAB3
0000009E
00000004
00000000
00000000
00000002
00000002
00000000
6454BDF3
00000093
BC2BB0FC
000000D8
00000002
00000000
EC79288F
CE254F41
00000002
00000002
00000000
D7D3642B
000000F6
F1FA2059
00000054
00000001
00000001
00000000
8599721B
00000019
00000004
00000000
00000000
00000003
00000003
00000000
173AAF66
000000DB
395757BC
0000005E
BEC91807
00000006
00000003
00000000
E4DC8081
2B57C3BA
21B82872
00000004
00000004
00000000
A32F2D81
00000034
A1F2CF1A
000000DC
1C1BFFCB
000000E7
0E32F3BB
000000C7
00000003
00000003
00000000
3935CF3A
0000008A
65D78414
000000B7
5932A80C
0000004B
1858B849
00000043
// vkQueueSubmit[15]
00000012
00000000
476BFB1D
0000004A
00000002
00000002
00000000
00000004
00000000
00000000
00000003
00000003
00000000
527EA8F4
000000DC
6056C2DB
00000047
8C53CC29
000000C5
00000003
00000000
FF56E9B9
E7C9CE61
356D62A2
00000002
00000002
00000000
121D0442
000000B3
889B5DC2
000000EB
00000002
00000002
00000000
4EB01DF0
00000065
59EB1D4D
000000B5
00000004
00000001
00000000
3B9BB465
00000000
00000000
00000002
00000002
00000000
3C90D599
ABF36DFD
00000001
00000001
00000000
840A3D4A
00000002
00000002
00000000
23F3B807
FC20994D
00000002
00000002
00000000
83956D76
000000BE
9A3B7FD0
000000BD
00000002
00000000
2ADABB30
953ED8A3
00000004
00000004
00000000
EDEDB5DE
000000A4
DBCC321E
000000F6
ED83D7D8
00000066
B669D5CD
000000F0
00000004
00000004
00000000
39F1D8AF
0000004C
E3157EDA
00000056
F8C4A096
000000D7
EB5824DA
00000057
D93A6013
0000000A
// vkQueueSubmit[16]
00000012
00000000
009A54DB
000000D3
00000002
00000002
00000000
00000004
00000001
00000000
3B9BB465
00000001
00000000
3B9D0068
00000000
00000000
00000000
00000000
00000000
00000000
00000000
00000000
00000000
00000004
00000004
00000000
7A2A14EC
7FD29B33
0D506EEA
E7604A50
00000004
00000004
00000000
47DB301A
000000F3
D7C3A9BF
0000005F
3067519F
000000A7
3C1D6E8B
000000B6
00000004
00000000
39F43FC6
520F913D
52A20785
7E008EAB
00000000
00000000
00000000
00000001
00000001
00000000
20E3A7E4
00000091
00000004
00000000
00000000
00000000
00000000
00000000
00000000
00000000
00000002
00000002
00000000
69ACF7A7
000000C8
CB86C3EE
000000C9
00000001
00000001
00000000
F0AE726D
00000031
FED9F2E3
000000CF
// vkQueueSubmit[17]
00000012
00000000
C637EDED
00000035
00000001
00000001
00000000
00000004
00000000
00000000
00000003
00000003
00000000
DDB48B65
000000E2
8C75CEE7
000000A6
CE16A5AD
000000F8
00000003
00000000
2132AA0F
57805021
A96F4E6E
00000001
00000001
00000000
D2C093C6
000000F5
00000003
00000003
00000000
C143EF1C
00000049
BB30AB9A
00000066
CF778B0C
00000066
989D94CB
00000019
// vkAllocateMemory[0]
00000015
00000000
350A255B
000000D0
00000001
00000000
00000005
00000000
00000000
B7E12F29
00000096
59DFBFF2
00000000
00000000
00000001
00000000
7740E385
000000FA
// vkAllocateMemory[1]
00000015
00000000
4E15FE53
00000011
00000001
00000000
00000005
00000000
00000000
F8AE0251
000000F8
1D526665
00000000
00000000
00000000
00000000
// vkAllocateMemory[2]
00000015
00000000
2C54D519
00000051
00000001
00000000
00000005
00000001
00000000
3B9BB460
00000000
00000000
CFEE8048
DEE25092
167272CD
0000009D
F26A60EE
00000000
00000000
00000001
00000000
9A81AB9D
000000B9
// vkAllocateMemory[3]
00000015
00000000
9A81540B
000000C5
00000001
00000000
00000005
00000000
00000000
BE424A69
000000E2
BE5E0141
00000000
00000000
00000001
00000000
458F70A7
000000B7
// vkAllocateMemory[4]
00000015
00000000
2CCA8E75
0000004E
00000001
00000000
00000005
00000001
00000000
3B9BE342
00000001
00000000
3BA0A602
00000000
00000000
6D5D1ACE
4E46C099
3DE3F76C
0000001B
01632616
00000000
00000000
00000001
00000000
EB6868F3
0000007F
// vkAllocateMemory[5]
00000015
00000000
9A439393
000000F1
00000001
00000000
00000005
00000000
00000000
FBD6B90C
00000080
FF7C8F85
00000000
00000000
00000001
00000000
4C251B91
00000069
// vkAllocateMemory[6]
00000015
00000000
34B3E717
00000050
00000001
00000000
00000005
00000000
00000000
2AB84D47
000000BD
CD98227F
00000000
00000000
00000000
00000000
// vkAllocateMemory[7]
00000015
00000000
6F0AEF4F
0000001D
00000000
00000000
00000000
00000000
00000000
00000000
// vkAllocateMemory[8]
00000015
00000000
74D7BE3F
00000091
00000001
00000000
00000005
00000000
00000000
D4CDE7C7
000000E2
0E13493B
00000000
00000000
00000001
00000000
C1A11ACD
000000E9
// vkAllocateMemory[9]
00000015
00000000
17AAE77F
0000005D
00000000
00000000
00000000
00000000
00000001
00000000
B48206C5
00000014
// vkAllocateMemory[10]
00000015
00000000
856F99E3
00000042
00000001
00000000
00000005
00000000
00000000
68F9F7ED
00000025
C494A14E
00000000
00000000
00000001
00000000
53E07683
0000006E
// vkAllocateMemory[11]
00000015
00000000
37DE71FF
0000008F
00000000
00000000
00000000
00000000
00000001
00000000
2918F47D
000000C2
// vkAllocateMemory[12]
00000015
00000000
D2E6DDD3
00000050
00000001
00000000
00000005
00000000
00000000
BE7C19B2
00000066
E2F61288
00000000
00000000
00000001
00000000
769F9D23
000000FC
// vkAllocateMemory[13]
00000015
00000000
EF36D0BB
00000065
00000001
00000000
00000005
00000000
00000000
D0BF8F96
00000036
D6D6F19B
00000000
00000000
00000001
00000000
F796578F
000000E6
// vkAllocateMemory[14]
00000015
00000000
A1B93DB5
00000014
00000001
00000000
00000005
00000000
00000000
FD3413E8
0000000E
7C15C663
00000000
00000000
00000001
00000000
03F5B87B
000000A5
// vkAllocateMemory[15]
00000015
00000000
DD95562F
00000076
00000001
00000000
00000005
00000000
00000000
9F0E0DD0
000000E9
E43D234D
00000000
00000000
00000001
00000000
4262DD61
000000C8
// vkAllocateMemory[16]
00000015
00000000
8B93C881
000000C7
00000001
00000000
00000005
00000001
00000000
3B9CBA19
00000000
00000000
EBFA8801
00000088
A5552165
0000001F
8F0B50A1
000000ED
8958BDA4
00000000
00000000
00000001
00000000
F44B809D
00000014
// vkAllocateMemory[17]
00000015
00000000
2D17ADA1
000000BD
00000001
00000000
00000005
00000001
00000000
3B9BB460
00000001
00000000
3BA0A602
00000000
00000000
372DC032
9A26540A
2553A64B
36CECBB5
000000F6
29BE0E8E
00000000
00000000
00000000
00000000
// vkFreeMemory[0]
00000016
00000000
80D3666B
000000C2
A47053AB
00000006
00000000
00000000
// vkFreeMemory[1]
00000016
00000000
D8ABBC95
000000FA
9F8669AF
00000024
00000000
00000000
// vkFreeMemory[2]
00000016
00000000
EB557B25
000000D2
1D33488D
0000003C
00000000
00000000
// vkFreeMemory[3]
00000016
00000000
68DCA1B1
00000025
3543FE59
000000A6
00000000
00000000
// vkFreeMemory[4]
00000016
00000000
1202316F
000000FE
AD6E2973
0000005F
00000000
00000000
// vkFreeMemory[5]
00000016
00000000
0C68DC1F
00000037
CDFE8E3F
00000078
00000000
00000000
// vkFreeMemory[6]
00000016
00000000
85231AB9
0000000B
CB4B9CA5
00000016
00000000
00000000
// vkFreeMemory[7]
00000016
00000000
1D5E8C8F
000000A0
1D26A289
00000004
00000000
00000000
// vkFreeMemory[8]
00000016
00000000
08242433
000000A3
68270867
000000C4
00000000
00000000
// vkFreeMemory[9]
00000016
00000000
718F6FD9
0000001D
0B9BA6BD
00000004
00000000
00000000
// vkFreeMemory[10]
00000016
00000000
98C503D3
00000041
FCEDCB63
00000019
00000000
00000000
// vkFreeMemory[11]
00000016
00000000
4E218577
00000029
C1CEDC33
0000005F
00000000
00000000
// vkFreeMemory[12]
00000016
00000000
898849E3
00000057
561017F5
00000026
00000000
00000000
// vkFreeMemory[13]
00000016
00000000
6991542B
00000017
8B7D497D
00000047
00000000
00000000
// vkFreeMemory[14]
00000016
00000000
16793001
000000D4
70118F7B
00000019
00000000
00000000
// vkFreeMemory[15]
00000016
00000000
B16E62A7
0000000C
E18E3BD3
00000012
00000000
00000000
// vkFreeMemory[16]
00000016
00000000
243ED2D5
000000D1
33468AB9
0000006A
00000000
00000000
// vkFreeMemory[17]
00000016
00000000
A08BD3EB
00000088
8F0D90E9
000000C7
00000000
00000000
// vkUnmapMemory[0]
00000018
00000000
48B5CCCD
000000A5
148B223D
00000086
// vkUnmapMemory[1]
00000018
00000000
122DB0E5
0000009E
43FD1753
00000083
// vkUnmapMemory[2]
00000018
00000000
4EB24639
000000C6
7352AC89
000000C4
// vkUnmapMemory[3]
00000018
00000000
7EA11BBB
0000009D
459B1465
0000006E
// vkUnmapMemory[4]
00000018
00000000
F1806B05
0000006C
3F63ABD3
000000D7
// vkUnmapMemory[5]
00000018
00000000
0799B6CB
0000005D
1B652C65
000000BE
// vkUnmapMemory[6]
00000018
00000000
2B98FD93
000000AD
AB4E6307
0000009E
// vkUnmapMemory[7]
00000018
00000000
CE93CCC3
000000B5
26E1EA7D
00000080
// vkUnmapMemory[8]
00000018
00000000
B1A07625
00000026
741E3AFF
0000002A
// vkUnmapMemory[9]
00000018
00000000
9F7BC99B
00000001
9AFB2A17
00000003
// vkUnmapMemory[10]
00000018
00000000
6A3252C9
00000060
53B2143B
00000083
// vkUnmapMemory[11]
00000018
00000000
CDC60293
00000079
F6B15FCD
0000009A
// vkUnmapMemory[12]
00000018
00000000
93FC7AD3
00000048
04416CCB
000000BA
// vkUnmapMemory[13]
00000018
00000000
034F779D
00000000
15A67953
000000BA
// vkUnmapMemory[14]
00000018
00000000
21E070BB
000000FC
B3494E1B
0000003F
// vkUnmapMemory[15]
00000018
00000000
B31322FD
0000007C
DF2221E1
00000033
// vkUnmapMemory[16]
00000018
00000000
1ADE67CF
00000015
D84975DD
00000046
// vkUnmapMemory[17]
00000018
00000000
19BEC5FB
00000031
D0A535C1
000000BD
// vkFlushMappedMemoryRanges[0]
00000019
00000000
210CC50D
000000E1
00000001
00000001
00000000
00000006
00000000
00000000
896D7FEF
00000020
EB09A408
000000EE
BDFE920E
0000001A
// vkFlushMappedMemoryRanges[1]
00000019
00000000
9608740F
000000B6
00000003
00000003
00000000
00000006
00000000
00000000
0D5BBB93
000000CC
F1D566D5
00000074
3808D55B
0000008C
00000006
00000000
00000000
C6FDEFA9
000000B0
814E5246
00000079
D5FB5610
00000093
00000006
00000000
00000000
4CDAD29F
00000035
C85A5877
0000005E
DBE2CFD6
0000004A
// vkFlushMappedMemoryRanges[2]
00000019
00000000
B963A82D
00000007
00000004
00000004
00000000
00000006
00000000
00000000
7B937E31
000000F1
8763AC0C
000000BE
FF47469D
0000002B
00000006
00000000
00000000
6497CD5D
00000091
ADA0AD99
000000AA
47D21533
000000B1
00000006
00000000
00000000
F7C6F54D
000000AD
457FC8FE
00000071
6017481D
000000F3
00000006
00000000
00000000
9F9EC59B
00000007
7266AD2B
0000004C
6D82419D
00000068
// vkFlushMappedMemoryRanges[3]
00000019
00000000
918B96C1
0000006B
00000003
00000003
00000000
00000006
00000000
00000000
BC6DA275
00000089
9C90CD0F
000000DB
60CA2A8E
00000031
00000006
00000000
00000000
A48D105B
00000077
AB807F5A
000000AD
8602A3B6
00000092
00000006
00000000
00000000
BB93D023
000000B6
C3CC20B0
00000063
C1DAB2B9
00000013
// vkFlushMappedMemoryRanges[4]
00000019
00000000
48CB487D
0000001A
00000003
00000003
00000000
00000006
00000000
00000000
35AE83E7
0000009C
67E6E249
0000008E
7418767C
00000064
00000006
00000000
00000000
147E9353
000000EC
ECC0A212
0000003C
6521E28F
00000019
00000006
00000000
00000000
732EE465
000000A8
49CDE30A
000000D6
40E71E3A
000000DC
// vkFlushMappedMemoryRanges[5]
00000019
00000000
6FD7481B
00000087
00000001
00000001
00000000
00000006
00000000
00000000
FF646C6B
0000003B
58D18ADA
000000CF
DC62210A
000000A9
// vkFlushMappedMemoryRanges[6]
00000019
00000000
0538BB67
00000040
00000004
00000004
00000000
00000006
00000000
00000000
F665C7B1
0000001E
C11D3A4B
0000007B
C29A9F79
000000AB
00000006
00000000
00000000
E8F6DDE5
0000004C
0DE40904
00000009
443D55A9
0000008A
00000006
00000000
00000000
2DD0BA55
00000092
E71A9E0C
00000014
55A475FC
000000D9
00000006
00000000
00000000
516735C1
000000D9
4C4B9F1A
000000C0
DF4E8DBE
0000003A
// vkFlushMappedMemoryRanges[7]
00000019
00000000
835B7147
0000001B
00000003
00000003
00000000
00000006
00000000
00000000
8082F6B3
0000005E
54AC7D25
00000044
7AF68D8E
00000037
00000006
00000000
00000000
EE4A9A4B
000000E4
5A78A559
000000D3
0D317101
000000ED
00000006
00000000
00000000
8A767ED9
000000F6
A9F489A3
00000051
79FF862A
00000007
// vkFlushMappedMemoryRanges[8]
00000019
00000000
1E8752B9
00000054
00000003
00000003
00000000
00000006
00000000
00000000
BF40A81B
000000A0
CF6F5697
000000D4
875D7B62
0000001B
00000006
00000000
00000000
3779669F
00000000
AEA8CABE
000000AB
AE2DB916
000000ED
00000006
00000000
00000000
8AA29EC5
00000001
1226C38F
000000E6
207AD901
00000006
// vkFlushMappedMemoryRanges[9]
00000019
00000000
B97F1845
0000008E
00000000
00000000
00000000
// vkFlushMappedMemoryRanges[10]
00000019
00000000
017B3E2B
0000009D
00000003
00000003
00000000
00000006
00000000
00000000
BB308381
00000063
5A932E2F
0000006B
045597A7
00000032
00000006
00000000
00000000
07F9AA37
000000D2
C3A3929B
00000022
963B4CDE
00000014
00000006
00000000
00000000
3315DF21
0000003C
020DCD10
00000079
51903975
0000003D
// vkFlushMappedMemoryRanges[11]
00000019
00000000
E82650E7
000000F2
00000004
00000004
00000000
00000006
00000000
00000000
63754297
00000086
AADA086D
0000007F
FBDE23E1
00000032
00000006
00000000
00000000
420B6C7F
000000D3
D98F746C
00000084
A66DF1FE
000000D6
00000006
00000000
00000000
38B0568F
000000EC
2A6A63D0
000000CC
5C2FCEBA
00000007
00000006
00000000
00000000
E513110D
0000005D
183479E5
000000B3
58B39F00
00000058
// vkFlushMappedMemoryRanges[12]
00000019
00000000
E1DBDD8F
0000002D
00000003
00000003
00000000
00000006
00000000
00000000
12AB0751
000000CB
D999082D
00000039
3BE598C0
000000F7
00000006
00000000
00000000
CC8EADD1
000000D8
A5C34943
000000BF
099FB13B
00000037
00000006
00000000
00000000
51391AB1
000000E9
C02A40FC
000000E0
9F547023
000000E8
// vkFlushMappedMemoryRanges[13]
00000019
00000000
30071281
000000A9
00000000
00000000
00000000
// vkFlushMappedMemoryRanges[14]
00000019
00000000
7ADC1509
00000031
00000000
00000000
00000000
// vkFlushMappedMemoryRanges[15]
00000019
00000000
3DCA9307
000000C5
00000000
00000000
00000000
// vkFlushMappedMemoryRanges[16]
00000019
00000000
838EFD15
00000088
00000002
00000002
00000000
00000006
00000000
00000000
E217F7D5
0000007A
099A72AD
00000083
FA97D3D7
00000066
00000006
00000000
00000000
DDAF9581
000000E7
A35D98ED
0000006E
67EE656E
00000064
// vkFlushMappedMemoryRanges[17]
00000019
00000000
959BA683
00000059
00000003
00000003
00000000
00000006
00000000
00000000
51189AF7
00000077
C39755AD
000000B9
F13CF7AF
000000A7
00000006
00000000
00000000
25B59895
000000C9
F31A98C8
000000CB
FFDC34F3
000000DA
00000006
00000000
00000000
E259926F
00000029
F8A01E8E
000000DE
1E1467B5
0000006C
// vkInvalidateMappedMemoryRanges[0]
0000001A
00000000
22DDC65D
000000BC
00000000
00000000
00000000
// vkInvalidateMappedMemoryRanges[1]
0000001A
00000000
33301113
000000B4
00000003
00000003
00000000
00000006
00000000
00000000
6AC59711
000000B1
9261DC7F
00000048
813996D0
000000AA
00000006
00000000
00000000
526C5D0F
0000002E
91A68655
00000032
969DA15F
00000055
00000006
00000000
00000000
75BBAE1D
000000E1
995960DD
000000CA
266CADE8
0000008A
// vkInvalidateMappedMemoryRanges[2]
0000001A
00000000
65B9A0C7
0000003E
00000002
00000002
00000000
00000006
00000000
00000000
3401BEF9
0000003E
DE1B74A2
000000D6
60F0C529
000000B1
00000006
00000000
00000000
F095A303
000000B0
D5B92FFA
000000AA
49F391E3
00000022
// vkInvalidateMappedMemoryRanges[3]
0000001A
00000000
BCA0D8DB
000000C3
00000004
00000004
00000000
00000006
00000000
00000000
57168B41
000000F2
42261847
000000EF
BC5FE20B
000000F7
00000006
00000000
00000000
80556775
00000012
3D937226
00000067
93814233
000000EF
00000006
00000000
00000000
84373EC9
00000097
8FE80F40
00000009
D23F5571
000000DF
00000006
00000000
00000000
A621412B
0000003E
3D674BFE
000000F9
81D684CC
00000057
// vkInvalidateMappedMemoryRanges[4]
0000001A
00000000
6F328FA5
000000D9
00000000
00000000
00000000
// vkInvalidateMappedMemoryRanges[5]
0000001A
00000000
B0AF6735
000000A4
00000004
00000004
00000000
00000006
00000000
00000000
707C52FF
00000056
EE29CA5E
000000B9
54916F69
00000029
00000006
00000000
00000000
D00F67B3
0000007F
018C39BA
00000064
F37C8943
0000000B
00000006
00000000
00000000
6F0AAE53
00000003
4979B0BA
00000025
EE340B15
000000B8
00000006
00000000
00000000
672CC143
00000000
6DA5EFC1
0000007C
9F7BCE96
000000F9
// vkInvalidateMappedMemoryRanges[6]
0000001A
00000000
B0857E59
00000024
00000000
00000000
00000000
// vkInvalidateMappedMemoryRanges[7]
0000001A
00000000
5087E74F
000000A2
00000003
00000003
00000000
00000006
00000000
00000000
11FDEBE1
00000050
5A82539F
00000035
D62976F0
000000FD
00000006
00000000
00000000
9FEFDD15
0000006B
E34CA01F
000000CE
1F4096F5
000000CE
00000006
00000000
00000000
DA4EFBDB
00000068
FB6251F1
0000008D
2237C5F8
00000080
// vkInvalidateMappedMemoryRanges[8]
0000001A
00000000
629C9E41
0000006B
00000003
00000003
00000000
00000006
00000000
00000000
9FC0F6C5
0000003D
9D7BF3F0
000000E3
6DA3C349
00000092
00000006
00000000
00000000
D3254383
000000DC
AC0CB45A
00000010
06910527
00000052
00000006
00000000
00000000
45D80657
000000A2
6A9D9E8A
000000D5
5072E020
000000AA
// vkInvalidateMappedMemoryRanges[9]
0000001A
00000000
2AD3CAB5
00000058
00000001
00000001
00000000
00000006
00000000
00000000
202E1A73
0000007D
28142E8F
0000002B
24699594
000000AE
// vkInvalidateMappedMemoryRanges[10]
0000001A
00000000
39410C99
00000088
00000000
00000000
00000000
// vkInvalidateMappedMemoryRanges[11]
0000001A
00000000
C0B3F389
00000061
00000002
00000002
00000000
00000006
00000000
00000000
CA026821
0000008D
5ED70F9A
0000005B
BA23A57C
000000CC
00000006
00000000
00000000
3A2ECBAD
00000078
695E43F9
000000DF
76A2F2A9
000000DF
// vkInvalidateMappedMemoryRanges[12]
0000001A
00000000
3CF54C77
00000084
00000000
00000000
00000000
// vkInvalidateMappedMemoryRanges[13]
0000001A
00000000
EAC55897
000000AD
00000001
00000001
00000000
00000006
00000000
00000000
94EEA0AB
00000039
20771C06
00000056
6918581B
00000074
// vkInvalidateMappedMemoryRanges[14]
0000001A
00000000
A09A7F49
00000072
00000000
00000000
00000000
// vkInvalidateMappedMemoryRanges[15]
0000001A
00000000
A8BFB8E1
00000030
00000003
00000003
00000000
00000006
00000000
00000000
7FC1D5D7
00000033
90FBF6BD
0000009A
D4845B6E
00000073
00000006
00000000
00000000
925468B9
0000002B
76D5C99C
0000004C
0CEC4D9F
00000060
00000006
00000000
00000000
B0762D37
00000048
E8A426A9
000000E7
2C2FDBAB
0000002B
// vkInvalidateMappedMemoryRanges[16]
0000001A
00000000
707C6FA7
000000F6
00000002
00000002
00000000
00000006
00000000
00000000
7AC19475
00000079
4B30037F
0000005C
890EBD22
0000007B
00000006
00000000
00000000
1485EF09
0000007B
D0F94123
0000008F
2CA8DAA1
00000075
// vkInvalidateMappedMemoryRanges[17]
0000001A
00000000
A95BDD5B
0000006D
00000002
00000002
00000000
00000006
00000000
00000000
B0CF7089
00000022
F701E755
00000043
62137D31
00000056
00000006
00000000
00000000
9E54263B
00000015
71394B23
0000008A
BC9605C4
000000B7
// vkGetBufferMemoryRequirements[0]
0000001E
00000000
BF0DEFC9
00000071
E018EFD7
00000058
00000001
00000000
// vkGetBufferMemoryRequirements[1]
0000001E
00000000
639FCAC7
0000004C
1D4332A7
00000000
00000001
00000000
// vkGetBufferMemoryRequirements[2]
0000001E
00000000
28B9D7C3
0000000A
7DD0581F
000000C1
00000001
00000000
// vkGetBufferMemoryRequirements[3]
0000001E
00000000
514D8F93
00000065
81005747
000000FE
00000001
00000000
// vkGetBufferMemoryRequirements[4]
0000001E
00000000
E39867E9
00000006
6B80A30B
000000A2
00000001
00000000
// vkGetBufferMemoryRequirements[5]
0000001E
00000000
363EA883
000000F8
21F78E13
0000007C
00000000
00000000
// vkGetBufferMemoryRequirements[6]
0000001E
00000000
90D2AAF7
00000056
098CF1C9
0000002E
00000000
00000000
// vkGetBufferMemoryRequirements[7]
0000001E
00000000
F4AA9EAD
000000A9
014B3E7B
0000006E
00000001
00000000
// vkGetBufferMemoryRequirements[8]
0000001E
00000000
34CAB76B
000000E6
31F2E94F
0000007D
00000001
00000000
// vkGetBufferMemoryRequirements[9]
0000001E
00000000
843A6347
000000D9
E9DAC257
00000097
00000001
00000000
// vkGetBufferMemoryRequirements[10]
0000001E
00000000
A46AEAF9
00000099
F1B8CC57
000000E1
00000001
00000000
// vkGetBufferMemoryRequirements[11]
0000001E
00000000
D8A4769B
0000007E
6BF7061F
00000035
00000001
00000000
// vkGetBufferMemoryRequirements[12]
0000001E
00000000
252932E5
0000008B
2960EBA5
00000074
00000001
00000000
// vkGetBufferMemoryRequirements[13]
0000001E
00000000
9E1FE3FB
000000F2
FCED9793
0000006C
00000001
00000000
// vkGetBufferMemoryRequirements[14]
0000001E
00000000
256E332F
0000006F
86D033D3
00000040
00000001
00000000
// vkGetBufferMemoryRequirements[15]
0000001E
00000000
CD0AF0E3
0000007B
B80674CD
0000009A
00000001
00000000
// vkGetBufferMemoryRequirements[16]
0000001E
00000000
2AC5F4AF
00000027
4D932809
000000D0
00000001
00000000
// vkGetBufferMemoryRequirements[17]
0000001E
00000000
2E173D9F
00000016
F28290A1
000000C2
00000001
00000000
// vkGetBufferMemoryRequirements2[0]
00000091
00000000
845F20D5
00000089
00000001
00000000
3B9D0450
00000000
00000000
6289B279
0000008D
00000001
00000000
3B9D0453
00000000
00000000
// vkGetBufferMemoryRequirements2[1]
00000091
00000000
7708FA3B
0000004D
00000001
00000000
3B9D0450
00000000
00000000
54610261
00000037
00000001
00000000
3B9D0453
00000000
00000000
// vkGetBufferMemoryRequirements2[2]
00000091
00000000
8C78A4C9
0000000B
00000001
00000000
3B9D0450
00000000
00000000
AB0A3C59
00000078
00000000
00000000
// vkGetBufferMemoryRequirements2[3]
00000091
00000000
12BF44D3
0000001F
00000001
00000000
3B9D0450
00000000
00000000
48F83257
00000062
00000000
00000000
// vkGetBufferMemoryRequirements2[4]
00000091
00000000
33F08FE1
0000007D
00000001
00000000
3B9D0450
00000000
00000000
5D5EA955
000000FB
00000001
00000000
3B9D0453
00000000
00000000
// vkGetBufferMemoryRequirements2[5]
00000091
00000000
C0A9EF49
00000062
00000001
00000000
3B9D0450
00000000
00000000
C3304B65
000000AE
00000001
00000000
3B9D0453
00000000
00000000
// vkGetBufferMemoryRequirements2[6]
00000091
00000000
7AE33B61
00000027
00000001
00000000
3B9D0450
00000000
00000000
0921109B
00000018
00000001
00000000
3B9D0453
00000000
00000000
// vkGetBufferMemoryRequirements2[7]
00000091
00000000
42A9AD59
00000093
00000000
00000000
00000001
00000000
3B9D0453
00000000
00000000
// vkGetBufferMemoryRequirements2[8]
00000091
00000000
B30777DF
00000076
00000000
00000000
00000001
00000000
3B9D0453
00000000
00000000
// vkGetBufferMemoryRequirements2[9]
00000091
00000000
654BE023
00000090
00000001
00000000
3B9D0450
00000000
00000000
ADA621B5
00000017
00000000
00000000
// vkGetBufferMemoryRequirements2[10]
00000091
00000000
20FCDC0B
0000007A
00000001
00000000
3B9D0450
00000000
00000000
0858A6A3
00000042
00000000
00000000
// vkGetBufferMemoryRequirements2[11]
00000091
00000000
9E5ABEE3
00000086
00000000
00000000
00000001
00000000
3B9D0453
00000000
00000000
// vkGetBufferMemoryRequirements2[12]
00000091
00000000
6A81B505
00000026
00000001
00000000
3B9D0450
00000000
00000000
00059D4F
0000004A
00000001
00000000
3B9D0453
00000000
00000000
// vkGetBufferMemoryRequirements2[13]
00000091
00000000
A98505A3
000000F0
00000001
00000000
3B9D0450
00000000
00000000
8DDFF4B1
000000DD
00000001
00000000
3B9D0453
00000000
00000000
// vkGetBufferMemoryRequirements2[14]
00000091
00000000
4BF0BEF3
000000F2
00000001
00000000
3B9D0450
00000000
00000000
ABF2BE49
00000094
00000001
00000000
3B9D0453
00000000
00000000
// vkGetBufferMemoryRequirements2[15]
00000091
00000000
8537BC53
00000086
00000000
00000000
00000001
00000000
3B9D0453
00000000
00000000
// vkGetBufferMemoryRequirements2[16]
00000091
00000000
611910F3
00000037
00000001
00000000
3B9D0450
00000000
00000000
C1DEC567
00000032
00000001
00000000
3B9D0453
00000000
00000000
// vkGetBufferMemoryRequirements2[17]
00000091
00000000
692D1889
0000002C
00000001
00000000
3B9D0450
00000000
00000000
28D6BFED
0000002C
00000001
00000000
3B9D0453
00000000
00000000
// vkGetImageMemoryRequirements[0]
0000001F
00000000
9E2E6FD5
0000008D
F39CB41D
000000A3
00000001
00000000
// vkGetImageMemoryRequirements[1]
0000001F
00000000
A3D1BACF
000000E9
1657E393
00000050
00000001
00000000
// vkGetImageMemoryRequirements[2]
0000001F
00000000
9F2490F3
00000041
14C93E8D
000000D1
00000001
00000000
// vkGetImageMemoryRequirements[3]
0000001F
00000000
E776ACBB
00000083
EE27A0BB
00000096
00000001
00000000
// vkGetImageMemoryRequirements[4]
0000001F
00000000
3B72E023
000000E7
77C2236B
000000FE
00000001
00000000
// vkGetImageMemoryRequirements[5]
0000001F
00000000
FC536F61
0000000F
1848A0EF
00000032
00000001
00000000
// vkGetImageMemoryRequirements[6]
0000001F
00000000
F0831D01
000000AA
2CA09293
000000FF
00000000
00000000
// vkGetImageMemoryRequirements[7]
0000001F
00000000
53564427
000000A3
08AFDD57
0000003C
00000001
00000000
// vkGetImageMemoryRequirements[8]
0000001F
00000000
AF847031
00000040
566F7741
000000B8
00000001
00000000
// vkGetImageMemoryRequirements[9]
0000001F
00000000
9752F10B
0000003A
29B381D7
00000096
00000001
00000000
// vkGetImageMemoryRequirements[10]
0000001F
00000000
3EC3B465
00000015
844067A5
00000032
00000001
00000000
// vkGetImageMemoryRequirements[11]
0000001F
00000000
7D35418F
00000020
69898727
0000008E
00000000
00000000
// vkGetImageMemoryRequirements[12]
0000001F
00000000
6C390B85
000000F3
1B7AD519
00000022
00000001
00000000
// vkGetImageMemoryRequirements[13]
0000001F
00000000
6E38B131
00000041
00D7029D
00000077
00000001
00000000
// vkGetImageMemoryRequirements[14]
0000001F
00000000
65C1846D
00000056
8B66841F
000000D1
00000001
00000000
// vkGetImageMemoryRequirements[15]
0000001F
00000000
E474C243
0000000D
FD863855
00000089
00000001
00000000
// vkGetImageMemoryRequirements[16]
0000001F
00000000
A9BBE091
00000026
D4337699
0000003F
00000001
00000000
// vkGetImageMemoryRequirements[17]
0000001F
00000000
57F01251
0000001D
329C529B
000000A4
00000000
00000000
// vkGetImageMemoryRequirements2[0]
00000090
00000000
EE8139D3
00000039
00000001
00000000
3B9D0451
00000000
00000000
A048BB3B
00000027
00000000
00000000
// vkGetImageMemoryRequirements2[1]
00000090
00000000
68D667AD
0000004F
00000001
00000000
3B9D0451
00000000
00000000
6AAC4417
00000014
00000001
00000000
3B9D0453
00000000
00000000
// vkGetImageMemoryRequirements2[2]
00000090
00000000
9841F1D7
000000BF
00000001
00000000
3B9D0451
00000000
00000000
D6A935C3
0000000B
00000000
00000000
// vkGetImageMemoryRequirements2[3]
00000090
00000000
3231FB5D
00000003
00000001
00000000
3B9D0451
00000000
00000000
BB0FCC33
000000F8
00000001
00000000
3B9D0453
00000000
00000000
// vkGetImageMemoryRequirements2[4]
00000090
00000000
BA064A71
000000BC
00000000
00000000
00000001
00000000
3B9D0453
00000000
00000000
// vkGetImageMemoryRequirements2[5]
00000090
00000000
276F05C9
0000001F
00000001
00000000
3B9D0451
00000000
00000000
3CF87F21
000000DD
00000000
00000000
// vkGetImageMemoryRequirements2[6]
00000090
00000000
BB3A8525
0000000D
00000001
00000000
3B9D0451
00000000
00000000
19DA328D
000000EA
00000001
00000000
3B9D0453
00000000
00000000
// vkGetImageMemoryRequirements2[7]
00000090
00000000
B1861D23
0000009F
00000000
00000000
00000001
00000000
3B9D0453
00000000
00000000
// vkGetImageMemoryRequirements2[8]
00000090
00000000
655899D3
000000D4
00000001
00000000
3B9D0451
00000000
00000000
81C4AB69
0000005F
00000001
00000000
3B9D0453
00000000
00000000
// vkGetImageMemoryRequirements2[9]
00000090
00000000
135198AF
00000092
00000001
00000000
3B9D0451
00000000
00000000
9EF81CF3
00000083
00000001
00000000
3B9D0453
00000000
00000000
// vkGetImageMemoryRequirements2[10]
00000090
00000000
885FC141
00000099
00000001
00000000
3B9D0451
00000000
00000000
4020C4A3
000000CD
00000001
00000000
3B9D0453
00000000
00000000
// vkGetImageMemoryRequirements2[11]
00000090
00000000
3A63FE89
00000041
00000000
00000000
00000001
00000000
3B9D0453
00000000
00000000
// vkGetImageMemoryRequirements2[12]
00000090
00000000
AFE0383B
00000044
00000001
00000000
3B9D0451
00000000
00000000
93F10C9F
0000009E
00000001
00000000
3B9D0453
00000000
00000000
// vkGetImageMemoryRequirements2[13]
00000090
00000000
5D800BC5
00000031
00000001
00000000
3B9D0451
00000000
00000000
B6A4C0CF
000000DA
00000001
00000000
3B9D0453
00000000
00000000
// vkGetImageMemoryRequirements2[14]
00000090
00000000
6083360B
000000E8
00000001
00000000
3B9D0451
00000000
00000000
CB76E14B
00000040
00000001
00000000
3B9D0453
00000000
00000000
// vkGetImageMemoryRequirements2[15]
00000090
00000000
C943C829
0000001C
00000001
00000000
3B9D0451
00000000
00000000
8FF1E8A1
00000064
00000001
00000000
3B9D0453
00000000
00000000
// vkGetImageMemoryRequirements2[16]
00000090
00000000
BD60B2D1
000000FB
00000000
00000000
00000001
00000000
3B9D0453
00000000
00000000
// vkGetImageMemoryRequirements2[17]
00000090
00000000
574B69BD
00000055
00000001
00000000
3B9D0451
00000000
00000000
B0A35EC5
000000FC
00000000
00000000
// vkBindBufferMemory[0]
0000001C
00000000
E9669D0F
0000001F
5874881B
000000B5
3838E4A3
0000002B
0FC67B4C
000000F0
// vkBindBufferMemory[1]
0000001C
00000000
41ACAE4B
0000002E
2316A99D
00000034
2C3B316B
0000008C
0300ECBA
00000087
// vkBindBufferMemory[2]
0000001C
00000000
86D3C9BF
000000F2
72C689BB
000000E5
F5F6916B
000000EA
0B5D2BF0
000000BB
// vkBindBufferMemory[3]
0000001C
00000000
8B23E695
0000004A
55E556AD
000000D1
33EB3129
000000BB
E23F3916
000000FC
// vkBindBufferMemory[4]
0000001C
00000000
DCC8EDBB
00000086
5614AD71
0000002E
7DD138A9
0000009A
6A823397
000000C2
// vkBindBufferMemory[5]
0000001C
00000000
349C6F29
000000D5
80E33C2F
000000A7
0C446F27
0000006F
3A570622
000000ED
// vkBindBufferMemory[6]
0000001C
00000000
5BD8018F
00000087
B4185C57
000000D4
4057A2F9
00000005
F885E7FA
00000082
// vkBindBufferMemory[7]
0000001C
00000000
59D716C9
00000092
1AF6CFC1
0000003B
0E571471
000000BC
DF41D13A
0000007D
// vkBindBufferMemory[8]
0000001C
00000000
ADFC69F3
000000DC
49142653
00000098
E625D7F3
0000000D
7BE0071A
0000008A
// vkBindBufferMemory[9]
0000001C
00000000
AE5D29EF
00000065
B65716DB
00000060
DA0DE241
000000C6
A634877B
00000087
// vkBindBufferMemory[10]
0000001C
00000000
F76D4B07
00000061
8B683305
00000086
BDDFE45B
0000005D
0BB17BA2
00000047
// vkBindBufferMemory[11]
0000001C
00000000
4A005349
000000E7
8A5634C1
000000D1
72D3D263
00000030
018EF42F
00000033
// vkBindBufferMemory[12]
0000001C
00000000
CD68EE3D
000000AB
93A7F7D9
00000049
F48D8BA3
0000002D
DB4C7567
00000078
// vkBindBufferMemory[13]
0000001C
00000000
94A29A09
00000046
4BE43B13
00000099
C80ABF95
000000BA
5C0CF962
000000A4
// vkBindBufferMemory[14]
0000001C
00000000
DA768C23
0000004C
AD0885AF
000000C4
A1899C2D
00000094
DAABDC91
0000008A
// vkBindBufferMemory[15]
0000001C
00000000
F48E7655
00000072
4812FCA3
00000084
85E6D8F1
00000093
10D30094
00000025
// vkBindBufferMemory[16]
0000001C
00000000
DB71120F
00000051
C3CCB271
0000004E
C2560771
00000054
20B23276
000000D0
// vkBindBufferMemory[17]
0000001C
00000000
026DF251
000000D9
D09E2747
00000038
847A5085
000000F5
4C5B37CF
000000EB
// vkBindBufferMemory2[0]
0000008A
00000000
8CE0BB7F
000000B9
00000001
00000001
00000000
3B9D2F48
00000001
00000000
3B9BB46D
00000000
00000000
00000004
00000004
00000000
C253F31F
91FB3E88
9B00A7F5
73C6E59E
B487ED63
00000029
6BBC6BB3
0000002C
348AECA1
0000004F
// vkBindBufferMemory2[1]
0000008A
00000000
E87BB0CB
00000037
00000004
00000004
00000000
3B9D2F48
00000000
00000000
76F087A9
000000C2
77C3FD7B
00000011
59D95B79
00000044
3B9D2F48
00000000
00000000
281C44E1
00000017
C13E52F5
00000054
31AC1B14
000000C4
3B9D2F48
00000000
00000000
64D9F959
00000056
FA6B7E63
00000034
92787944
00000086
3B9D2F48
00000000
00000000
C5882A05
000000D5
95C5420F
0000006E
C6F641E4
000000E1
// vkBindBufferMemory2[2]
0000008A
00000000
E0AB7011
00000091
00000002
00000002
00000000
3B9D2F48
00000000
00000000
5625551B
00000007
F0F03F29
00000060
C22BE3EE
00000040
3B9D2F48
00000000
00000000
A866DE7D
00000075
EAD5196F
000000A3
FF7C9609
000000A8
// vkBindBufferMemory2[3]
0000008A
00000000
CDE42071
000000E2
00000002
00000002
00000000
3B9D2F48
00000000
00000000
26066F61
000000FD
E88C7AD1
000000FC
FF3BA521
000000EA
3B9D2F48
00000000
00000000
54D468EF
000000F5
CC1A2357
0000000B
52BED9B0
000000C3
// vkBindBufferMemory2[4]
0000008A
00000000
764BE879
0000003C
00000003
00000003
00000000
3B9D2F48
00000000
00000000
70402DFD
00000089
B51C7E3F
0000009D
2921B56B
00000038
3B9D2F48
00000000
00000000
CC24F9A1
00000038
987E5189
00000065
19A6F130
000000AD
3B9D2F48
00000000
00000000
E63A78F1
000000F4
A7FED961
000000E1
D7660111
00000058
// vkBindBufferMemory2[5]
0000008A
00000000
05065E9F
000000E4
00000003
00000003
00000000
3B9D2F48
00000000
00000000
775E8801
00000071
8747E41D
000000E5
23D7DBF9
00000078
3B9D2F48
00000000
00000000
D10A8D9B
0000002D
06F14789
00000062
48128C9C
0000008E
3B9D2F48
00000000
00000000
BF561F01
000000AF
0DC95A67
000000DA
64E71E9B
000000F3
// vkBindBufferMemory2[6]
0000008A
00000000
4A986555
00000015
00000001
00000001
00000000
3B9D2F48
00000000
00000000
E75818EF
000000EE
2324B9A7
00000009
8EDD9B3C
000000B3
// vkBindBufferMemory2[7]
0000008A
00000000
A4D4527D
0000003E
00000000
00000000
00000000
// vkBindBufferMemory2[8]
0000008A
00000000
2D8DCCF5
0000006B
00000001
00000001
00000000
3B9D2F48
00000001
00000000
3B9BB46D
00000000
00000000
00000002
00000002
00000000
1611B8C8
0056DB54
4D8B73C1
00000037
22352CD9
000000FC
5300532B
0000008C
// vkBindBufferMemory2[9]
0000008A
00000000
5FE43A71
00000038
00000001
00000001
00000000
3B9D2F48
00000000
00000000
4B106423
000000EF
E60460E5
00000053
4F3F5EAE
0000000B
// vkBindBufferMemory2[10]
0000008A
00000000
18A6B94D
0000005F
00000002
00000002
00000000
3B9D2F48
00000000
00000000
FF8DF707
000000CA
79AEA53D
000000FC
C14CCEDC
00000078
3B9D2F48
00000000
00000000
AF08DE55
00000053
4350DBA9
000000A4
EB2A0B4D
000000C2
// vkBindBufferMemory2[11]
0000008A
00000000
54C9AC93
00000028
00000000
00000000
00000000
// vkBindBufferMemory2[12]
0000008A
00000000
83D3CCFD
00000090
00000003
00000003
00000000
3B9D2F48
00000000
00000000
BF20CDAF
0000001B
C20877D1
00000066
B9825206
0000000A
3B9D2F48
00000000
00000000
73AED849
000000F9
2A918C7D
0000008C
A0B4ED58
00000093
3B9D2F48
00000000
00000000
C578BDB5
0000000D
3FBA3F7D
0000000A
D781AEA4
00000097
// vkBindBufferMemory2[13]
0000008A
00000000
805F6659
0000005C
00000004
00000004
00000000
3B9D2F48
00000000
00000000
D23A1869
0000005A
9C5E9FB5
000000DE
8D168EFE
000000D3
3B9D2F48
00000000
00000000
208C0967
00000039
3B7DF8B7
0000004D
CA15828F
0000006C
3B9D2F48
00000000
00000000
20668559
00000080
E1FF1D2F
000000E7
1DA94858
00000039
3B9D2F48
00000000
00000000
3DB1270F
00000092
11DE6F8D
00000058
BE70CD46
00000025
// vkBindBufferMemory2[14]
0000008A
00000000
38D16717
00000043
00000004
00000004
00000000
3B9D2F48
00000000
00000000
DB9ECEA7
000000E2
9B7DB101
00000095
AF600173
00000049
3B9D2F48
00000000
00000000
21304DE1
000000CC
D3891F61
000000F6
C42B62C6
000000A3
3B9D2F48
00000000
00000000
71AB2BCB
0000006A
F3F3D51B
0000009A
5510CB5B
0000009F
3B9D2F48
00000000
00000000
34ECE7ED
00000083
5E928369
000000D8
FAB1FB79
00000092
// vkBindBufferMemory2[15]
0000008A
00000000
A87C203D
000000B1
00000001
00000001
00000000
3B9D2F48
00000000
00000000
5D539139
0000006B
19623B9F
00000070
6F845376
000000FE
// vkBindBufferMemory2[16]
0000008A
00000000
9ED5CC0F
00000045
00000004
00000004
00000000
3B9D2F48
00000001
00000000
3B9BB46D
00000000
00000000
00000002
00000002
00000000
2F777D4D
0AC45D41
1A229485
00000091
04193437
000000A4
87F9A9D2
000000C0
3B9D2F48
00000000
00000000
C5B12E85
000000CC
F5B2CB7F
000000AA
EC702950
00000004
3B9D2F48
00000000
00000000
39B6E117
00000074
FC02BD87
000000A5
2A8B8610
00000045
3B9D2F48
00000000
00000000
18D79009
000000F6
0C8286BD
00000097
1E3F4BD4
0000008F
// vkBindBufferMemory2[17]
0000008A
00000000
50CE6C5D
0000003D
00000001
00000001
00000000
3B9D2F48
00000000
00000000
262774E3
00000055
E03A06EB
0000000D
F883D077
0000006E
// vkBindImageMemory[0]
0000001D
00000000
1C5922D3
000000F8
381AA8FF
0000001A
B756241F
00000050
FD964076
000000E2
// vkBindImageMemory[1]
0000001D
00000000
20411769
00000062
A549847D
000000BB
B4851B13
000000F8
7B2DB6D5
0000000A
// vkBindImageMemory[2]
0000001D
00000000
473DC299
000000F0
13A75DBD
000000C7
3868955D
00000019
4B81B662
0000002D
// vkBindImageMemory[3]
0000001D
00000000
F7F7C1A9
000000D7
10DC441B
000000A1
087B423F
00000085
0DFD0FF6
00000032
// vkBindImageMemory[4]
0000001D
00000000
5876827B
00000011
94782443
0000006F
C0956521
000000B1
E531787D
000000EF
// vkBindImageMemory[5]
0000001D
00000000
8DBD19C3
000000CE
88F0E93D
00000074
3AA33511
000000FC
95D423BB
000000A4
// vkBindImageMemory[6]
0000001D
00000000
102ABABD
00000007
4FE819CF
000000D8
08A1041D
000000CC
A2C86AE3
000000BA
// vkBindImageMemory[7]
0000001D
00000000
43039C81
00000014
3AC454BD
000000C9
BC0D8DB3
00000073
59367BB0
00000049
// vkBindImageMemory[8]
0000001D
00000000
F2CD8B75
00000092
B4D76A19
0000004C
B2C9BD63
00000044
94FE0DA6
0000007B
// vkBindImageMemory[9]
0000001D
00000000
94D3AA53
00000085
981A49C7
00000047
F143A553
00000085
15124DE8
000000A9
// vkBindImageMemory[10]
0000001D
00000000
58D13F97
00000051
F1AAE11F
000000BD
CF047315
000000A0
64BA39C0
00000010
// vkBindImageMemory[11]
0000001D
00000000
96A1858B
00000003
2DB10BFF
00000008
13F0874B
00000022
6471D4F1
00000072
// vkBindImageMemory[12]
0000001D
00000000
D592E363
000000CD
5687064D
000000DE
38758267
0000001A
CA7CBD95
000000E5
// vkBindImageMemory[13]
0000001D
00000000
3A4A458D
00000024
93ECC871
000000A3
0B65CD81
00000055
F6DC0817
0000003A
// vkBindImageMemory[14]
0000001D
00000000
F3ACE47B
000000B1
F766D0D5
00000064
1DA5CBA9
0000006F
5216FC66
0000000E
// vkBindImageMemory[15]
0000001D
00000000
41F24445
000000F2
85DFED95
0000001D
31FE3245
00000027
09A69201
000000FA
// vkBindImageMemory[16]
0000001D
00000000
6735A773
00000040
AE2AEAA1
0000006B
9A0510F3
000000D0
28E2B41D
0000008F
// vkBindImageMemory[17]
0000001D
00000000
20AF3FBB
000000CF
447B0BBF
00000092
04DD073F
00000084
5B3FAD09
0000005C
// vkBindImageMemory2[0]
0000008B
00000000
129A5737
00000073
00000001
00000001
00000000
3B9D2F49
00000000
00000000
FED1C377
000000E9
420A56C1
00000047
F875D0D1
000000D8
// vkBindImageMemory2[1]
0000008B
00000000
52FB11D3
000000A7
00000003
00000003
00000000
3B9D2F49
00000000
00000000
171449A1
0000005A
78615A63
000000B1
D4F0E8DF
0000005F
3B9D2F49
00000000
00000000
9BFADE3F
00000021
4CC581F3
000000AF
B16A0785
00000002
3B9D2F49
00000000
00000000
19BFC697
000000BB
E1063963
000000F5
965120CF
000000BB
// vkBindImageMemory2[2]
0000008B
00000000
EA680B91
000000D0
00000004
00000004
00000000
3B9D2F49
00000000
00000000
73DE76FF
000000E9
ED315305
00000033
EE7B48A6
000000ED
3B9D2F49
00000000
00000000
469571BD
000000F5
C025108B
00000082
702EEAD4
00000032
3B9D2F49
00000000
00000000
78F8A9C1
000000AC
17244F51
00000022
2EDAB71E
0000008C
3B9D2F49
00000000
00000000
A4412B5F
00000045
21E418BD
000000D4
10A70ACC
000000FE
// vkBindImageMemory2[3]
0000008B
00000000
81311E31
000000C6
00000001
00000001
00000000
3B9D2F49
00000000
00000000
6B16B90B
000000D0
071EF74D
00000022
21566664
000000AC
// vkBindImageMemory2[4]
0000008B
00000000
C83D581F
000000D5
00000002
00000002
00000000
3B9D2F49
00000000
00000000
75E2BAC1
00000056
9797E813
000000EB
7A3A6DFE
00000015
3B9D2F49
00000000
00000000
C1E4042B
000000C7
DDD5008B
000000CE
3F8997E8
0000003E
// vkBindImageMemory2[5]
0000008B
00000000
76E39439
00000012
00000004
00000004
00000000
3B9D2F49
00000000
00000000
EB18085B
0000003B
E721CEED
00000062
0FB92D77
0000004D
3B9D2F49
00000000
00000000
63463365
0000001B
694E04B1
000000FA
D0DE37A7
000000E1
3B9D2F49
00000000
00000000
981B83FF
000000F1
98F14FC3
0000004A
8BED596E
000000D1
3B9D2F49
00000000
00000000
47A629B7
000000C0
0FC7E6BB
00000047
34937ECD
00000060
// vkBindImageMemory2[6]
0000008B
00000000
E9FBA033
0000009C
00000003
00000003
00000000
3B9D2F49
00000000
00000000
3A8B6B5D
00000016
06981425
00000018
505AB02E
00000033
3B9D2F49
00000000
00000000
2842D425
000000F5
7357C5D3
0000005A
4C8DBD91
000000E9
3B9D2F49
00000000
00000000
9CDC77AF
0000006D
8BB9B0CD
000000E9
99A5F18B
0000000E
// vkBindImageMemory2[7]
0000008B
00000000
1C515885
000000FE
00000003
00000003
00000000
3B9D2F49
00000000
00000000
BA7A2737
000000F7
05541B71
000000D3
179109D4
0000000C
3B9D2F49
00000000
00000000
AE2F96C9
00000051
250E7F25
000000CA
84417A1A
00000053
3B9D2F49
00000000
00000000
78B4AD41
000000BE
0A7C3EE3
0000008D
576DFD1B
00000035
// vkBindImageMemory2[8]
0000008B
00000000
1F172FA1
000000FB
00000001
00000001
00000000
3B9D2F49
00000000
00000000
3ACCAFAF
000000EC
5CB20103
0000002F
127AB3C4
00000077
// vkBindImageMemory2[9]
0000008B
00000000
638950E7
000000C4
00000002
00000002
00000000
3B9D2F49
00000000
00000000
94E31457
00000052
4DBFCDEB
0000008A
EC4768DA
000000A2
3B9D2F49
00000000
00000000
A1642799
000000CF
31684A71
000000ED
836ED8D6
000000DF
// vkBindImageMemory2[10]
0000008B
00000000
4063A131
000000DF
00000002
00000002
00000000
3B9D2F49
00000000
00000000
8A101537
00000044
E0CC30CB
00000014
DF3466A2
00000080
3B9D2F49
00000000
00000000
1582A417
0000000D
E2C67763
00000068
F0679343
00000063
// vkBindImageMemory2[11]
0000008B
00000000
D1C44931
0000004A
00000000
00000000
00000000
// vkBindImageMemory2[12]
0000008B
00000000
B45B7645
00000049
00000003
00000003
00000000
3B9D2F49
00000000
00000000
8B451681
0000001A
7D963C0B
0000003C
A09ED225
00000012
3B9D2F49
00000000
00000000
F47AC52D
000000CA
5FB3DE5D
00000041
C1B372D2
000000D9
3B9D2F49
00000001
00000000
3B9D2B62
00000000
00000000
65063210
C6370FFB
0000006F
40558465
00000047
E18C3609
000000DA
// vkBindImageMemory2[13]
0000008B
00000000
7DBD9D35
00000046
00000004
00000004
00000000
3B9D2F49
00000000
00000000
5C139979
000000BC
FB25C6F1
00000050
5B6DA6D9
00000013
3B9D2F49
00000000
00000000
2D2DB479
000000AC
7C01DDD9
00000051
061048D7
000000BF
3B9D2F49
00000000
00000000
5274F441
0000004E
ADD46149
000000A5
6151DD69
00000017
3B9D2F49
00000000
00000000
F7B5AB4B
000000BD
B402CB2F
00000051
776C8955
000000A1
// vkBindImageMemory2[14]
0000008B
00000000
7C84C831
00000093
00000004
00000004
00000000
3B9D2F49
00000000
00000000
C93B2C3F
000000D0
82DBDA53
00000005
95ED4243
000000A6
3B9D2F49
00000000
00000000
3713FE8B
00000084
324FBE3D
00000052
DDDAA61E
00000010
3B9D2F49
00000000
00000000
34147557
000000A8
4C646CD7
0000002B
2DC77713
0000009E
3B9D2F49
00000000
00000000
A15543BB
000000C7
DC9AF35D
000000CF
269397F0
000000BA
// vkBindImageMemory2[15]
0000008B
00000000
F364F84F
00000040
00000000
00000000
00000000
// vkBindImageMemory2[16]
0000008B
00000000
3F7EDF05
00000000
00000002
00000002
00000000
3B9D2F49
00000000
00000000
9BA32E9B
000000EA
F435E49D
0000004E
B33139AD
000000EB
3B9D2F49
00000000
00000000
22A51F29
000000FA
BCF713A3
00000070
BAD64103
00000063
// vkBindImageMemory2[17]
0000008B
00000000
1A0E2701
000000DC
00000000
00000000
00000000
// vkCreateBuffer[0]
00000032
00000000
A26858C1
00000006
00000000
00000000
00000000
00000000
00000001
00000000
D1720469
00000075
// vkCreateBuffer[1]
00000032
00000000
F0FD9B61
00000097
00000001
00000000
0000000C
00000000
00000000
57626C3E
92D69248
000000CD
04483349
7B93F9A9
00000000
00000000
00000000
00000000
00000000
00000001
00000000
7C566CEF
00000079
// vkCreateBuffer[2]
00000032
00000000
BDC0A1FF
00000036
00000001
00000000
0000000C
00000000
00000000
076B6941
CACF58F2
00000080
05EB27BB
4040E48B
00000000
00000000
00000000
00000000
00000000
00000001
00000000
9E47156D
00000089
// vkCreateBuffer[3]
00000032
00000000
B8AD80C1
00000080
00000001
00000000
0000000C
00000000
00000000
BAFA8DAC
47DC991C
0000003B
085A2856
C6C21423
00000000
00000000
00000000
00000000
00000000
00000001
00000000
9110EA6F
00000025
// vkCreateBuffer[4]
00000032
00000000
99B3FAA3
0000008F
00000001
00000000
0000000C
00000000
00000000
642027BA
774E1AE9
0000009C
0A5BDE56
014085A4
00000000
00000000
00000000
00000000
00000000
00000001
00000000
58DC10D9
000000BB
// vkCreateBuffer[5]
00000032
00000000
C7793A01
000000ED
00000001
00000000
0000000C
00000000
00000000
95CF11D1
AAE01E23
00000085
0219B302
3AA1889F
00000000
00000000
00000000
00000000
00000000
00000001
00000000
9A0B13CB
00000005
// vkCreateBuffer[6]
00000032
00000000
BFF63473
00000093
00000001
00000000
0000000C
00000000
00000000
C87C926C
A27DA3FC
000000D3
089A3C97
D741B96E
00000000
00000000
00000000
00000000
00000000
00000001
00000000
7D69981F
000000C0
// vkCreateBuffer[7]
00000032
00000000
B31C6FC9
00000017
00000001
00000000
0000000C
00000000
00000000
EF59B723
5582183D
00000011
0AC1FF7A
562ED951
00000000
00000000
00000000
00000000
00000000
00000001
00000000
D5369C8D
000000EE
// vkCreateBuffer[8]
00000032
00000000
2E83D98F
000000AA
00000001
00000000
0000000C
00000000
00000000
2867F3A9
AC24C302
000000A4
0D01AE5A
B932FD49
00000000
00000000
00000000
00000000
00000000
00000000
00000000
// vkCreateBuffer[9]
00000032
00000000
476FE317
000000B8
00000001
00000000
0000000C
00000000
00000000
014A77A1
583AB6DF
000000EF
0F1A0AA0
8B0C171B
00000000
00000000
00000000
00000000
00000000
00000001
00000000
7098C9D5
00000060
// vkCreateBuffer[10]
00000032
00000000
79232CCD
000000DF
00000001
00000000
0000000C
00000000
00000000
6884D643
C66F5456
00000069
0FE37E49
1DB0EC0E
00000000
00000000
00000000
00000000
00000000
00000000
00000000
// vkCreateBuffer[11]
00000032
00000000
E36C062F
0000007B
00000001
00000000
0000000C
00000000
00000000
FFD865F1
96AD7DDE
000000DA
06D2B7CC
FE66DD72
00000000
00000000
00000000
00000000
00000000
00000001
00000000
7899C13D
000000AD
// vkCreateBuffer[12]
00000032
00000000
C7AB35E9
000000BB
00000001
00000000
0000000C
00000000
00000000
131E041A
B2049A3D
00000065
04D3C8AC
D6F33679
00000000
00000000
00000000
00000000
00000000
00000001
00000000
4109EF8B
000000F5
// vkCreateBuffer[13]
00000032
00000000
BA69B721
0000009D
00000001
00000000
0000000C
00000000
00000000
0364642D
21FB4007
000000BC
08C28C98
79D2D175
00000000
00000000
00000000
00000000
00000000
00000001
00000000
BFB3DC5B
000000E2
// vkCreateBuffer[14]
00000032
00000000
6C2ADDBB
00000058
00000001
00000000
0000000C
00000000
00000000
5D6E5F50
C13F6673
00000014
00E1F96E
096E1FC3
00000000
00000000
00000000
00000000
00000000
00000001
00000000
2188D053
000000E7
// vkCreateBuffer[15]
00000032
00000000
C0B3E757
000000FC
00000001
00000000
0000000C
00000000
00000000
65A59744
5568F3D0
000000AB
08797EFC
6F079D18
00000000
00000000
00000000
00000000
00000000
00000001
00000000
258A05E9
000000BA
// vkCreateBuffer[16]
00000032
00000000
A33C84E5
0000001E
00000001
00000000
0000000C
00000000
00000000
74AA6FCD
F7E814EB
00000084
061A8CAB
592A3DEE
00000000
00000000
00000000
00000000
00000000
00000000
00000000
// vkCreateBuffer[17]
00000032
00000000
4B44DC7F
0000003C
00000001
00000000
0000000C
00000001
00000000
3B9BE340
00000000
00000000
59847CB6
25677003
A1F51F49
00000097
0B6B9122
4528396D
00000000
00000000
00000000
00000000
00000000
00000001
00000000
CF6F54FD
0000003A
// vkDestroyBuffer[0]
00000033
00000000
1831C939
000000BC
9197896B
00000055
00000000
00000000
// vkDestroyBuffer[1]
00000033
00000000
267302DF
00000015
A1D2DAC1
000000C3
00000000
00000000
// vkDestroyBuffer[2]
00000033
00000000
E7DC2B6F
000000DB
48756F63
0000009E
00000000
00000000
// vkDestroyBuffer[3]
00000033
00000000
48C658F1
00000046
BDC14CCB
000000E9
00000000
00000000
// vkDestroyBuffer[4]
00000033
00000000
55F0A059
0000006B
724BC3BD
00000001
00000000
00000000
// vkDestroyBuffer[5]
00000033
00000000
BC7A2DE3
0000004C
0AD85563
00000062
00000000
00000000
// vkDestroyBuffer[6]
00000033
00000000
2315170D
00000087
4B3E3063
000000B5
00000000
00000000
// vkDestroyBuffer[7]
00000033
00000000
6BF49B39
0000007B
ACE20E05
00000067
00000000
00000000
// vkDestroyBuffer[8]
00000033
00000000
7D6418DB
0000001A
C059C66F
000000DC
00000000
00000000
// vkDestroyBuffer[9]
00000033
00000000
AF4C3EE7
00000011
92BB14BD
0000006A
00000000
00000000
// vkDestroyBuffer[10]
00000033
00000000
F28F6953
000000EE
B5B790BD
000000A4
00000000
00000000
// vkDestroyBuffer[11]
00000033
00000000
9C9FD83B
000000F8
D2731335
00000044
00000000
00000000
// vkDestroyBuffer[12]
00000033
00000000
45E9EE91
000000F4
223B0F51
0000004A
00000000
00000000
// vkDestroyBuffer[13]
00000033
00000000
C63CF1F3
000000CD
75A7AED3
00000024
00000000
00000000
// vkDestroyBuffer[14]
00000033
00000000
B0A2FB77
000000A0
7197CFCB
00000029
00000000
00000000
// vkDestroyBuffer[15]
00000033
00000000
B7746F6B
000000AA
E8FA6895
000000B5
00000000
00000000
// vkDestroyBuffer[16]
00000033
00000000
E326CADB
0000002A
AED9B5DF
0000003C
00000000
00000000
// vkDestroyBuffer[17]
00000033
00000000
F9D90BE7
00000004
7D4B1D7D
00000093
00000000
00000000
// vkCreateBufferView[0]
00000034
00000000
63581F47
000000FF
00000001
00000000
0000000D
00000000
00000000
25B1DF52
E7B84CEB
00000029
8C584213
6A2ACC08
00000073
5F6E3B18
00000020
00000000
00000000
00000001
00000000
DC2FC1DF
00000045
// vkCreateBufferView[1]
00000034
00000000
6AAA8B2D
0000009A
00000001
00000000
0000000D
00000000
00000000
F4794588
6DD66AE3
000000E8
577AE76B
2475AA89
0000009B
5EF66550
000000C8
00000000
00000000
00000001
00000000
1C7AC56B
00000052
// vkCreateBufferView[2]
00000034
00000000
3CD28D05
000000D1
00000001
00000000
0000000D
00000000
00000000
038679E3
39BBF30B
000000E8
CAFAE80D
4C1322D4
000000B2
BA76ECD6
000000D9
00000000
00000000
00000000
00000000
// vkCreateBufferView[3]
00000034
00000000
2FDC8EAB
00000062
00000001
00000000
0000000D
00000000
00000000
1E706C3E
B26D1D23
00000072
D7F3842B
DBD7232A
00000031
E6EC0F66
000000C1
00000000
00000000
00000001
00000000
799556F7
0000001E
// vkCreateBufferView[4]
00000034
00000000
11817CB9
00000016
00000001
00000000
0000000D
00000000
00000000
F4719977
9204A4AD
000000B9
507ACB06
8C845478
00000073
D833CAD4
0000006D
00000000
00000000
00000001
00000000
7EEEC59B
00000012
// vkCreateBufferView[5]
00000034
00000000
D1630089
00000089
00000001
00000000
0000000D
00000000
00000000
DEB2F1FD
C1A8A68B
00000002
527A54B8
AFD8C7F6
0000006A
FECBAFA1
00000016
00000000
00000000
00000001
00000000
B18B16AB
00000020
// vkCreateBufferView[6]
00000034
00000000
ECA8CBE9
0000001D
00000001
00000000
0000000D
00000000
00000000
67B3FB0A
227CBB25
0000008D
BFC6558D
4DC0609A
00000051
FC3F956C
000000FB
00000000
00000000
00000001
00000000
23798935
00000097
// vkCreateBufferView[7]
00000034
00000000
117FDD69
00000035
00000001
00000000
0000000D
00000000
00000000
B90B147C
A9CDED3B
00000018
B2999544
0C3E37E1
000000F6
9C4A5FDB
0000000E
00000000
00000000
00000001
00000000
40397E0D
00000080
// vkCreateBufferView[8]
00000034
00000000
C3A3F597
0000007F
00000001
00000000
0000000D
00000000
00000000
95CBBAD0
F705C96F
0000002B
F3ADD6BE
60B462AA
000000A7
D63213C6
000000D5
00000000
00000000
00000000
00000000
// vkCreateBufferView[9]
00000034
00000000
CECE61FD
000000DB
00000000
00000000
00000000
00000000
00000001
00000000
0DA71687
00000013
// vkCreateBufferView[10]
00000034
00000000
BF005AC5
00000076
00000000
00000000
00000000
00000000
00000000
00000000
// vkCreateBufferView[11]
00000034
00000000
4F1E5287
00000040
00000001
00000000
0000000D
00000000
00000000
70AFCC3B
76F88915
00000097
F1278626
7FF7F580
0000009F
0DBB4548
0000009C
00000000
00000000
00000001
00000000
A12393B5
0000007A
// vkCreateBufferView[12]
00000034
00000000
413DABD7
0000003B
00000001
00000000
0000000D
00000000
00000000
A6CFD8C5
64D0929D
0000004E
48B4150C
848544B6
00000064
92E06584
000000E7
00000000
00000000
00000001
00000000
72BE7859
00000036
// vkCreateBufferView[13]
00000034
00000000
42671053
000000BD
00000001
00000000
0000000D
00000000
00000000
27474E4D
3B8A1D09
000000B3
AE76642F
93C1D2B2
000000F2
F933DDED
0000002F
00000000
00000000
00000000
00000000
// vkCreateBufferView[14]
00000034
00000000
CF22F593
00000048
00000001
00000000
0000000D
00000000
00000000
9A9C0251
5C6E13ED
00000084
958F8099
2C2B94E3
000000D2
4BDBF470
000000D5
00000000
00000000
00000001
00000000
D4683C67
000000EA
// vkCreateBufferView[15]
00000034
00000000
6BB191A3
00000006
00000001
00000000
0000000D
00000000
00000000
C0680295
709F071F
00000048
B0501977
E57ADE62
000000B3
ED8D7CF1
00000047
00000000
00000000
00000001
00000000
AECCA299
00000010
// vkCreateBufferView[16]
00000034
00000000
0ECEE931
000000F6
00000001
00000000
0000000D
00000000
00000000
80554F2A
1B03C829
0000007B
1330FE73
56858654
000000B4
7E947FA0
00000081
00000000
00000000
00000000
00000000
// vkCreateBufferView[17]
00000034
00000000
73956E63
000000C4
00000001
00000000
0000000D
00000000
00000000
A76F1BBB
4368072B
00000022
E9A79D1A
9A3E3C2D
000000AD
0A7CFC53
00000022
00000000
00000000
00000001
00000000
DCB4FBE5
00000040
// vkDestroyBufferView[0]
00000035
00000000
006F501F
00000022
94DAF995
000000C9
00000000
00000000
// vkDestroyBufferView[1]
00000035
00000000
0CA95095
0000008C
8B567813
0000000F
00000000
00000000
// vkDestroyBufferView[2]
00000035
00000000
35F56263
000000F9
BCBFF633
0000008F
00000000
00000000
// vkDestroyBufferView[3]
00000035
00000000
A3C8E0FD
00000044
609A322F
000000C8
00000000
00000000
// vkDestroyBufferView[4]
00000035
00000000
3CFB8D3B
000000AC
6F518D8F
00000090
00000000
00000000
// vkDestroyBufferView[5]
00000035
00000000
DA51EFC1
000000ED
DDF4809B
00000096
00000000
00000000
// vkDestroyBufferView[6]
00000035
00000000
4E793E8B
000000ED
35A30CEF
00000019
00000000
00000000
// vkDestroyBufferView[7]
00000035
00000000
B0A81867
000000CB
90AC6687
00000087
00000000
00000000
// vkDestroyBufferView[8]
00000035
00000000
98439971
00000018
67C2D6C7
00000050
00000000
00000000
// vkDestroyBufferView[9]
00000035
00000000
E25418A3
00000011
C36A76A3
000000A6
00000000
00000000
// vkDestroyBufferView[10]
00000035
00000000
E675B1E9
000000D1
DB471A35
00000012
00000000
00000000
// vkDestroyBufferView[11]
00000035
00000000
E5E3CA2B
0000002D
43D010A7
00000011
00000000
00000000
// vkDestroyBufferView[12]
00000035
00000000
8B69C00D
000000D4
52CC17A5
000000FE
00000000
00000000
// vkDestroyBufferView[13]
00000035
00000000
22E9CEDD
000000DF
AFD3E811
0000002C
00000000
00000000
// vkDestroyBufferView[14]
00000035
00000000
7854F811
000000B7
1FFE4733
00000078
00000000
00000000
// vkDestroyBufferView[15]
00000035
00000000
655912BD
00000060
3413076B
0000001F
00000000
00000000
// vkDestroyBufferView[16]
00000035
00000000
226B965D
00000057
A510552D
000000C3
00000000
00000000
// vkDestroyBufferView[17]
00000035
00000000
8457A6AF
000000C9
01501F07
000000AE
00000000
00000000
// vkCreateImage[0]
00000036
00000000
18306B03
0000008D
00000001
00000000
0000000E
00000000
00000000
A7B3C7AF
BDB40F49
DBEC28D4
80C23A82
8AAE1CAF
6148B693
E3B744BE
B56CA69A
D5683720
BF8F179E
0620D4F2
FFEE1BD9
00000000
00000000
00000000
970BA6BA
00000000
00000000
00000001
00000000
672EE2FB
00000065
// vkCreateImage[1]
00000036
00000000
61377963
00000081
00000001
00000000
0000000E
00000000
00000000
37BDF600
E040A9C8
43BF63A0
53191723
44E0F125
A885E13D
B3962391
C1BE38F6
0C544B45
50E87E7D
0A9C1B23
BF2511BA
00000000
00000000
00000000
E210853F
00000000
00000000
00000001
00000000
BD7214CD
000000BE
// vkCreateImage[2]
00000036
00000000
D8DC5555
000000D7
00000000
00000000
00000000
00000000
00000000
00000000
// vkCreateImage[3]
00000036
00000000
BE437879
0000002E
00000000
00000000
00000000
00000000
00000001
00000000
0074E18B
000000F7
// vkCreateImage[4]
00000036
00000000
F17BF73B
000000BA
00000000
00000000
00000000
00000000
00000001
00000000
6090A55B
0000002F
// vkCreateImage[5]
00000036
00000000
8A57952D
00000040
00000001
00000000
0000000E
00000000
00000000
2C2D3ADB
4ABBDDF4
FC9009D1
4445844F
B1BD6ECD
AF301E1E
2A6009FF
B9256B8B
7F624649
5B2D99F5
02E45EED
41C27E11
00000000
00000000
00000000
373D5263
00000000
00000000
00000000
00000000
// vkCreateImage[6]
00000036
00000000
CD7FA131
00000044
00000001
00000000
0000000E
00000000
00000000
327BDC45
35D35BB4
6DECDE8D
F97A009F
2E56962F
C0F3052B
DE638CF0
52F77E98
D7463D15
7B28693D
00581B1F
CADBD4B1
00000000
00000000
00000000
42340FFD
00000000
00000000
00000001
00000000
71352405
00000093
// vkCreateImage[7]
00000036
00000000
4EFF6DDF
0000002E
00000001
00000000
0000000E
00000000
00000000
375A5DFC
30B11FE8
0F3B625C
148CEE20
A4F91E65
32759218
EF8BC489
FBAE9F42
C8BED095
F2C82E7D
02ACC05B
5C47627A
00000000
00000000
00000000
AF494D4E
00000000
00000000
00000001
00000000
82A4790B
00000092
// vkCreateImage[8]
00000036
00000000
CA2AB13F
00000009
00000001
00000000
0000000E
00000000
00000000
B073B887
DDC29B84
27494140
D41385BC
1DAF35C4
39DD4A5C
CEC437F9
A5BA9C14
832008FE
1669B71B
0A106F5C
28EA7F65
00000000
00000000
00000000
559A6DF6
00000000
00000000
00000001
00000000
4EE5BEB7
0000000F
// vkCreateImage[9]
00000036
00000000
6BD75C19
00000050
00000001
00000000
0000000E
00000000
00000000
F35072AE
CBB0F020
90815AEB
E4B9A776
FB4788F1
2736ECFB
FC11CFB2
63644EB3
AC2A4434
2E31E978
0C54399D
5F0219AE
00000000
00000000
00000000
891763F8
00000000
00000000
00000001
00000000
790E0881
000000BD
// vkCreateImage[10]
00000036
00000000
98073A5D
00000064
00000001
00000000
0000000E
00000000
00000000
F0C14034
4603E4F8
CD782F4F
75FEAFDB
6364292F
5685B6F2
9E783AF5
B0517634
CA052C1E
C5B801F4
02442AD6
5EE91DA4
00000000
00000000
00000000
82D32DAD
00000000
00000000
00000001
00000000
48453249
00000033
// vkCreateImage[11]
00000036
00000000
D33E933D
000000B9
00000001
00000000
0000000E
00000000
00000000
0287785F
657A2FC8
0D6E5D3F
DBD5EE5E
7017D2AE
EA2D8EAC
117015D3
731D4503
25145381
4FFED863
08981AD3
9834BABD
00000000
00000000
00000000
2BA471B9
00000000
00000000
00000001
00000000
A5ED0709
000000CD
// vkCreateImage[12]
00000036
00000000
1D55C945
000000B2
00000000
00000000
00000000
00000000
00000001
00000000
F0E534ED
000000B9
// vkCreateImage[13]
00000036
00000000
019439E3
000000C4
00000001
00000000
0000000E
00000000
00000000
E3F6CE3B
C61CAB63
588BB19B
9C7CBC57
2418D06A
ADB6F0AE
0451C263
818CB591
0744CEF8
53F014E8
06F0320B
C2EA9725
00000000
00000000
00000000
280F7E1F
00000000
00000000
00000001
00000000
E34D394D
00000042
// vkCreateImage[14]
00000036
00000000
C628C553
00000028
00000001
00000000
0000000E
00000000
00000000
5A058DC4
3A005CC3
81A80326
188342EB
001D059B
F9C4E97A
7A7F4EA0
2A223C3A
D44D43B1
42C2376E
0E740D15
0E4F18C4
00000000
00000000
00000000
D25795FB
00000000
00000000
00000001
00000000
D2BDE50F
00000050
// vkCreateImage[15]
00000036
00000000
E20D5F7D
00000049
00000001
00000000
0000000E
00000001
00000000
3B9BE341
00000000
00000000
4A6D2640
EC36468C
FF6F38D0
98D573BB
BAA3B421
D6EB2E26
FB658247
995292AA
60C4A06D
657673B1
B43C1334
0220B556
D7D052F4
00000000
00000000
00000000
10951549
00000000
00000000
00000001
00000000
DA48B8B3
00000005
// vkCreateImage[16]
00000036
00000000
7761D27B
000000A8
00000001
00000000
0000000E
00000000
00000000
460549F8
A37F9627
864CDC81
43777B4D
34C68920
76F6ED2B
72AEA7EC
FCCE6965
3B6984D9
AA8B2EEF
0C1CE6F6
72AF5114
00000000
00000000
00000000
EEFDB65A
00000000
00000000
00000001
00000000
096A19C5
00000036
// vkCreateImage[17]
00000036
00000000
6DB78547
00000045
00000001
00000000
0000000E
00000000
00000000
59B8965F
54397AFA
DB9D7A7C
686214AC
4AD625E4
852E6996
AC052D01
004B0D74
44855F62
2F8C3546
04681ABA
01BD5343
00000000
00000000
00000000
24DE27B4
00000000
00000000
00000001
00000000
957E51ED
0000009E
// vkDestroyImage[0]
00000037
00000000
1A9EA059
0000004D
461787FF
00000065
00000000
00000000
// vkDestroyImage[1]
00000037
00000000
531C05F7
0000001E
17473997
00000096
00000000
00000000
// vkDestroyImage[2]
00000037
00000000
271A3E8F
000000F3
5CB70977
00000012
00000000
00000000
// vkDestroyImage[3]
00000037
00000000
EFEFA0BF
0000008C
9B31452D
0000009D
00000000
00000000
// vkDestroyImage[4]
00000037
00000000
F4A5C31F
000000C6
A4A56B6F
0000009C
00000000
00000000
// vkDestroyImage[5]
00000037
00000000
9A33F695
000000E9
D82D3B95
00000009
00000000
00000000
// vkDestroyImage[6]
00000037
00000000
39250467
00000059
DD5EB707
00000023
00000000
00000000
// vkDestroyImage[7]
00000037
00000000
20163B5B
00000081
1DE2E01D
0000003C
00000000
00000000
// vkDestroyImage[8]
00000037
00000000
7A06AA05
00000042
65620D6D
000000D8
00000000
00000000
// vkDestroyImage[9]
00000037
00000000
D3DC7133
00000087
1892DA77
00000057
00000000
00000000
// vkDestroyImage[10]
00000037
00000000
004F78C5
00000034
B7EFB7D5
000000C3
00000000
00000000
// vkDestroyImage[11]
00000037
00000000
43AFFC89
00000085
2D841FF9
00000017
00000000
00000000
// vkDestroyImage[12]
00000037
00000000
CE279B7D
000000AF
7A161FC5
0000001F
00000000
00000000
// vkDestroyImage[13]
00000037
00000000
25C4C035
000000AC
6778B6D3
000000C9
00000000
00000000
// vkDestroyImage[14]
00000037
00000000
4AB0027D
000000D4
EF6E024D
00000044
00000000
00000000
// vkDestroyImage[15]
00000037
00000000
0F173ACD
0000001C
FEA4846F
0000003B
00000000
00000000
// vkDestroyImage[16]
00000037
00000000
DF062A71
000000B6
C1E714BF
0000009B
00000000
00000000
// vkDestroyImage[17]
00000037
00000000
518DD243
00000006
EDBA9635
0000007A
00000000
00000000
// vkGetImageSubresourceLayout[0]
00000038
00000000
AB55E59B
000000AA
F90767FD
000000A4
00000001
00000000
2D14B1D1
6BF958B5
24947B65
00000001
00000000
// vkGetImageSubresourceLayout[1]
00000038
00000000
0CFD52B1
000000AC
9B05E2B7
000000D8
00000000
00000000
00000001
00000000
// vkGetImageSubresourceLayout[2]
00000038
00000000
15FFF3D3
0000000C
4522FFE3
000000DF
00000000
00000000
00000001
00000000
// vkGetImageSubresourceLayout[3]
00000038
00000000
6D0B5E29
000000B6
967460D7
0000009C
00000001
00000000
17F922CD
3FF4019F
4100878B
00000001
00000000
// vkGetImageSubresourceLayout[4]
00000038
00000000
9535CD55
00000068
6A739F19
00000056
00000001
00000000
0B9BA452
1A3C7416
05C6B1C6
00000000
00000000
// vkGetImageSubresourceLayout[5]
00000038
00000000
63945D23
000000D4
1C392C57
0000005C
00000000
00000000
00000001
00000000
// vkGetImageSubresourceLayout[6]
00000038
00000000
312573F5
000000B1
AAB07289
000000CB
00000000
00000000
00000001
00000000
// vkGetImageSubresourceLayout[7]
00000038
00000000
E65FB317
000000B5
F348BAF7
00000004
00000001
00000000
71E01E78
05ACB0AF
2F6E8823
00000000
00000000
// vkGetImageSubresourceLayout[8]
00000038
00000000
90876999
000000B5
8E8CEB33
000000F2
00000000
00000000
00000001
00000000
// vkGetImageSubresourceLayout[9]
00000038
00000000
8AFB64C7
0000000A
82A25567
0000004F
00000001
00000000
9938A19A
8C0799B3
F3BBF1A3
00000001
00000000
// vkGetImageSubresourceLayout[10]
00000038
00000000
843E0217
0000000C
AED2BD87
000000CD
00000001
00000000
986B6EF6
F1659A6A
849E7763
00000001
00000000
// vkGetImageSubresourceLayout[11]
00000038
00000000
A8ACCD49
00000061
94E39129
000000F4
00000001
00000000
18C1F90A
524629EB
0508F73F
00000001
00000000
// vkGetImageSubresourceLayout[12]
00000038
00000000
AA55833F
000000D1
76175383
000000D0
00000001
00000000
28D7D37D
6102BDCC
C69E0627
00000001
00000000
// vkGetImageSubresourceLayout[13]
00000038
00000000
B4287039
000000A5
9378A7AB
00000020
00000001
00000000
DF4AC8E5
D467631C
FA6F80F1
00000001
00000000
// vkGetImageSubresourceLayout[14]
00000038
00000000
394516C5
000000E6
77D5580F
00000038
00000001
00000000
D6729F36
6001D510
9A08548B
00000001
00000000
// vkGetImageSubresourceLayout[15]
00000038
00000000
88E2A833
0000005E
0384716B
0000002C
00000001
00000000
0D94A886
1A242860
FF1982B5
00000001
00000000
// vkGetImageSubresourceLayout[16]
00000038
00000000
F9F36637
0000004B
F8A6E25D
00000033
00000001
00000000
353B80A3
F18AA675
EB470C4E
00000001
00000000
// vkGetImageSubresourceLayout[17]
00000038
00000000
686B7081
0000006B
BACF9AC5
00000006
00000000
00000000
00000001
00000000
// vkCreateImageView[0]
00000039
00000000
180F1773
000000AB
00000001
00000000
0000000F
00000001
00000000
3B9C930A
00000000
00000000
0C6C73A3
E5FCDC29
F6235051
0000008F
312668FD
D6FE3F92
4921B34F
FB15F242
B5E5BB90
CF9FAACC
34B62997
496A296C
901BFABA
9A467439
AF3AD8F2
00000000
00000000
00000001
00000000
F8FB2251
00000042
// vkCreateImageView[1]
00000039
00000000
D5D656F3
0000002C
00000001
00000000
0000000F
00000000
00000000
650D52D7
1E43F469
000000D0
C07E706B
0808D655
BB63DD02
3F64E88E
2FBD3284
C8EB50A1
2CA6F69F
D7BB968F
47F38B4A
4C33F8E0
8606EAFF
00000000
00000000
00000000
00000000
// vkCreateImageView[2]
00000039
00000000
8369B27F
0000005E
00000000
00000000
00000000
00000000
00000001
00000000
59ABAAB7
000000DA
// vkCreateImageView[3]
00000039
00000000
78BE3C21
000000FD
00000001
00000000
0000000F
00000000
00000000
B71B27D2
ACB9E68B
000000CC
E26F90C5
41BAF678
CEF90986
2D937537
5035C05C
7E0535F1
0553D5DD
B0BA0FB0
9D72AB77
74391825
673CBC57
00000000
00000000
00000001
00000000
A3367579
00000056
// vkCreateImageView[4]
00000039
00000000
DB1C50FF
000000C6
00000000
00000000
00000000
00000000
00000001
00000000
82F50657
00000069
// vkCreateImageView[5]
00000039
00000000
1492B3F9
000000A5
00000001
00000000
0000000F
00000000
00000000
0E92DCEF
F24E9E05
000000F2
192DF37F
2009FCFE
1BD7E755
3F4078A2
2FEF1C4B
8836B440
69D41FCB
9CBE0B2E
FB1B363C
EBA8BD5D
4128752A
00000000
00000000
00000001
00000000
0EDCACA1
0000002F
// vkCreateImageView[6]
00000039
00000000
E14C2797
000000D8
00000001
00000000
0000000F
00000000
00000000
51FE0EF9
81146EFB
000000AD
2863B7BD
9407AE88
7ABF270C
C23D65C9
566182B1
27510AC2
A5B3A619
AE9CBD30
0E64FCD9
82C90836
13219593
00000000
00000000
00000001
00000000
963176F3
0000004A
// vkCreateImageView[7]
00000039
00000000
78B44091
0000004B
00000001
00000000
0000000F
00000000
00000000
A968EDAC
9ED8B6ED
00000098
22566338
34EB3501
7BB8200A
D2AF3EDB
466CDFAB
FA83FCB6
48921173
E996B56C
D5CB58D0
E0487021
9522C64C
00000000
00000000
00000000
00000000
// vkCreateImageView[8]
00000039
00000000
1D905751
0000002F
00000001
00000000
0000000F
00000000
00000000
37CFCE34
03D48033
00000043
D81BD824
928E38E8
65AB6E91
6F95F032
583ECFE2
728F146B
628C7BFB
E4ADBF85
201896ED
B30805AF
633FDBC1
00000000
00000000
00000000
00000000
// vkCreateImageView[9]
00000039
00000000
48E62CD5
00000043
00000001
00000000
0000000F
00000000
00000000
C23AF40E
325AE603
00000061
76D234A1
3B90C20C
89F561C6
B55E0AEE
3B223EF1
40DCFBB1
D5CF43D3
21A5B9FD
8FCC9CCE
BD96A991
F8DEB6A3
00000000
00000000
00000000
00000000
// vkCreateImageView[10]
00000039
00000000
F857FEB3
000000CF
00000000
00000000
00000000
00000000
00000000
00000000
// vkCreateImageView[11]
00000039
00000000
E0538877
00000008
00000001
00000000
0000000F
00000000
00000000
BD997946
CF894C5D
0000004D
C404E868
01A27F06
855D6AF6
02617F0B
9F7C5217
9EBAA6BD
9C4D0A9C
DBF99932
37517111
AF64184E
D4532E32
00000000
00000000
00000001
00000000
BB9FD287
0000005B
// vkCreateImageView[12]
00000039
00000000
B17B93B3
0000006D
00000001
00000000
0000000F
00000000
00000000
ADCD01E1
195EA357
0000009B
726C13C5
9CD1433F
D3D5DD4A
7030738D
C5ECDF71
13C0502B
846E267B
0482858F
82FE9492
D025DD1A
E2E9A706
00000000
00000000
00000000
00000000
// vkCreateImageView[13]
00000039
00000000
01B71859
0000002C
00000001
00000000
0000000F
00000000
00000000
AD1CF23A
9D24EB89
00000079
9933DCEC
4E6817AA
6D57A547
F323127C
B2DE1BCC
9B5F4550
4C096198
E1D54F8E
EA5D61A0
B53CF7C9
F3AD13BA
00000000
00000000
00000000
00000000
// vkCreateImageView[14]
00000039
00000000
6772D269
0000005D
00000001
00000000
0000000F
00000000
00000000
81D2167C
C5046F47
00000051
59AD8787
2CE96CB5
B1ABD0A3
B5106DB0
04725DE2
1773ED9D
EF2FE658
61D2F801
5CDCC771
4504BB22
772E67C5
00000000
00000000
00000001
00000000
50E1FF95
000000F0
// vkCreateImageView[15]
00000039
00000000
3C9E1143
000000BD
00000001
00000000
0000000F
00000000
00000000
28923622
1832231B
0000002B
908E8EE4
1C24C2AE
ED16E81D
BEAB38E1
70688088
2D3FE4D8
20DF42C5
052B9E0D
A8165CB9
5457444A
31727D8E
00000000
00000000
00000001
00000000
36BAF41F
0000008F
// vkCreateImageView[16]
00000039
00000000
9A427CEF
0000000F
00000000
00000000
00000000
00000000
00000001
00000000
E5D82E8D
00000054
// vkCreateImageView[17]
00000039
00000000
ABF3FD93
000000C8
00000001
00000000
0000000F
00000000
00000000
EA7CCC20
94000919
000000F8
CC0C8245
5C8B7C40
4651F340
80F03C1D
90CD8545
2D623219
520D287B
0B208760
E219A2BF
3CF5C542
1188EFA0
00000000
00000000
00000000
00000000
// vkDestroyImageView[0]
0000003A
00000000
7DFAF185
000000DF
7CC838ED
0000005A
00000000
00000000
// vkDestroyImageView[1]
0000003A
00000000
6B8E5327
00000033
39360A55
000000A7
00000000
00000000
// vkDestroyImageView[2]
0000003A
00000000
EF3D6C17
0000002C
3D0348CD
00000074
00000000
00000000
// vkDestroyImageView[3]
0000003A
00000000
0B0A61CB
000000D1
954337D9
000000AF
00000000
00000000
// vkDestroyImageView[4]
0000003A
00000000
31D31F45
000000D5
A5CC0A63
00000098
00000000
00000000
// vkDestroyImageView[5]
0000003A
00000000
327A0785
000000B3
FF8B6831
000000C6
00000000
00000000
// vkDestroyImageView[6]
0000003A
00000000
3073BC49
00000093
ACBE42ED
000000BB
00000000
00000000
// vkDestroyImageView[7]
0000003A
00000000
06248169
00000045
147A472D
00000004
00000000
00000000
// vkDestroyImageView[8]
0000003A
00000000
B534FED7
00000098
92B9C5E9
0000005A
00000000
00000000
// vkDestroyImageView[9]
0000003A
00000000
0044D751
000000B6
F6F5604B
000000F4
00000000
00000000
// vkDestroyImageView[10]
0000003A
00000000
C11FE939
00000012
477796C5
0000002D
00000000
00000000
// vkDestroyImageView[11]
0000003A
00000000
6C963FFB
00000031
D41BC0E5
0000004A
00000000
00000000
// vkDestroyImageView[12]
0000003A
00000000
82113BB1
0000004F
B0E1B57B
000000E8
00000000
00000000
// vkDestroyImageView[13]
0000003A
00000000
CC2E5E39
000000EC
687DA535
0000006A
00000000
00000000
// vkDestroyImageView[14]
0000003A
00000000
D2776369
0000009B
8296C5CB
00000047
00000000
00000000
// vkDestroyImageView[15]
0000003A
00000000
BA033D01
00000021
F232CAC3
00000007
00000000
00000000
// vkDestroyImageView[16]
0000003A
00000000
1114A939
000000C2
F910149B
00000077
00000000
00000000
// vkDestroyImageView[17]
0000003A
00000000
660A11D5
00000043
190A528D
00000030
00000000
00000000
// vkCreateSampler[0]
00000046
00000000
5426C481
00000016
00000000
00000000
00000000
00000000
00000001
00000000
B38A3BCD
00000048
// vkCreateSampler[1]
00000046
00000000
5E609935
0000001D
00000000
00000000
00000000
00000000
00000000
00000000
// vkCreateSampler[2]
00000046
00000000
3269B463
000000B9
00000001
00000000
0000001F
00000000
00000000
F0D489BD
4867EFA0
44888DA0
78212756
2561B475
B40C7D7B
09FBEA6F
9A066EF4
00000001
7887FE7A
00000001
01DB7A57
8BE97745
3257EB57
1D57B857
00000001
00000000
00000000
00000000
00000000
// vkCreateSampler[3]
00000046
00000000
39E02A35
0000001E
00000001
00000000
0000001F
00000000
00000000
FCD7FC70
8FD31703
54CDA696
33D45D89
4F73AB44
6E213CE9
D56EAABB
69E82FF5
00000001
A570C8DA
00000000
E5CFD657
DA477C09
D625C8E6
CB752DA3
00000001
00000000
00000000
00000001
00000000
A9DB6653
00000006
// vkCreateSampler[4]
00000046
00000000
E04B9CA9
00000062
00000001
00000000
0000001F
00000000
00000000
358775F6
2AC95571
ACCDC130
21A243DC
EBC53717
72B24E26
A2B2AEF0
97D36149
00000000
B82D8BFA
00000001
CB23444A
7205B34F
8D121669
CCB4798D
00000000
00000000
00000000
00000001
00000000
47D75B79
000000EE
// vkCreateSampler[5]
00000046
00000000
2CF063DD
000000C3
00000000
00000000
00000000
00000000
00000001
00000000
05CB566B
000000CC
// vkCreateSampler[6]
00000046
00000000
84EF1B95
000000E4
00000001
00000000
0000001F
00000000
00000000
2FA6584C
4BF97287
86502F69
C4CB47C2
47F63143
9FC26ED3
6B4773C1
901791EA
00000000
5B49F5D0
00000000
E76501C7
D20514C2
87C0063A
A9CE6B64
00000001
00000000
00000000
00000001
00000000
A46C5F09
00000058
// vkCreateSampler[7]
00000046
00000000
765BA11F
000000BE
00000001
00000000
0000001F
00000000
00000000
11E6B07D
A80B0B3A
A5BFB20A
0AF3E7DF
5455638C
A3815393
C884991E
903BF7E0
00000000
4845F231
00000000
B62A9ED4
209D0123
2743942F
0037AAE5
00000001
00000000
00000000
00000001
00000000
06861115
000000D5
// vkCreateSampler[8]
00000046
00000000
E0775745
000000AA
00000001
00000000
0000001F
00000000
00000000
7F2E71B9
1802166D
9AE70E3A
19ABC75E
EDDEE39A
40F45975
CFFA347B
D074F81D
00000001
368EE1B8
00000001
13AE40BD
6B722E1F
617396D9
6C81E61C
00000001
00000000
00000000
00000001
00000000
A0F17DCF
00000061
// vkCreateSampler[9]
00000046
00000000
93C5D92B
000000C5
00000001
00000000
0000001F
00000000
00000000
583CD18A
E7761D82
0B5D2321
DB87604B
7C7D6D79
3C49E0FA
5EB505CE
35E2CAB0
00000000
607A9D2E
00000001
FC794842
9F0606BD
1A233DE4
660574BA
00000001
00000000
00000000
00000000
00000000
// vkCreateSampler[10]
00000046
00000000
108C711F
000000BF
00000001
00000000
0000001F
00000000
00000000
67DB953B
2A52A5C8
E5DFA994
14F7A6F8
A1CAA74D
24B3F07C
F282BDB6
A136C5FD
00000000
27436FB3
00000000
6269DB6A
9EA14CCB
7487F264
B25485DC
00000001
00000000
00000000
00000001
00000000
D6195997
00000042
// vkCreateSampler[11]
00000046
00000000
0D9EDC67
00000079
00000001
00000000
0000001F
00000000
00000000
60837C94
802A6D97
A52203C4
1A5A7C57
EC2A293C
A1E3EC76
12154670
7B81A772
00000001
0AC407BC
00000001
1BD82609
B95D01AB
472F44DA
9479AB8F
00000000
00000000
00000000
00000001
00000000
7A982887
00000008
// vkCreateSampler[12]
00000046
00000000
F9DE3A77
000000A2
00000001
00000000
0000001F
00000000
00000000
07CF9E92
DCB99C65
89309BCE
F7E00ADE
7E2AA648
E302FE81
F9BD7BD2
566FE7C4
00000001
4B60604D
00000001
80600AE6
5DD33F1D
2BB1903F
DDBA2940
00000001
00000000
00000000
00000001
00000000
D1383B23
0000000A
// vkCreateSampler[13]
00000046
00000000
8D43E309
00000002
00000001
00000000
0000001F
00000000
00000000
FE4E26FF
4AABA27F
36337DA4
656C49E9
0C47CA01
DA147C62
EF05C8BD
57036513
00000001
94D723F4
00000000
AE464E8D
89CE19C5
E281E2AE
856EFB5B
00000000
00000000
00000000
00000000
00000000
// vkCreateSampler[14]
00000046
00000000
A499E4F5
000000FF
00000001
00000000
0000001F
00000000
00000000
74DC9051
F6F462B5
FF8E8DE3
73C363C9
D7FC9F08
8C31E085
8D3A3624
6FC65995
00000000
8B19EC39
00000000
01146CB3
39B5F082
34FD9780
EF681598
00000000
00000000
00000000
00000001
00000000
D1BFD511
00000098
// vkCreateSampler[15]
00000046
00000000
8245D3F5
0000005A
00000001
00000000
0000001F
00000000
00000000
BDD8637E
5FD730F0
2730F16D
A90027A9
86E3EF09
EACB566A
0D6CB4F6
DD19F27B
00000000
77EE0746
00000001
59D2420D
9970DF55
3565FE0A
2DC6F321
00000000
00000000
00000000
00000001
00000000
77143CD5
00000070
// vkCreateSampler[16]
00000046
00000000
CB4B8B2D
000000D7
00000000
00000000
00000000
00000000
00000001
00000000
B7090FCB
000000B7
// vkCreateSampler[17]
00000046
00000000
16AC9A43
00000070
00000001
00000000
0000001F
00000000
00000000
0C71F234
C19E84C1
9B03A912
F0090CA7
3188F1BB
FCC03C1F
B2BA1B28
91833EF0
00000000
65D87F04
00000000
68BA1D72
0F93B6CD
CA4682F8
20E9817C
00000001
00000000
00000000
00000001
00000000
0982DEEB
00000073
// vkDestroySampler[0]
00000047
00000000
0EA72A65
00000066
14197D59
00000093
00000000
00000000
// vkDestroySampler[1]
00000047
00000000
979C864B
0000006D
50029FE9
00000027
00000000
00000000
// vkDestroySampler[2]
00000047
00000000
492F9EAD
00000043
3B80DD19
000000F2
00000000
00000000
// vkDestroySampler[3]
00000047
00000000
F3E9F3CD
0000006B
E97A64CD
00000049
00000000
00000000
// vkDestroySampler[4]
00000047
00000000
8AF1F49F
00000058
505DD413
000000F8
00000000
00000000
// vkDestroySampler[5]
00000047
00000000
18B3C0E5
0000000C
1018CFD7
00000077
00000000
00000000
// vkDestroySampler[6]
00000047
00000000
B3274745
000000B4
3210F9A3
000000DC
00000000
00000000
// vkDestroySampler[7]
00000047
00000000
23CBD655
000000DF
05E8EC71
000000DC
00000000
00000000
// vkDestroySampler[8]
00000047
00000000
0509A9C9
00000056
F8C6660B
000000AB
00000000
00000000
// vkDestroySampler[9]
00000047
00000000
653C8699
0000005B
602BB98B
00000098
00000000
00000000
// vkDestroySampler[10]
00000047
00000000
9BA5BD81
000000D7
2982A053
00000076
00000000
00000000
// vkDestroySampler[11]
00000047
00000000
4FFA3B1F
0000004B
5DFD8B13
0000003B
00000000
00000000
// vkDestroySampler[12]
00000047
00000000
605F655F
0000009C
AFF246F7
000000DD
00000000
00000000
// vkDestroySampler[13]
00000047
00000000
17103F9F
00000026
8510751F
000000C9
00000000
00000000
// vkDestroySampler[14]
00000047
00000000
5DC52D21
000000BD
E47EAEA5
00000086
00000000
00000000
// vkDestroySampler[15]
00000047
00000000
4696EED5
0000007C
CA897863
0000005F
00000000
00000000
// vkDestroySampler[16]
00000047
00000000
5F55EEE1
00000009
B6850CFD
000000F0
00000000
00000000
// vkDestroySampler[17]
00000047
00000000
3469CF3D
00000058
9428DE8F
00000060
00000000
00000000
// vkCreateShaderModule[0]
0000003B
00000000
20BDA14F
000000DA
00000001
00000000
00000010
00000000
00000000
B096F754
00000010
00000000
00000004
00000000
19049AA7
9C75CCEE
C04B5090
416ADA81
00000000
00000000
00000001
00000000
40ACE61F
000000F7
// vkCreateShaderModule[1]
0000003B
00000000
58143FE7
000000ED
00000001
00000000
00000010
00000000
00000000
582B0602
00000010
00000000
00000004
00000000
F71A59E7
34A05375
8E8EE291
9D8C45FB
00000000
00000000
00000001
00000000
3C93CA37
000000AE
// vkCreateShaderModule[2]
0000003B
00000000
DE5976A1
00000004
00000001
00000000
00000010
00000000
00000000
8E05E33E
00000008
00000000
00000002
00000000
A33647A0
CC410D06
00000000
00000000
00000001
00000000
DE14C2B1
00000012
// vkCreateShaderModule[3]
0000003B
00000000
CC63B1A9
00000026
00000001
00000000
00000010
00000000
00000000
17ADEADE
00000008
00000000
00000002
00000000
F78A2147
6B09B499
00000000
00000000
00000001
00000000
C55DBAFF
0000003B
// vkCreateShaderModule[4]
0000003B
00000000
314608EF
000000B8
00000001
00000000
00000010
00000000
00000000
270147FD
00000004
00000000
00000001
00000000
312D21AA
00000000
00000000
00000001
00000000
3E0DE9D7
000000E0
// vkCreateShaderModule[5]
0000003B
00000000
7D698F09
000000A4
00000000
00000000
00000000
00000000
00000001
00000000
7004BA63
00000089
// vkCreateShaderModule[6]
0000003B
00000000
B2CBAC99
00000095
00000001
00000000
00000010
00000000
00000000
B02D51D3
00000008
00000000
00000002
00000000
C29474AB
20A56AB0
00000000
00000000
00000000
00000000
// vkCreateShaderModule[7]
0000003B
00000000
B8B23AB1
000000FF
00000001
00000000
00000010
00000000
00000000
4AFECF79
00000004
00000000
00000001
00000000
6D34AEE4
00000000
00000000
00000000
00000000
// vkCreateShaderModule[8]
0000003B
00000000
9B1180B3
000000E6
00000001
00000000
00000010
00000000
00000000
7B4F37C9
00000000
00000000
00000000
00000000
00000000
00000000
00000001
00000000
EC1361CF
000000C9
// vkCreateShaderModule[9]
0000003B
00000000
A03C9EA9
000000BC
00000001
00000000
00000010
00000000
00000000
3781D4E5
00000010
00000000
00000004
00000000
0903EFEA
9F7F1C8A
2C9E0FC6
8E0E9137
00000000
00000000
00000001
00000000
EA4048D3
00000080
// vkCreateShaderModule[10]
0000003B
00000000
3DC54233
0000005D
00000001
00000000
00000010
00000000
00000000
A65CA34A
00000004
00000000
00000001
00000000
9699717E
00000000
00000000
00000000
00000000
// vkCreateShaderModule[11]
0000003B
00000000
F4A3876B
00000052
00000000
00000000
00000000
00000000
00000001
00000000
639E8DC5
00000044
// vkCreateShaderModule[12]
0000003B
00000000
585FAC03
00000065
00000000
00000000
00000000
00000000
00000001
00000000
951F3743
0000005A
// vkCreateShaderModule[13]
0000003B
00000000
3F88BDB5
000000B0
00000000
00000000
00000000
00000000
00000001
00000000
1E6A4513
0000002A
// vkCreateShaderModule[14]
0000003B
00000000
7895130B
000000C5
00000001
00000000
00000010
00000000
00000000
612C25AB
00000000
00000000
00000000
00000000
00000000
00000000
00000000
00000000
// vkCreateShaderModule[15]
0000003B
00000000
F6564AAB
00000033
00000001
00000000
00000010
00000000
00000000
1A250335
0000000C
00000000
00000003
00000000
C050FFAF
7B110029
19463969
00000000
00000000
00000001
00000000
17527D8B
000000F2
// vkCreateShaderModule[16]
0000003B
00000000
3692123F
000000D9
00000001
00000000
00000010
00000000
00000000
63141004
00000004
00000000
00000001
00000000
8CCC3A17
00000000
00000000
00000001
00000000
755711DD
00000013
// vkCreateShaderModule[17]
0000003B
00000000
2C96C9B9
000000A8
00000001
00000000
00000010
00000000
00000000
00508E73
00000010
00000000
00000004
00000000
A6BABE32
8447493C
394DDC74
FD9AC8FD
00000000
00000000
00000001
00000000
0E55B8DF
0000003A
// vkDestroyShaderModule[0]
0000003C
00000000
F0CEBCD1
000000E8
2E416F85
00000044
00000000
00000000
// vkDestroyShaderModule[1]
0000003C
00000000
FA681B31
00000015
B5B4C55B
000000B4
00000000
00000000
// vkDestroyShaderModule[2]
0000003C
00000000
692F47D5
0000008E
6497A3FB
0000003B
00000000
00000000
// vkDestroyShaderModule[3]
0000003C
00000000
F14B314D
000000A3
8576BD91
00000031
00000000
00000000
// vkDestroyShaderModule[4]
0000003C
00000000
2825CDDD
0000001F
FC4016BF
00000005
00000000
00000000
// vkDestroyShaderModule[5]
0000003C
00000000
4FB98727
0000008F
13688577
000000C8
00000000
00000000
// vkDestroyShaderModule[6]
0000003C
00000000
387A047B
00000095
E6D9C3A5
000000C7
00000000
00000000
// vkDestroyShaderModule[7]
0000003C
00000000
1C14507B
00000011
CC3954A7
00000086
00000000
00000000
// vkDestroyShaderModule[8]
0000003C
00000000
8063A305
000000C5
F5D86A69
0000001C
00000000
00000000
// vkDestroyShaderModule[9]
0000003C
00000000
DACEB1E5
0000005D
FAE7159D
000000B9
00000000
00000000
// vkDestroyShaderModule[10]
0000003C
00000000
C9508783
000000D0
4039E1A9
00000090
00000000
00000000
// vkDestroyShaderModule[11]
0000003C
00000000
C440C2C3
0000002B
CFCDE1DD
00000017
00000000
00000000
// vkDestroyShaderModule[12]
0000003C
00000000
F0866E41
00000045
15F40EBF
000000AD
00000000
00000000
// vkDestroyShaderModule[13]
0000003C
00000000
BEEB7FB1
000000D5
1023F637
00000066
00000000
00000000
// vkDestroyShaderModule[14]
0000003C
00000000
DB1AD00B
00000077
A4C6D661
00000072
00000000
00000000
// vkDestroyShaderModule[15]
0000003C
00000000
0B90E77F
000000EA
0D6B6C31
000000EE
00000000
00000000
// vkDestroyShaderModule[16]
0000003C
00000000
AF1C6A4B
00000006
E923519D
0000001A
00000000
00000000
// vkDestroyShaderModule[17]
0000003C
00000000
BDEABE81
000000E7
C547F1A7
000000E4
00000000
00000000
// vkCreateDescriptorSetLayout[0]
00000048
00000000
C2E16FAF
00000064
00000000
00000000
00000000
00000000
00000001
00000000
BCADBD99
00000061
// vkCreateDescriptorSetLayout[1]
00000048
00000000
E1EC147B
000000B3
00000001
00000000
00000020
00000000
00000000
7E2288B6
00000001
00000001
00000000
3E25DA78
FC6BA9B8
00000001
FF751059
00000001
00000000
049DE55F
000000FF
00000000
00000000
00000001
00000000
DF2E99AB
0000003C
// vkCreateDescriptorSetLayout[2]
00000048
00000000
EFD81DE7
00000075
00000000
00000000
00000000
00000000
00000001
00000000
DE889D9F
000000E4
// vkCreateDescriptorSetLayout[3]
00000048
00000000
19E0667F
000000C6
00000001
00000000
00000020
00000000
00000000
5F1AD35E
00000002
00000002
00000000
5A8BD9A9
370CEDA6
00000001
C5DA71A2
00000001
00000000
5607A370
00000089
E1A4A617
7202C398
00000000
42A56A77
00000000
00000000
00000000
00000000
00000001
00000000
1FFD2F33
000000D2
// vkCreateDescriptorSetLayout[4]
00000048
00000000
CD1E8D05
00000045
00000001
00000000
00000020
00000000
00000000
DF4EE900
00000000
00000000
00000000
00000000
00000000
00000001
00000000
C8B4AC93
000000DF
// vkCreateDescriptorSetLayout[5]
00000048
00000000
2AE1828F
0000005F
00000001
00000000
00000020
00000000
00000000
6D4B415C
00000002
00000002
00000000
7FF0A244
640EBD95
00000000
EB472195
00000000
00000000
D32B90F8
BA367A12
00000002
0BB41C0F
00000002
00000000
6A1B2D8D
00000017
44328C05
00000088
00000000
00000000
00000001
00000000
59587639
000000E7
// vkCreateDescriptorSetLayout[6]
00000048
00000000
05F69F45
00000019
00000000
00000000
00000000
00000000
00000000
00000000
// vkCreateDescriptorSetLayout[7]
00000048
00000000
F0CF59A5
0000006A
00000001
00000000
00000020
00000000
00000000
6C891D11
00000004
00000004
00000000
4DDB8F84
BA6A8B43
00000002
2DFC6D1C
00000002
00000000
0EB00DA1
00000051
65C1B822
0000005F
0A63A46A
A7587CBC
00000000
AE4CCD21
00000000
00000000
537538B9
6C57A5F7
00000000
D863227D
00000000
00000000
B37A4D37
D0EFA756
00000003
F9CB4546
00000003
00000000
E20210C6
000000F9
BE1C0715
00000005
EFAD984E
00000056
00000000
00000000
00000001
00000000
DC86B96F
000000D2
// vkCreateDescriptorSetLayout[8]
00000048
00000000
566027A1
00000026
00000000
00000000
00000000
00000000
00000001
00000000
77004BF3
00000026
// vkCreateDescriptorSetLayout[9]
00000048
00000000
E9CA28F5
0000007C
00000001
00000000
00000020
00000000
00000000
584FCA58
00000002
00000002
00000000
D048BA0D
567F9F60
00000000
EA2ED487
00000000
00000000
C06A07C9
CFA43A49
00000003
684C013D
00000003
00000000
CF8F18D0
00000076
B6710664
000000D5
E09E00A2
000000A1
00000000
00000000
00000001
00000000
0B948851
00000088
// vkCreateDescriptorSetLayout[10]
00000048
00000000
0E119D39
0000007B
00000001
00000000
00000020
00000000
00000000
86F9B975
00000004
00000004
00000000
14BFB1B8
629B0B15
00000002
83D3A307
00000002
00000000
C2C10B3B
000000DB
198F5BCE
0000008C
3B1710F7
649335A7
00000004
D8E165CF
00000004
00000000
A65C9654
000000D9
58CD827B
0000006C
03B10ECB
000000AD
E148669B
0000000B
41C80396
BA9C0187
00000002
E6DB7F45
00000002
00000000
825D366B
00000020
56CE0EB2
0000000E
963DE41B
1907EA7A
00000004
52EAEB44
00000004
00000000
79304558
00000047
C6A672EB
000000D8
A3737AF6
000000C4
40D96F51
0000002D
00000000
00000000
00000001
00000000
2EC4D18D
00000000
// vkCreateDescriptorSetLayout[11]
00000048
00000000
3574FF47
000000B0
00000000
00000000
00000000
00000000
00000001
00000000
7C797F93
000000F3
// vkCreateDescriptorSetLayout[12]
00000048
00000000
E58D2A79
00000018
00000001
00000000
00000020
00000000
00000000
2783B982
00000000
00000000
00000000
00000000
00000000
00000001
00000000
0896B6BD
0000007F
// vkCreateDescriptorSetLayout[13]
00000048
00000000
2E149C2B
0000005F
00000001
00000000
00000020
00000000
00000000
8F0DB79C
00000004
00000004
00000000
468F6936
976DD92B
00000003
3A5927DF
00000003
00000000
94D8E0C2
00000088
0ADB7420
000000FC
1A0FFDC6
00000017
5215B7A4
736549B4
00000003
3DB602F4
00000003
00000000
FBC1AFE7
00000036
05069F32
00000021
B6EFA92E
000000CD
EBDE4D73
30758E1A
00000000
4546C706
00000000
00000000
F0E980B3
5FE22A52
00000002
48A8E7C5
00000002
00000000
A7465800
000000FA
5FA1B595
00000025
00000000
00000000
00000001
00000000
C080B367
00000059
// vkCreateDescriptorSetLayout[14]
00000048
00000000
000E8357
000000C1
00000000
00000000
00000000
00000000
00000001
00000000
1B6C9D5D
0000006F
// vkCreateDescriptorSetLayout[15]
00000048
00000000
26220A1D
0000006A
00000001
00000000
00000020
00000000
00000000
901922CE
00000001
00000001
00000000
7C22546C
EBB1AD2F
00000000
6C0DA1AB
00000000
00000000
00000000
00000000
00000001
00000000
F68FD91D
0000005B
// vkCreateDescriptorSetLayout[16]
00000048
00000000
BC9D54FF
000000F0
00000000
00000000
00000000
00000000
00000001
00000000
48ACCC99
00000094
// vkCreateDescriptorSetLayout[17]
00000048
00000000
568419BF
000000CA
00000000
00000000
00000000
00000000
00000001
00000000
382CB93D
00000064
// vkDestroyDescriptorSetLayout[0]
00000049
00000000
940D2243
0000003E
219086B7
000000A4
00000000
00000000
// vkDestroyDescriptorSetLayout[1]
00000049
00000000
59A500F7
0000009E
DE13BFBF
0000006B
00000000
00000000
// vkDestroyDescriptorSetLayout[2]
00000049
00000000
7E0F33E7
00000030
C725DA83
0000008F
00000000
00000000
// vkDestroyDescriptorSetLayout[3]
00000049
00000000
A9469819
00000090
DB3105A7
000000AE
00000000
00000000
// vkDestroyDescriptorSetLayout[4]
00000049
00000000
85B331B5
000000CB
DB27E3B3
0000005B
00000000
00000000
// vkDestroyDescriptorSetLayout[5]
00000049
00000000
08AA3CEF
00000020
6D2171F5
00000029
00000000
00000000
// vkDestroyDescriptorSetLayout[6]
00000049
00000000
E33FCA6D
0000007E
761182A5
0000009C
00000000
00000000
// vkDestroyDescriptorSetLayout[7]
00000049
00000000
2D1849C1
00000038
C70027B5
000000EC
00000000
00000000
// vkDestroyDescriptorSetLayout[8]
00000049
00000000
9FBE248F
00000089
AFE599A5
000000C5
00000000
00000000
// vkDestroyDescriptorSetLayout[9]
00000049
00000000
30953B17
0000001E
AE7E7CD5
00000049
00000000
00000000
// vkDestroyDescriptorSetLayout[10]
00000049
00000000
C7DD217F
000000AB
F65CFE97
0000003C
00000000
00000000
// vkDestroyDescriptorSetLayout[11]
00000049
00000000
C8C715B9
00000002
4AF72739
00000051
00000000
00000000
// vkDestroyDescriptorSetLayout[12]
00000049
00000000
4C506813
000000D4
EF6AEA7F
00000030
00000000
00000000
// vkDestroyDescriptorSetLayout[13]
00000049
00000000
E6AB6739
00000058
C7DAFB07
00000038
00000000
00000000
// vkDestroyDescriptorSetLayout[14]
00000049
00000000
7ADD3EF7
00000069
C7901837
000000D9
00000000
00000000
// vkDestroyDescriptorSetLayout[15]
00000049
00000000
BB17492F
000000E5
DD0EA59B
00000011
00000000
00000000
// vkDestroyDescriptorSetLayout[16]
00000049
00000000
912868C1
0000009D
DB73B803
00000020
00000000
00000000
// vkDestroyDescriptorSetLayout[17]
00000049
00000000
FB77D133
0000001E
4DEEC47F
0000004D
00000000
00000000
// vkCreatePipelineLayout[0]
00000044
00000000
6AA34F3B
0000004A
00000001
00000000
0000001E
00000000
00000000
7F8D2053
00000003
00000003
00000000
B69DEDDB
000000DC
24695215
00000043
F434A87E
0000009F
00000002
00000002
00000000
659B78AD
0BA1B11F
4D6BA63E
2570A59D
4D55B246
4E8DC45F
00000000
00000000
00000001
00000000
617FFF7B
000000CE
// vkCreatePipelineLayout[1]
00000044
00000000
E07AE6DF
00000014
00000001
00000000
0000001E
00000000
00000000
82F31C08
00000001
00000001
00000000
6F30F78F
00000066
00000004
00000004
00000000
8E62BC12
72743C24
2CFFBF55
7421C5A0
856B0101
7DFD5BE9
0CF0CFFE
4E5938BC
C90A4EDF
7B9D8BF2
EFF586FF
1E9551FB
00000000
00000000
00000001
00000000
B5E95FD9
00000015
// vkCreatePipelineLayout[2]
00000044
00000000
703F9829
0000005F
00000001
00000000
0000001E
00000000
00000000
15ACF0E2
00000003
00000003
00000000
58BEF86F
000000B3
82F7798E
00000014
841F9C00
000000BB
00000001
00000001
00000000
6E5FCC18
13479184
FB970138
00000000
00000000
00000000
00000000
// vkCreatePipelineLayout[3]
00000044
00000000
E20D957B
00000035
00000001
00000000
0000001E
00000000
00000000
37E80B08
00000003
00000003
00000000
8808BE9C
00000074
876DB4D7
00000054
FD4CCC59
0000003D
00000000
00000000
00000000
00000000
00000000
00000001
00000000
8DC4BE29
000000D8
// vkCreatePipelineLayout[4]
00000044
00000000
083DC933
00000049
00000001
00000000
0000001E
00000000
00000000
D4E45D5E
00000002
00000002
00000000
E14836C7
000000C2
B84C25FA
0000008F
00000002
00000002
00000000
052BA8B1
EE150507
57A06F17
5A6BC8C7
801CF137
CE73BE1F
00000000
00000000
00000001
00000000
39001E87
000000DB
// vkCreatePipelineLayout[5]
00000044
00000000
52A71E91
00000034
00000001
00000000
0000001E
00000000
00000000
7A0A2C1C
00000001
00000001
00000000
7D55C74E
00000093
00000004
00000004
00000000
53179AB3
7ED49A25
C2C7CDAD
BBD7FC56
52463F57
0F5138EC
268F0587
EC509387
7499ABF2
6ADADD0D
B2BFE96D
8C416E55
00000000
00000000
00000001
00000000
2331CC95
00000058
// vkCreatePipelineLayout[6]
00000044
00000000
6EC72E1B
000000B2
00000001
00000000
0000001E
00000000
00000000
EDD9E50C
00000001
00000001
00000000
0712846B
000000CB
00000001
00000001
00000000
9F95488A
B87F0F3D
2E5255C3
00000000
00000000
00000001
00000000
A27D982F
000000F3
// vkCreatePipelineLayout[7]
00000044
00000000
2275611D
0000008C
00000001
00000000
0000001E
00000000
00000000
A6BCBEA7
00000001
00000001
00000000
04EFAF4C
000000C6
00000000
00000000
00000000
00000000
00000000
00000000
00000000
// vkCreatePipelineLayout[8]
00000044
00000000
C922C3A5
000000EE
00000001
00000000
0000001E
00000000
00000000
A75142E6
00000001
00000001
00000000
B1592848
00000042
00000001
00000001
00000000
217AF2FE
C264371B
25CF3B6D
00000000
00000000
00000001
00000000
E1D987F3
00000044
// vkCreatePipelineLayout[9]
00000044
00000000
D6E2A253
000000B2
00000001
00000000
0000001E
00000000
00000000
CD98D158
00000001
00000001
00000000
FFDF6C10
000000EF
00000004
00000004
00000000
A360E032
108E2853
DCCFA5E7
235677F1
B4977D60
DD3BEB43
558BCFDC
958C08D1
07F13C0C
1729D8E2
9B6C909F
6E5D5219
00000000
00000000
00000000
00000000
// vkCreatePipelineLayout[10]
00000044
00000000
5F31A883
000000B8
00000001
00000000
0000001E
00000000
00000000
A36EDBA3
00000000
00000000
00000000
00000001
00000001
00000000
398D4A93
24080897
AE8081D5
00000000
00000000
00000001
00000000
714211D7
0000005D
// vkCreatePipelineLayout[11]
00000044
00000000
124919BB
0000000D
00000001
00000000
0000001E
00000000
00000000
5B2E5F8A
00000003
00000003
00000000
C3AFB4F7
00000086
63463685
0000004E
7978EC20
00000077
00000001
00000001
00000000
5B45A07A
D8C2585D
35082311
00000000
00000000
00000000
00000000
// vkCreatePipelineLayout[12]
00000044
00000000
6526AEBF
000000B5
00000001
00000000
0000001E
00000000
00000000
A1205971
00000002
00000002
00000000
62754C96
000000E5
2236AE84
00000083
00000003
00000003
00000000
92B8D9F8
1EEE55C1
6C530A40
E76BA9F6
40B59FDA
E3DE4021
F9B2FA35
D191D065
086381CC
00000000
00000000
00000001
00000000
6C9C9DE5
0000005F
// vkCreatePipelineLayout[13]
00000044
00000000
44821283
00000007
00000001
00000000
0000001E
00000000
00000000
C463D235
00000001
00000001
00000000
BC15FC96
0000005C
00000000
00000000
00000000
00000000
00000000
00000001
00000000
00A6FD59
0000003F
// vkCreatePipelineLayout[14]
00000044
00000000
BA91EE55
000000B5
00000001
00000000
0000001E
00000000
00000000
957EC1CC
00000004
00000004
00000000
865B8639
0000002F
9D2FC2E3
000000DC
0F3CF394
000000A8
8D4AA304
0000004F
00000004
00000004
00000000
C36CA671
DB85536E
4C83B083
BD4E1074
2F89BCB0
C50A72A9
468A2C26
9B47634A
868B4EDD
8D94AD79
BBFEC7E9
D79FB3A5
00000000
00000000
00000001
00000000
07C79DB1
0000005D
// vkCreatePipelineLayout[15]
00000044
00000000
E2F00B85
00000004
00000001
00000000
0000001E
00000000
00000000
9C46269F
00000001
00000001
00000000
C9DB9116
00000062
00000000
00000000
00000000
00000000
00000000
00000001
00000000
11114763
00000037
// vkCreatePipelineLayout[16]
00000044
00000000
8409E4E5
000000FD
00000001
00000000
0000001E
00000000
00000000
D0F1694D
00000000
00000000
00000000
00000000
00000000
00000000
00000000
00000000
00000000
00000000
// vkCreatePipelineLayout[17]
00000044
00000000
5F6E10DD
00000079
00000001
00000000
0000001E
00000000
00000000
54085209
00000001
00000001
00000000
FD1F619B
000000CB
00000004
00000004
00000000
A690F434
321AD500
58538716
562FA757
FDA4E336
157192FD
23A5E856
7D511931
F9E17E9F
0690AF79
BCE1034A
17C51BDA
00000000
00000000
00000001
00000000
F3596A8F
000000B1
// vkDestroyPipelineLayout[0]
00000045
00000000
328E0AE5
000000F5
4FCFBF55
0000003C
00000000
00000000
// vkDestroyPipelineLayout[1]
00000045
00000000
02F5C3C9
000000B1
F658662D
000000EF
00000000
00000000
// vkDestroyPipelineLayout[2]
00000045
00000000
36412171
0000004E
C33FE1D1
000000B2
00000000
00000000
// vkDestroyPipelineLayout[3]
00000045
00000000
2D407F0F
0000000B
574D3AF1
00000036
00000000
00000000
// vkDestroyPipelineLayout[4]
00000045
00000000
94B11E09
00000078
A4CF3AAB
00000092
00000000
00000000
// vkDestroyPipelineLayout[5]
00000045
00000000
0F83FD6B
000000F9
A2E890E1
000000E2
00000000
00000000
// vkDestroyPipelineLayout[6]
00000045
00000000
76C98673
000000D3
A072B1BB
00000067
00000000
00000000
// vkDestroyPipelineLayout[7]
00000045
00000000
6456DDCB
0000000B
B4353A0B
00000045
00000000
00000000
// vkDestroyPipelineLayout[8]
00000045
00000000
B482A733
0000001A
565BD601
00000093
00000000
00000000
// vkDestroyPipelineLayout[9]
00000045
00000000
AD04EABD
000000BF
DA855A3F
000000F2
00000000
00000000
// vkDestroyPipelineLayout[10]
00000045
00000000
8A81D96F
0000007F
9FB20851
00000077
00000000
00000000
// vkDestroyPipelineLayout[11]
00000045
00000000
507D32AD
000000B6
617C553D
000000A7
00000000
00000000
// vkDestroyPipelineLayout[12]
00000045
00000000
F6753B0B
00000039
C948ABFB
0000000C
00000000
00000000
// vkDestroyPipelineLayout[13]
00000045
00000000
588EF57B
00000049
3C3EFC8F
0000009C
00000000
00000000
// vkDestroyPipelineLayout[14]
00000045
00000000
2F975A9D
000000B7
68EAC21D
00000004
00000000
00000000
// vkDestroyPipelineLayout[15]
00000045
00000000
A1891F6F
00000037
B0608837
0000007C
00000000
00000000
// vkDestroyPipelineLayout[16]
00000045
00000000
9BECA463
0000006B
F177A603
0000002F
00000000
00000000
// vkDestroyPipelineLayout[17]
00000045
00000000
87059B1D
000000F1
70C4B995
0000002F
00000000
00000000
// vkCreatePipelineCache[0]
0000003D
00000000
6877B10F
00000009
00000001
00000000
00000011
00000000
00000000
37ACC835
00000003
00000000
00000003
00000000
003E9383
00000000
00000000
00000001
00000000
E7175079
0000002E
// vkCreatePipelineCache[1]
0000003D
00000000
75BE4D1F
0000009B
00000001
00000000
00000011
00000000
00000000
85ABD1F6
00000004
00000000
00000004
00000000
56D53525
00000000
00000000
00000001
00000000
6F862343
00000017
// vkCreatePipelineCache[2]
0000003D
00000000
959A6A85
00000093
00000001
00000000
00000011
00000000
00000000
0D8592A2
00000001
00000000
00000001
00000000
00000067
00000000
00000000
00000001
00000000
4AC03449
000000EF
// vkCreatePipelineCache[3]
0000003D
00000000
4BD99851
000000BD
00000001
00000000
00000011
00000000
00000000
329651BC
00000004
00000000
00000004
00000000
9B19197A
00000000
00000000
00000001
00000000
4DCFC139
000000AD
// vkCreatePipelineCache[4]
0000003D
00000000
7436DA6B
00000020
00000001
00000000
00000011
00000000
00000000
A9FD7168
00000004
00000000
00000004
00000000
641EA5EF
00000000
00000000
00000001
00000000
82AE5C1D
00000076
// vkCreatePipelineCache[5]
0000003D
00000000
4C2FF4EF
0000003A
00000000
00000000
00000000
00000000
00000000
00000000
// vkCreatePipelineCache[6]
0000003D
00000000
40AC7555
000000D8
00000000
00000000
00000000
00000000
00000001
00000000
AC621441
00000075
// vkCreatePipelineCache[7]
0000003D
00000000
EB4A7759
000000DD
00000001
00000000
00000011
00000000
00000000
6D95ACF6
00000000
00000000
00000000
00000000
00000000
00000000
00000001
00000000
FD97D9E5
0000006C
// vkCreatePipelineCache[8]
0000003D
00000000
DD4C1B49
0000004D
00000000
00000000
00000000
00000000
00000001
00000000
4696AB9D
000000E1
// vkCreatePipelineCache[9]
0000003D
00000000
D13FA331
0000009C
00000001
00000000
00000011
00000000
00000000
95B5D4BC
00000001
00000000
00000001
00000000
00000063
00000000
00000000
00000001
00000000
E8C2C801
000000FF
// vkCreatePipelineCache[10]
0000003D
00000000
06851495
000000C5
00000001
00000000
00000011
00000000
00000000
7F3733BF
00000004
00000000
00000004
00000000
009B8D1D
00000000
00000000
00000001
00000000
1CFBA145
000000B5
// vkCreatePipelineCache[11]
0000003D
00000000
CF793835
000000C8
00000001
00000000
00000011
00000000
00000000
B6CE64F3
00000004
00000000
00000004
00000000
0665966A
00000000
00000000
00000001
00000000
96B787CF
0000000F
// vkCreatePipelineCache[12]
0000003D
00000000
4FA241FD
000000F5
00000001
00000000
00000011
00000000
00000000
FDF49095
00000000
00000000
00000000
00000000
00000000
00000000
00000001
00000000
D14C3DE9
000000ED
// vkCreatePipelineCache[13]
0000003D
00000000
5BDCF107
00000050
00000001
00000000
00000011
00000000
00000000
F494398D
00000001
00000000
00000001
00000000
00000014
00000000
00000000
00000001
00000000
3E0D1815
00000029
// vkCreatePipelineCache[14]
0000003D
00000000
D59A85CB
000000A2
00000000
00000000
00000000
00000000
00000001
00000000
93BC4569
00000097
// vkCreatePipelineCache[15]
0000003D
00000000
20F6F5AD
0000001A
00000001
00000000
00000011
00000000
00000000
246DB461
00000000
00000000
00000000
00000000
00000000
00000000
00000001
00000000
1D5F2FED
000000BA
// vkCreatePipelineCache[16]
0000003D
00000000
2188B29D
000000DD
00000001
00000000
00000011
00000000
00000000
1CE2B9CF
00000004
00000000
00000004
00000000
03F2DB3A
00000000
00000000
00000001
00000000
4FA12EC5
0000004B
// vkCreatePipelineCache[17]
0000003D
00000000
AB2953B3
000000D1
00000001
00000000
00000011
00000000
00000000
A1390FF3
00000001
00000000
00000001
00000000
000000E9
00000000
00000000
00000001
00000000
200D587D
0000005E
// vkDestroyPipelineCache[0]
0000003E
00000000
B73DD857
000000CF
24B7D299
000000DF
00000000
00000000
// vkDestroyPipelineCache[1]
0000003E
00000000
E44F0629
000000C5
6408E667
000000F4
00000000
00000000
// vkDestroyPipelineCache[2]
0000003E
00000000
D4C35577
000000CB
DAFBF969
000000F3
00000000
00000000
// vkDestroyPipelineCache[3]
0000003E
00000000
EC06CA21
000000CB
253BEA5B
0000009C
00000000
00000000
// vkDestroyPipelineCache[4]
0000003E
00000000
79E5DE89
00000023
E54C87EF
0000002B
00000000
00000000
// vkDestroyPipelineCache[5]
0000003E
00000000
634E6125
00000087
CB0DD71F
000000AB
00000000
00000000
// vkDestroyPipelineCache[6]
0000003E
00000000
EF01F863
00000088
E9FB9FD1
000000B2
00000000
00000000
// vkDestroyPipelineCache[7]
0000003E
00000000
4851FC9D
0000002D
BB4EB801
0000009A
00000000
00000000
// vkDestroyPipelineCache[8]
0000003E
00000000
EA2CAF31
000000F9
05C22567
0000003E
00000000
00000000
// vkDestroyPipelineCache[9]
0000003E
00000000
2C88876D
000000E6
95C2CD53
000000B2
00000000
00000000
// vkDestroyPipelineCache[10]
0000003E
00000000
A105E49D
0000003E
90B1ACBD
00000076
00000000
00000000
// vkDestroyPipelineCache[11]
0000003E
00000000
9216F7CB
000000B3
CD39C46B
000000D6
00000000
00000000
// vkDestroyPipelineCache[12]
0000003E
00000000
FB997171
00000096
820EC691
000000CA
00000000
00000000
// vkDestroyPipelineCache[13]
0000003E
00000000
AB576595
0000001B
3FEEF349
000000EF
00000000
00000000
// vkDestroyPipelineCache[14]
0000003E
00000000
5D7DD8DB
00000052
C662192B
000000F9
00000000
00000000
// vkDestroyPipelineCache[15]
0000003E
00000000
63F7C0AF
00000067
57F10FD9
000000DE
00000000
00000000
// vkDestroyPipelineCache[16]
0000003E
00000000
22F9296D
00000048
EF5A124D
00000063
00000000
00000000
// vkDestroyPipelineCache[17]
0000003E
00000000
96AF181B
0000006C
88860B8F
000000F7
00000000
00000000
// vkCreateComputePipelines[0]
00000042
00000000
87BA2D89
00000044
98C7B34B
00000086
00000003
00000003
00000000
0000001D
00000000
00000000
BACAFCA8
00000012
00000000
00000000
9A2603E9
70740A0A
2D90CED9
00000084
00000007
00000000
38727473
00003935
00000001
00000000
00000004
00000004
00000000
755748B7
3D59F6DF
3B430F73
0000007A
2956F9BA
61DCE6CE
572D4E74
0000004D
A22F9B11
EA5D7DA5
16939A7F
00000093
D4C0EB0E
7BE8E215
F3340641
0000000E
00000004
00000000
00000004
00000000
E4E4BFAA
26F2DF79
00000041
51D973BB
000000E8
8051A82E
0000001D
00000000
00000000
86CE3DFC
00000012
00000000
00000000
8049C771
37EC410B
E0F6744F
000000D7
00000007
00000000
34727473
00003830
00000000
00000000
88FC9DB9
0000007C
1AB05F7B
0000004B
5A624D5E
0000001D
00000000
00000000
6524DB90
00000012
00000000
00000000
59C6153A
49CA8DBF
F7396087
000000A1
00000007
00000000
36727473
00003433
00000001
00000000
00000001
00000001
00000000
9E2A456A
8BBA402C
70B31986
00000024
00000003
00000000
00000003
00000000
00868FED
E085ED87
000000D7
3F2E481F
00000010
236109B7
00000000
00000000
00000003
00000000
0E02E377
000000DC
D5A3F45F
000000FA
22A3043D
000000C2
// vkCreateComputePipelines[1]
00000042
00000000
2D275227
00000064
855AC2E1
000000F5
00000001
00000001
00000000
0000001D
00000000
00000000
E2A8161E
00000012
00000000
00000000
9535CFE3
64CE1B3F
C28CB02D
00000093
00000007
00000000
31727473
00003938
00000001
00000000
00000003
00000003
00000000
B783A151
B1AFDD1A
55F0B4BE
000000E1
256B563C
3862C0A0
B3EDBAE0
0000008A
B7E13C0E
7F6C43F5
DC322304
00000051
00000003
00000000
00000003
00000000
002A0115
ADAC522F
000000E8
A6C6A755
000000E0
B83A210E
00000000
00000000
00000001
00000000
32793CA0
00000063
// vkCreateComputePipelines[2]
00000042
00000000
6813910B
000000FD
DD9D1B37
0000009B
00000002
00000002
00000000
0000001D
00000000
00000000
C732680D
00000012
00000000
00000000
7EE5BBFC
D77F6A66
1D3F31AF
0000006B
00000007
00000000
39727473
00003133
00000001
00000000
00000002
00000002
00000000
F6399390
D5769D5F
A9167B54
000000F9
827EA2E1
5B36E3B0
4D8C96E9
00000075
00000002
00000000
00000002
00000000
0000AE04
9D2DF96B
00000025
2775387B
00000071
027E5F56
0000001D
00000000
00000000
EAFACCBA
00000012
00000000
00000000
209C3755
B01FAC4F
8E2F4445
00000050
00000007
00000000
34727473
00003737
00000000
00000000
A5227347
00000085
239528FD
0000002D
B3FBC9E1
00000000
00000000
00000002
00000000
5776AB01
000000F4
30117F52
00000097
// vkCreateComputePipelines[3]
00000042
00000000
5D27D48D
000000F3
F14ED5D5
00000028
00000001
00000001
00000000
0000001D
00000000
00000000
2C4CD696
00000012
00000000
00000000
C2AD4FAB
FD25DE87
E57308CF
000000A9
00000007
00000000
34727473
00003335
00000001
00000000
00000000
00000000
00000000
00000002
00000000
00000002
00000000
0000E79E
F1F9EC3B
00000064
D38799E3
00000033
8275CD99
00000000
00000000
00000001
00000000
82C01DE8
00000077
// vkCreateComputePipelines[4]
00000042
00000000
7FB210A3
000000DE
0DF37F4B
00000075
00000004
00000004
00000000
0000001D
00000000
00000000
00B2273B
00000012
00000000
00000000
67812A70
FDD32F6F
0B1243EF
0000000A
00000007
00000000
32727473
00003138
00000001
00000000
00000003
00000003
00000000
9E634EDE
D551215E
51DAEC8B
00000047
3822B39F
A7E19A22
F27D2F85
0000008D
257E2845
CF5C6127
E9BE3149
000000D4
00000003
00000000
00000003
00000000
00115A2B
A3B15949
0000007D
04EAD039
00000071
D9949350
0000001D
00000000
00000000
68172BC7
00000012
00000000
00000000
825CB02C
D2695B53
78C02287
000000F6
00000007
00000000
39727473
00003135
00000001
00000000
00000000
00000000
00000000
00000003
00000000
00000003
00000000
0013CADD
06F4CB2B
0000000C
2BD010D9
00000083
D51A8C29
0000001D
00000000
00000000
005872E3
00000012
00000000
00000000
B417B5C1
84937412
758A1821
00000033
00000007
00000000
32727473
00003338
00000001
00000000
00000004
00000004
00000000
72220977
947A398D
0244D332
0000007B
4765E4CC
8D99EBB6
5B891796
0000008A
EF25A500
1F91E469
694DEC85
000000BC
04632EC5
89E7C45A
F784588A
00000093
00000004
00000000
00000004
00000000
6B54DE32
69B79419
00000094
CD84675D
00000062
B874BA4B
0000001D
00000000
00000000
8160C39E
00000012
00000000
00000000
F76F6DC1
E1459E65
81F908CF
00000074
00000007
00000000
32727473
00003339
00000001
00000000
00000002
00000002
00000000
19443624
6874A57B
CFF012AB
000000C7
7C79EE34
11724274
2DCBE3EA
000000E1
00000002
00000000
00000002
00000000
0000E701
6902A6E9
0000007A
875FAF3F
00000096
EA3D4102
00000000
00000000
00000004
00000000
DF1A52BE
000000DC
1C783AF5
00000059
C1C88CCA
000000C9
D8F46BEF
000000CF
// vkCreateComputePipelines[5]
00000042
00000000
8FA0F727
0000004F
633C1785
00000048
00000004
00000004
00000000
0000001D
00000000
00000000
0E780DA6
00000012
00000000
00000000
6AB1957D
36DE1FA0
E53E399B
00000061
00000007
00000000
32727473
00003530
00000001
00000000
00000003
00000003
00000000
69328BF3
4C3B4015
DE5EB524
00000052
DF1123E7
58DA1868
2B9A15B1
000000C2
4CEED8EE
90ABA1E9
7C086C5E
000000F0
00000003
00000000
00000003
00000000
00937815
FBED361B
0000008F
B940B14B
000000E1
3B10B448
0000001D
00000000
00000000
D4F44354
00000012
00000000
00000000
5DF5D23B
5574382D
9343EFC1
0000003C
00000007
00000000
31727473
00003730
00000001
00000000
00000002
00000002
00000000
C55901DA
8836B2A6
75F02731
000000A7
65A0E280
F2047174
7F8E4B1E
00000003
00000002
00000000
00000002
00000000
00001FB7
48AE593D
00000051
A27DD39D
000000F7
C61BC2EA
0000001D
00000000
00000000
5640321E
00000012
00000000
00000000
9E1F3988
35119B50
6DCC2EC5
000000F2
00000007
00000000
37727473
00003236
00000001
00000000
00000004
00000004
00000000
2CECF364
90841331
BD7F25F7
000000BE
67FAD6BE
51AC2F4D
21F11E6F
00000031
809928EB
3AF47161
E3D06188
000000A5
E9D31DAF
DBFC735B
21CBBE71
00000011
00000000
00000000
00000000
00000000
C15C65C3
000000B9
746D9873
00000078
2DDE0655
0000001D
00000000
00000000
C4E9C6C1
00000012
00000000
00000000
1E08957D
D2827140
ADE529B7
00000001
00000007
00000000
31727473
00003334
00000001
00000000
00000001
00000001
00000000
B2C26BBB
1128B472
D20854CD
0000004F
00000000
00000000
00000000
00000000
60E994F9
00000024
DCEAA779
00000020
5BA7E947
00000000
00000000
00000004
00000000
A42BA4CA
000000F0
D1FAB9E8
00000074
43B274B9
0000007F
C9468C19
000000EE
// vkCreateComputePipelines[6]
00000042
00000000
6C58C687
00000049
E7174DF1
0000006E
00000003
00000003
00000000
0000001D
00000000
00000000
86D4A060
00000012
00000000
00000000
DB83CD27
5B9E3B80
251B7285
00000083
00000007
00000000
37727473
00003637
00000001
00000000
00000002
00000002
00000000
B912A421
5817337B
F7E07203
00000085
0C0B3193
BBE3C345
FCCB77B6
0000002E
00000004
00000000
00000004
00000000
9F198D43
07B36561
000000EA
6E9B8EB3
00000047
62381DBA
0000001D
00000000
00000000
69B6FDC4
00000012
00000000
00000000
8CBF6EBC
A6BB10B4
90AC9881
000000D5
00000007
00000000
39727473
00003435
00000001
00000000
00000003
00000003
00000000
5CA34908
1DD3BFD5
9D116B48
000000EB
6E49754A
586664A5
06819210
00000022
34D883C5
2250AF46
FFEAF744
000000C7
00000002
00000000
00000002
00000000
00002CD9
596B990B
000000A4
FF69175B
00000002
AA9FB8B3
0000001D
00000000
00000000
962F2E93
00000012
00000000
00000000
AEF7DCB4
4588225A
13EC4B47
00000012
00000007
00000000
39727473
00003932
00000001
00000000
00000002
00000002
00000000
301A8E3F
216740ED
E52F330A
0000008F
103D6950
EFF90D3C
0B925849
00000012
00000003
00000000
00000003
00000000
00F3CC3A
CCE028D3
0000009C
EF23F021
0000009F
B2D4DC8D
00000000
00000000
00000003
00000000
D26A70D4
0000000F
8A8C44D5
00000081
E05C1672
000000DF
// vkCreateComputePipelines[7]
00000042
00000000
334878D7
0000001F
02BE8213
000000BA
00000003
00000003
00000000
0000001D
00000000
00000000
A77E4D5F
00000012
00000000
00000000
4993CDF3
330D6947
5D05D3BD
0000002A
00000007
00000000
37727473
00003833
00000001
00000000
00000001
00000001
00000000
A690EBA9
BFE4FC48
2D8F0179
0000004C
00000002
00000000
00000002
00000000
00000588
3A7AABB1
00000014
87CA1A5D
000000C6
C08C84DE
0000001D
00000000
00000000
D9264080
00000012
00000000
00000000
58671876
76346A37
55FA4E4B
0000005D
00000007
00000000
31727473
00003230
00000001
00000000
00000003
00000003
00000000
22B08966
1C2182A2
49CAC6F0
0000000A
F03C34C2
AB9A317B
88A46B5B
00000066
93E30CEE
5A8F1AAD
4395CAFA
000000CA
00000003
00000000
00000003
00000000
00409049
6F84E593
00000099
01460AF5
000000A7
AF9A1430
0000001D
00000000
00000000
14FA1A61
00000012
00000000
00000000
4E25AF01
4A893B7B
54F6D917
0000004E
00000007
00000000
35727473
00003735
00000001
00000000
00000002
00000002
00000000
9A0D0F85
8660BF79
F7EDD9DE
000000EE
9B7A56E9
9881E475
545600DE
00000023
00000000
00000000
00000000
00000000
1361AD05
000000D8
0EF76293
0000002E
6D0D9046
00000000
00000000
00000003
00000000
7EE269E0
0000008D
63C09D74
000000EB
983BD345
0000002D
// vkCreateComputePipelines[8]
00000042
00000000
B0003E0F
000000A2
A8EFEAA9
0000001A
00000004
00000004
00000000
0000001D
00000000
00000000
5F76497F
00000012
00000000
00000000
B851577D
E7292F9A
05CD94B3
0000004C
00000007
00000000
32727473
00003132
00000001
00000000
00000003
00000003
00000000
50BE5EA0
8F4A7232
AF5A53ED
00000028
3724EBCA
20E580AC
997F4BB4
00000091
000E08C3
E8013C8C
413E043C
00000073
00000002
00000000
00000002
00000000
000098F3
193D5D35
00000041
0CE7FD31
000000FC
C0F7275A
0000001D
00000000
00000000
ACC06813
00000012
00000000
00000000
1C18B381
E8FB2383
827910C5
00000039
00000007
00000000
33727473
00003230
00000001
00000000
00000001
00000001
00000000
F19219D3
5D0B4E41
DDAFBA85
000000FE
00000004
00000000
00000004
00000000
4DEA7339
9DD91E07
0000006E
118A097D
00000034
550B61B0
0000001D
00000000
00000000
A900B768
00000012
00000000
00000000
A1F7A998
28775406
96ECF9FF
00000045
00000007
00000000
33727473
00003530
00000001
00000000
00000003
00000003
00000000
1770DC77
F51C2C50
65A14EB4
000000CC
81889E13
94E350D1
D053D78A
000000F8
BD0683BD
9AF841A4
22101FFC
00000099
00000000
00000000
00000000
00000000
3A774C75
00000065
553E2427
000000DF
CB8613F7
0000001D
00000000
00000000
1FA6A532
00000012
00000000
00000000
8B3D2365
28B23BF0
471CE4C5
00000055
00000007
00000000
36727473
00003937
00000001
00000000
00000001
00000001
00000000
DD3C273E
C41B0803
63B96B71
000000BB
00000000
00000000
00000000
00000000
6768F093
000000EE
049F2C03
000000A6
C14A9988
00000000
00000000
00000004
00000000
1BF521B1
000000C2
F7B71CB0
0000004D
FF6060C3
0000008B
ED4CF18F
0000009B
// vkCreateComputePipelines[9]
00000042
00000000
40D91ADF
0000003B
2CEFD9E3
00000037
00000002
00000002
00000000
0000001D
00000000
00000000
AC296FD3
00000012
00000000
00000000
1F7539D5
ACBF6D77
2BE23B37
0000007B
00000007
00000000
37727473
00003138
00000001
00000000
00000001
00000001
00000000
6DCFB515
18E2CD86
0F0CDAF0
000000C7
00000002
00000000
00000002
00000000
0000E366
5341A55D
0000006E
4301F3DF
00000031
BCF48C82
0000001D
00000000
00000000
67493260
00000012
00000000
00000000
2C8BF20A
B97E8702
88E353DB
00000051
00000007
00000000
37727473
00003730
00000001
00000000
00000000
00000000
00000000
00000004
00000000
00000004
00000000
101E33A4
41983137
0000001D
117091EF
00000006
C40BC707
00000000
00000000
00000002
00000000
252CAE2E
000000FA
52CFD456
000000A1
// vkCreateComputePipelines[10]
00000042
00000000
86564B11
0000005F
E0994F53
000000E4
00000003
00000003
00000000
0000001D
00000000
00000000
B8FC8488
00000012
00000000
00000000
E8C7CA7F
33DDE97E
73471703
000000FF
00000007
00000000
32727473
00003934
00000001
00000000
00000000
00000000
00000000
00000001
00000000
00000001
00000000
000000E6
A3A3BF63
000000A2
2B1BB737
000000C9
7A13D9C3
0000001D
00000000
00000000
204AAB1A
00000012
00000000
00000000
03F87DD5
3EEF97A3
DC31C1B7
0000004D
00000007
00000000
35727473
00003333
00000001
00000000
00000004
00000004
00000000
D474E0EA
D7456963
887A0EFD
000000B5
76F599DF
9DA7EF7D
9E170048
00000018
A3F1BD1D
C0C4BE93
D6EFB59E
00000031
400859C6
B4FCBD47
77A5B183
00000040
00000000
00000000
00000000
00000000
44F67137
0000003C
0BF5092F
000000D8
1C323572
0000001D
00000000
00000000
2F05B999
00000012
00000000
00000000
40BC67ED
6D8C1047
C7ADC5CD
0000003E
00000007
00000000
33727473
00003134
00000001
00000000
00000004
00000004
00000000
50E23D41
D1219FA4
A6D2DFB4
0000003F
C2D83785
9F2D57B0
8F78216C
0000009F
1B7F41B1
B15C4EB3
2EEA709E
00000031
86660EF8
DC631C84
5EA2F689
00000072
00000000
00000000
00000000
00000000
F38C9CAF
000000A8
CA4787AF
0000007B
0065112B
00000000
00000000
00000003
00000000
F47F7AE2
000000C3
852A0BC6
000000DF
C5D00513
0000006F
// vkCreateComputePipelines[11]
00000042
00000000
04C0078B
000000EF
C12013F1
0000009F
00000004
00000004
00000000
0000001D
00000000
00000000
1E41713E
00000012
00000000
00000000
ABBC90F4
431AE6B2
A23E5F9B
00000068
00000007
00000000
35727473
00003232
00000001
00000000
00000004
00000004
00000000
17341F81
F643DB6E
FD57C173
0000004D
81B6AC6D
364258A8
2F0DC735
00000021
5FB7068C
8616F127
AFF2E4AB
000000BD
3935ACE1
CB95AD57
7CF671FF
000000A9
00000000
00000000
00000000
00000000
0B7CD869
000000FD
D7DD1639
000000A9
4FF00570
0000001D
00000000
00000000
444EBB7F
00000012
00000000
00000000
FCC91388
9037D2DE
B3BF97B1
000000C9
00000007
00000000
31727473
00003130
00000001
00000000
00000000
00000000
00000000
00000000
00000000
00000000
00000000
FBAF8B4B
00000026
1ACFDBAF
00000062
B856FC4D
0000001D
00000000
00000000
737B8E27
00000012
00000000
00000000
B39845C1
1525A2E0
31708061
00000096
00000007
00000000
37727473
00003036
00000001
00000000
00000002
00000002
00000000
2D6A21AF
8B33FDA5
FAFF8429
00000098
257B4374
C3939937
787C3C82
000000B4
00000003
00000000
00000003
00000000
00DAACBE
52B2F9A3
000000B4
F462D487
00000044
F21B450D
0000001D
00000000
00000000
567DEFC5
00000012
00000000
00000000
E76F1D60
B2198711
28EE26EF
00000017
00000007
00000000
39727473
00003031
00000000
00000000
C99935F3
00000006
0F9E0F4B
000000F8
6D47B5E1
00000000
00000000
00000004
00000000
63E0A4DE
000000EE
3C279CE3
00000002
10828CC1
0000000A
04419005
0000002E
// vkCreateComputePipelines[12]
00000042
00000000
CFD6F65D
00000069
AA6E47FD
0000003D
00000003
00000003
00000000
0000001D
00000000
00000000
F6D90B50
00000012
00000000
00000000
DB3494C3
19ECCEDF
910FDE4B
000000EA
00000007
00000000
32727473
00003236
00000001
00000000
00000002
00000002
00000000
27249DCE
621A8A2B
F8C088AE
000000DA
B7400893
A9025B3A
ED888841
0000003F
00000003
00000000
00000003
00000000
0011D997
EB858CA5
00000094
51F046F1
00000020
2004C586
0000001D
00000000
00000000
E3C03B83
00000012
00000000
00000000
7F299F76
2472BBF0
406DFF9F
000000F7
00000007
00000000
35727473
00003630
00000001
00000000
00000000
00000000
00000000
00000003
00000000
00000003
00000000
005772DC
30C9190B
000000E3
F1C5C96F
000000F9
04E6CC59
0000001D
00000000
00000000
CC19DE54
00000012
00000000
00000000
1E7E85D6
52003850
5EB5F75D
0000009B
00000007
00000000
36727473
00003438
00000001
00000000
00000004
00000004
00000000
BB23F701
112267CB
BAFA0E7D
000000C9
0B73AAA9
09462265
1D62C18D
000000B2
47B39F24
5643B74B
CBBE8545
000000FE
E3F955D6
0FB28F51
74277341
000000C8
00000001
00000000
00000001
00000000
00000052
D4C3DB93
0000006E
66EE6183
0000003D
0C8877C1
00000000
00000000
00000003
00000000
6F34FFC5
0000009D
6E597E2C
000000EB
9E2602ED
000000F8
// vkCreateComputePipelines[13]
00000042
00000000
83A81391
000000A5
02C6092B
000000FC
00000004
00000004
00000000
0000001D
00000000
00000000
7D4D7244
00000012
00000000
00000000
02E557D0
33CAC5A7
E642F64B
0000002D
00000007
00000000
33727473
00003237
00000001
00000000
00000003
00000003
00000000
C57B9A7D
864FA7F5
832BEEF3
0000009B
967A5E99
B13C1ED3
3F7A9472
0000000B
E319ED12
F14D8B70
26FFE5A7
000000D5
00000001
00000000
00000001
00000000
000000F2
5794E991
000000CB
3CA2AEBF
000000CE
2D7F437E
0000001D
00000000
00000000
5EC77340
00000012
00000000
00000000
1BD0A59F
1DA210A4
C35A7217
00000086
00000007
00000000
38727473
00003031
00000001
00000000
00000004
00000004
00000000
EB525CCE
25C55AEC
403DFA2E
00000071
B7B4E153
FE0E5142
C1BB71ED
00000047
22BF0FE8
8ED7D072
6585FB37
000000A7
95D6D725
6CAEF828
98B5FD67
0000003D
00000001
00000000
00000001
00000000
000000B2
5449CB0B
000000D0
50D8BDEB
00000032
A7B6FDAA
0000001D
00000000
00000000
A27152C1
00000012
00000000
00000000
1624AEFF
A9833305
5B4903A1
00000027
00000007
00000000
39727473
00003938
00000000
00000000
0C6AFB5B
00000086
B7909531
000000E8
24BC9202
0000001D
00000000
00000000
C22FF2DB
00000012
00000000
00000000
77DE1175
8532055E
65DD17F3
0000000D
00000007
00000000
31727473
00003734
00000001
00000000
00000004
00000004
00000000
6D80FE36
FB88C2CF
FA28AD77
00000089
1D20C4F3
376C8240
659444CE
000000C1
18A1A77C
10161902
56F4781D
0000004D
4031D6C8
F099DD28
66403EF7
00000056
00000000
00000000
00000000
00000000
BFAC72D5
0000003E
0D20EBD9
00000004
19641696
00000000
00000000
00000004
00000000
6EEE93DD
000000B7
93B3F4E4
00000028
6D1649CC
000000FD
D5F1E093
00000010
// vkCreateComputePipelines[14]
00000042
00000000
72D4E12B
000000B4
AB3C1DDB
00000086
00000004
00000004
00000000
0000001D
00000000
00000000
1FDFEAA2
00000012
00000000
00000000
42FB861C
B7B491EF
A8D2D27D
0000003B
00000007
00000000
33727473
00003434
00000001
00000000
00000001
00000001
00000000
32206FCD
766A3F40
637DD20E
00000065
00000002
00000000
00000002
00000000
000088D0
1E2A129B
000000F1
7ABDE9F7
00000084
28DB037E
0000001D
00000000
00000000
D6F8EE18
00000012
00000000
00000000
F286FE12
E23F2445
5ECC015F
0000002B
00000007
00000000
34727473
00003831
00000001
00000000
00000003
00000003
00000000
5A4EC7AB
566CEF5B
30602310
00000001
712946C1
F8B488EC
20B45FD1
0000005D
5506B06C
B59087D1
16B41336
000000DD
00000002
00000000
00000002
00000000
00007E5E
EC52C643
0000001A
2D395675
00000013
75D2CE59
0000001D
00000000
00000000
3E2E835D
00000012
00000000
00000000
C182C6E6
4F2EE11C
068CFF67
0000003B
00000007
00000000
38727473
00003834
00000000
00000000
0DF75F49
000000A2
DCE58F77
000000B2
7005A3B5
0000001D
00000000
00000000
4F0A91BA
00000012
00000000
00000000
B7B0B028
D2083B89
B6385B0B
0000009C
00000007
00000000
35727473
00003130
00000001
00000000
00000001
00000001
00000000
3D28E85B
A04CE2BE
F39EE157
00000016
00000001
00000000
00000001
00000000
000000EF
2403A87F
0000001A
00AA8443
000000A2
05E2E5E8
00000000
00000000
00000004
00000000
410EEC89
00000071
99F1CF7B
000000C5
FAB94496
00000094
0D0B3639
00000098
// vkCreateComputePipelines[15]
00000042
00000000
0ED049B5
00000029
1CFD5DBD
000000FE
00000004
00000004
00000000
0000001D
00000000
00000000
1AF9A10C
00000012
00000000
00000000
DC63B194
A07A65FA
995BCD19
00000010
00000007
00000000
35727473
00003139
00000001
00000000
00000003
00000003
00000000
C579AE89
101A219F
D5E658D6
0000000E
3EDC0024
D39E0675
04736AB9
0000007F
4AB42486
81D37365
FD7BE3A9
0000003E
00000003
00000000
00000003
00000000
00B21965
1B1D03C3
00000082
B094BE75
0000003F
7AEAC089
0000001D
00000000
00000000
35B7D6A9
00000012
00000000
00000000
36D3C3E5
BA550478
19E6D897
000000B7
00000007
00000000
37727473
00003936
00000001
00000000
00000001
00000001
00000000
3582E7C1
7FD3A71C
3C523A36
0000009F
00000000
00000000
00000000
00000000
E1C6921D
000000E9
D8A84A71
000000CF
B0B06535
0000001D
00000000
00000000
8723919F
00000012
00000000
00000000
1C97F28E
4E12DA23
156703D1
00000019
00000007
00000000
38727473
00003638
00000001
00000000
00000004
00000004
00000000
1FD6E9A9
9D97F4C3
07A9B63E
0000005F
F32453A9
F853F6C8
7E4D3C42
000000A7
6DE6D309
66E66BD4
513AEA35
000000A8
5A4E979D
A31A2966
A65BB799
000000C8
00000002
00000000
00000002
00000000
0000FEAF
7135676D
000000EB
0785C417
00000017
86254816
0000001D
00000000
00000000
B7606AE1
00000012
00000000
00000000
CF1590E2
2EE2210E
2957C113
000000BC
00000007
00000000
33727473
00003834
00000001
00000000
00000002
00000002
00000000
0300EC4D
17E17BD9
BB695E99
0000009E
444A27A6
DFE0D5F6
1D1568A9
00000036
00000004
00000000
00000004
00000000
B37EB94E
6E473D6F
0000007C
7F57997D
000000B1
7E608B31
00000000
00000000
00000004
00000000
254CD68C
0000009A
5018680A
000000BF
E3C7DF2C
000000F5
465E66E5
0000000F
// vkCreateComputePipelines[16]
00000042
00000000
E64E8A37
000000CB
B8D400B7
000000A9
00000004
00000004
00000000
0000001D
00000000
00000000
C739D552
00000012
00000000
00000000
B64C965D
EF9E7A2E
599F1B85
000000FF
00000007
00000000
38727473
00003739
00000001
00000000
00000001
00000001
00000000
29C7EEA7
CC44FE96
81A92830
00000059
00000001
00000000
00000001
00000000
0000004B
A472C851
000000EB
6DFBE4AB
000000B5
CA96B7B9
0000001D
00000000
00000000
65AE5F69
00000012
00000000
00000000
A6CB813E
A139AD17
4231ED81
000000D8
00000007
00000000
39727473
00003439
00000000
00000000
E7E0EE79
00000088
1B3C4B85
000000C4
42E177B5
0000001D
00000000
00000000
CCE10A7D
00000012
00000000
00000000
B4215C41
A2ECF03A
4715E4E7
00000014
00000007
00000000
36727473
00003437
00000001
00000000
00000001
00000001
00000000
6F9CAAB8
429BAF9F
E8010F7A
00000035
00000003
00000000
00000003
00000000
005C9DD4
7ABA7E8D
000000F1
FD88145D
0000003C
4EE5B3D2
0000001D
00000000
00000000
B3CAFD7A
00000012
00000000
00000000
47F84446
591CE564
DA767A85
000000B7
00000007
00000000
33727473
00003439
00000001
00000000
00000002
00000002
00000000
CDF849EB
8E3A93E4
CB47C2E8
00000009
734E04C3
69A18B2E
5A1811DF
00000043
00000001
00000000
00000001
00000000
000000D6
3DC74481
00000043
46C9C2A1
000000C5
662EED1A
00000000
00000000
00000004
00000000
15D2E64B
00000077
0D28BCDD
000000A6
6BEC7A7C
000000D2
152D06E3
00000012
// vkCreateComputePipelines[17]
00000042
00000000
8FF96B71
0000001E
236E8A65
000000CC
00000003
00000003
00000000
0000001D
00000000
00000000
30EFBC7B
00000012
00000000
00000000
A12701DB
153410FB
6B1FCBEF
00000015
00000007
00000000
37727473
00003936
00000001
00000000
00000001
00000001
00000000
9D82242E
70FA2C1F
706E6916
00000051
00000002
00000000
00000002
00000000
00003400
F53508A1
00000072
BFA44C3D
000000C9
474A3C53
0000001D
00000000
00000000
1088F915
00000012
00000000
00000000
A6E638AB
16065AD2
B6A4E3FD
0000008A
00000007
00000000
38727473
00003030
00000001
00000000
00000003
00000003
00000000
2A531AD8
4560210B
18CCAB55
000000C1
C603FA8F
ECC2BAD0
021E77EB
0000001E
4390E9A6
638A1706
75D6F8B7
0000009E
00000003
00000000
00000003
00000000
00A72FAD
DC283F01
00000032
5B386977
00000009
06194EBF
0000001D
00000000
00000000
713B5D2D
00000012
00000000
00000000
484C52DF
69BF7DF2
5BAF0C45
000000DD
00000007
00000000
36727473
00003534
00000001
00000000
00000001
00000001
00000000
B2018486
DC50C093
37D71B60
000000A3
00000003
00000000
00000003
00000000
00149EE8
D454EB3F
00000096
7836B335
000000EC
A7CB6EA1
00000000
00000000
00000003
00000000
AF7C88D2
00000045
837923BB
0000006D
3EE11A07
000000A4
// vkCreateGraphicsPipelines[0]
00000041
00000000
D4D33729
00000083
73989C83
00000039
00000001
00000001
00000000
0000001C
00000000
00000000
D0815A13
00000003
00000003
00000000
00000012
00000000
00000000
11ED21CC
02F5840F
ECE02F53
00000078
00000007
00000000
34727473
00003637
00000001
00000000
00000004
00000004
00000000
A5CFF07B
6E66537A
B4134BCE
00000018
92D1E314
5CA8644F
5EE80CE1
00000098
40A99686
4C3E1D68
479F8B80
000000D5
74A514C0
910D1834
1B605859
000000BD
00000000
00000000
00000000
00000000
00000012
00000000
00000000
50AB357D
7CD1E791
B096C2B5
000000BA
00000007
00000000
32727473
00003036
00000001
00000000
00000000
00000000
00000000
00000002
00000000
00000002
00000000
000057FD
00000012
00000000
00000000
DCBC8703
242F3E1A
17C25A4B
000000D4
00000007
00000000
32727473
00003132
00000001
00000000
00000002
00000002
00000000
7586B709
309F5970
914F462E
000000CB
0620B279
EE5E5EA8
E4778F3E
00000032
00000004
00000000
00000004
00000000
04DE97E6
00000001
00000000
00000013
00000000
00000000
438CEBBB
00000003
00000003
00000000
35C1EEAE
11F98AC9
BFF6D5C4
E9C0200A
2DA65224
CBCF6309
31A1345D
1FE65B03
BCDE7F41
00000002
00000002
00000000
0D56DB7C
C01EA2FF
879C276E
BA9272EC
B1B2BB18
035DF7F1
77504BFE
8DC947E2
00000000
00000000
00000001
00000000
00000015
00000000
00000000
160700CE
3CD7A9B1
00000000
00000000
00000001
00000000
00000017
00000000
00000000
E306AB96
00000001
00000000
7F75A18A
670E48E0
C764A890
00000001
865F468C
7C47EC38
E9A87C53
AFD2CB24
00000001
00000000
00000018
00000000
00000000
A763D41B
00000041
00000000
2C9A662C
00000003
00000000
5A5FC6D5
4447F798
A948841B
00000000
00000001
00000000
00000000
00000001
00000000
0000001A
00000000
00000000
5C74F97F
00000001
69EB1314
00000000
00000000
00000000
00000004
00000000
170B98DD
5A56294B
4BFF89A4
7D663458
00000001
00000000
0000001B
00000000
00000000
E7C05DCA
00000003
00000003
00000000
824FF862
40F142AC
84A5D6AC
2AF43325
000000BB
E4E7CEF9
00000034
7466D7A3
0BAFF2D9
000000E9
8554200E
00000000
00000000
00000001
00000000
90D16BCA
00000088
// vkCreateGraphicsPipelines[1]
00000041
00000000
A9D6ABEF
000000A2
9E9B26BD
0000003D
00000002
00000002
00000000
0000001C
00000000
00000000
BDA056FB
00000002
00000002
00000000
00000012
00000000
00000000
E5E34C11
C0EE2DAC
64194FA5
0000003D
00000007
00000000
35727473
00003839
00000000
00000000
00000012
00000000
00000000
5A51D986
A6843E01
0D182593
000000A7
00000007
00000000
36727473
00003030
00000000
00000000
00000001
00000000
00000013
00000000
00000000
C4C5E5ED
00000000
00000000
00000000
00000003
00000003
00000000
C7BCAB80
60272C6A
7210930A
B14E8092
238B9520
2AC4A60C
DAF264D2
C66E044C
7EF6D74B
9C48AE76
2F0842BD
654EE068
00000001
00000000
00000014
00000000
00000000
CB4FA339
32BC06C7
00000000
00000000
00000000
00000001
00000000
00000016
00000000
00000000
7EE48BEF
00000002
00000002
00000000
23AC7CBF
6CADD991
DDC31C0B
3F39915F
7AFB39C8
62D86C25
21B6904B
612D2AF9
740AEFB1
A11452A6
2CC37CE6
C74FFF05
00000000
00000000
00000000
00000001
00000000
00000017
00000000
00000000
9E3D1A73
00000000
00000000
20A53983
41D6E715
00C7B4DE
00000000
0BCB50C0
841B221C
ADE42FD2
6584BB54
00000001
00000000
00000018
00000000
00000000
4D86E796
00000001
00000001
874655C3
00000001
00000000
B1552A6E
00000000
00000000
00000000
00000000
00000001
00000000
0000001A
00000000
00000000
6CA6AD4D
00000001
96169348
00000002
00000002
00000000
00000000
156E2794
F1B10B32
3A08E64A
7DE9A780
56CDADA1
9150B4AB
ABCBE0BB
00000000
5BBDBD3B
C3F801F1
FD5B390D
307DD871
1CFF817D
8F82AD26
2FC407D1
00000004
00000000
3D87CCA4
F0751E85
DC100B98
743DB520
00000001
00000000
0000001B
00000000
00000000
0D3E0D2F
00000004
00000004
00000000
BB921CBB
82F39C66
4B914F32
2DB4FBA4
12E10F3D
00000006
043EB60F
00000010
1FF1BCB7
07C706AF
00000067
596A836C
0000001C
00000000
00000000
E7B69A48
00000002
00000002
00000000
00000012
00000000
00000000
E6FD1FD8
B5BE3DF7
1D032AC5
000000F6
00000007
00000000
33727473
00003737
00000001
00000000
00000002
00000002
00000000
073662A3
1F402F1D
01A3A74F
00000087
984BFFAC
953310B4
36CAA70A
00000020
00000003
00000000
00000003
00000000
00304291
00000012
00000000
00000000
C3C29676
A6369BBA
2658FDD1
000000B9
00000007
00000000
38727473
00003131
00000000
00000000
00000001
00000000
00000013
00000000
00000000
64275319
00000003
00000003
00000000
9F3C5B47
7A649BB6
E313861B
A4DBBFD0
5B8DA5A7
3F0298A8
16207DE6
0B74E8F0
798BF428
00000003
00000003
00000000
B9E1A2FD
8E1A62C9
DB8DB6E0
F39677EB
B8D2F14C
3400E1E5
6A527EC2
DB9E2575
51F0E2B6
879F7A99
16B97BFF
7E93E573
00000001
00000000
00000014
00000000
00000000
03EB2BB9
110513B7
00000001
00000001
00000000
00000015
00000000
00000000
DC00B922
CCBC4B54
00000001
00000000
00000016
00000000
00000000
2762B8C2
00000003
00000003
00000000
E42D1E01
7E9C7C64
B03FFCA6
02B13B52
35779D01
99FD1E21
C986ACDA
5CAA952F
AE0B1691
C93160A9
56E71021
79D011D7
CC370E2E
067640E6
12DD5F2E
328B1ED7
3ACDF611
17577040
00000001
00000001
00000000
3BD214EF
3C3CA06C
83A5FAC9
D19655ED
00000001
00000000
00000017
00000000
00000000
1BBF9F57
00000000
00000000
79440667
82244EA8
FF8AFD92
00000001
3D649BCE
C4406C4B
F10243BA
7761EA5A
00000001
00000000
00000018
00000000
00000000
21413D14
00000061
00000000
BD203367
00000004
00000000
0954D093
5D4598BF
2BF28D86
13394A3F
00000000
00000000
00000001
00000000
00000019
00000000
00000000
F406A61B
00000001
00000001
9B048B55
00000000
00000000
1128C643
E2D33ED5
27CC6883
DDF21A7D
61387FBC
7D524FEF
8470030C
17F0C87F
8CE2B303
A47A87E0
9A2B3A97
DA3B651B
87652049
1BAEE628
5A6F45B8
0D745E58
00000000
00000000
00000001
00000000
0000001B
00000000
00000000
7AFD010D
00000003
00000003
00000000
89BC1A02
BAE6089D
EE0B073F
8A34A26F
000000A2
A09807E9
0000006D
13C3D1D6
C8DB0159
00000023
DABD4A63
00000000
00000000
00000002
00000000
1477F944
000000D8
3A874028
0000008B
// vkCreateGraphicsPipelines[2]
00000041
00000000
D92A6AFD
0000003C
70B696AF
000000ED
00000002
00000002
00000000
0000001C
00000000
00000000
1E914DF0
00000001
00000001
00000000
00000012
00000000
00000000
A1C54EE3
01080C27
2244E887
000000AF
00000007
00000000
39727473
00003437
00000001
00000000
00000002
00000002
00000000
B3D0C424
510CBD97
26AAB36B
000000A8
06219CF1
D4100DB3
A069AA1E
000000F5
00000002
00000000
00000002
00000000
00005B47
00000001
00000000
00000013
00000000
00000000
7733FEA7
00000002
00000002
00000000
245C41EB
EBA03D6E
291B5D00
52D03FE7
31E9E329
33066509
00000003
00000003
00000000
46B032D0
57303C22
990C4DF2
3A9A6DE0
B4DF316F
C6FE6FCE
932F778D
C694D9A9
B591C43A
548CABB2
9596EA7A
06F5E056
00000001
00000000
00000014
00000000
00000000
D0F2335E
B2F56C84
00000001
00000001
00000000
00000015
00000000
00000000
B52CFC65
59102554
00000000
00000000
00000001
00000000
00000017
00000000
00000000
E932E536
00000000
00000001
B1C2A733
96D97920
9A408C5B
00000001
67DFC6EA
3A33FF87
D803DA36
5BBD68A0
00000001
00000000
00000018
00000000
00000000
8FA4FE2B
00000021
00000000
939108F5
00000002
00000000
36AD9ECD
E3B11FAB
00000001
00000001
00000001
00000000
00000019
00000000
00000000
78254954
00000000
00000001
F02809DB
00000001
00000001
77707BAF
E02BC7FE
BDB925CD
38B94971
C8F177A3
3BACE1B6
ABC20C35
D43D50B3
F333E4B8
6C049267
16BA3A01
B44132E7
35118541
4C460C90
EDDAEDA3
F61A74BD
00000001
00000000
0000001A
00000000
00000000
06860E08
00000001
95AE7B34
00000004
00000004
00000000
00000000
5BE1DA1C
7E7548FE
E1F0A8E7
2EDAE5DB
2AABA146
71DFB9BC
E82BB506
00000001
A2A8C7BC
53CC6E01
299A5145
15FBDA1C
49C2B689
6C5611C8
1A685187
00000001
650F9A82
55E216C9
AC6B6D5C
29AAFE02
587ABD4C
9B3322A6
EBAEE211
00000000
0C2050DF
B360A341
B730E972
B0ED3914
5A301974
97D4CE3B
B4EB0F2C
00000004
00000000
4FBD81CF
C208DE3D
F0B86F5B
BA26A631
00000001
00000000
0000001B
00000000
00000000
6918D01C
00000000
00000000
00000000
91C99573
0000006D
C650B739
000000FF
EC2F66B2
39F4F70B
00000047
ADFAE00B
0000001C
00000000
00000000
7AE70301
00000000
00000000
00000000
00000001
00000000
00000013
00000000
00000000
2FEDD9E6
00000001
00000001
00000000
04621BA4
E0EED1D2
B9F6F45B
00000001
00000001
00000000
5D5FE54C
16299E9A
EEDD1C3B
E0D63D6A
00000001
00000000
00000014
00000000
00000000
A682AE30
22D3E73B
00000001
00000001
00000000
00000015
00000000
00000000
A0A1020C
D794D73A
00000001
00000000
00000016
00000000
00000000
D22E917F
00000002
00000002
00000000
88210F15
AB01F680
9B9C0187
B769D98E
5A4DC5AF
A93F45AF
5CF3AE95
41F556DD
79F1711F
8B42CE30
4CA446D3
138F9E5F
00000004
00000004
00000000
7BF58F24
09BB83CB
4F8623DC
21ECBE82
3FF84E32
D939087F
A067EE3C
836B8E39
6A869534
1637123C
3F836400
4FA56BDF
8D0A3624
6E834DCD
6DFCA93F
4EBB48C1
00000001
00000000
00000017
00000000
00000000
3BCDD0DC
00000001
00000000
F84F83CB
F570E817
8973714C
00000000
372D1538
838A2F54
825C9621
D20E9904
00000001
00000000
00000018
00000000
00000000
C726A919
00000021
00000001
1C28F105
00000002
00000000
80AF5005
64457992
00000001
00000001
00000001
00000000
00000019
00000000
00000000
A986DE2A
00000001
00000000
F074A506
00000001
00000001
B775458E
DE4C6FAC
E95C0874
1513E297
0B9D8013
807A5D86
7ED9C6BD
A7D1AE6B
75041F1A
1BDC6BF2
3DECC062
3214B5DA
61ADC898
77524C40
388DDF84
1EF811C4
00000001
00000000
0000001A
00000000
00000000
8AA4CC80
00000000
CE19CFFE
00000000
00000000
00000000
00000004
00000000
EA657ED5
F447D593
34BC8704
1C80426E
00000001
00000000
0000001B
00000000
00000000
F843E5CA
00000003
00000003
00000000
3B43A6A7
1E20936F
6359FA7D
0E449635
0000005C
B4216B55
000000A4
A3A90503
DB822AA9
00000027
91DB7ECE
00000000
00000000
00000002
00000000
CBF1C785
00000015
9A03818D
000000F7
// vkCreateGraphicsPipelines[3]
00000041
00000000
0A8BD7C1
0000007C
92A55535
0000004E
00000003
00000003
00000000
0000001C
00000000
00000000
37C40FC7
00000002
00000002
00000000
00000012
00000000
00000000
1963E7B0
D8DCF693
749A7007
000000E6
00000007
00000000
31727473
00003430
00000001
00000000
00000001
00000001
00000000
0A0BE861
7A9AB850
9524A14B
0000003B
00000000
00000000
00000000
00000000
00000012
00000000
00000000
950746E6
5D631712
B71729F1
000000A2
00000007
00000000
32727473
00003237
00000001
00000000
00000004
00000004
00000000
EFD0015B
4E0BA170
19A56147
00000039
11CD2451
4FE39D18
E6AD0DE9
0000009E
799D2534
ECF04A80
3D1B9720
0000006F
D29861C5
7D54428C
6DC3E20D
000000D8
00000000
00000000
00000000
00000000
00000001
00000000
00000013
00000000
00000000
5A69F370
00000004
00000004
00000000
70EE55FD
799212F2
EA07ECB9
E9CA970C
FAD7EC6D
A4321D9D
7F0C0525
297498A3
B0B39EEA
FC8737CE
23D2A1D8
7F983282
00000003
00000003
00000000
303C3C33
AE6524AB
94FAD905
6FA0C6DD
E94A6499
B08D9CCF
A091E75A
F514F48A
885A6FD5
E6F297B6
87B5F6BA
A051800A
00000001
00000000
00000014
00000000
00000000
327028C0
52569EC1
00000000
00000001
00000000
00000015
00000000
00000000
C89557B7
F64C672A
00000001
00000000
00000016
00000000
00000000
86011683
00000003
00000003
00000000
F0606F38
6DCFB8D3
F650420E
49FBE50B
FC61278B
50E30BC6
B6D07124
CA014410
A10CA3B7
78828669
758B0063
B132F38E
A06E0C8F
98C0C854
D3089BF6
B77FF0B4
6C8EE8F0
6104CEC2
00000001
00000001
00000000
30C69B2A
2F0F5AD4
DB1BAADA
3641E281
00000001
00000000
00000017
00000000
00000000
72C857F1
00000001
00000000
69D5F28B
4FE0C7B4
C8D630EC
00000000
D8EACF24
CC4087B4
A07BB358
167D3527
00000001
00000000
00000018
00000000
00000000
72362FA7
00000061
00000000
EDB674E9
00000004
00000000
36B7676D
EE7DB772
591F5EC7
78470DF8
00000001
00000001
00000001
00000000
00000019
00000000
00000000
9E6455D3
00000001
00000001
BF1DD210
00000000
00000000
A2B44D8C
C60AEFFE
A38D31B5
D21F7EED
22226BC7
A41027E5
C04826DE
61C2F572
B3AD6C64
58C52923
394C3AD5
3D087EA5
A5651BA5
47807F77
382A33DD
63E027A9
00000001
00000000
0000001A
00000000
00000000
BAB085F9
00000000
A676439A
00000003
00000003
00000000
00000001
585CFC43
64F914C0
A3B0E8F0
6D22A3C8
7AD8E04D
3E07A0EE
5D191D93
00000001
0E3F2AB3
B38C1402
7F905429
5F2C5DC5
2D358F2E
E3BD78AE
A98DF203
00000000
520ADBE4
DE6C9788
C1854D4B
770D8447
75E439B9
0B19B907
33E829B8
00000004
00000000
6E6AA4E6
43B9F375
55540852
C0FACCA4
00000001
00000000
0000001B
00000000
00000000
C2E2E87E
00000003
00000003
00000000
0064E009
61453A9B
A018E60A
815FFCC3
000000E7
6F823D3B
0000006D
D4D15C3F
72F220C3
00000066
EB554B2C
0000001C
00000000
00000000
2305D27D
00000002
00000002
00000000
00000012
00000000
00000000
FCB6A922
51C7B3AE
5B1C983F
00000002
00000007
00000000
32727473
00003133
00000001
00000000
00000004
00000004
00000000
C4A080CD
BD748384
FC279D57
000000A3
03FBD069
EF87720C
95843291
000000A2
FF646C42
D061826F
8BFC05AB
000000E6
0EC52798
24036805
E4B51F43
000000EA
00000004
00000000
00000004
00000000
087EEC76
00000012
00000000
00000000
7B1A6C96
8FC843E4
90A32C0D
000000B3
00000007
00000000
35727473
00003030
00000001
00000000
00000004
00000004
00000000
F1792AA6
91CA4DEB
A753E16E
00000073
DF22909B
3400E675
A696E3DF
00000036
87595EAD
8889443C
C4CF6562
00000030
489EF0BF
50268C56
81200DC0
000000AE
00000000
00000000
00000000
00000000
00000001
00000000
00000013
00000000
00000000
8CA5579D
00000004
00000004
00000000
09F7D4B1
9BE0BCC1
6360F9AB
FB34581B
FAE16BC7
7B997FA0
1542AF29
0C5A6B0C
E1542DB4
DE2E3E44
449D8E1D
DFDBEAA1
00000000
00000000
00000000
00000001
00000000
00000014
00000000
00000000
11BD1F63
8A4B51A7
00000000
00000001
00000000
00000015
00000000
00000000
D2F63C85
E950B750
00000001
00000000
00000016
00000000
00000000
D61EF943
00000002
00000002
00000000
9540DCA0
E1CC5D72
04EFD580
202B9FED
960F182F
865CFEB5
CF6CBBE7
6EFBEF15
E3A9F8DC
5FD32C7A
D2E1B562
16995FD6
00000004
00000004
00000000
03AAB8C6
A9EB6F33
46D95AF7
33BB7237
1AEE6A6F
D901263E
F7D091E8
834D48F3
83048DEB
8CE623AD
1909D023
A398608F
9D0A41EF
E6407D7A
8DAAD96B
8331115A
00000001
00000000
00000017
00000000
00000000
8963E364
00000000
00000000
EE518C95
ED798C37
A9365CA4
00000001
8ABECC1B
602BEC4D
1AA16B9B
283E849C
00000001
00000000
00000018
00000000
00000000
62057FDE
00000061
00000001
97A5754F
00000004
00000000
49709D49
31AD6B52
4D18ADBD
03564054
00000000
00000000
00000001
00000000
00000019
00000000
00000000
C5818FBA
00000000
00000001
7BD08FCD
00000001
00000000
B92759A9
25989790
19D00898
E4D2EE49
8818CB25
6AA6CCE8
26A3046E
33B46F8A
3BC9AF64
76873E3A
C09C5D48
5354AA0C
FCF825DB
08DEDE07
061940F6
6FC67100
00000001
00000000
0000001A
00000000
00000000
999B7F30
00000000
07446CBA
00000003
00000003
00000000
00000001
E0DC28B6
1887FC88
AE5E56C0
21680965
11AC5DE3
BF0B4B46
E75939EE
00000001
7FC1C0EF
E3E38141
81391048
BD8D7D88
193AB40F
09424001
38C4B3B9
00000000
28ECE8ED
2923E1AE
2566376E
7A83E9E8
5B97118C
BD75F115
D471CDA3
00000004
00000000
ADC5BDB9
DB7676D8
9DBD757D
FC5D5B59
00000000
00000000
81253EE9
00000031
F40A5107
00000019
3D339369
83821DC3
000000A3
C40DA9B1
0000001C
00000000
00000000
F1E8EF81
00000004
00000004
00000000
00000012
00000000
00000000
934AFF75
03649BE5
38908001
0000005A
00000007
00000000
35727473
00003634
00000000
00000000
00000012
00000000
00000000
8CBC57F6
56F2B2E2
45A5D631
0000002A
00000007
00000000
36727473
00003634
00000001
00000000
00000004
00000004
00000000
709A3A8A
BC98762E
3AB32BF2
00000028
CCDDACD2
2F5EAAC9
14653C98
00000027
B0D871ED
55D21397
36A3AAFA
00000042
74515720
D127DAE7
E434FC75
0000006E
00000000
00000000
00000000
00000000
00000012
00000000
00000000
AEC3B926
0F35DE15
0D108DF3
00000022
00000007
00000000
35727473
00003834
00000001
00000000
00000003
00000003
00000000
1DC18489
F1029372
D9EDE073
000000E7
FE52B002
25C7B0A4
9470ACE9
00000063
666712F5
816D3EA1
ED9D7638
0000008C
00000004
00000000
00000004
00000000
024F6CA6
00000012
00000000
00000000
D5D7B23E
7F5C4E39
B3AA9429
000000B7
00000007
00000000
35727473
00003432
00000001
00000000
00000002
00000002
00000000
E5F9C678
3AC8EE1B
7D054F99
00000016
431C52D2
130DD475
0713705A
00000022
00000004
00000000
00000004
00000000
11D90EB9
00000001
00000000
00000013
00000000
00000000
A0060077
00000004
00000004
00000000
D4AF753B
BC3D3BAC
96A5067E
B1980C8D
3ECAAB18
37456A16
8EFEB8C7
9D0C7EC9
359DADE1
CDFC54DA
8281698F
89203856
00000001
00000001
00000000
07FE1DE3
B209AAE8
B36FBE93
0ACCB093
00000001
00000000
00000014
00000000
00000000
8B7E22D1
0269DC85
00000000
00000001
00000000
00000015
00000000
00000000
71659368
9B5442C8
00000001
00000000
00000016
00000000
00000000
05C0057D
00000000
00000000
00000000
00000004
00000004
00000000
B3434C6D
179E9BD4
42470735
163C0796
3A125033
872F4D0F
A745A264
42311ADE
E581821E
533838D6
F9AFE8F7
E3FCB819
868F48FA
E931B17D
439A11D1
57DCD4D6
00000000
00000000
00000001
00000000
00000018
00000000
00000000
6D3EE2E6
00000000
00000001
7C842216
00000000
00000000
00000001
00000000
00000001
00000000
00000019
00000000
00000000
859C54BA
00000000
00000001
B8E42744
00000000
00000001
B7BFB09B
41EAC5EC
1E17FACC
9A2CBA78
548EE563
5248F349
9A895BC3
5F3F0263
EDBA0A83
2BB02EE5
61BF6A2D
D3628E4E
F92A646A
DBCEE24D
B0C57947
41E7B397
00000001
00000000
0000001A
00000000
00000000
85907655
00000001
30B94959
00000000
00000000
00000000
00000004
00000000
2ECE2BF8
0E6AE06A
68ED0DB3
FC26A763
00000000
00000000
882450BD
00000036
8576FD55
000000D8
FDBFCB4E
7D0267CD
000000CA
C1CF3036
00000000
00000000
00000003
00000000
54A7348A
00000035
A1C89D38
00000028
547DAD5C
000000C6
// vkCreateGraphicsPipelines[4]
00000041
00000000
D3246A39
000000B5
C084C407
0000003F
00000001
00000001
00000000
0000001C
00000000
00000000
70264340
00000003
00000003
00000000
00000012
00000000
00000000
0ABDDAD1
0A58EBFA
99767EB3
00000022
00000007
00000000
34727473
00003638
00000000
00000000
00000012
00000000
00000000
6BE0346E
9C797197
B2A2ADA7
000000BC
00000007
00000000
37727473
00003834
00000000
00000000
00000012
00000000
00000000
DF3D79D3
041CCFA1
8CAD6945
00000025
00000007
00000000
34727473
00003132
00000001
00000000
00000004
00000004
00000000
A4309583
0B732B8A
167657D0
0000002D
C889E01A
3CD68F6F
A1A59C7C
00000082
2E04F37F
4091735E
CED5CE89
0000006B
776300EB
C4391366
4FEEC7B8
00000017
00000002
00000000
00000002
00000000
0000CC82
00000000
00000000
00000001
00000000
00000014
00000000
00000000
70C1CC54
FF1DE576
00000000
00000001
00000000
00000015
00000000
00000000
7D1B9F8B
AED9CDCF
00000000
00000000
00000001
00000000
00000017
00000000
00000000
1C181408
00000000
00000000
BD7C7A9B
F3FF9672
9970B5A1
00000001
2B9BDC1B
60D25397
5D4EB02C
69A687AC
00000001
00000000
00000018
00000000
00000000
4F800DF7
00000021
00000001
EC2259B3
00000002
00000000
727BDE47
5D647E74
00000001
00000001
00000001
00000000
00000019
00000000
00000000
2D9A51FD
00000000
00000000
B1E5F488
00000001
00000000
E93EA26B
D230C491
3C9AB79D
8C5C858A
F31FD657
EE4B2DBE
8B79A91B
8C0F81D4
B1BF7F19
3444B355
8E8702D2
12E883DD
3AA659E6
44BC9DD8
2FDBD846
F0D24E84
00000001
00000000
0000001A
00000000
00000000
F46CCDA4
00000000
A1F9037D
00000003
00000003
00000000
00000000
73651909
619533FB
2865A672
A2DB1742
3A428D41
960934C6
E1ABF554
00000000
C4537F11
D5B7790E
2FB9D3DF
803242B3
5BD57F66
6DCD5C61
64BB78AD
00000001
BA01EFD4
91CC0152
CAAF84BF
45DBB511
1C082314
6DF7EFC9
8236045F
00000004
00000000
7C85B176
32B5308D
909AC724
464E3F23
00000001
00000000
0000001B
00000000
00000000
2B601C32
00000000
00000000
00000000
35526D83
000000A5
4ABB32B5
00000096
DA4326F7
C2F53657
000000AB
7CF33733
00000000
00000000
00000001
00000000
3162527E
0000008D
// vkCreateGraphicsPipelines[5]
00000041
00000000
1C8E28CD
000000F4
DEE36279
000000C0
00000004
00000004
00000000
0000001C
00000000
00000000
EFFBE575
00000000
00000000
00000000
00000001
00000000
00000013
00000000
00000000
FBF5C495
00000000
00000000
00000000
00000002
00000002
00000000
3004A02A
9782ABB1
B3D30C87
33A0B3FD
71E86679
FFAB1212
00A8F4FC
E405D23B
00000000
00000000
00000001
00000000
00000015
00000000
00000000
DF364E58
A63784A6
00000001
00000000
00000016
00000000
00000000
7BC31352
00000004
00000004
00000000
B7F9C88C
18EF153C
8B0F980F
A4A5B8E5
0C3B23E5
647639B1
19293F55
B8FE9BC6
79C4C3F1
174EC28C
0800D7CE
944DE5EA
B4DD99D4
2C5D1AD4
D304DFFC
4601EC8F
C1585D00
AC6D0160
E5FFE560
7806BEFA
6C185FD9
CDFE98BA
BD428919
A6139C31
00000000
00000000
00000000
00000000
00000000
00000001
00000000
00000018
00000000
00000000
C3A68B77
00000001
00000000
70CE636C
00000001
00000000
ACBAC572
00000000
00000000
00000001
00000000
00000019
00000000
00000000
4ED4E1B3
00000000
00000000
B91C1638
00000001
00000000
D6F62A53
BC91FFAE
8FAF8E0F
8667A9AB
A7FC2FD9
CB237F08
8EDE1CE5
76AD9526
8CB1A9FC
1207095E
46F590E7
F28DD79C
954FDC9A
71A493C1
D86BE10F
59CF9891
00000001
00000000
0000001A
00000000
00000000
AAA87ED7
00000001
E3C1EE68
00000004
00000004
00000000
00000001
8451725A
7773BF47
B88A475F
24A04EB8
8602796A
605A2F25
569BF9B2
00000000
A8DBEA14
F93AC385
1567185F
AFBEEFDE
CE6CE5E8
453960A9
36894D69
00000000
9F6E5F26
1DD07D2F
2517D7F2
73635A31
A1A5F832
792802B3
213B552B
00000000
BBFE914F
8E3AB9D9
F8121FE9
B31C30FB
AB1E2902
D65009A9
E125B87A
00000004
00000000
60033484
B0C9D644
6645FF12
5009774B
00000000
00000000
95D84751
00000091
C314D1CF
00000003
6FE002C1
9F7AFF85
00000054
D272B996
0000001C
00000000
00000000
F15CAE04
00000001
00000001
00000000
00000012
00000000
00000000
F0DA7B9C
62412CB8
4F299151
00000096
00000007
00000000
31727473
00003439
00000001
00000000
00000001
00000001
00000000
45668557
46B8EA19
AD3039CA
000000E6
00000000
00000000
00000000
00000000
00000001
00000000
00000013
00000000
00000000
C93E991A
00000000
00000000
00000000
00000001
00000001
00000000
0FF930B0
75B3C35B
D0A40C8F
82139AA9
00000001
00000000
00000014
00000000
00000000
FDD2BDE4
BE5929B0
00000001
00000001
00000000
00000015
00000000
00000000
FC3EC9F5
28E6F5D9
00000001
00000000
00000016
00000000
00000000
573E971D
00000002
00000002
00000000
52FE5586
12845820
F6F22D6C
670D6454
E7FCA769
6B1E3444
DCD961D4
1B5B6452
2B8318C8
AD610854
3BE267AE
138AC1F2
00000000
00000000
00000000
00000001
00000000
00000017
00000000
00000000
1DBA5467
00000000
00000000
09227C3F
9F60E2AB
D67BA546
00000000
49819ED9
49B623FF
7E5B94F1
66BE52D7
00000001
00000000
00000018
00000000
00000000
86AB93D3
00000041
00000001
5AA727B9
00000003
00000000
83F6B18E
D89C447C
64451319
00000000
00000000
00000001
00000000
00000019
00000000
00000000
E581D06F
00000000
00000001
011DA4E0
00000000
00000001
2BF3DF08
69078F22
B64EFB5F
CFAC7495
ED3C4AD7
C8F39489
540CE266
21364442
DB033F69
57FA503F
C32D3C05
D58D2E58
F65E49C2
F4DD89C7
8C9058F8
3CBF1CB4
00000001
00000000
0000001A
00000000
00000000
4FE8669E
00000001
E7EAA65D
00000002
00000002
00000000
00000001
0C52CB9F
AB718D20
725FC4CD
861522F6
DAE33DEC
44B19B14
F1D9F4D3
00000000
A290B0C0
7724A774
043A9236
94B7F98A
CD497FC9
A7619E9B
71E7EBB1
00000004
00000000
7660A117
E918C011
1CA7BC35
51AD4E78
00000001
00000000
0000001B
00000000
00000000
1CC14C1A
00000003
00000003
00000000
98085F42
13B78BA0
4FED0DE2
B26A14E3
000000EE
20E98EA1
00000041
780E631C
3D940B85
0000000F
F84E826E
0000001C
00000000
00000000
6FC109D9
00000004
00000004
00000000
00000012
00000000
00000000
0216D77C
AC432ADF
5B481925
000000A7
00000007
00000000
31727473
00003630
00000001
00000000
00000004
00000004
00000000
384CA9D3
E35ED14E
18E8A74E
000000C3
5CFB353B
F50DE014
649B6BA4
0000003D
87429285
240DE932
693CD040
000000E1
4168384C
272F657C
BF7AFD87
00000029
00000003
00000000
00000003
00000000
004B52DB
00000012
00000000
00000000
0FC2276D
23C6087F
18C21C13
00000025
00000007
00000000
32727473
00003336
00000001
00000000
00000003
00000003
00000000
FA7949B5
58EF7BE1
0A1C8F8C
00000092
81F37D0E
83A6FBEE
36894D4C
00000084
F8A3FEEA
AE66872B
3173780C
00000047
00000004
00000000
00000004
00000000
C7848973
00000012
00000000
00000000
9A8C8EE9
B98E9C2C
9B3B1B73
000000F3
00000007
00000000
36727473
00003134
00000001
00000000
00000000
00000000
00000000
00000004
00000000
00000004
00000000
59F352B9
00000012
00000000
00000000
B0296C30
5C16DDED
9EA3D50F
00000054
00000006
00000000
35727473
00000035
00000001
00000000
00000004
00000004
00000000
66D1FD69
023819FA
A6128FFE
000000EC
259D6E05
E8A22884
E11104E9
00000048
DFCEE14D
48EC88CD
127278F5
00000098
ECBB57E9
B3776D23
6C43ED47
0000007F
00000001
00000000
00000001
00000000
0000002C
00000001
00000000
00000013
00000000
00000000
4393CD37
00000001
00000001
00000000
8F5BE5E7
28F72212
83FAD0DE
00000002
00000002
00000000
2F4D5EA9
E20835BE
49E48555
965DD83D
6B06F5E6
69921EC9
D01629BA
CD60B762
00000001
00000000
00000014
00000000
00000000
40AC5252
B73998C8
00000000
00000001
00000000
00000015
00000000
00000000
E28F5DC9
41B24741
00000000
00000000
00000001
00000000
00000017
00000000
00000000
8EF01F58
00000000
00000000
691016D3
37F4FD4D
11FF8049
00000001
39D9C68E
64FF0121
54630DE6
A0B99D99
00000001
00000000
00000018
00000000
00000000
049B8CA7
00000061
00000000
8F8FAD07
00000004
00000000
B98148C5
E7CB3992
37A1B584
A6820AEE
00000000
00000000
00000001
00000000
00000019
00000000
00000000
D7127E97
00000001
00000001
DC4D2C12
00000001
00000001
92A90733
FBBE5D9A
AE73E5E8
95EC60A4
C4234E4C
62C034E9
2EC7C3C8
59FC155E
FB5A3EEC
D7FEC399
D8D4F456
1AA1B7E2
FE94B3C8
92BC46D8
412401B1
08F07827
00000001
00000000
0000001A
00000000
00000000
6BF1FB77
00000001
A478609D
00000003
00000003
00000000
00000001
C9507D3C
A865CB72
45A9A6BB
14F28B7D
9A328ED8
018FAA0A
B7EE4BF1
00000000
248E31FD
3BB87596
E8E3EAB3
40BC2C51
BFD7FB4A
A437E1E6
3BC4AA4E
00000001
03453E68
17128DED
0E64BC38
CF25F2F3
0BD31EB8
3664E54A
CD95FDDC
00000004
00000000
C3B4ADEA
E5D09F61
F4CEE5D0
38C12466
00000001
00000000
0000001B
00000000
00000000
97818A6E
00000004
00000004
00000000
9DFF8258
4C8C0191
78DA4422
83A52D80
90318F39
00000042
97211F8D
00000093
ECC70FF6
D1F85C09
000000B0
FFBFD462
0000001C
00000000
00000000
05877D4E
00000003
00000003
00000000
00000012
00000000
00000000
CA592AC8
9F87E403
98A0A09D
00000062
00000007
00000000
34727473
00003834
00000001
00000000
00000004
00000004
00000000
50792439
1FCCAD74
8CE4B50C
00000018
CDF15ABA
FC7114CF
26CB1668
000000FB
83E3EF07
FCC1D264
F50020DE
0000009E
FCE7B4FC
03DB496C
45C73826
00000045
00000000
00000000
00000000
00000000
00000012
00000000
00000000
8227D8B3
A19AC054
806481F9
00000099
00000007
00000000
37727473
00003030
00000001
00000000
00000001
00000001
00000000
0DBAB4FB
E6B7D7B7
5D7D48F6
000000E9
00000000
00000000
00000000
00000000
00000012
00000000
00000000
1B9D7AD8
406CFACD
9A6811A7
000000B0
00000007
00000000
33727473
00003732
00000001
00000000
00000002
00000002
00000000
6448C98D
8266732B
8F55FD8C
0000008F
C61FD6FA
CDA9436C
BD6F82F1
000000F2
00000001
00000000
00000001
00000000
00000078
00000001
00000000
00000013
00000000
00000000
26B33D46
00000003
00000003
00000000
A49316B9
8FB16A01
6131AD1D
B0F2FECF
EF05967E
FBE632B0
68548935
74EB2F48
17B71386
00000004
00000004
00000000
838BEC30
60CCBC96
51410D8E
E335BACA
E8D19D70
CBEEBD39
4B16199B
FC78D872
65DA13DB
19F91AED
69D56FAF
89D6CDA4
E42EE516
E5DE0DC5
1EC48BF0
8DF9EBF4
00000001
00000000
00000014
00000000
00000000
CDECB92F
27FC0672
00000001
00000001
00000000
00000015
00000000
00000000
417C1789
0B33695A
00000001
00000000
00000016
00000000
00000000
5AE42EC0
00000000
00000000
00000000
00000003
00000003
00000000
3F701C97
7401B304
9B3CD4A7
449B862B
35F3DF29
6A349002
1AFA14EB
74D9A067
B4C81B88
4219958B
EE84F9DF
75C8CA93
00000001
00000000
00000017
00000000
00000000
4D6EB5A3
00000000
00000001
BB51A45D
C7125576
A8C62017
00000000
7F9CA046
35F606EE
1713E1CD
08B2F5C6
00000001
00000000
00000018
00000000
00000000
6849588A
00000001
00000000
71891B2F
00000001
00000000
48647C87
00000000
00000001
00000001
00000000
00000019
00000000
00000000
7CC4D663
00000001
00000000
43B78C5E
00000000
00000000
51D827F5
8F97AD1D
AC02116A
BB4D788D
31B00B55
708530E4
396CC677
B41DA7F1
9BB9B728
6A4C3B04
1D22D452
6E00694A
A44CBAF5
89C27B46
9B851609
C80555EE
00000001
00000000
0000001A
00000000
00000000
BCD9C679
00000001
103BC325
00000000
00000000
00000000
00000004
00000000
B82C476E
F83CB920
E109430F
F9E5BA00
00000001
00000000
0000001B
00000000
00000000
0E1CFE0D
00000004
00000004
00000000
FB101171
5E10B7AC
2A715DB3
5E8DC29C
4FA560F5
0000003C
E82FEA55
00000047
386C57F9
A17106B3
0000001F
2F45A680
00000000
00000000
00000004
00000000
54A19496
0000000F
823414B6
00000099
C34808DB
000000BA
5060DF08
0000000F
// vkCreateGraphicsPipelines[6]
00000041
00000000
66EF567D
00000049
9F518903
000000AF
00000004
00000004
00000000
0000001C
00000000
00000000
72440213
00000000
00000000
00000000
00000001
00000000
00000013
00000000
00000000
DE9B88A5
00000002
00000002
00000000
FE037EA2
2C76DCD9
39AE71F9
C91D4E02
626008E4
1C525EE9
00000001
00000001
00000000
94B28690
A913CCCD
6A0AED82
9F078BCC
00000001
00000000
00000014
00000000
00000000
6AE633CE
05F61A81
00000000
00000001
00000000
00000015
00000000
00000000
B9840895
9BFD1954
00000001
00000000
00000016
00000000
00000000
85CB5D78
00000000
00000000
00000000
00000004
00000004
00000000
A6C5F062
4261C4E6
31985D52
C0DC9A7F
7D0600C1
6CC8A43C
FA0486EA
9B263C67
3DF87D24
F129FC6E
799311D7
062DC764
9E6A36FD
AD637EFE
00667E2C
24DAF2C4
00000001
00000000
00000017
00000000
00000000
AABBF00E
00000000
00000000
837E955F
052A3C30
CCDE6326
00000001
88230A17
A7A014F1
34C9E5DE
80446CB5
00000001
00000000
00000018
00000000
00000000
BE3B9DED
00000000
00000000
50B00575
00000000
00000000
00000001
00000000
00000001
00000000
00000019
00000000
00000000
3EEC3DBD
00000000
00000001
1F136A00
00000001
00000001
74E3ECE1
80DE87D2
F50D94A4
1D39CC21
9235B7AB
8A943115
5B6991CF
91573C72
540F2CAB
5906D56A
45626DA8
6ACE13AF
B51F50D9
8B057ECB
5A8DC85B
99440BE3
00000001
00000000
0000001A
00000000
00000000
63E06110
00000001
D8592EF9
00000004
00000004
00000000
00000000
EA79DBB6
11CEE55D
7A4D2CCA
6916DB4B
8EF376DD
2FC0080F
D94CE0BD
00000000
916ED6A7
50E1F06A
D7BF56CD
4DE629F5
1E2FAA35
3E90773E
E76B5A35
00000000
52000099
C7E919D3
2A665E52
6AAA656A
3E52453A
E2BB00C5
54D57793
00000001
2796A242
1599EA75
F2E54136
B7B25D6B
F83B1234
F91F2078
BDC2F414
00000004
00000000
E633E2A4
BCDCB708
C6DEB921
D7D1354D
00000001
00000000
0000001B
00000000
00000000
C6CFF315
00000003
00000003
00000000
1F424A8B
EF4A1B27
CE4A1172
E3F378AF
00000070
363EDA5D
0000002A
8AE21664
DB34F4ED
0000000F
E0F44A8D
0000001C
00000000
00000000
0D54E603
00000004
00000004
00000000
00000012
00000000
00000000
2E83002E
9D059B4D
21708381
000000E7
00000007
00000000
36727473
00003732
00000001
00000000
00000003
00000003
00000000
844B4FD3
C86AFADB
620CA10A
000000DE
A5C2DD8D
E1F261E0
0E2BB477
00000094
A9F65BDE
9A15A32C
D437F843
000000E3
00000000
00000000
00000000
00000000
00000012
00000000
00000000
A8243AC2
16D13C8A
60BB3063
00000001
00000007
00000000
33727473
00003133
00000001
00000000
00000001
00000001
00000000
BF73A9AA
BC18BB89
FD8329A9
0000009E
00000003
00000000
00000003
00000000
00BDD97A
00000012
00000000
00000000
50AD7849
FAB36F3D
585C6DF5
00000021
00000007
00000000
35727473
00003334
00000000
00000000
00000012
00000000
00000000
E0A8B053
A31C5204
81A940BB
000000DB
00000007
00000000
36727473
00003536
00000000
00000000
00000000
00000000
00000001
00000000
00000014
00000000
00000000
D0AA1A54
6A260A93
00000000
00000001
00000000
00000015
00000000
00000000
33F13F1A
538878B6
00000001
00000000
00000016
00000000
00000000
AE72588A
00000000
00000000
00000000
00000001
00000001
00000000
D69628C3
E1FBC151
0C04807A
CAB8E3E1
00000001
00000000
00000017
00000000
00000000
166E9DAE
00000001
00000000
8CBD78D9
CD806416
0696638D
00000001
C20CD133
FC3DEA7B
D3B3D70F
0471F3FE
00000001
00000000
00000018
00000000
00000000
51B8C938
00000000
00000001
D8AB7B44
00000000
00000000
00000000
00000001
00000001
00000000
00000019
00000000
00000000
C017DAD8
00000000
00000000
E89F35A8
00000001
00000000
5E105474
F1950ADF
CF4C9AAB
B22C83B9
81946142
F19C8753
84641108
D792C657
329B14A2
6A0FCAA4
2E6CC4E3
19B08EFC
57297801
08FEE4BD
C029A4AC
A6E6BDF4
00000001
00000000
0000001A
00000000
00000000
DE45EE41
00000000
950F7443
00000001
00000001
00000000
00000001
BB80A73F
708B04AD
FA61EFAB
430FEEB3
0F739AF3
4450174D
672A54E4
00000004
00000000
D23C17AD
6BD35A84
51DDB8D3
B9D001CB
00000000
00000000
3BB73251
000000C6
7D747A05
0000002C
08B1EA89
4BCA9DFF
000000F8
411C149F
0000001C
00000000
00000000
3DBE590D
00000000
00000000
00000000
00000000
00000000
00000001
00000000
00000014
00000000
00000000
7EF12545
EAC6B79C
00000001
00000001
00000000
00000015
00000000
00000000
2D22E9E3
693AAC3A
00000001
00000000
00000016
00000000
00000000
DCB9C70C
00000001
00000001
00000000
D3D5CC1D
6E894AE6
49E4DC19
F879F02F
B838A899
3CF25598
00000004
00000004
00000000
412E5EE1
3291464B
61F5BB37
5DE51C8B
AA77CBF5
2D65E99A
4BB3DEB6
1440D5D6
78510D02
AC3D5313
D9E9056B
67BE83AD
D257C3C6
56CE1E57
A4B42864
E6094352
00000001
00000000
00000017
00000000
00000000
16876B0F
00000000
00000001
4956421A
FB93FA81
2A9F9766
00000000
40FBAC70
D608C8C3
C2B64643
33ECFF97
00000001
00000000
00000018
00000000
00000000
7FF4AAF7
00000000
00000000
58E56A39
00000000
00000000
00000000
00000001
00000001
00000000
00000019
00000000
00000000
35822604
00000001
00000000
BAD7E50B
00000001
00000001
29CF08FA
0654E37E
1154808E
66A0FFBD
FA0826C6
31CC7F56
E8D394B9
2BAEC162
C76A3F37
F6236BC4
10F5E77D
7C509E1E
631116F2
9DC2D165
43F2A3C9
6FF10396
00000001
00000000
0000001A
00000000
00000000
9E471148
00000000
1EEC814D
00000001
00000001
00000000
00000000
CFBEC6F4
8BB73F37
5D171893
7FF93008
1AE32F3F
3BD073AF
7F2D0279
00000004
00000000
40401039
BF9E0389
F773163D
8FB99815
00000001
00000000
0000001B
00000000
00000000
CDB587D6
00000003
00000003
00000000
DA243F17
FFE8B562
2E34D700
F411590B
0000007A
C83D824F
00000012
DFB3FE7F
3E7FC2B3
000000FA
9295642F
0000001C
00000000
00000000
BA236D39
00000000
00000000
00000000
00000001
00000000
00000013
00000000
00000000
15E37B29
00000003
00000003
00000000
8D0E3122
0A6FF20A
7EDEA524
07B818F1
BF66310A
B04692BE
D0BFABB2
2832F4D6
345C50A2
00000000
00000000
00000000
00000001
00000000
00000014
00000000
00000000
76DAE782
CD31A96B
00000000
00000001
00000000
00000015
00000000
00000000
1F2AE4CD
11E5931E
00000000
00000000
00000001
00000000
00000017
00000000
00000000
CD79BCD0
00000001
00000000
F144BF18
7B562053
45D99FE0
00000001
597A8142
895D6D4D
BA6D2BDF
F22B7714
00000000
00000000
00000001
00000000
00000019
00000000
00000000
27E4FE14
00000000
00000001
A2481A71
00000001
00000000
E592C202
9AA5B3FF
EEC9DFCB
0A806569
C81A8DDD
6DED4145
FBC9A927
F6782302
73A712C7
996997C2
67457D47
CD91F2AE
8852782C
54FD4917
6D0C07D0
00B2BCE6
00000001
00000000
0000001A
00000000
00000000
4D4D7FF2
00000001
95E0CCD4
00000000
00000000
00000000
00000004
00000000
EFFD8EF9
C431D954
AADC45A2
726A7D90
00000001
00000000
0000001B
00000000
00000000
3336384B
00000004
00000004
00000000
51C36716
E8D04A09
D59586D1
7A9B247D
DD2C3B6D
000000FB
0F3ACD6D
000000F1
56228299
E79CCF7D
00000088
DDBA2830
00000000
00000000
00000004
00000000
D89170B8
0000006D
944C3C65
0000000E
34324BF2
00000079
FE6D5F22
000000FB
// vkCreateGraphicsPipelines[7]
00000041
00000000
B1F5766B
0000007C
2005F4C9
00000001
00000001
00000001
00000000
0000001C
00000000
00000000
A560062F
00000004
00000004
00000000
00000012
00000000
00000000
14D73FC2
A10BC11A
DC183AD5
000000CC
00000007
00000000
36727473
00003035
00000000
00000000
00000012
00000000
00000000
0D22C174
A5D6E260
0A8A402D
00000048
00000007
00000000
36727473
00003235
00000001
00000000
00000001
00000001
00000000
A64FFC2B
82B483C8
E43C669B
0000008E
00000000
00000000
00000000
00000000
00000012
00000000
00000000
402D391D
17768116
A69195DD
00000088
00000007
00000000
37727473
00003638
00000000
00000000
00000012
00000000
00000000
7C77F436
9A17566A
9613C407
00000093
00000007
00000000
33727473
00003230
00000001
00000000
00000003
00000003
00000000
14DB36FF
A999FF19
60A4DAC7
000000FB
0686B3FD
1D7CD3A9
6921743C
0000005D
F6C2CC4E
D8A41866
185F29BF
0000000C
00000001
00000000
00000001
00000000
00000009
00000001
00000000
00000013
00000000
00000000
AE59BB20
00000004
00000004
00000000
8FE02E28
4D89C39A
19BAA111
013D51EA
83AB6B95
E34B1436
18644C3E
CD3BB369
64EE34BD
4CC4D9E2
6C71ED6D
5DA1ABEA
00000002
00000002
00000000
EDFAFEE7
B11EFD8B
03BDF56D
0B819B84
14DE21BD
73C2650E
7BC39B36
F7A574E6
00000001
00000000
00000014
00000000
00000000
A114652C
8C70B038
00000001
00000001
00000000
00000015
00000000
00000000
4A8830EB
C4CFC39B
00000001
00000000
00000016
00000000
00000000
CAD32F76
00000002
00000002
00000000
D52DECFE
B068684D
1CDEC9AC
2B2DDBB4
A5C87390
455F511C
25997FF2
2C610552
B6BED0C2
44A488EA
80B3ED0C
121C82FF
00000003
00000003
00000000
F8D9E53C
10E4D323
81BCD78A
8CFE78CC
A26A5AC7
063B12A4
41F3D320
2A01680C
37574111
0FA71E0C
5FC0CD21
126B5F0F
00000001
00000000
00000017
00000000
00000000
05CD2D3D
00000000
00000000
10439BE6
9269DCA0
0FE0B438
00000001
37587474
2C080764
5F6AE055
B2557D04
00000001
00000000
00000018
00000000
00000000
E94AB74D
00000041
00000000
EF152AEB
00000003
00000000
32A6D034
E805C445
ACF1A0E8
00000001
00000000
00000000
00000000
00000001
00000000
0000001A
00000000
00000000
E44A862B
00000000
7D3C866F
00000001
00000001
00000000
00000001
7E427559
CE9DFF01
54A12B22
763B223D
3947D21C
84C8811C
1EEC271C
00000004
00000000
6F98E901
175793ED
381D8A9D
916A15E9
00000001
00000000
0000001B
00000000
00000000
32164A56
00000004
00000004
00000000
13615C0E
B0910722
1E9083B3
4F59ECDA
87FD8FA9
00000080
BC3653A3
000000DE
7062DCAF
416B8677
000000C6
F1CAD06D
00000000
00000000
00000001
00000000
549C64D7
000000FC
// vkCreateGraphicsPipelines[8]
00000041
00000000
608DE573
000000A1
1411BC5D
000000B5
00000000
00000000
00000000
00000000
00000000
00000000
00000000
// vkCreateGraphicsPipelines[9]
00000041
00000000
A1CEC8C9
00000060
5B25DD4B
000000A4
00000004
00000004
00000000
0000001C
00000000
00000000
ABE2B504
00000003
00000003
00000000
00000012
00000000
00000000
FA3038CD
6B2A0E24
FE3F6751
0000003D
00000007
00000000
39727473
00003532
00000001
00000000
00000004
00000004
00000000
C13FA1B4
69FD3E59
A12973FD
00000043
D0AF48D6
3E0A7F65
F872E9C6
000000EB
5D195FE9
AB54062E
3B742DE8
000000D8
8318D1BF
70C78566
11C6EAC6
000000ED
00000003
00000000
00000003
00000000
00FD461C
00000012
00000000
00000000
7BD0CE1C
7B9B4E0E
3E54E01F
0000006B
00000007
00000000
32727473
00003430
00000001
00000000
00000002
00000002
00000000
CE01BA3E
8F5F10AE
72B9185B
0000002A
500D56BA
2C7D9FC6
510FD219
000000AB
00000003
00000000
00000003
00000000
004A8EB8
00000012
00000000
00000000
BF904908
1C51BAA2
15210923
0000000A
00000007
00000000
35727473
00003637
00000000
00000000
00000001
00000000
00000013
00000000
00000000
9AC32963
00000001
00000001
00000000
13EA9672
CD2152CA
1BE64974
00000003
00000003
00000000
E15C344E
069B9BC6
E357243F
B61778EF
178332D9
81ED8E34
A44D6DE0
09060481
90D483BA
4CA07A18
9279AAB5
361DC3D4
00000001
00000000
00000014
00000000
00000000
7C73FBE3
94AB945C
00000001
00000001
00000000
00000015
00000000
00000000
0B49F601
5713026A
00000001
00000000
00000016
00000000
00000000
EF2209E9
00000003
00000003
00000000
BA9223A8
4A6D838D
0D442CD5
CAB07093
958927BF
1621AD83
182145DA
C24E1EEE
A06710DA
F126021F
62D09398
59589374
51554F37
3307E0B6
BA045796
3362267F
C55ABFB4
2DBF406E
00000000
00000000
00000000
00000000
00000000
00000001
00000000
00000018
00000000
00000000
B941A106
00000061
00000000
69B57CCC
00000004
00000000
87D09FC7
D81788A5
23FF382D
6EDE0194
00000001
00000000
00000001
00000000
00000019
00000000
00000000
84696E4D
00000001
00000001
8FED292B
00000000
00000001
28A18957
11494B1A
26FDE7FB
44FABA35
F552441F
00FE0937
55BA98B9
60B76655
5831B531
717D7BBB
5003EA05
9DA13C5B
40B10D79
B0CDAA31
64431902
E42D8815
00000001
00000000
0000001A
00000000
00000000
535CC1B4
00000000
72280F8F
00000003
00000003
00000000
00000000
87043BF7
E069E2FA
C688556F
3E5AB8E2
4B27353C
B7B5721E
12C048D8
00000001
F6FD9348
AADBCFB6
7A1BB3CA
2D0B6FE8
553A61C5
D011A924
967CB2EB
00000000
6D6506B1
FEC27DC9
DF7830C7
6D049889
FC003A9C
04F76A45
F081D00E
00000004
00000000
82B60DE6
A18FA4CF
664E2CFA
345D5F28
00000001
00000000
0000001B
00000000
00000000
8E3F66EF
00000004
00000004
00000000
E4269355
289AF0FA
CC9A85AC
0A98FC94
0E268977
00000002
52996447
00000095
17E80EB0
5AE66F9D
0000009F
EFF52E30
0000001C
00000000
00000000
32058C48
00000002
00000002
00000000
00000012
00000000
00000000
4D413CDB
15B33205
45DE78D7
00000014
00000007
00000000
37727473
00003630
00000001
00000000
00000003
00000003
00000000
138739F5
072EAC05
73075BBB
000000CD
18A93B36
D636D187
D765DB6A
0000005E
C5C7A4A2
7ECE7B1A
783E3D55
0000008A
00000000
00000000
00000000
00000000
00000012
00000000
00000000
38C53675
ED55B22C
B6806507
000000C9
00000007
00000000
35727473
00003933
00000000
00000000
00000001
00000000
00000013
00000000
00000000
834589CC
00000000
00000000
00000000
00000000
00000000
00000000
00000001
00000000
00000014
00000000
00000000
5AE1128A
9ED54448
00000001
00000000
00000000
00000001
00000000
00000016
00000000
00000000
E1997391
00000004
00000004
00000000
4E5AC850
57C79436
C9EB4454
5CC60803
58DAAD95
41E3A82A
EA0A6EAA
014BC6BC
B3FBB101
50DC89B1
A1C9A675
98907F68
47C44CAA
27AC2093
7D565640
C3E12449
E43540C9
DB09927E
4B86597A
C62D33EF
FCB18119
AB3BB76C
DD104F23
FA4635A4
00000001
00000001
00000000
F5FD5D09
D5ADD4B5
E0BAEA09
15DC00EE
00000001
00000000
00000017
00000000
00000000
33296D07
00000001
00000001
D73C9799
D387F9A3
EA4A2F7C
00000000
2DF4007A
973C9756
0F9DB60F
D30BE0F5
00000001
00000000
00000018
00000000
00000000
B6D093B8
00000041
00000000
6615BD2F
00000003
00000000
C5D73337
06DC30EE
3135194D
00000001
00000001
00000001
00000000
00000019
00000000
00000000
B1EAC884
00000001
00000000
ADC17E63
00000000
00000001
AD2A12D2
25D43E9B
6681ED36
8311AF3C
B6947BA4
44742719
EDF058AB
F45433DE
DC756673
2BFDA582
01B9A9DD
898C1D19
07828E6C
096C8784
C8AF3178
A34A7D13
00000001
00000000
0000001A
00000000
00000000
48E2B382
00000000
6C9A4762
00000002
00000002
00000000
00000001
BBDC3C1F
FB646C39
6CBE19AD
9FEF1227
5C9D00D9
ED388DB1
4E66BDA6
00000001
4F6BDDB2
CB9EEEE8
DFDD3B3C
3B633AE2
6BB87AD7
D095E477
A0FD2849
00000004
00000000
FC9DDB33
4D49D74D
819FA96A
B8E57048
00000001
00000000
0000001B
00000000
00000000
CD59F93C
00000000
00000000
00000000
5E3AF9C5
000000EB
FF843DC7
000000F1
F3066803
81146035
00000036
5091A423
0000001C
00000000
00000000
D51854BC
00000002
00000002
00000000
00000012
00000000
00000000
9EC8EDC2
6CEEE98D
AC8B14A9
000000D4
00000007
00000000
33727473
00003738
00000000
00000000
00000012
00000000
00000000
48FB14C5
AE5F6FA3
2CB407AD
00000065
00000007
00000000
39727473
00003830
00000000
00000000
00000001
00000000
00000013
00000000
00000000
4D2C61B1
00000003
00000003
00000000
0B20AEB0
595C2C4F
2317DB5F
BBE3F744
D1B3E2F1
39C55C59
0626EF9D
E5267F6B
B1546E24
00000004
00000004
00000000
084018EE
04F934E3
324F08D4
061F6F73
454E8178
1DD1A853
E6262F6F
DC87D942
4D16D153
C6468479
A94A217B
F23420DD
A9596303
AD960882
E9923B56
95363BA4
00000001
00000000
00000014
00000000
00000000
3581F470
9A6150A3
00000001
00000001
00000000
00000015
00000000
00000000
1B66F447
D66667E1
00000001
00000000
00000016
00000000
00000000
FF0074D9
00000001
00000001
00000000
77868D3E
424F7615
4AF63D7D
D889D37A
D9794A6C
924E94F4
00000002
00000002
00000000
968C5C8E
8DE49ACE
4AC650D7
EEDF575E
D701D489
065DF79E
2EE8DDF0
C7AF8CA0
00000001
00000000
00000017
00000000
00000000
838CCC15
00000000
00000001
E4AB0059
FFDA441F
49F32A55
00000000
D728843E
309DDE87
850A263D
1E248C7B
00000000
00000000
00000001
00000000
00000019
00000000
00000000
73404DEE
00000001
00000001
4142FD6C
00000000
00000001
4FD92B2A
4D386B3C
11446EBF
65C6D6AE
3AE983E4
F2DA9697
7900A220
3F867E61
54865D4A
C3D492D3
34FB2FB3
744FD968
CFFBE34B
9E06F462
A295BA2C
E62DD271
00000001
00000000
0000001A
00000000
00000000
8006607B
00000000
17CA3CC3
00000002
00000002
00000000
00000001
440592CD
757986F7
97704838
29B43025
052B0BE2
E0945E55
210A2EA8
00000001
6A5CA085
E4271096
6814A45C
E60F9D1F
CDDED9B9
13B2EE3D
65CE8694
00000004
00000000
281D3941
23A3096C
57933067
ED8DC720
00000000
00000000
171EAF83
000000E8
4FC473F7
0000004A
9175B4DE
3D12D005
0000005F
B6092604
0000001C
00000000
00000000
E925126A
00000002
00000002
00000000
00000012
00000000
00000000
A6C8A35A
10151D6B
52B10B27
000000EE
00000007
00000000
36727473
00003738
00000001
00000000
00000002
00000002
00000000
32A32E69
0DEA79B6
6397140D
000000EE
1BE29C5B
E84AD420
AD861A4C
0000001C
00000001
00000000
00000001
00000000
00000054
00000012
00000000
00000000
82025E96
E6CDE325
D905AD4F
000000CB
00000007
00000000
31727473
00003730
00000001
00000000
00000001
00000001
00000000
D75FBEDD
D2CD631A
D34D0100
000000A3
00000004
00000000
00000004
00000000
CC4DF809
00000001
00000000
00000013
00000000
00000000
76AF7B34
00000003
00000003
00000000
ACE43DC3
8A79C2AB
84060324
29896130
46376A82
E23D04E6
884A7AAF
85B71B55
EB381663
00000003
00000003
00000000
64752851
E1DE8B64
B830A786
98C52061
501E6627
19497E9B
7969B994
D773F914
7401CA2D
2649A683
F94B58D3
F918F4F5
00000000
00000000
00000001
00000000
00000015
00000000
00000000
0DDEA437
61E127CC
00000001
00000000
00000016
00000000
00000000
CFE3EA93
00000000
00000000
00000000
00000000
00000000
00000000
00000000
00000000
00000001
00000000
00000018
00000000
00000000
CB5221E6
00000001
00000000
8153F825
00000001
00000000
36B30A45
00000001
00000000
00000000
00000000
00000001
00000000
0000001A
00000000
00000000
E46261F6
00000000
DF464DF0
00000004
00000004
00000000
00000000
8F597F12
AF139044
F15A8ECD
20934676
4D0E6CE7
8D498B1E
6854331D
00000000
6A73614C
AD86306E
FA959C08
C7164E8B
FFAECB3B
827819D5
B6588180
00000001
DBD8994A
97CEFF92
96BA3B0C
1C1D648C
B8F11BCB
C357EBBF
21787EED
00000000
762958F9
39A0873F
74D8488F
F348101F
B89503EE
4CDC4B61
79343BED
00000004
00000000
13901B5A
A549A711
966458C1
D90452A3
00000000
00000000
FEDAA161
00000091
5DBF3197
00000040
D8D98F77
BE54CFBD
000000B9
181A6E3F
00000000
00000000
00000004
00000000
E7359392
00000062
26A3EF02
00000069
F7A1C376
00000002
B03AD839
00000047
// vkCreateGraphicsPipelines[10]
00000041
00000000
D58A6FFB
00000038
674994F1
00000022
00000002
00000002
00000000
0000001C
00000000
00000000
589918EE
00000002
00000002
00000000
00000012
00000000
00000000
3B266CB0
CCCD97B4
DCA23A17
000000CE
00000007
00000000
35727473
00003137
00000000
00000000
00000012
00000000
00000000
31FE6171
408C71EF
EBA9599B
000000E0
00000007
00000000
34727473
00003836
00000001
00000000
00000004
00000004
00000000
DDB3AD97
7498662B
5B74C600
00000042
8B514D40
4613E474
3D86AAA8
000000AA
92B6F0BD
1BD9357A
B02E4CF6
0000001C
92A7B710
3E6DB475
453929EA
0000002F
00000000
00000000
00000000
00000000
00000001
00000000
00000013
00000000
00000000
8C3C2218
00000002
00000002
00000000
C333D3A3
22BE70DA
F4826AE9
637A4221
9F16FC0C
A4DF4373
00000001
00000001
00000000
4F054637
C2E4DC6D
CA68262A
50EA34F8
00000001
00000000
00000014
00000000
00000000
7AE72FA9
551044D6
00000001
00000001
00000000
00000015
00000000
00000000
F4057B02
E4E205D5
00000001
00000000
00000016
00000000
00000000
5DF62EE7
00000004
00000004
00000000
A77142D0
2A0E276C
E3746184
A2ADE38F
3420AF81
494137C0
C6193D0E
CCA67DA0
C8BFCB48
23E49196
5D79704A
A4072A68
11246E2A
F9DF3F18
0E498BA0
6868F579
63EAA65E
6C9F5913
A12A7BAE
B0509BA4
957F5E67
9FFC0183
C697E158
E61E14A1
00000002
00000002
00000000
B340A7DC
D1F38A5F
4AA895C7
E4C17192
3D97C793
B12E6793
D5D5ACFA
10A4AFB6
00000000
00000000
00000000
00000000
00000001
00000000
00000019
00000000
00000000
1A287AC1
00000001
00000001
F55E2F04
00000001
00000001
59BECDFE
E9976F70
6CD960E9
2B4FC701
5348C984
C8DFB11D
C38FA23F
68E80196
8C2E5E09
2CB2BA8B
0339F59E
E1615E1D
88B014B2
3B9D1334
CCDB91F8
15CA9786
00000001
00000000
0000001A
00000000
00000000
FFE264C8
00000000
ED4F0131
00000002
00000002
00000000
00000000
3E1286F1
F795E494
AE46EB72
6E569F9F
715C15FD
9732ECD0
C761FA4A
00000001
2760A6C0
93F6D7BD
CB12F7B6
6BD6AA4F
6B4B066D
AC4E6235
6604C8A9
00000004
00000000
7AD2EEE4
49E5BF0C
F1BD0788
1957CD21
00000001
00000000
0000001B
00000000
00000000
3D3BBF12
00000004
00000004
00000000
8C60B4EA
3F6990E9
E9A7F052
A2674106
EAE0CB77
0000003A
7A086127
000000A2
024BD1F9
D9773577
000000D8
1575B622
0000001C
00000000
00000000
67D995E6
00000000
00000000
00000000
00000001
00000000
00000013
00000000
00000000
982DD73A
00000004
00000004
00000000
C58938EC
4A1E8E32
1DADA2E4
893FFB97
339B242F
8CA927AE
814F18BC
6D80833A
F356C103
6907D4F1
A89EEBAB
A395BEDB
00000000
00000000
00000000
00000001
00000000
00000014
00000000
00000000
EA4BB20D
106BECA6
00000000
00000001
00000000
00000015
00000000
00000000
419D60D3
0460B61E
00000001
00000000
00000016
00000000
00000000
FB401DD9
00000001
00000001
00000000
E1286AF9
5CCD996B
BBD70CC4
7E3480D0
608D1036
30C56CFD
00000000
00000000
00000000
00000000
00000000
00000001
00000000
00000018
00000000
00000000
88564E5F
00000061
00000001
C76BF5C3
00000004
00000000
9190C301
6E953AB7
858806C0
5096307D
00000000
00000000
00000001
00000000
00000019
00000000
00000000
898DAE58
00000001
00000001
3A4B9765
00000001
00000001
8F53D77E
399A9427
9339C226
70C7C7D5
D733522F
D8E296AF
2DB36720
17D4F1C0
9CABE3D1
05A4C451
4E316BCE
EC7AB903
46367445
B205206D
B259B4A3
72AAE696
00000001
00000000
0000001A
00000000
00000000
43EAB854
00000001
99C24E3B
00000003
00000003
00000000
00000000
5581B6C9
C2B0E0A2
6CB8042B
3AB2CE7A
EDA42537
11B1E300
27DBCD74
00000001
97C8AB5F
EEC20C8B
FB2A1B6F
4AFF3597
F661FE4C
B59928EA
CEEE000D
00000000
8CA23E07
8B0C40CF
C1684176
3B76AB28
BE72506E
94E81F13
2B16B08F
00000004
00000000
CE6B29C5
6BDDCFF3
2766C467
78E53B6A
00000001
00000000
0000001B
00000000
00000000
40968D2C
00000003
00000003
00000000
2AA8BFBA
9D8281E7
6432A19B
8B97C30F
00000016
0AC450D3
000000A0
BA17264A
DD0AFA3B
00000055
D1FC0F26
00000000
00000000
00000002
00000000
6AEDE421
000000BD
86DD0CB2
00000061
// vkCreateGraphicsPipelines[11]
00000041
00000000
A83C793F
00000027
CEDF0BC3
000000B8
00000000
00000000
00000000
00000000
00000000
00000000
00000000
// vkCreateGraphicsPipelines[12]
00000041
00000000
54939A05
000000B2
3C4A1777
00000010
00000003
00000003
00000000
0000001C
00000000
00000000
20BC035F
00000003
00000003
00000000
00000012
00000000
00000000
9A131933
FA477CB5
0F60BA59
00000066
00000007
00000000
32727473
00003438
00000000
00000000
00000012
00000000
00000000
5823BC46
623F9EAD
F4E4B071
00000057
00000007
00000000
36727473
00003736
00000000
00000000
00000012
00000000
00000000
47D31C98
BF60CDD4
771244AD
000000E4
00000006
00000000
39727473
00000031
00000001
00000000
00000003
00000003
00000000
322C0313
E4C6A062
8F66F8DA
00000013
E71C1148
DC056E78
7D35A9EC
000000F8
9FE1D125
43CAC4D4
E27BD04B
000000DC
00000003
00000000
00000003
00000000
00D5A8B4
00000000
00000000
00000001
00000000
00000014
00000000
00000000
C6F605B8
BF7959E9
00000001
00000001
00000000
00000015
00000000
00000000
6B68C739
202CD588
00000001
00000000
00000016
00000000
00000000
0CB4610A
00000000
00000000
00000000
00000004
00000004
00000000
F349D2C4
D0B7C347
750F4052
DDD9F0D4
EC60D24E
73160208
444BB3FB
53980DF0
9B8468BD
D7DE86E6
93952291
17C5D8CD
93121DC1
6C5BD7FE
91760F99
EBCB4FD0
00000000
00000000
00000001
00000000
00000018
00000000
00000000
2A9A466A
00000001
00000001
88673A86
00000001
00000000
350B6C63
00000001
00000001
00000000
00000000
00000001
00000000
0000001A
00000000
00000000
3BB61EDD
00000000
53638B14
00000001
00000001
00000000
00000001
5E743C01
30C4C175
6208F646
FE82B830
ED59E792
5CF18D8C
B2586F03
00000004
00000000
4A35AD22
B96D819B
443DAD62
725F21DD
00000000
00000000
C399046D
000000A5
9C122225
0000007F
8521021F
CD3C5401
00000068
98F158F2
0000001C
00000000
00000000
2FB86C33
00000003
00000003
00000000
00000012
00000000
00000000
74BEBC26
CB24A492
9B3FB0B9
00000014
00000007
00000000
38727473
00003132
00000001
00000000
00000002
00000002
00000000
BEEB2041
78C223D1
6C1A1592
00000076
DB54E275
CA7507C7
FA38486F
00000083
00000002
00000000
00000002
00000000
0000D0B8
00000012
00000000
00000000
24932DA0
B639E01B
3ED71CC7
00000048
00000007
00000000
35727473
00003433
00000001
00000000
00000000
00000000
00000000
00000000
00000000
00000000
00000000
00000012
00000000
00000000
9215A1D0
493892C2
7B3FB7F3
0000005A
00000007
00000000
35727473
00003331
00000001
00000000
00000002
00000002
00000000
83F8FBC8
11DBE185
21FEFB99
00000040
E3F827ED
DC66EBD6
18173FA1
000000E9
00000001
00000000
00000001
00000000
000000F2
00000001
00000000
00000013
00000000
00000000
18C7508C
00000003
00000003
00000000
AE128A65
7DF4FE04
B6278391
91FBC19D
B2C58488
EB3EB3F9
409173BB
1717E41A
D61C3308
00000001
00000001
00000000
F37854AD
6B729724
A32B9914
F743D699
00000000
00000000
00000001
00000000
00000015
00000000
00000000
FA205680
E03E2F78
00000001
00000000
00000016
00000000
00000000
6F67B354
00000000
00000000
00000000
00000004
00000004
00000000
0DF566A4
8E95615C
7425D9B1
EA057062
AA7DFDA4
CC7D845C
0C346B83
9515E64D
9D95459E
AEA6C193
5EBEAC14
FD4FE35A
AD03D6FB
CF459D27
7FD8A84F
995CE4AD
00000001
00000000
00000017
00000000
00000000
FD39EDE4
00000001
00000001
18D603F2
40FC9BE0
537D8073
00000001
D142915B
C38C49B6
F91A0FCC
BA8B308B
00000001
00000000
00000018
00000000
00000000
AAEB4FDE
00000061
00000001
7304AFA3
00000004
00000000
E965BEEA
226027D4
C86A52D7
9C94387D
00000001
00000000
00000001
00000000
00000019
00000000
00000000
C107EFBD
00000000
00000001
65B9F4CF
00000001
00000000
A0EA5ED9
BF5FF742
D53FEAA8
4520D6C1
03007418
9D047145
4A410463
5B8AB00A
31D0BE7C
AFA42993
E4D3B1FF
52858682
5A6C4EA9
37DA55B1
C373E3F1
ECCAB1B1
00000001
00000000
0000001A
00000000
00000000
E00CA92A
00000001
9053C38D
00000000
00000000
00000000
00000004
00000000
2C653936
43FA0882
E32403DA
6DE4CC47
00000001
00000000
0000001B
00000000
00000000
9922FE7A
00000002
00000002
00000000
3342CFB5
36C6D8C2
19117403
0000007F
38F7D1B5
0000008F
F29C4506
8551F0E7
00000086
4E96DA9A
0000001C
00000000
00000000
C733CEB0
00000004
00000004
00000000
00000012
00000000
00000000
ADA79835
43E24641
6C5A4B1F
0000008B
00000007
00000000
32727473
00003233
00000001
00000000
00000002
00000002
00000000
50CB9C31
DE76854A
E99454B1
0000005D
F2302EE4
271DF4F9
4CE3ED17
000000AD
00000002
00000000
00000002
00000000
0000AAE2
00000012
00000000
00000000
D80F04E3
23306935
CDA64FEF
00000038
00000007
00000000
36727473
00003738
00000001
00000000
00000000
00000000
00000000
00000000
00000000
00000000
00000000
00000012
00000000
00000000
23B6D0D8
8F1771CE
F0BF9093
00000082
00000007
00000000
39727473
00003232
00000001
00000000
00000004
00000004
00000000
05A36292
E09EA005
EC85A462
00000080
6B40BB2B
C3C75790
059A0D9D
000000FB
B5738F4C
BB32C304
A4A84A2B
00000055
E0AA1AE0
8BC8C9CA
24D026EB
000000A9
00000003
00000000
00000003
00000000
003FD1E9
00000012
00000000
00000000
891EC390
45243127
5B768E13
0000002C
00000007
00000000
33727473
00003836
00000001
00000000
00000004
00000004
00000000
A75F5F8B
693F591D
E6E3BFB0
0000004C
AD8E99FF
1739A1B5
6B0433DB
0000003B
6C697BC7
F63CA5A3
BD1A1CAC
000000C9
11590004
56AAF950
3B8CAA54
0000000C
00000001
00000000
00000001
00000000
000000D4
00000000
00000000
00000001
00000000
00000014
00000000
00000000
7B44D07E
CB8B5BF3
00000001
00000001
00000000
00000015
00000000
00000000
C657E1EC
A56D45C6
00000001
00000000
00000016
00000000
00000000
CBD15627
00000001
00000001
00000000
652D2A07
A3B0D5B7
41E05B7A
B146DB31
1AA5A687
AFC65A3B
00000002
00000002
00000000
72D0688C
1B76E641
2D271F5B
BE7EDE9E
93F405C8
072A2EFD
10E9E533
37CCD7ED
00000001
00000000
00000017
00000000
00000000
5E880A6A
00000001
00000000
0662A7AE
FB76452A
53D977FD
00000000
AEFE38A6
0C3EEC36
A5D7CB7C
2835E417
00000001
00000000
00000018
00000000
00000000
826A3497
00000001
00000001
992B9E10
00000001
00000000
AFBFCCCA
00000000
00000001
00000000
00000000
00000001
00000000
0000001A
00000000
00000000
E1D54543
00000000
1844F8AA
00000002
00000002
00000000
00000001
2248A58D
785D7A80
52DAC3F9
8A9B2E59
3E25B8DF
932D85FD
3807CEB9
00000001
2B617E65
CCA24D4A
DA5BE64B
B1B70569
83E2384C
79609A91
404FF83E
00000004
00000000
BC39396D
674A6BFF
2D3119D1
97B69F7E
00000001
00000000
0000001B
00000000
00000000
07C72A13
00000001
00000001
00000000
D997B420
514BD077
00000055
144A56E7
00000055
64B54076
139D64FD
00000036
557683E7
00000000
00000000
00000003
00000000
36C28BC8
000000BB
4CF1C5CA
00000030
B4C63D68
000000EA
// vkCreateGraphicsPipelines[13]
00000041
00000000
EF062665
00000002
7FA8B59D
0000004C
00000001
00000001
00000000
0000001C
00000000
00000000
E18E2729
00000000
00000000
00000000
00000001
00000000
00000013
00000000
00000000
D1BD4947
00000002
00000002
00000000
FB8272AC
FCB04338
25EABD85
C2E2ED08
2412F864
815DC533
00000004
00000004
00000000
1255CD7B
8B12825A
CAEA7D7C
C7060798
7A4AC582
F2A768DB
1EFF747E
D2E9200D
FC633AC2
AA3E5EDE
ED810D19
526A0570
AA43720A
0B743817
F1AB849A
CD160B5C
00000001
00000000
00000014
00000000
00000000
EE411DD2
CD913034
00000000
00000001
00000000
00000015
00000000
00000000
52530EE3
491AF565
00000000
00000000
00000001
00000000
00000017
00000000
00000000
9BB75A9F
00000000
00000001
336771B8
BBA0DC11
87418080
00000000
2F1A8BEA
73DA460E
1F3BBA94
CDBFA9C9
00000001
00000000
00000018
00000000
00000000
577670A8
00000021
00000001
A707FAAB
00000002
00000000
33148DBB
E0614727
00000001
00000000
00000000
00000000
00000001
00000000
0000001A
00000000
00000000
104C71EE
00000000
0DE12CD8
00000002
00000002
00000000
00000000
32945429
EC125C84
02BFBCF5
E5B302D6
75B9DEC7
0334AA3B
38EB051B
00000000
C532CFDC
35AFC423
F72BB11F
1927F51C
5BB26CCC
1F0E678D
F69B46C4
00000004
00000000
0F4229B4
22599084
EAF9181A
8431339A
00000001
00000000
0000001B
00000000
00000000
6D52D1EE
00000001
00000001
00000000
83AC837E
298B4085
00000028
CE128AAB
00000013
9BDAC25F
1CFB21A1
00000050
FE879101
00000000
00000000
00000001
00000000
A8176776
000000D2
// vkCreateGraphicsPipelines[14]
00000041
00000000
A7DFDDAB
0000009E
F1F42181
000000F8
00000002
00000002
00000000
0000001C
00000000
00000000
E33D8B9B
00000000
00000000
00000000
00000000
00000000
00000001
00000000
00000014
00000000
00000000
B43D1876
6DD27EC9
00000000
00000001
00000000
00000015
00000000
00000000
28BDDBDF
720ACFEC
00000000
00000000
00000001
00000000
00000017
00000000
00000000
10AE18F8
00000001
00000000
3A0745CF
55196B25
1F6FBAA5
00000001
52AACED1
FA1C3374
11FF8A19
798610B4
00000001
00000000
00000018
00000000
00000000
0081A6BA
00000021
00000001
75B279E6
00000002
00000000
19192158
EAC2707C
00000000
00000001
00000001
00000000
00000019
00000000
00000000
D62FBB56
00000000
00000001
26A7971F
00000000
00000000
3D7E908C
F09F6537
0821350D
C6B91BE4
FC39D0A1
FA447917
45C5989D
962B9C60
35280ECD
7D8323D7
E25DDD7F
1A99EFEB
913C4272
7FBE8E31
7F3DF689
6CC4FC1C
00000001
00000000
0000001A
00000000
00000000
29532B64
00000001
073E870B
00000001
00000001
00000000
00000000
03C995F1
68593645
9CE51AF3
55A21543
371E92C9
0CEB1449
F2948CB6
00000004
00000000
DB533711
41E4ABB5
0DB6F527
0D661441
00000001
00000000
0000001B
00000000
00000000
5CF95F3A
00000000
00000000
00000000
D40B3589
0000000C
C5CF677B
00000083
250572C8
C2E33FFD
0000008B
CCAF1DCF
0000001C
00000000
00000000
84CC2340
00000001
00000001
00000000
00000012
00000000
00000000
BCDEE731
0272A734
00623249
000000A7
00000007
00000000
34727473
00003833
00000001
00000000
00000002
00000002
00000000
4E21E087
7BEA6070
C84581B7
000000C2
5403B0FB
004376DD
DF4D4D1B
00000055
00000002
00000000
00000002
00000000
00005B40
00000001
00000000
00000013
00000000
00000000
A8AA7161
00000003
00000003
00000000
3E7CA38F
EC554319
560CC81D
1C199EE9
588D7E2B
DB068816
4D12DD63
F44257EE
8E16EBB6
00000004
00000004
00000000
B563276D
8A03E2DE
7DC7F1EA
D7447653
A6C842AC
C6C228B7
588B9E16
8E749A11
2B510A17
5B686CC6
551A1E2A
6F4E22FE
913D241E
40F0EBC4
627B5018
DDDDEBB4
00000000
00000000
00000001
00000000
00000015
00000000
00000000
35FA4E90
4D7EFEA9
00000001
00000000
00000016
00000000
00000000
FA2BD6D8
00000001
00000001
00000000
C382A1B3
B496EE22
9BEC20AE
F893A245
17A31B80
FF4884F1
00000000
00000000
00000000
00000001
00000000
00000017
00000000
00000000
D073FC9B
00000000
00000001
79BC1D84
890E608E
FB88908C
00000000
0BC49A14
8F9AA3A3
6DFB4447
BE3C944F
00000001
00000000
00000018
00000000
00000000
988B8A82
00000041
00000001
F017ECDF
00000003
00000000
C81AA512
678449FA
1B31A3A0
00000001
00000001
00000001
00000000
00000019
00000000
00000000
B976A8AA
00000001
00000000
F3BA8535
00000001
00000001
5632B8E3
09B95F6C
1EFCB7E9
1E73D2B4
3D88FA30
986F25C4
FDFD5716
80B1B394
366AB74F
45E871DE
B03079A6
E4DBFC6C
4407E13F
7A0B3F6C
53D7A722
58FD8DA3
00000001
00000000
0000001A
00000000
00000000
600EEA31
00000001
553B2B8E
00000002
00000002
00000000
00000001
BE9EE871
4943A22E
746F34A9
8CE8F0B4
3CCAD1CA
549265E8
8F5689F5
00000001
370FBF6C
598389C1
7A0979F9
C3ED9A7B
8BFC25FC
860E412F
301C2031
00000004
00000000
88A23472
BD142EC4
28DF574D
0DCC0064
00000001
00000000
0000001B
00000000
00000000
92B8E2D7
00000001
00000001
00000000
CB28A47B
4B4A7E8B
00000073
435B274F
000000AC
EDD8ED22
0E6DA0B1
000000B9
2137B8F0
00000000
00000000
00000002
00000000
29A1ED2E
00000072
E462FF78
000000B2
// vkCreateGraphicsPipelines[15]
00000041
00000000
6E4FB90F
00000018
C310E1C9
00000047
00000003
00000003
00000000
0000001C
00000000
00000000
F7058AD3
00000001
00000001
00000000
00000012
00000000
00000000
41FBD803
B3856C23
10971EE3
0000000C
00000007
00000000
35727473
00003334
00000000
00000000
00000001
00000000
00000013
00000000
00000000
2350B5C7
00000004
00000004
00000000
939BA81C
B6C67D2E
18CBEEE0
D138FDF2
EADA6E05
E44F999A
C963E128
1043C319
55C57F63
D3DF5D29
7AF4B938
3B813D53
00000003
00000003
00000000
9C098C7A
CC85116B
945C364A
B32EF95B
CD5EEB98
31E8C44D
7DFA726F
0106ABCD
20EFE85B
BDFFB09F
D95D79B8
BFB727B5
00000001
00000000
00000014
00000000
00000000
30AEB6F4
BD101D16
00000000
00000001
00000000
00000015
00000000
00000000
C5B2C8D1
8E91CE5E
00000001
00000000
00000016
00000000
00000000
0B8AA23C
00000003
00000003
00000000
204ED8EE
E38CBB99
15BE6FF5
4C2A3CD0
72819A6B
C78B3007
C727EC9E
06DEECDD
B08277CF
95B93F58
A1C59D7F
980CE0AE
FF2E7E13
3F51F5CF
C86C8292
4F0EBDA6
0112FA13
754C939D
00000003
00000003
00000000
C7B1DCD1
8C78ADC8
AD6445CC
C225E1C1
00476C60
020FF887
351C68CB
3660836B
F0AD2604
4DBDE9AB
C6B264A8
D7172A58
00000001
00000000
00000017
00000000
00000000
EDCBBE0A
00000001
00000001
307509DD
55EA2FB7
011EB554
00000000
C1412573
B3222D1B
1CDCA330
0589D472
00000000
00000000
00000001
00000000
00000019
00000000
00000000
1F1A7F97
00000001
00000001
BAAA384B
00000001
00000000
7BDDC3BB
E382731F
90D11A16
55D8397A
F6BDAB58
5A740087
667EE193
456EB168
99B0571A
FC0D0682
93793D83
A289A62E
24BE5B75
48A196CF
EB36D176
DEACBB14
00000001
00000000
0000001A
00000000
00000000
827CC352
00000001
5D7BA28C
00000003
00000003
00000000
00000000
3547602C
1328A00F
1F526DF2
E577E85E
4703C15C
9492D756
4FBBAC12
00000001
9E1B7402
8A6D076F
9A805BB0
71131E85
3495C2B3
09689281
D5A460CA
00000001
543A927F
EDC3ECE3
1698CBE6
17220C2A
5EB520F6
1DD84963
1DD2A3ED
00000004
00000000
63F86BAC
BCA6DDA0
911B32E2
0EA63474
00000001
00000000
0000001B
00000000
00000000
765CD7E6
00000000
00000000
00000000
0D8C6EB3
00000015
3AAD7FCD
000000D3
A05ED597
FD043D27
00000015
FF903FCC
0000001C
00000000
00000000
4BDB56C0
00000000
00000000
00000000
00000001
00000000
00000013
00000000
00000000
D0D7718D
00000001
00000001
00000000
449AB316
E615953F
39D5D9EC
00000000
00000000
00000000
00000001
00000000
00000014
00000000
00000000
9C0C0B3F
C2B5D08C
00000001
00000001
00000000
00000015
00000000
00000000
E5124CDE
3A4D2AE1
00000001
00000000
00000016
00000000
00000000
847CA9BE
00000003
00000003
00000000
13AC7E39
B5B0EA96
4D6D48A1
071A483D
182D5A82
F84A6872
516B88B4
30B31707
FD0DE59E
39D85A5E
444762C0
21AFF9B9
F8508C17
A19B2AD0
F0C6ACE2
6CB8B951
2BDB2DA6
7732AE12
00000004
00000004
00000000
5C4993F1
CF4E732A
55DC992F
2ECAFD53
D9962B53
AA043FC1
748BEFCF
F8C19D68
8E57E4E2
BF29B384
2AD4E90A
9785A4E7
425B1C0C
CB7490C8
75B38B96
CA0CECCC
00000001
00000000
00000017
00000000
00000000
AD334BBE
00000001
00000000
508625DA
77EF9E86
8BF7CC24
00000000
01F29A00
2E2DF7FC
59092331
45F26093
00000001
00000000
00000018
00000000
00000000
D48DE81C
00000021
00000000
1864567C
00000002
00000000
EBC35343
835008D3
00000001
00000001
00000001
00000000
00000019
00000000
00000000
4AD93F86
00000001
00000001
B4A34420
00000000
00000000
5F9FD6B2
AD15E287
5855DA96
F6C158E4
2C9BA95F
CCF80495
17237702
E8AF0DEA
2F6A2EED
9B08DDEB
B8FB7D25
F4B11CCC
FD2A6839
C9A87DE7
5B95C650
30366A12
00000000
00000000
00000000
00000000
6FA1F74B
000000CA
9EC742AF
000000FA
9BDC2C33
E11B6875
000000E0
9406A18B
0000001C
00000000
00000000
88AF8F0D
00000003
00000003
00000000
00000012
00000000
00000000
57434010
74C4ECEC
C5095E21
0000007F
00000007
00000000
32727473
00003530
00000001
00000000
00000004
00000004
00000000
1E637DFE
ECB6E35C
DACA1935
000000FC
F9E3D95E
F04422EF
2D94F8C8
000000D5
E71B22D1
BCB27770
511A3C94
00000072
9C20EF77
2513BFBD
19913ACF
00000082
00000003
00000000
00000003
00000000
009A7D55
00000012
00000000
00000000
6C64C87B
2A451028
F079A453
00000040
00000007
00000000
38727473
00003539
00000000
00000000
00000012
00000000
00000000
E5183A20
9E5EC5B6
3E65CB3F
00000005
00000007
00000000
38727473
00003234
00000001
00000000
00000004
00000004
00000000
4FD3BEF2
4D079918
1B2D3C89
00000002
80FFFDBD
2A4EFDB4
2168F701
000000FE
A0458DBC
2A1097F8
4DF2FD5C
0000008D
7549B6A7
7CAFEF5E
BC0A10E7
00000099
00000004
00000000
00000004
00000000
38D903B0
00000001
00000000
00000013
00000000
00000000
6BD6D702
00000004
00000004
00000000
DF025925
4AE41773
4F2B7B7B
319FA4A1
0394EBF9
42F8C92D
A7883A4E
F07566E3
208F8841
7EE5875A
49E70083
55A66626
00000000
00000000
00000000
00000001
00000000
00000014
00000000
00000000
D835EE26
7B7CB556
00000000
00000001
00000000
00000015
00000000
00000000
15951AD7
9B5E28C0
00000001
00000000
00000016
00000000
00000000
56BCA613
00000003
00000003
00000000
98BE0940
A48370CC
B457B9F1
E59DA72B
C0906ADA
9D37F4C7
12170B01
29BA78FD
B2822E24
2F9D67A7
93C53B41
9AA1A771
173C9139
BB207BB3
3AA7B55C
694BE8B3
82CB597F
48D92CE2
00000004
00000004
00000000
C0BFCED4
89CF4D93
5494BD45
9A41C82A
760DBA70
39E23B74
0C43C7EB
DE1D1264
A5CD5F1B
3392E57A
5372E6AC
49BEDF45
5BE760EA
50BDBDA0
1F5B3352
036C0C78
00000001
00000000
00000017
00000000
00000000
7D7A93BD
00000001
00000001
B7B00C67
6693774E
278FB865
00000001
6A889302
EE801426
3FF4091D
FA347F75
00000000
00000000
00000001
00000000
00000019
00000000
00000000
8FBA57E3
00000000
00000000
84AEF7BD
00000001
00000001
2E61B74A
24D310A0
2C4DF9D7
44EF23F4
A2C8A6C6
250B4B70
93783770
E0BA141F
10458E46
3BF88B50
6507BF01
0CF55824
679984D0
45BD9DC0
D64EF5D0
1A684D95
00000001
00000000
0000001A
00000000
00000000
A4E06AB7
00000001
7D1B2881
00000004
00000004
00000000
00000000
EF4E9CAF
3959B68F
F116635E
0C7A367C
9A4AC140
B7396CB5
CB9D9A54
00000000
9C2B5CE2
8013C237
AACA0F0C
98BBB699
1F334851
D091DD66
7D668A5A
00000000
7275125B
01D25108
A2A025C7
DBF7183D
58B9BEF9
55DD2EDE
96EA74CD
00000000
10068745
F333F0F9
03F4B726
BBB71445
9B39BC8D
7F812322
735699A7
00000004
00000000
56223B4A
90D33185
6F6623BC
750DB606
00000001
00000000
0000001B
00000000
00000000
3304BC02
00000001
00000001
00000000
AD7102BD
A2701191
00000093
67DBA6D7
00000052
217CF409
27EA196D
00000077
822C364D
00000000
00000000
00000003
00000000
FDC31707
000000FB
1BF6D3C1
00000003
7806DC0A
0000004D
// vkCreateGraphicsPipelines[16]
00000041
00000000
832F7E9F
000000F2
9BBAF043
0000003D
00000004
00000004
00000000
0000001C
00000000
00000000
1741ED8F
00000000
00000000
00000000
00000001
00000000
00000013
00000000
00000000
3D55DA09
00000002
00000002
00000000
367490BE
F77A6687
0556BBAC
3981DA97
B1406521
285D12D2
00000001
00000001
00000000
61A557AD
DD0F1E63
D908F444
6CC36B99
00000001
00000000
00000014
00000000
00000000
8BC85495
B5AD4953
00000001
00000001
00000000
00000015
00000000
00000000
1D21EE88
029A87B1
00000001
00000000
00000016
00000000
00000000
D42A8737
00000002
00000002
00000000
EEC32651
935BB5D2
48FDF3ED
934DBC8A
A438E5B2
D882CDB3
A07BF11C
A4B3ECCE
08BCB74D
9082D1C7
EC86D7AC
D0F0D845
00000004
00000004
00000000
1F8EFAD8
52824C26
F05DC9D9
20234D31
92D8E763
ACC7D594
3DD41E68
BAE89416
DC4310A5
BD8B586B
485D8318
46D237E8
0A2AA511
54F1A2EF
BCAF36CA
C33C9F66
00000000
00000000
00000001
00000000
00000018
00000000
00000000
2EB94B9C
00000001
00000000
F01F1F61
00000001
00000000
5FABD53D
00000000
00000001
00000001
00000000
00000019
00000000
00000000
74121706
00000001
00000001
844EDECB
00000001
00000001
D9875A23
02541D36
2F4D57C7
51ABE35A
A1729C72
D903FAC0
321DFAC1
EF6FD1DA
963BA5E7
63BC1BCE
FCA3DF8E
72BF60FA
7337CDE0
BA2855E1
D08F0A9C
50D285DE
00000001
00000000
0000001A
00000000
00000000
85D7916A
00000000
88CF5ACC
00000001
00000001
00000000
00000001
4FA80BA7
2FDAA993
BF4E7565
AC3FE558
95B49FE3
BE5BB9E5
BDB608E6
00000004
00000000
803A915E
90111941
9532DE22
6AC38295
00000001
00000000
0000001B
00000000
00000000
6729506D
00000000
00000000
00000000
060D7FAD
000000C4
1AD6AF8B
000000F3
D3F2A152
3EEA2F4F
0000003F
26C9EDC3
0000001C
00000000
00000000
7F8DC19B
00000001
00000001
00000000
00000012
00000000
00000000
1655ABCE
03823A37
F9CC7A75
00000013
00000007
00000000
39727473
00003533
00000001
00000000
00000004
00000004
00000000
BF407068
F262D160
02505486
0000003A
2485A205
C400A429
3D97B873
000000CC
46DCC8FA
1E32CEDC
1F3B7EC9
000000F9
E19C448C
D3605502
1D0278EF
00000040
00000004
00000000
00000004
00000000
3663A053
00000001
00000000
00000013
00000000
00000000
F96514C3
00000003
00000003
00000000
36BF5D5F
9326C019
414211C8
5ED0BF1F
CCE63538
C3BAD24A
80187AD0
2DA2574A
519AD9EE
00000000
00000000
00000000
00000001
00000000
00000014
00000000
00000000
7BACA5EB
B995E160
00000001
00000001
00000000
00000015
00000000
00000000
58F747D4
82ABA320
00000001
00000000
00000016
00000000
00000000
55C826DE
00000002
00000002
00000000
211815B1
0C7EC49C
CEAE88C4
B085C63D
134F4E5F
DC287495
FFFDCE6C
FC1246FF
387FB03E
5F222C46
46951A31
616584B8
00000003
00000003
00000000
C2ADA625
B59FC07E
73FA5D2E
9D96142F
E2A6B70B
A9C1000D
885A4D33
9388BD45
73E8CDAE
C5AB04C0
B0E4302D
8B44283D
00000001
00000000
00000017
00000000
00000000
361C66CB
00000000
00000000
9116C74D
F0675FD1
727A0B36
00000001
6580CDF0
26AC15B2
82D741EA
A4993DB2
00000000
00000000
00000000
00000000
00000000
00000000
00000001
00000000
0000001B
00000000
00000000
1FEDB9E2
00000000
00000000
00000000
156078D7
00000022
7C0CE873
000000C6
7F4456F9
6E70FD45
000000D2
BE819455
0000001C
00000000
00000000
2CE3AFC0
00000004
00000004
00000000
00000012
00000000
00000000
317C2B92
3C0CFCC4
85C7E39D
00000057
00000007
00000000
38727473
00003331
00000001
00000000
00000000
00000000
00000000
00000001
00000000
00000001
00000000
0000004C
00000012
00000000
00000000
46D75CD9
85F1089D
747B73D1
000000ED
00000007
00000000
39727473
00003138
00000001
00000000
00000000
00000000
00000000
00000003
00000000
00000003
00000000
00340706
00000012
00000000
00000000
E16267A5
06CFBCBB
C960FE81
00000083
00000007
00000000
36727473
00003738
00000001
00000000
00000002
00000002
00000000
6749DFAD
6E31F048
23E9185A
00000055
DDAFE4A9
6AF8E530
BAD74922
000000AA
00000003
00000000
00000003
00000000
00A02750
00000012
00000000
00000000
3054069A
7ABBBC1C
C3F1C3F1
000000A4
00000007
00000000
33727473
00003037
00000000
00000000
00000001
00000000
00000013
00000000
00000000
39717ED6
00000003
00000003
00000000
ECEB8CC9
A065C0E7
6217604E
26E3DEBA
6307E50A
1161C3B1
E202F158
47300BF9
D587E423
00000004
00000004
00000000
65761CE8
DBB2CDB6
D764AB06
10D774D7
B9DD951A
AD23FF7C
543E519B
068A4D58
F59C1B7F
C8925C53
E1C52318
57968B53
9FB75CC4
F609758E
624BD18B
E9833225
00000001
00000000
00000014
00000000
00000000
9C63BEDA
3E420E90
00000000
00000001
00000000
00000015
00000000
00000000
BD68B159
BB166763
00000001
00000000
00000016
00000000
00000000
6C717626
00000002
00000002
00000000
B8C15E7E
2808C56B
74A9499B
A64B5E02
FDF35DED
BC310795
3E5DA6BD
40118D61
71BE23B0
8F4D8148
03D98813
9BB46F31
00000003
00000003
00000000
1959DAB7
66A7DF0E
75DEE96E
D4F27E4D
D74CBC88
64227C39
12ED3CE0
A5CE969C
0FE57D0C
2DF6A544
6231963C
0EA86695
00000001
00000000
00000017
00000000
00000000
1C133677
00000001
00000001
299C8186
B7FF68C8
55A88B87
00000000
23E89C83
77B71B83
5E6A8680
82BFAE47
00000001
00000000
00000018
00000000
00000000
45DE78F7
00000021
00000000
1DAD3894
00000002
00000000
D5645A38
CA439801
00000000
00000001
00000001
00000000
00000019
00000000
00000000
08E41525
00000001
00000000
88DF6B74
00000001
00000001
3FC4E730
7FC47D74
758A6110
FA95211E
56606ED1
2520BC8B
72B79A4E
94F5EDED
0B26B3CA
F86BBF50
B67196AA
585D7827
3ED819DA
CC6C134A
9086EE10
04298050
00000000
00000000
00000000
00000000
1A5212DB
00000055
EDEC59B3
00000058
B82C2D6A
4BFB64AD
000000D3
D6FED45A
0000001C
00000000
00000000
6570411C
00000002
00000002
00000000
00000012
00000000
00000000
ED0500AF
BDEF2F3D
1C98437F
000000C0
00000007
00000000
32727473
00003136
00000001
00000000
00000001
00000001
00000000
8B3B880C
F1B4CEDE
550E9962
00000055
00000000
00000000
00000000
00000000
00000012
00000000
00000000
75CBC3B8
AFAD2939
E813AF89
00000010
00000007
00000000
39727473
00003731
00000000
00000000
00000001
00000000
00000013
00000000
00000000
71F29592
00000000
00000000
00000000
00000004
00000004
00000000
E9236249
6B7E054E
DAD2B1F0
DC74EAA0
8B4589F6
C55768CD
3B2A4A52
CCB425A6
DC65853F
9E77978D
A6FDBB0D
2E3553C0
86D7B6D8
8480C0A6
F05900C6
780A4366
00000001
00000000
00000014
00000000
00000000
B50F3AD5
1BF3D814
00000001
00000001
00000000
00000015
00000000
00000000
686A708C
11F58052
00000001
00000000
00000016
00000000
00000000
6F746466
00000004
00000004
00000000
9D618A56
EFFD53AB
A4E56AD7
4050324E
71DFE5F5
0D3728CB
77E3EFF6
548B63C9
0B690127
DD8187FE
B340EF66
F5D23FA2
68A45764
B87F0266
E0D27B71
BE1DC7F2
C653662B
B7009BC1
C5A68B39
31AC4694
A2895FA7
A61E25EC
B0883F71
5875A9E3
00000004
00000004
00000000
EEFF1FC1
51D89196
DD7933B2
BE179447
3BA32B7C
C197BD44
4C741257
64572601
8A79772E
9A969926
6BA160B0
2D9B17D5
890BB3EF
00764002
9C8562F7
28CB3582
00000000
00000000
00000001
00000000
00000018
00000000
00000000
307E315A
00000021
00000000
4FB6106F
00000002
00000000
B60CEAFC
F30864BB
00000000
00000000
00000001
00000000
00000019
00000000
00000000
158F7A6F
00000000
00000001
332F850B
00000000
00000001
0D3B0D90
DA7F9611
54F7A4A1
449627A8
97D546F5
83B96ECA
FE1C1ACF
AF0CA831
E3ACEFBE
F464FF54
1DD0D434
A813AD79
70CEBA69
AC5F15CF
516867D7
2F7BAE64
00000001
00000000
0000001A
00000000
00000000
EF0BD742
00000000
B7BC7C0C
00000000
00000000
00000000
00000004
00000000
26B5A228
7E543CEB
36E50395
FC627478
00000001
00000000
0000001B
00000000
00000000
BB916D0A
00000000
00000000
00000000
25D21C7B
00000098
2412D4C9
00000054
959DC3B1
6FBFE361
00000019
17A1A54A
00000000
00000000
00000004
00000000
9B84BF28
00000018
6EDD374E
000000FF
84DC5113
0000007F
15727A9C
000000FA
// vkCreateGraphicsPipelines[17]
00000041
00000000
3EE12E7F
0000005B
BDC36007
000000BB
00000004
00000004
00000000
0000001C
00000000
00000000
B8D94B1D
00000001
00000001
00000000
00000012
00000000
00000000
9B9E181B
D2ABEC90
9D9CBB7D
000000F8
00000007
00000000
32727473
00003435
00000001
00000000
00000003
00000003
00000000
67203E9D
6469AEC5
EBC0E98B
00000064
5BB99E01
2DE72346
B5A98D80
00000073
07B1A150
D8CA3509
2109A806
00000000
00000004
00000000
00000004
00000000
5F351C4A
00000001
00000000
00000013
00000000
00000000
78823E3C
00000000
00000000
00000000
00000001
00000001
00000000
29F17A04
86D1B851
D302AB58
0854FADA
00000001
00000000
00000014
00000000
00000000
2868BE07
1127BD70
00000000
00000001
00000000
00000015
00000000
00000000
3F55E350
951694B7
00000001
00000000
00000016
00000000
00000000
133187BE
00000004
00000004
00000000
5BA038C3
7372791B
4A510BBB
CC8C9876
28E68E03
0B0F54E8
5FAF52BE
51B6D9FB
61970FC9
FC999AD1
5C432E36
E1FB7404
ECD1255A
D524E165
FB793C3E
30496AE1
00B12D78
FABFC718
14EAF10B
950B17F4
6C07B5A5
7799D87A
8B28F6D8
F173E1A9
00000002
00000002
00000000
9BEA341E
715C76EA
FFE93A10
0B5AE379
24B077BD
3DD1A2F3
00C7FA78
DAC033C6
00000001
00000000
00000017
00000000
00000000
9DAF24B1
00000000
00000000
224714C7
E68A16D6
A5DE45A8
00000000
7639F89B
052C139B
F8130EA9
9AF69618
00000001
00000000
00000018
00000000
00000000
D9A01B5F
00000000
00000000
F8D1E159
00000000
00000000
00000001
00000000
00000001
00000000
00000019
00000000
00000000
6B6E6D78
00000000
00000001
759DB81C
00000000
00000000
5A57D4A2
6ABD162A
57451DA1
ADB37124
19138768
982FC0EA
327FD3FA
A0A5619D
BFF3B440
E0E6A3E9
8EC3C853
6D97D1B8
41A54ED5
087A5491
D0F7124E
BFC1315E
00000001
00000000
0000001A
00000000
00000000
6BF73A74
00000001
851A42B7
00000001
00000001
00000000
00000001
415B3627
3662DE73
12F53451
B1D7BE8C
B61D178C
9346774F
C9BEB15B
00000004
00000000
A17114D9
6B3C0FA9
5398E6F6
DF1B2F11
00000001
00000000
0000001B
00000000
00000000
2CC700AD
00000001
00000001
00000000
251FFA00
EF1E863F
00000088
E4CFAEF9
00000067
950285C2
E7ECCF61
000000CE
AE1C84F4
0000001C
00000000
00000000
64AAF194
00000000
00000000
00000000
00000001
00000000
00000013
00000000
00000000
28381BC5
00000004
00000004
00000000
4769EAF8
697729D0
4FC6E17B
223D6E9B
8A6BA6E2
27C31974
21823DF9
0F458020
FAB88F6E
DCB42A34
59641AF7
57FE49EC
00000000
00000000
00000000
00000001
00000000
00000014
00000000
00000000
26FDBC4A
DC11A8DE
00000001
00000001
00000000
00000015
00000000
00000000
D5F77C52
06C52705
00000000
00000000
00000001
00000000
00000017
00000000
00000000
CFDFEAA7
00000001
00000001
2CE159B7
17B2B2A7
03314DA2
00000000
1F0FEA70
FA3EC159
C8DE2C30
08B84FC6
00000001
00000000
00000018
00000000
00000000
7E5D4AB5
00000041
00000000
EE1EC6C4
00000003
00000000
62D5058B
E205D42B
17409797
00000000
00000000
00000001
00000000
00000019
00000000
00000000
16F28248
00000000
00000001
E92AEDF1
00000001
00000000
55709B88
945CF60B
DDAC29C1
9DC32E6E
9D84746F
C309607F
54A482C1
290105C7
606806B8
A54845A8
1167264C
5FD6374D
7F2A4049
95CC8522
C5F1398A
C2BD3194
00000001
00000000
0000001A
00000000
00000000
7177EDB8
00000000
702155C4
00000001
00000001
00000000
00000000
1E9D0C15
56AC33EA
E59DF5E6
AB40F1FB
D2F489E7
AB79C46A
A977DF4E
00000004
00000000
A8C4E8AA
BA82CD82
6E373CFB
105451BE
00000001
00000000
0000001B
00000000
00000000
80239336
00000001
00000001
00000000
740C1516
F307C0FF
0000003F
99B4BA79
000000A5
224E54EF
23D22075
000000A7
4F91B245
0000001C
00000000
00000000
14B8EE51
00000000
00000000
00000000
00000001
00000000
00000013
00000000
00000000
3AFF739C
00000004
00000004
00000000
D271B185
3A42CDE0
A7CD0415
B0B4EB3B
BA41CF1D
6A0F579F
8DECE928
FB2304FC
E6D5182B
015DFB5A
7C401FFC
94832AB1
00000002
00000002
00000000
B4B2DF8D
C27501EA
A40DB162
03BFD40A
2598E3A5
0A8BE2A9
AEFABD2F
E6225CC6
00000001
00000000
00000014
00000000
00000000
FCB060FD
4A3C65A2
00000000
00000001
00000000
00000015
00000000
00000000
25A25B05
71ECC207
00000001
00000000
00000016
00000000
00000000
F6FD26EF
00000000
00000000
00000000
00000002
00000002
00000000
90C69E37
B4A10AB8
C2A6A7E0
AF223567
18579B0B
BAFE7C05
FECA8B7D
4DBAB940
00000001
00000000
00000017
00000000
00000000
C4E3338A
00000000
00000000
C39621CD
744F59EE
0D401011
00000000
8A4D4725
0C61ADCD
8E649C54
DCD78E37
00000001
00000000
00000018
00000000
00000000
6DE34B8C
00000000
00000001
BFD10DF9
00000000
00000000
00000000
00000001
00000001
00000000
00000019
00000000
00000000
686988D2
00000001
00000000
02D7D391
00000000
00000000
2154610E
A66482A5
E53D740A
69BB52A5
44991AE0
1D0A0EB2
CDC85CA4
DA99363D
7B0F0408
5B00E565
FBA151D4
CACAAF38
42778141
216F11AB
B4A1FF30
E56384EA
00000001
00000000
0000001A
00000000
00000000
F84B5E52
00000001
66EFA8C1
00000004
00000004
00000000
00000001
39F2CB5F
64B0435E
997BC7E2
74C84C02
82848A31
EE57073E
F4F0C865
00000000
8E51F3B1
7B83076A
F241D314
B364B50C
C3683103
8CDC671D
E2B2CCA1
00000000
8730F035
9B33666D
9E748DDB
344E854F
44E82BD5
859B8F5C
992CCB0E
00000000
2157686A
08EE8172
313C3F15
4D6D3606
BEF5B2BB
7177A14B
9DC4B852
00000004
00000000
9CF5BCB6
B52EAADF
40B8FBB7
9F67E6A7
00000001
00000000
0000001B
00000000
00000000
FA0209B3
00000003
00000003
00000000
6009926A
7103E941
F4B81F71
4C66EBA9
000000FD
D8D1B407
000000DC
A1EFDF72
80F79961
000000F5
A3735993
0000001C
00000000
00000000
AE8464B2
00000000
00000000
00000000
00000001
00000000
00000013
00000000
00000000
E130AC20
00000000
00000000
00000000
00000003
00000003
00000000
A3015986
C227D992
82F2B00F
49AA72F6
8C66F355
AAA92A20
D1CEE2A2
45B6E5A3
DF2368AC
A61491E1
A265E19A
636D8E60
00000001
00000000
00000014
00000000
00000000
75F6B1F1
389B2E84
00000001
00000001
00000000
00000015
00000000
00000000
326A6295
F974EE49
00000001
00000000
00000016
00000000
00000000
248E4CCD
00000000
00000000
00000000
00000003
00000003
00000000
447B2277
3FB02620
3467635D
9F837994
4AB7FA1A
BD2E2C50
ADC856E3
D2116D7C
9B613DC1
65AE06FA
9CACAE2A
4AF35F66
00000001
00000000
00000017
00000000
00000000
FEFCF132
00000001
00000001
3692C690
AAF2382F
25D58ECF
00000001
66FCA6E1
74936ED6
8AFA7E82
1427CA6B
00000001
00000000
00000018
00000000
00000000
53C104D8
00000061
00000001
C432C564
00000004
00000000
5B4FC758
24BEA208
8ECE416E
D93C03C7
00000001
00000001
00000001
00000000
00000019
00000000
00000000
2964B20B
00000000
00000001
4BA6674B
00000000
00000001
878C6AD5
36D5FF58
C214787F
BF3456E8
3B909781
6B1A2464
1A0F28DD
E786C6DF
46B87F72
121ACC7C
F834A421
BB76D3D4
20C6B9B3
EA1888A4
779F5658
2BAC2333
00000001
00000000
0000001A
00000000
00000000
1631E144
00000000
CC4F0E98
00000003
00000003
00000000
00000000
622F954B
3F2773C8
BE8F5DBD
0A2C66B6
9DEC6DCD
CFE8C4B9
F6350FB7
00000000
C805F51E
D0B73108
A181970F
0357D039
82DF2FF5
7FA40BBC
D6333102
00000000
909F5E30
DA9DF864
0194895A
2293F89E
8D5E948D
E2455E1A
EFF17ACF
00000004
00000000
01EE9DAA
91B8D858
193AC6E0
CFC4EDB2
00000001
00000000
0000001B
00000000
00000000
D1B9FFD1
00000002
00000002
00000000
CFC4D0B6
4948E647
038B5441
000000A2
AD63E249
000000B2
871AA8C2
1437AC45
000000E0
45AF0A25
00000000
00000000
00000004
00000000
F4718AAB
000000BE
8AEE0A3A
000000D8
8E139AC6
0000006B
A04993EF
000000C8
// vkDestroyPipeline[0]
00000043
00000000
DD03D2CF
000000F9
FEB3847D
00000037
00000000
00000000
// vkDestroyPipeline[1]
00000043
00000000
C54850D7
0000001D
141F518F
0000007B
00000000
00000000
// vkDestroyPipeline[2]
00000043
00000000
094FADE9
0000005D
4F291035
00000038
00000000
00000000
// vkDestroyPipeline[3]
00000043
00000000
BEEC8C49
000000BA
E8D54793
00000026
00000000
00000000
// vkDestroyPipeline[4]
00000043
00000000
9ADCF801
00000072
CC46B07D
0000000F
00000000
00000000
// vkDestroyPipeline[5]
00000043
00000000
0D226E85
000000A7
16A29847
000000CF
00000000
00000000
// vkDestroyPipeline[6]
00000043
00000000
FF793505
0000004E
76F2B6D3
000000AE
00000000
00000000
// vkDestroyPipeline[7]
00000043
00000000
F64E5BA3
000000BE
604C1B17
000000FF
00000000
00000000
// vkDestroyPipeline[8]
00000043
00000000
B7696FE9
00000002
234AF927
000000FF
00000000
00000000
// vkDestroyPipeline[9]
00000043
00000000
C5CE8041
0000001F
40E3A277
0000002D
00000000
00000000
// vkDestroyPipeline[10]
00000043
00000000
FD004C19
0000002C
107C655D
000000D3
00000000
00000000
// vkDestroyPipeline[11]
00000043
00000000
BCC46859
000000E8
134DFE23
00000085
00000000
00000000
// vkDestroyPipeline[12]
00000043
00000000
C781AE7B
000000AA
E2CB6B5B
00000097
00000000
00000000
// vkDestroyPipeline[13]
00000043
00000000
54E98FEF
000000D2
845FA8C7
000000B0
00000000
00000000
// vkDestroyPipeline[14]
00000043
00000000
4C3CABE7
00000034
964476F1
000000D5
00000000
00000000
// vkDestroyPipeline[15]
00000043
00000000
5F370BF5
000000A3
6A2DA60D
0000002F
00000000
00000000
// vkDestroyPipeline[16]
00000043
00000000
A52C0629
00000000
738464E5
000000BC
00000000
00000000
// vkDestroyPipeline[17]
00000043
00000000
604DD799
0000009F
86967343
00000043
00000000
00000000
// vkCreateRenderPass[0]
00000052
00000000
D3E3087D
000000DA
00000001
00000000
00000026
00000000
00000000
85A0C5AA
00000004
00000004
00000000
12FE66D5
6ECBA71A
48076D79
BBA3C703
FE938F6D
C7864C83
01BB3D30
EC8F1D67
59DFDF92
41AC66FA
C257ACEA
37E1831F
2FF983F7
22C153A6
D77AF920
EE42AB1E
485BAB0E
D8DEF360
3EBE671A
F93B9EF9
F2CD4B01
6F96184D
25FBEEFD
AAB47E25
1FF84DAE
2DAC8DD5
639D2684
342A01B3
5DA8A8E3
06CFDA2C
A33CBFE4
11B8A143
6FA2143E
CB17601C
F9B2541E
31FEFA7F
00000003
00000003
00000000
AF821C80
FB59ABE9
00000000
00000000
00000000
00000004
00000004
00000000
0DFB295F
35EB1724
E3B0D7B0
24A49095
10E7D011
EC17C2AB
3DA317A6
9591813F
00000004
00000000
6D87F71D
73505592
4D1CF0E2
8D8AFC3C
27B01794
A2172318
C82F62FA
DB28511A
00000001
00000000
F53020E5
5113DE99
00000003
00000003
00000000
27EB3ABD
5740AC41
D18BA2B8
B72E6ECD
CC4333E8
00000001
00000001
00000000
97F1B7A3
A90E7124
00000003
00000003
00000000
591BAFF9
3F6C21FA
6E9D2B74
5EDE47C8
C1596CDF
0C8964EB
00000003
00000000
50D061D6
55F4C3B5
F391842D
F1C738B1
3521CE53
FF2EDBAC
00000001
00000000
569D3C82
1150C53A
00000004
00000004
00000000
9EF9F632
5F93CE1D
1451D2A3
29063EFE
1295322D
4794B40C
00000003
00000003
00000000
CA68B6F2
083A1E7E
F348A5AE
ED5644A6
07A84747
6593F21A
00000003
00000003
00000000
48075E03
E2ABBF30
9C89BB6F
2E5872E1
7C51C48E
6941D1B9
00000003
00000000
4E0DD6D8
5C2A1C13
B4E58E47
B56DF323
822DFCB3
D49218A0
00000001
00000000
607C82A5
0374FD97
00000001
00000001
00000000
EDADE0CB
00000003
00000003
00000000
7C5F1BD4
18CACFD8
8727440A
F38FEBB9
32AE1B80
DFCBF543
E060B0F5
1D90AC8E
8220708F
BADACA99
9D325AA2
D2875348
4FBE080A
EB0AD8B8
DF3DA47D
2AA25034
FD065ED0
90D0C390
61CD838E
666A3872
6DA9E1ED
00000000
00000000
00000001
00000000
CC42644B
0000008B
// vkCreateRenderPass[1]
00000052
00000000
CE4429D7
000000EC
00000001
00000000
00000026
00000000
00000000
9B6A76BF
00000001
00000001
00000000
10DE11E7
2BAFB1A1
BEFD2067
33F9FE53
5CAC6B84
18EB9E5F
36B632AE
B041951B
CBF80FD8
00000004
00000004
00000000
28D406F4
214B81F6
00000002
00000002
00000000
36E5DCFC
9F1CCBEE
6E9ABED2
D416F795
00000003
00000003
00000000
E36C99F2
6D9200F7
9CDB000B
6CE66F9E
E41E75CB
395555B3
00000003
00000000
B450A549
706673CB
1BFDE82D
8B0F07A2
0A91586D
B0C728D6
00000001
00000000
B5835045
7FBF7ACE
00000001
00000001
00000000
A36D299D
1963D181
83878F05
00000004
00000004
00000000
169403FB
01860399
A4A2D0D5
F8D64C19
7F49472E
5A548904
CCB206F7
1346C52B
00000004
00000004
00000000
A42EBB67
3B12BFCF
C8D44FD6
B807C959
16CB7FEF
0E5BE6CF
B8E19CE7
83434C25
00000004
00000000
D36524F2
B8C91EBD
0A5FB4B2
1AA97871
09FC35A5
D988E2C2
2405B586
5DAD9958
00000001
00000000
8252186C
0D391F0C
00000000
00000000
00000000
407CEACD
74C971E3
00000002
00000002
00000000
98F2B361
67EC6DAC
64AB728E
3DDF565A
00000004
00000004
00000000
C840FE3D
1E7B0D98
925FB4B2
099E34DB
52A44792
B7C1C9EE
2CDD7209
012F27B4
00000004
00000000
77810834
E9A5BF3D
2BCFC518
11E9C400
BD36CFAA
1FF7D963
D63134DF
E9D4376B
00000001
00000000
FF6C1519
AD6D289A
00000003
00000003
00000000
E09D172B
FCFB6838
5B4969A2
DD255042
706AC172
00000002
00000002
00000000
F77E9F29
3817F4F3
E9A6991D
F7A6F8F7
00000004
00000004
00000000
4ADF0975
70DF7D6B
9959FD5B
69E03290
69613C8C
5F1C0361
91FD5ABA
2F0FFA0C
00000004
00000000
9C302C96
F5BF1434
EDDC23C4
CF55F0FE
DDBCD78F
169871BA
1D5260D4
C8F98503
00000000
00000000
00000002
00000002
00000000
3E751D35
AB4AB0BC
00000001
00000001
00000000
2D725BF3
FEF386E3
BAB715DE
977C37B4
5491AB6C
6CEE0039
D1B01D96
00000000
00000000
00000001
00000000
198C6693
000000B6
// vkCreateRenderPass[2]
00000052
00000000
C46A9F71
000000F8
00000001
00000000
00000026
00000000
00000000
BCB5CABC
00000003
00000003
00000000
99AA8B9C
8940C02C
46212BE7
80993E22
6F4AEC9A
6D9D608A
1CCA16FE
B089D482
7F6E279D
E2246FA2
EB437BD3
968FF5DD
0A2A1243
BA381D3D
CBB89292
8680E83F
6E4D2D92
3BDE09D3
9239EB88
C2EEAA81
E4B4FA08
5DB45A4A
94FAC39B
AAB37A1F
DB3C476E
D13AF0F4
ABBBDB6B
00000003
00000003
00000000
A8C267A4
2698E589
00000003
00000003
00000000
ED5C396D
908673F1
BDED5708
3AC493E4
68348F8E
5E1C8E3D
00000004
00000004
00000000
7526E8F9
CADCFE37
A4A6F96C
8C01BAEF
746728A7
403F358B
100A597B
99007E12
00000004
00000000
F015B5AF
2A00F137
98B25B5A
661C777E
2FADF13A
2223FC46
4069AB6E
0784C024
00000001
00000000
7B471A88
7E1417DC
00000004
00000004
00000000
D71CEB85
97D8E7AA
A639459F
352684F1
72718FB2
9353D21E
00000004
00000004
00000000
EEEA0269
BB9D78BF
997B6A65
DD366D82
24668C2A
53BAD5E0
01F74216
BB48BD1F
00000003
00000003
00000000
65384C20
8F137F78
88928B85
7ECE4BF1
96EE4482
42962101
00000003
00000000
BF6DE85E
9EF5C44B
1FFE4E2D
4043F286
D7D0F245
65110B03
00000001
00000000
0212081D
11F4681D
00000003
00000003
00000000
830C80C9
9430AEAA
EC7E4350
9DD0C3C2
9CBA38CC
00000004
00000004
00000000
67853493
36B47FDF
93CE04EA
CEBA3735
88545ACA
4EB7B0B2
2C6DA784
81391B86
00000001
00000001
00000000
80E7F910
A5A78F2C
00000001
00000000
7BDC0EB9
F3AB1770
00000000
00000000
00000002
00000002
00000000
2BBBB274
D66748A0
00000002
00000002
00000000
0DCA55BE
719048AF
8E5B192F
78279F37
0EDAC251
1DD48C52
5C13EE3B
C1D249CF
8B82B22F
9D85E448
B8C5A1D5
276A611F
95FF199D
75FDBB73
00000000
00000000
00000001
00000000
64AF1A63
000000A0
// vkCreateRenderPass[3]
00000052
00000000
9E83CA3B
000000CC
00000001
00000000
00000026
00000000
00000000
4928779F
00000002
00000002
00000000
C52ADC76
AEAF7BD7
9B8646BD
2428E282
6FD9DD8A
A3FE2A0F
8FB374D7
0B020108
D7BF43BC
E0F83597
B1F773A0
8AAEBC8C
53558498
F3E83D64
863ED672
1FFAA3BD
F357028F
7C6B736C
00000002
00000002
00000000
8487EE05
656FA675
00000000
00000000
00000000
00000004
00000004
00000000
CB66B8D4
D7369AE2
B2C28C31
0D1B5B94
5E318F0C
19C3B9C5
11301452
412A190D
00000004
00000000
BB0309F4
BC231682
05FD34AE
075BA0C6
58D4E0A6
CDC434CC
CE0E66FD
E0613E62
00000001
00000000
B2DE6621
BD88CF6E
00000001
00000001
00000000
C8CA90F7
D77EE830
DDC9C0B9
00000000
00000000
00000000
00000001
00000001
00000000
31A703C3
39BF072C
00000001
00000000
CBAC0C42
452F07DC
00000000
00000000
00000002
00000002
00000000
51A8CD89
5CA7322D
00000004
00000004
00000000
F71AC147
BB854B27
3D1BF86A
12E99F10
385B88F3
4EE4B6B4
9C17B0D7
05631265
A575EE65
2F92C540
9C875CA0
A733CFC5
1F6D57B5
BE3E19AC
184E689C
C5DE68AF
5BF2A794
21F0C74E
692E0C15
B1E2FD49
8595EB7B
B908CAEA
E5605F4D
CB022DB7
7C403721
F5F69BCF
15B84D2E
7B3CEE14
00000000
00000000
00000001
00000000
168A04C1
000000F5
// vkCreateRenderPass[4]
00000052
00000000
6B40D307
00000076
00000001
00000000
00000026
00000000
00000000
590BE592
00000002
00000002
00000000
CC30E400
54BE5BA3
40A69CE7
3D068198
19D1D3FB
DB3A9AE7
FEEF40CB
B5A1BD89
DEFE104E
391BDACF
73C42905
D8EC8F5A
EAFA692F
197C6823
89CEA83F
A96A8EAA
2E7FC5F7
01FCA142
00000003
00000003
00000000
D23A86E0
087A5647
00000004
00000004
00000000
280538B3
5DC1BDB7
804DAA69
0B88D6A0
B183D25B
897B624E
F8913600
6780AC88
00000003
00000003
00000000
3188ECEE
4D3AB3AD
9947BB30
FAE1817F
3061E66C
67080B2B
00000003
00000000
A40C1C34
730E0E6D
A805A894
7C4564DC
AD704BA3
D01EADF1
00000000
00000000
00000001
00000001
00000000
ACD1F047
CA3FD182
F3DEB86D
00000004
00000004
00000000
6EF5D1BD
2E908396
6FF676DD
BA212393
8D196C7D
7761AB32
D01AD8D3
51C633AD
00000002
00000002
00000000
E8C625B5
A33F8725
0C1E8294
8A24CCC3
00000002
00000000
F393719B
99F7B1F1
FEFFD3AE
51CE252F
00000000
00000000
00000002
00000002
00000000
44CBF799
1D306DF1
811D008D
49090DF0
00000003
00000003
00000000
17121330
8D5CF82D
5A2E692E
54B5C125
6E353503
2AB904DD
00000002
00000002
00000000
661A3CBB
0B20C85A
B56A1BA6
761EE830
00000002
00000000
2BE8410A
ADB0F578
212FA5FC
95FE4D93
00000000
00000000
00000002
00000002
00000000
C109DACD
180EB420
00000003
00000003
00000000
FBCFA812
2CCD7735
946E0A7B
F6F08A3E
05D0CED8
E5C1C005
CBC521DE
91AD9497
3BBE3DF4
245DBA55
86A93ED8
E36C7604
4716C356
5292485E
8AF49F80
856CFD68
9F7ECF2F
7B2CB2BD
8F7B941A
8E76805A
4E67E0D4
00000000
00000000
00000001
00000000
2C5BCE05
000000C2
// vkCreateRenderPass[5]
00000052
00000000
1949AF9D
000000C3
00000001
00000000
00000026
00000000
00000000
8ECE4EB9
00000000
00000000
00000000
00000001
00000001
00000000
7EE3D19B
7F0797BA
00000002
00000002
00000000
1C1B2423
0CCC3C02
3098DBD6
538E207C
00000003
00000003
00000000
BE2E18B5
9F3F2165
0FBA41F6
8DAB05EF
025AD10E
7512EC59
00000003
00000000
594253DD
20DA1A60
430C9774
4D4739EF
98BC8887
DB758725
00000001
00000000
8AAA426B
0A759985
00000003
00000003
00000000
DEB6AE70
E29F0B52
F129B957
00000002
00000002
00000000
B827A9B5
C2FE0905
D2E73287
F67264A7
31FAA825
F198F73E
58C36803
98F7B9F6
0E27A372
CE5079CE
A201B3C9
B077C994
FD4F01CD
B31E22C0
00000000
00000000
00000001
00000000
168409BB
00000021
// vkCreateRenderPass[6]
00000052
00000000
AF004F1D
000000F8
00000001
00000000
00000026
00000000
00000000
15D2B7B1
00000004
00000004
00000000
35E3FFD4
2749E6B4
D2AE11F5
E5030928
E624DA2A
69550395
AF0FF486
37924A14
8B876A53
C36E6F44
63F6CA39
08529D75
743176B4
88E6A730
36B69874
8583158F
80E5D396
8AC09FA6
7E697AC8
8D1B1EDB
2E0731F9
4CA7C57D
5EE57154
4E63E281
54B0A11B
2385AF22
55C1B781
36207587
75136944
10FF3E49
F4FB8B0F
835F6B42
E6A850C7
6E015FD6
DB81EA1D
724AAD9D
00000000
00000000
00000000
00000002
00000002
00000000
2A777DBB
A50F3695
2050BC81
E3A3EE9C
94C2D0C2
1CDB34FF
3C87AA1D
83B19C3F
C40CB626
4BC07AC0
519C744E
8EB1700A
32FA6F60
5BCF5565
00000000
00000000
00000001
00000000
C2919FE7
0000006B
// vkCreateRenderPass[7]
00000052
00000000
8AD3DF4B
000000E7
00000000
00000000
00000000
00000000
00000000
00000000
// vkCreateRenderPass[8]
00000052
00000000
7E137897
00000091
00000001
00000000
00000026
00000000
00000000
81EFC08D
00000001
00000001
00000000
2892A736
AB7FBDCA
3F356A89
77214CF3
7C75A3E7
8305E29C
2AE03D99
8395CE10
CB8580FD
00000003
00000003
00000000
D53EC965
11573318
00000002
00000002
00000000
86C35E93
F2D106BD
45EF1DE2
0BE99481
00000004
00000004
00000000
56662C58
42319891
452E8CBA
4146EDBF
5E7596E6
10C56EB9
990253A7
DDBF4E32
00000004
00000000
1D439C91
34221726
1CFE6FA3
32A4D4DC
8904B91D
DBEB3E35
C0D477D7
440211FD
00000001
00000000
18FD0F3A
3B8DAEFA
00000001
00000001
00000000
863AD7EA
79ACA22C
43DCCA28
00000002
00000002
00000000
FF933458
ED479791
20A5C821
B6307363
00000001
00000001
00000000
B32B6378
26E3BCE5
00000001
00000000
DD512EF0
43C2BC53
00000001
00000000
93ED1C29
25BBB668
00000002
00000002
00000000
3AE4FB90
C85B0A1A
028B47CE
006058B5
00000002
00000002
00000000
3C3577A7
214EA6C8
775ECC95
A4C003DD
00000000
00000000
00000000
00000000
00000000
00000001
00000000
53439BA0
C804E862
00000003
00000003
00000000
ABD80A33
D9E1F326
969C212D
00000000
00000000
00000000
00000000
00000000
00000000
00000000
// vkCreateRenderPass[9]
00000052
00000000
02153141
000000C7
00000001
00000000
00000026
00000000
00000000
3C6C3A84
00000004
00000004
00000000
4AF6C67D
3C12BE7E
8E25F27D
A545A588
45C5CBF8
DDAD0F1D
12D5DBF1
8EACD263
C6E9DAFF
721556D6
138FF5D2
24A1E957
2E6A4B45
783FC963
B4BE6529
599FA18D
D4DF4514
6FD4E7D2
AC35C5CC
81F1CCA7
4DAB4CD6
8F810198
1E26DCCB
510186C7
E9A28B27
E06416E6
09A7A298
D6F9EC05
526596A9
24EE3D63
4184642D
BA9D6FE8
EC842104
372D688A
77469E4C
6F3E7DC1
00000001
00000001
00000000
56E68DAE
11F35116
00000002
00000002
00000000
E15B042F
FE74D494
C5237035
1ED266A9
00000003
00000003
00000000
78F46CB8
830AAB54
A805112F
827C8770
A4AEB95C
7EE7CAB0
00000003
00000000
EC7638D9
184FA633
51F86586
3B4A9ACD
0200CB3D
79D2F8E4
00000001
00000000
4160198C
2E9AB804
00000000
00000000
00000000
00000004
00000004
00000000
9A9CEE48
172923CA
A10B9FA0
B4375D64
BDA30D16
1BF81948
A466FC22
E3BC4B3F
7A8B09C6
FCF7B9DC
263E2711
EC5A2D07
320B6E1A
8360AA94
6FFDCBB3
AB457B8D
1B6E22E7
8E22D29F
696A17F5
524A6230
0AF7D170
5DCF9D1F
57F7274D
C895E4AD
F9BB5CC4
1E9B215C
040B5370
3D07935B
00000000
00000000
00000000
00000000
// vkCreateRenderPass[10]
00000052
00000000
C985D123
000000E1
00000001
00000000
00000026
00000000
00000000
EF7DD776
00000004
00000004
00000000
930A69A9
4BC2AB80
00A91493
CD0A6CB8
8FE5AFB2
270F7B0E
B5FC951C
69340A27
B2398959
085D2663
B0C3F655
67997545
286EE78C
BA3BDAC8
85CECEF8
C41A4C99
0D2271C1
1D39A29C
1797CEBD
276AEE81
A2D25CEC
1E638188
C0D88C19
55D43ECE
A89DDB78
86D8236E
8E5C103E
3F89D56F
3C68EAB7
C8CEF872
F972478F
25F91E56
2ED73790
B4CACAA8
289F5569
FBD3CAB6
00000001
00000001
00000000
8B44187C
E4815A3F
00000002
00000002
00000000
C069F2BA
C8DE00FB
EB483655
4E7796DD
00000004
00000004
00000000
B57178A3
AA2A512A
C37C9364
BBE6DD37
7B702A13
A9AC5DF1
5796F2F0
2AABB759
00000004
00000000
B5C83AE8
E838C962
44311F59
0265323A
B1F09C4F
597FF0C5
99C193CC
53B9F35B
00000001
00000000
A7712416
9838E6A1
00000000
00000000
00000000
00000003
00000003
00000000
2B33B303
83975D3C
FCAAFCCF
A6C9EC0C
E56F9B09
512DCDC8
3A75ACEB
C450A460
D2281C5F
E6DE39B6
E78A5D5C
96FE7792
50D718E1
E032D435
FEF135FF
301DCF1F
6B1469A8
9AA04FF7
DAC962B8
8B9CC95C
5DEA6F05
00000000
00000000
00000000
00000000
// vkCreateRenderPass[11]
00000052
00000000
133067BD
0000008E
00000001
00000000
00000026
00000000
00000000
6D4888A3
00000001
00000001
00000000
3CDF53EF
6CDEB81C
21537A33
B6891955
F829A1F9
851DCEE3
2597A9AF
A5948B42
E26EA93A
00000003
00000003
00000000
258BA4AF
B291B77F
00000001
00000001
00000000
8ADE087E
20120FE3
00000001
00000001
00000000
90A09CD3
8F3A3F6A
00000001
00000000
08C83DF9
70453670
00000001
00000000
F231E098
F5711E39
00000000
00000000
00000000
16673ABF
F4D7FA98
00000000
00000000
00000000
00000004
00000004
00000000
37C7D069
E8C80995
FFDF456D
E6169955
4FF568DF
093C0C46
E88C0394
1B065E71
00000004
00000000
8F19FF12
CC45F907
021491F5
940F18F6
22CF7486
9E2D7A63
B26D6CC6
B9719C16
00000001
00000000
224B5EB0
7CDC22D8
00000001
00000001
00000000
9EBB380D
0389609B
23444EEC
00000003
00000003
00000000
536580A7
D01053E1
ADFFF233
39B0059D
90D6289F
F9D1AD36
00000004
00000004
00000000
060396C0
682D9B4C
E152567B
DE9BC776
4AD31580
3D6BF9B0
762748C0
1B32F205
00000004
00000000
00988183
A392DD56
0A07617D
FDBEF746
60A83F4C
730B1D8C
D344BC9C
4A55AE13
00000001
00000000
3D27E81E
789082B0
00000003
00000003
00000000
79A55D94
B389827F
F2B613BA
00000001
00000001
00000000
3335DD08
9CADFF28
2FFC4384
2FCEE340
97B47325
8C8BB315
9B416B44
00000000
00000000
00000001
00000000
08D2FC61
00000068
// vkCreateRenderPass[12]
00000052
00000000
EB8124D7
00000070
00000001
00000000
00000026
00000000
00000000
51D6EFDB
00000001
00000001
00000000
053535BF
3A9CAC9A
7B2B78D0
8D7ECADB
32C13438
21795909
5540347D
A6835C77
F873D929
00000001
00000001
00000000
457EC1AE
CCEBEF1E
00000003
00000003
00000000
51989E91
EE570129
125F1AA5
7F6E63C7
36B72AB1
BBE4FB37
00000003
00000003
00000000
59057C7B
953ABC48
7ED665F7
63A77EA9
2FCC6F32
266E2E6D
00000003
00000000
E9E8237D
92C5DD47
1525B8BD
077097EC
6137F394
971850B2
00000001
00000000
AFCD3A2F
711037A9
00000004
00000004
00000000
0E373619
93AD1BC2
FF92CF91
4A9217B9
00000004
00000004
00000000
A7D145F9
5E2641F1
C3186545
A5058EF6
B8F1F8E2
A31A2AB9
23C3D7F3
A3084616
F4AEFC5C
3546FC53
E16426AA
D2E16662
D606EFBB
4CEDD24D
A63C7B02
EF10DDD4
99698462
70E2D767
8B837DF4
9F736B06
7274FE0D
2254F641
6650D4A7
8244CD90
82B0588C
B0F6DFBF
54218862
9ECAD2EE
00000000
00000000
00000001
00000000
831C63EB
000000F7
// vkCreateRenderPass[13]
00000052
00000000
3AAF4E5D
000000B5
00000001
00000000
00000026
00000000
00000000
D8040F79
00000001
00000001
00000000
29B30357
10EB47E0
77F3923E
D24A747E
AF6EB772
2FFD96C9
F86C6686
9DA59A0F
3F0B2C65
00000004
00000004
00000000
28528D96
C446C372
00000004
00000004
00000000
3A12CAD2
727DC80B
C8DE2851
AFD19658
A7F5D611
1796EA50
3C3B207E
A689CA7A
00000003
00000003
00000000
A456C38B
0C085C0E
1D922442
C2AB8555
BD3C4B06
BA24A6BC
00000003
00000000
9B7EB647
0FDEF74D
01FCD611
8EFEB632
0FAE1776
B7FACB8D
00000001
00000000
A4D4DB97
8A65D9F4
00000002
00000002
00000000
CD2BFD2E
4CA5D542
983D6DB6
C57950DA
00000001
00000001
00000000
B90F700F
76D21245
00000001
00000001
00000000
ADCB8034
E95744CD
00000001
00000000
5AB29CF7
FDECC5D4
00000001
00000000
93D6A4D2
240D3073
00000004
00000004
00000000
60447FD2
2E66B7EE
1979DAA1
9E6AC2B3
7E25E518
A2CDB2B5
00000002
00000002
00000000
E9EDAB21
C6E0874B
2DF9DDA3
83679670
00000002
00000002
00000000
98040E43
A5A077CC
F5F6ECA8
3054BA99
00000002
00000000
DA991FC1
802EC09C
1CFCD44F
400A2432
00000001
00000000
41387592
CF009B83
00000003
00000003
00000000
A4B34A56
11A8BEDA
C3BD9BF8
9915E40D
63832F9B
00000004
00000004
00000000
0D899F71
0D84AA0B
FD4F8C4A
7030C124
B5B57A72
5BBACBD2
47F56914
13EF7A46
00000003
00000003
00000000
34C8E55E
53258E44
5D0D573B
45AA51CD
82DE422B
D53DE988
00000003
00000000
C5A56111
569AD65D
D0CEF5E9
DF9EA564
D2F46912
89649330
00000001
00000000
C0E7595D
59E7DF8D
00000003
00000003
00000000
6063A0B0
EB034920
E8EDBA61
00000001
00000001
00000000
9AAF4C27
30ACA6CD
3C31DEFE
C658B41C
470E382E
FF2FE9D8
4A7AF960
00000000
00000000
00000001
00000000
CC22A71F
000000FE
// vkCreateRenderPass[14]
00000052
00000000
2550FEA3
00000040
00000001
00000000
00000026
00000000
00000000
250192DA
00000001
00000001
00000000
32FB0F51
F7D20C5D
452D6ED1
66363BD4
7B62F6C1
3131B367
7049D7C4
3FE79A9E
7765F384
00000003
00000003
00000000
5109E6F7
C34B99ED
00000000
00000000
00000000
00000002
00000002
00000000
50C24336
879B08F8
5CFD8D31
06AF1B95
00000002
00000000
00AD8DBD
B6A0F499
8A68002A
53FEEA77
00000001
00000000
5487C0D3
FBC0F7ED
00000002
00000002
00000000
D7471794
7967B1B4
6CD57125
331EACD2
00000003
00000003
00000000
B82B8B62
3441FBE6
5DE9CA4F
81D0F447
FF5B7570
F54E3003
00000002
00000002
00000000
D34840F4
510584E3
BB80FD3C
D3C94203
00000002
00000000
CB9236F4
E13ECB29
B0754CFC
DA013955
00000001
00000000
57538E90
28EB3ED7
00000004
00000004
00000000
DDF356ED
41F43FD4
8371477B
65FA0256
030E83B5
C2B1B722
00000004
00000004
00000000
CAB02EB1
200E8DA9
D489D9E1
6465DEB4
0A5EF303
4DC7A8F7
B3D47A73
DE9D90DA
00000003
00000003
00000000
F08D42CD
63FCC2BA
4D18C238
00565955
BC29C673
C5D0C0BB
00000003
00000000
F3B2F21D
712C2F3E
268C8A60
53473CCE
BA673CCB
6CEA6809
00000001
00000000
67DAB52C
102F243F
00000004
00000004
00000000
FCE08554
A18AAF3C
44A0C74B
6B75CFD8
00000003
00000003
00000000
2D0F5867
E4E68E7A
18AAC186
C27148A1
95424255
2DCC154F
509CD85C
2E2F3F35
8A79BD45
8A475648
28715E8D
91199FB5
4006E9B2
97998504
0D909859
A441658F
FB3EF598
A40953FB
FFDDBE01
5F946F7E
4E4E9C3E
00000000
00000000
00000001
00000000
A724DB1F
00000098
// vkCreateRenderPass[15]
00000052
00000000
478E7CCF
000000BD
00000001
00000000
00000026
00000000
00000000
BB34D7B7
00000001
00000001
00000000
51D41514
7201B17D
94BEA556
998231CA
22046100
E0E2C693
38DDACAD
AE8FE8ED
1B9BFF13
00000003
00000003
00000000
BF4B813B
994BD2A2
00000002
00000002
00000000
84E8DE70
79423369
228ABE4B
A25C86D5
00000004
00000004
00000000
8A4F49AC
F128E47E
9C3C7A76
C7F9D58B
52530765
AF2DB354
DD7B61BC
28677967
00000004
00000000
4D29DEB7
62946C62
CFD0DACD
9A71F939
0680716E
7F956E74
A60BAC80
D91AD01C
00000001
00000000
74958D69
F8C6B4E9
00000004
00000004
00000000
C1379A0D
61CB77C0
83C8892B
C3D17A35
963E4D9A
FA9D3B36
00000004
00000004
00000000
72D1CAF1
52399953
A2F3C905
854F57E5
882D8FDB
8D87D854
B735F8B4
6C7C86B1
00000004
00000004
00000000
4B42245B
204FD432
DB55ECC5
00CEEC56
EA594A80
2E50643D
7EFE5381
C119FBAD
00000004
00000000
B5F93938
FE730F23
ECA12024
2B0A6228
BCB6A904
64862FA6
4A98AC77
D58F77C9
00000001
00000000
11620FED
0BE1D909
00000001
00000001
00000000
7415A217
1433A67C
9DE7CA54
00000004
00000004
00000000
53B125F1
5F1265E6
631AA42C
08DBBF6A
E0FAF3FA
083AE5AC
351A7218
2C9AD4F2
00000001
00000001
00000000
8AAD7497
2749B048
00000001
00000000
1EEE2A9A
0F2CD829
00000000
00000000
00000001
00000001
00000000
2BABC838
00000001
00000001
00000000
FF64638C
52395FCD
89D95BD2
5A5AB0C0
ADA4B51E
70717C22
22E82F2C
00000000
00000000
00000001
00000000
FA76D4C9
00000089
// vkCreateRenderPass[16]
00000052
00000000
04A5B709
00000088
00000001
00000000
00000026
00000001
00000000
3B9C9309
00000000
00000000
00000000
00000000
00000000
8504981B
00000001
00000001
00000000
219C4EDD
8FB8D69A
CB10B93D
5A4BAD35
9F834D41
79DAE8DF
8B73AF2B
9B8B6703
F7EDDD3C
00000000
00000000
00000000
00000000
00000000
00000000
00000000
00000000
00000000
00000000
// vkCreateRenderPass[17]
00000052
00000000
932A85CD
0000008C
00000001
00000000
00000026
00000000
00000000
08B629E1
00000001
00000001
00000000
2644A40D
B67D32CC
F87957CC
BC39D0F4
AAC10566
B07B20C4
1920C9CD
177D09F4
2130D525
00000004
00000004
00000000
F16C27F3
CB798AEA
00000002
00000002
00000000
5570D4D8
25F8BCB9
07874202
CC5613F6
00000004
00000004
00000000
E9D916C6
66E295AC
D2FB96E4
1EF0A02E
2E6CF3BB
2C289CBA
79C9AAF8
DC45A9F9
00000004
00000000
17BF61E4
BFCB52CF
F07BB55E
1135315D
3494F74D
CECCC98F
4A27C787
F02A1555
00000001
00000000
1A68AC98
71DF2512
00000003
00000003
00000000
DA975B10
E3E04D4F
A90F879B
9428B5DA
135A78FD
00000001
00000001
00000000
ADAD82D1
D74645E9
00000003
00000003
00000000
E6DBEA69
705D8C66
3CA87DF3
D6FBE152
3E897E36
43550E41
00000003
00000000
A6B3B5C6
809879B0
B13C6CCC
F27D77AA
B3A373E2
F6B097EB
00000001
00000000
FB0DA369
B7076A33
00000004
00000004
00000000
E43EAB29
07EB4310
0666EC22
51E1FA7E
12570355
94EFA4E4
00000003
00000003
00000000
19211B5A
52F57607
EC3198DD
F46D7BA2
94972299
35A2849A
00000004
00000004
00000000
B15F155F
82ED3285
9EDC5168
AECB2198
62805050
A7E4E825
21D74E49
1917EEE9
00000004
00000000
17FE1C63
1491D436
F92C7D57
F14EA926
D665BC99
F9BAFB28
3DB7CC66
DB10AB0F
00000001
00000000
A13043B5
1E1DA580
00000003
00000003
00000000
92666B6D
C713203F
2F523999
FC67E226
B67C6506
00000003
00000003
00000000
B2A166EC
D2D0D2A0
5F85A698
7C19720A
73E9D443
568D5CC0
00000003
00000003
00000000
C9E1236D
89F86EDD
1EEBF466
57CB8318
4D2E80CF
01A9AFDB
00000003
00000000
DB7AB4BE
DA0FF139
B93C72B0
FFA80730
287A7A15
283AB5BF
00000001
00000000
97EB9F35
63E93903
00000003
00000003
00000000
94397C50
335E3F98
CDD1F1D9
00000001
00000001
00000000
C29053E7
B2C230AD
4B9C30C8
D635A196
A671ABEE
6457E54B
AA5B23EA
00000000
00000000
00000001
00000000
61DBB065
00000047
// vkCreateRenderPass2[0]
000000A7
00000000
8ABCF6E1
000000BC
00000001
00000000
3B9C73CC
00000000
00000000
646C9A9C
00000001
00000001
00000000
3B9C73C8
00000000
00000000
4EFF9DA9
84B8F366
DDD7D65D
A39A1720
0D923BB1
52A7C2F8
C5C9938B
4AC58AD2
5C5C06D3
00000004
00000004
00000000
3B9C73CA
00000000
00000000
1340C4DF
C08CAF88
716F7EC8
00000000
00000000
00000000
00000001
00000001
00000000
3B9C73C9
00000000
00000000
3FADF9B8
1032EC06
B6449B0B
00000001
00000000
3B9C73C9
00000000
00000000
41965948
60F764A8
AFAB87BF
00000001
00000000
3B9C73C9
00000000
00000000
1A673F20
BBCDE802
90AD6772
00000004
00000004
00000000
0DE8119F
F9D208B4
9B8E7CB5
B0CF2476
3B9C73CA
00000000
00000000
EC7976FA
57C34074
B5EB6646
00000004
00000004
00000000
3B9C73C9
00000000
00000000
AC4D2D6F
418CEBBF
B3B720E5
3B9C73C9
00000000
00000000
6B7F92DA
B9F1FCAC
370D6ED4
3B9C73C9
00000000
00000000
3C95EB62
473A71CD
DAF7FFB0
3B9C73C9
00000000
00000000
E8B535AD
2E14BD28
31640997
00000001
00000001
00000000
3B9C73C9
00000000
00000000
EF04ED1F
A32EADA2
88D3637C
00000001
00000000
3B9C73C9
00000000
00000000
32D33E49
233B2B2B
35EA3251
00000001
00000000
3B9C73C9
00000000
00000000
4FFBF1AD
B9C1A602
FCA8A7B9
00000001
00000001
00000000
3C9F5C59
3B9C73CA
00000000
00000000
D4FBF987
45A69C7E
16833C9C
00000001
00000001
00000000
3B9C73C9
00000000
00000000
3A24BE2F
3BF5C0CD
4349F88D
00000002
00000002
00000000
3B9C73C9
00000000
00000000
E3148477
4172785C
23F7B22A
3B9C73C9
00000000
00000000
BBA43191
EE19038E
93174180
00000002
00000000
3B9C73C9
00000000
00000000
DF0F700B
26D99E78
BC8E205D
3B9C73C9
00000000
00000000
63E26C36
28FF8F96
1461BD8E
00000001
00000000
3B9C73C9
00000000
00000000
138AE742
BE311DA4
E487C45F
00000001
00000001
00000000
D0FA694B
3B9C73CA
00000000
00000000
58AE6A83
8EEA64CA
988DC76E
00000003
00000003
00000000
3B9C73C9
00000000
00000000
C13A731D
8F869204
B37C1502
3B9C73C9
00000000
00000000
E9AD1072
971D104E
8F54E5EA
3B9C73C9
00000000
00000000
6C6D5A86
DB37282B
C6B6492A
00000004
00000004
00000000
3B9C73C9
00000000
00000000
79475C07
B796A0C8
4FE7BC40
3B9C73C9
00000000
00000000
4AAE71CF
279A597E
307588CF
3B9C73C9
00000000
00000000
E3219B42
7F40F324
6774BA3E
3B9C73C9
00000000
00000000
5EC3AAAE
B5CCEAE3
E783A915
00000004
00000000
3B9C73C9
00000000
00000000
9018263C
A00FE97B
80A9F397
3B9C73C9
00000000
00000000
02C58E77
89FC4B0E
6265A182
3B9C73C9
00000000
00000000
85328767
F74EE6B7
9B10DC2C
3B9C73C9
00000000
00000000
CB3CE628
F150BD53
7F3B9944
00000001
00000000
3B9C73C9
00000000
00000000
770830D0
0006B700
FF219426
00000003
00000003
00000000
E1921045
D95B2699
EA0C6310
00000002
00000002
00000000
3B9C73CB
00000000
00000000
EFB092C1
A74CB3BA
64C77287
79D0C3F1
33A4E700
25368B6A
4A922948
992427E6
3B9C73CB
00000000
00000000
6A51656D
FB71BF20
09D53323
8CC79BF0
2F890460
83117A86
FFC9687C
BA0DE5A4
00000000
00000000
00000000
00000000
00000000
00000001
00000000
3D448BFD
000000AD
// vkCreateRenderPass2[1]
000000A7
00000000
66916C5F
00000060
00000001
00000000
3B9C73CC
00000000
00000000
E4569BD7
00000001
00000001
00000000
3B9C73C8
00000000
00000000
45955F29
96EA7A7A
B38EEA42
B4194F75
6AB4147D
54870704
D700BAA4
4586CFAF
4EC66BD2
00000004
00000004
00000000
3B9C73CA
00000000
00000000
B24BCAB1
3FD79926
1206EB29
00000002
00000002
00000000
3B9C73C9
00000000
00000000
616C1E0E
8A9721D4
01580C63
3B9C73C9
00000000
00000000
D6CE363E
2113009C
D206E53D
00000003
00000003
00000000
3B9C73C9
00000000
00000000
40A26016
AFB77F0B
16579234
3B9C73C9
00000000
00000000
D47ACC99
5E6E6E57
24B9D977
3B9C73C9
00000000
00000000
3A40109A
6B9DE80B
36A550E2
00000003
00000000
3B9C73C9
00000000
00000000
9A6A8E11
65AC9B29
D4D31F8B
3B9C73C9
00000000
00000000
684987A0
20A222CC
D15A0F53
3B9C73C9
00000000
00000000
7F91594C
3FEA185C
69743289
00000001
00000000
3B9C73C9
00000000
00000000
2A9AC863
C373E0CB
7ED9DF80
00000000
00000000
00000000
3B9C73CA
00000000
00000000
757BDC82
CDCD43B0
489EE147
00000000
00000000
00000000
00000004
00000004
00000000
3B9C73C9
00000000
00000000
5D45F0C5
05CAA4AC
9E6B4EC2
3B9C73C9
00000000
00000000
28DF8CB7
C97BF4DB
F76BCB25
3B9C73C9
00000000
00000000
A30F1887
9D374DFF
2884F1D6
3B9C73C9
00000000
00000000
5A484A44
FA504B0C
F05487F8
00000004
00000000
3B9C73C9
00000000
00000000
11DCD346
63364ACC
8FA59437
3B9C73C9
00000000
00000000
0B655C75
CB95EAA8
576C83E9
3B9C73C9
00000000
00000000
8D665358
72630499
50A4487B
3B9C73C9
00000000
00000000
9ED341AB
EAA7D8FA
97E1044F
00000000
00000000
00000001
00000001
00000000
58E7E4BE
3B9C73CA
00000000
00000000
DAF062D1
E1E1A0D9
836597C5
00000003
00000003
00000000
3B9C73C9
00000000
00000000
1BC02A78
B1DFEF56
54762375
3B9C73C9
00000000
00000000
8871785F
A5D40278
F20A96FB
3B9C73C9
00000000
00000000
29C986F9
3E680965
9D12788C
00000002
00000002
00000000
3B9C73C9
00000000
00000000
2D40A97E
FB3C2A36
23927FA3
3B9C73C9
00000000
00000000
E20ED58E
60BD2A7C
247BE428
00000002
00000000
3B9C73C9
00000000
00000000
DECF8DD9
D3F64113
19A2BF98
3B9C73C9
00000000
00000000
24CB1174
A8C8971F
77B385B8
00000001
00000000
3B9C73C9
00000000
00000000
9557433B
AD123447
730F6BA8
00000003
00000003
00000000
A127C399
109F0D80
029820CE
3B9C73CA
00000000
00000000
432AD174
53C0ED4C
32CE81DB
00000003
00000003
00000000
3B9C73C9
00000000
00000000
268F8D69
0A26E57A
D0548F2C
3B9C73C9
00000000
00000000
6DD2E026
99AC04CE
2D5ECB34
3B9C73C9
00000000
00000000
1726A310
0149EF43
12C43B2B
00000002
00000002
00000000
3B9C73C9
00000000
00000000
E8E7AD69
B358D7C8
0923769F
3B9C73C9
00000000
00000000
624A68E3
2CA6E20D
EBAF05B8
00000002
00000000
3B9C73C9
00000000
00000000
01F1DAEA
D4D6EF97
D0B81E78
3B9C73C9
00000000
00000000
BCC6B46B
2298168A
315E127E
00000001
00000000
3B9C73C9
00000000
00000000
0B980FCA
B3A47787
CCEE9CDE
00000002
00000002
00000000
2901C472
C78CACB9
00000002
00000002
00000000
3B9C73CB
00000000
00000000
6F4A6124
91726B16
A2D6E59C
4B78A67A
C147FEAD
2007AE53
8DE4CA01
1BC3FBDA
3B9C73CB
00000000
00000000
8188C0AE
8B69E39A
0076ADD4
E1C4515B
AD2FFD05
EE466E1F
96E538FB
A1ABCFC9
00000002
00000002
00000000
7E8F3907
398764EB
00000000
00000000
00000001
00000000
BD43CBD3
000000A7
// vkCreateRenderPass2[2]
000000A7
00000000
E7422BD1
0000007C
00000001
00000000
3B9C73CC
00000000
00000000
38459422
00000004
00000004
00000000
3B9C73C8
00000000
00000000
37A3F297
A49ACBEF
EE3226C2
852C2FCE
8FA9D94A
5E735902
E2A4E6FB
D0836FB1
D5A2C37E
3B9C73C8
00000000
00000000
4489672A
38DBB01E
E4F5D670
3135F060
ACAB2BBF
1D393FB5
61B10404
3177C606
4FEB907F
3B9C73C8
00000000
00000000
56C4FED8
4D9FDA59
D2399E6F
CEF45AC4
B6245D24
2020AEFE
A4C72F69
B2B5709B
61ACD6F5
3B9C73C8
00000000
00000000
90F1B742
A8692701
30AE9B12
2DC1BE56
018C4A04
F737E6A6
4F8BA158
8F1E8B8A
86DC1B18
00000001
00000001
00000000
3B9C73CA
00000000
00000000
4BD8B786
99285CFC
719D5618
00000000
00000000
00000000
00000002
00000002
00000000
3B9C73C9
00000000
00000000
A6D0E1EA
846F1E3D
F9EE3B20
3B9C73C9
00000000
00000000
3F668062
123AFEB2
7E762D28
00000002
00000000
3B9C73C9
00000000
00000000
8ED0C921
1DEF2AF4
0CFBAF17
3B9C73C9
00000000
00000000
CC7173B1
3201BFFD
66DAB29D
00000000
00000000
00000003
00000003
00000000
21508562
055AE4C8
AD397DA2
00000001
00000001
00000000
3B9C73CB
00000000
00000000
51BDADDF
D2DC2B79
6E75FD55
F8F75421
A40FFFA6
E3503BBA
AB6187D5
E5B489F8
00000002
00000002
00000000
E59D9BD5
69F3D6B1
00000000
00000000
00000001
00000000
BED30375
000000F2
// vkCreateRenderPass2[3]
000000A7
00000000
24D765E1
000000B0
00000000
00000000
00000000
00000000
00000001
00000000
855909D1
00000035
// vkCreateRenderPass2[4]
000000A7
00000000
0125A153
0000006C
00000001
00000000
3B9C73CC
00000000
00000000
0632213D
00000000
00000000
00000000
00000001
00000001
00000000
3B9C73CA
00000000
00000000
380E89E3
E13525A0
A1785E71
00000001
00000001
00000000
3B9C73C9
00000000
00000000
4B9B236B
F70A3F1F
285FE4D8
00000004
00000004
00000000
3B9C73C9
00000000
00000000
5E43D9C6
41580899
FC7A60ED
3B9C73C9
00000000
00000000
CC596187
5D284A27
D9CD50A5
3B9C73C9
00000000
00000000
D9B0545A
91CEF5B5
F8D699B5
3B9C73C9
00000000
00000000
2A7F0B16
6BAAC5FA
48E74F13
00000004
00000000
3B9C73C9
00000000
00000000
D744E09E
D18F4E65
3BD6B016
3B9C73C9
00000000
00000000
41487C57
4AC9DE85
42C7CB3B
3B9C73C9
00000000
00000000
80067688
B11739CC
27150977
3B9C73C9
00000000
00000000
80B07BFD
845F4310
0F7293B2
00000001
00000000
3B9C73C9
00000000
00000000
4647D2DF
7E5DD693
8E8F8CA8
00000004
00000004
00000000
A85230A1
2E1D3661
F9B337C3
D0A24C15
00000002
00000002
00000000
3B9C73CB
00000000
00000000
5D351AF4
CB399C7C
AD1B1D6D
2F13F2BB
4881F011
DDDCD3FA
AF6541C1
F2263CC2
3B9C73CB
00000000
00000000
EADCBA01
5E09697B
E7202B19
711CDFEF
CCFD3AC1
A4A839CF
01852B1E
A2BCC287
00000003
00000003
00000000
4B3FDD77
D5F26146
BD0DDAC7
00000000
00000000
00000001
00000000
5D6A2D29
000000AD
// vkCreateRenderPass2[5]
000000A7
00000000
72ECA9BB
0000003F
00000001
00000000
3B9C73CC
00000000
00000000
FA030832
00000002
00000002
00000000
3B9C73C8
00000000
00000000
BB57DC9E
61BD0EBD
046752C4
70E2B03A
99798122
244FDCD6
176DD1E8
FD68076C
56C49F93
3B9C73C8
00000000
00000000
5BAA5E24
DBE02CD6
56835B20
5B9FB560
A1B28BE7
E443C942
44F67571
4097E961
E14CF95A
00000002
00000002
00000000
3B9C73CA
00000000
00000000
A3598108
CC339A3E
65CDFB2B
00000002
00000002
00000000
3B9C73C9
00000000
00000000
AA90805B
0A5C0F35
2F986299
3B9C73C9
00000000
00000000
95D96D2A
13E3F7CD
0B941F81
00000003
00000003
00000000
3B9C73C9
00000000
00000000
228DBACE
2039520F
8A651D3E
3B9C73C9
00000000
00000000
341C96BC
1B2A88A9
E71C5D5F
3B9C73C9
00000000
00000000
056A0278
575263BD
00B83755
00000003
00000000
3B9C73C9
00000000
00000000
9CDCDA64
3D39A451
E2335F87
3B9C73C9
00000000
00000000
FB97F995
59253200
46283ACF
3B9C73C9
00000000
00000000
98D8BB82
0AE71B1F
688758D7
00000001
00000000
3B9C73C9
00000000
00000000
82E0D94B
B17EF698
2FEC1598
00000001
00000001
00000000
774B8C1E
3B9C73CA
00000000
00000000
BE0F5743
A2BD90A2
668C5E72
00000002
00000002
00000000
3B9C73C9
00000000
00000000
94E6330D
FF75C999
497E58D6
3B9C73C9
00000000
00000000
DCCE35DB
6B39967E
90E05EF3
00000002
00000002
00000000
3B9C73C9
00000000
00000000
64550A48
5C0A815D
A01A4D00
3B9C73C9
00000000
00000000
E67ACDE8
457106A3
028CD049
00000002
00000000
3B9C73C9
00000000
00000000
3FE5F431
301F0815
57AF518C
3B9C73C9
00000000
00000000
E0CB8C02
5803D5E3
EF1E5952
00000001
00000000
3B9C73C9
00000000
00000000
2EA7D553
AB40093E
5AD71F5D
00000002
00000002
00000000
09CDF26C
A6F0D65C
00000004
00000004
00000000
3B9C73CB
00000000
00000000
B9A1CE96
B12ADBE0
D8498AFB
9CD290EC
796B0C83
2E60C51D
B2EFDE79
663041EB
3B9C73CB
00000000
00000000
52E1892F
1F0B0DD6
1C706B18
FBF95949
CB3D5F4D
C62AB4DB
C78942D1
2F05B73A
3B9C73CB
00000000
00000000
CB468C77
A9A2C2DC
F2CD7E3A
F7AB239B
754967A5
F7CF3C76
F2538AC0
37A9BD9F
3B9C73CB
00000000
00000000
0A8B444C
7E805AF9
BE651EF3
4835236F
F0AA3A74
8C53C01E
66CC2F71
FB55D233
00000004
00000004
00000000
250276B0
61628C7C
8277DEBB
3F361434
00000000
00000000
00000001
00000000
E67D28A1
0000002A
// vkCreateRenderPass2[6]
000000A7
00000000
C641CC35
000000F1
00000001
00000000
3B9C73CC
00000000
00000000
45CE00CD
00000002
00000002
00000000
3B9C73C8
00000000
00000000
F6674944
BA9CAE68
D235F367
AD44E68D
6ED0B1B6
FE7B4EF6
AD6561A7
25D65C8B
00454EFA
3B9C73C8
00000000
00000000
36E8E677
E21E9FB6
42A5EB76
31868364
EE7A1EA0
97A9EB3E
BD0B5237
F83BB147
AC870DC0
00000000
00000000
00000000
00000004
00000004
00000000
3B9C73CB
00000000
00000000
D5A2A805
0603743C
C6DB60FC
4C0745CE
7EE62141
2F659E73
356C8E63
FFCB7A38
3B9C73CB
00000000
00000000
4B5C6A3F
271C35AA
2FB0D1E9
48A9EE8D
DDC933CE
5AD5DCCC
6B41360B
5672FF9F
3B9C73CB
00000000
00000000
339947A7
C0DA9567
0F210461
47B0EC4B
F8AD044B
6B5977B9
B50D5BC2
9FCBE24C
3B9C73CB
00000000
00000000
20FE7C0C
702364D3
63CCD147
D1D8DF19
CBD827A6
2DDE985C
03E5C1EA
C9BEF512
00000004
00000004
00000000
9445D011
16F69402
37F63C6C
CDD613D5
00000000
00000000
00000000
00000000
// vkCreateRenderPass2[7]
000000A7
00000000
B6642D93
0000007B
00000001
00000000
3B9C73CC
00000000
00000000
5B58FE9F
00000003
00000003
00000000
3B9C73C8
00000000
00000000
4D2F96ED
91A8653D
F5382558
19CC88D1
661AEC66
5588CE3D
CDE20961
2AB950C9
137BDF29
3B9C73C8
00000000
00000000
DAA18916
4498B8E5
D22B4A55
A648A85D
CFC54A3D
22FB7AAF
92CFFB13
DE7A1E09
90C99EBC
3B9C73C8
00000000
00000000
F74BF061
1B97A59D
14E3C05A
BF012F64
F7A56755
E548EEC1
1111FAD7
721768DC
EF741731
00000001
00000001
00000000
3B9C73CA
00000000
00000000
5302824C
A2E74FEB
9813C397
00000002
00000002
00000000
3B9C73C9
00000000
00000000
BBA0FDD7
1F162B2D
F9196B62
3B9C73C9
00000000
00000000
86C2B09C
5D9C53B9
D397F6A8
00000001
00000001
00000000
3B9C73C9
00000000
00000000
A7FDDD07
0D45936C
06BC2021
00000001
00000000
3B9C73C9
00000000
00000000
F93022E4
FE79C8B4
0334845D
00000001
00000000
3B9C73C9
00000000
00000000
95A1590A
82578F53
AEA3D043
00000000
00000000
00000000
00000001
00000001
00000000
3B9C73CB
00000000
00000000
17A7F7CD
6E5BA106
05E9C240
11EE5C8D
B946B123
E66DE88E
40AB25C2
9FD15749
00000004
00000004
00000000
D8BBC83E
9A3F6E48
9C427A82
CBC3F014
00000000
00000000
00000001
00000000
905123EB
00000092
// vkCreateRenderPass2[8]
000000A7
00000000
ED12DC1B
0000008A
00000001
00000000
3B9C73CC
00000000
00000000
C8246647
00000001
00000001
00000000
3B9C73C8
00000000
00000000
0C025D97
4263C874
ED463B2D
B2EFA66B
46DA558D
B9C1BBA8
175D71DA
689914A5
DFCE656A
00000004
00000004
00000000
3B9C73CA
00000000
00000000
5EF2F569
394F80DF
1E70F3A3
00000004
00000004
00000000
3B9C73C9
00000000
00000000
6767D621
D2E4034B
4766088F
3B9C73C9
00000000
00000000
412F6E79
5F4422E8
A9181436
3B9C73C9
00000000
00000000
B65F3031
AD200B9C
F0538067
3B9C73C9
00000000
00000000
C1A05ECB
14771CAC
BE386A78
00000003
00000003
00000000
3B9C73C9
00000000
00000000
29F9F571
4F6EE1E2
33F9E937
3B9C73C9
00000000
00000000
E3196278
67C969F0
4CFAB0ED
3B9C73C9
00000000
00000000
2266B4D9
E6AAB6BC
71D1C9DF
00000003
00000000
3B9C73C9
00000000
00000000
4F3E5F59
2ABACD3A
6ACA9090
3B9C73C9
00000000
00000000
7E9813A6
EA1B581F
2999A535
3B9C73C9
00000000
00000000
7F84082F
6AF8E81E
6866A195
00000001
00000000
3B9C73C9
00000000
00000000
F50AAA31
5C20D69B
138A1B79
00000002
00000002
00000000
A1F46FEB
43131CA6
3B9C73CA
00000000
00000000
69A8D7D9
56628F55
B5CDD795
00000002
00000002
00000000
3B9C73C9
00000000
00000000
2D135E5A
DC42B52A
38F460A9
3B9C73C9
00000000
00000000
31A8C442
49439FF7
885E9DBA
00000003
00000003
00000000
3B9C73C9
00000000
00000000
5FFE017E
E3F98ACB
E074053D
3B9C73C9
00000000
00000000
56D60DB2
7B865347
A6F717D7
3B9C73C9
00000000
00000000
AADE9270
503D2362
05CC4FD0
00000003
00000000
3B9C73C9
00000000
00000000
02CC07F8
FD47F9A9
CA217BA8
3B9C73C9
00000000
00000000
762AB6BC
4845FA55
A322119D
3B9C73C9
00000000
00000000
D71D60BB
F628CF33
60038A37
00000001
00000000
3B9C73C9
00000000
00000000
94FAD1A5
43061219
5BB1241C
00000004
00000004
00000000
0877D9ED
173F5D67
026F2258
F5361AF5
3B9C73CA
00000000
00000000
77CD0F81
EADF0B87
34DAA6FE
00000004
00000004
00000000
3B9C73C9
00000000
00000000
571D71BD
E552DA04
981DB906
3B9C73C9
00000000
00000000
366784EB
2B425F50
BD01EFB0
3B9C73C9
00000000
00000000
749F2AA3
95DEA2E9
FB84DFF9
3B9C73C9
00000000
00000000
652E5938
E32EF2F8
31900188
00000002
00000002
00000000
3B9C73C9
00000000
00000000
D461352A
5E4AB551
5EE0DDF8
3B9C73C9
00000000
00000000
69E1DBD1
3664F49D
A5615C23
00000002
00000000
3B9C73C9
00000000
00000000
6057D282
4F074C66
ABE14B4F
3B9C73C9
00000000
00000000
000043D6
8D6D8C9D
6EE5C119
00000001
00000000
3B9C73C9
00000000
00000000
2431D71E
A626822B
E0741358
00000000
00000000
00000000
3B9C73CA
00000000
00000000
669F2106
9CA77AAD
499B7E1D
00000004
00000004
00000000
3B9C73C9
00000000
00000000
CDCBC0CB
EDB31710
6853E439
3B9C73C9
00000000
00000000
C9043721
1742B3D7
E79CFF42
3B9C73C9
00000000
00000000
37EF42ED
4E7DA7C5
CBA7298D
3B9C73C9
00000000
00000000
1004E7CF
0A6F9EFB
F936D5D3
00000004
00000004
00000000
3B9C73C9
00000000
00000000
859BFEC9
860089BA
462FE224
3B9C73C9
00000000
00000000
82CB7AEA
AB2AD557
D7CDE768
3B9C73C9
00000000
00000000
657B3C29
FEBFDC6B
C487BF00
3B9C73C9
00000000
00000000
AED076AA
30ACA0A3
4E74A793
00000004
00000000
3B9C73C9
00000000
00000000
A292BC7F
E99EBA99
CE5302A8
3B9C73C9
00000000
00000000
CFA27536
F18EB9FD
D522F505
3B9C73C9
00000000
00000000
4165D666
BB667F9A
192B3DF1
3B9C73C9
00000000
00000000
539442D7
2433C1D5
6587257B
00000000
00000000
00000000
00000000
00000000
00000004
00000004
00000000
3B9C73CB
00000000
00000000
810DD8C3
9CD6F5AC
280ACD2D
E7CB5729
9C5E481B
8D4EDDE5
58E9C9EF
EB03CD40
3B9C73CB
00000000
00000000
25089A7D
508D7316
B88CB54A
63C8FF24
494B5D8C
2796B956
7814D5ED
DE0F0FFD
3B9C73CB
00000000
00000000
155FF2BD
4EC10D50
507EB1B9
42C0CF52
FB2E0B5F
E35FEFCF
1E4F4B3D
C2018D66
3B9C73CB
00000000
00000000
8ABFCD61
4FDC5C73
A0CB71FB
BB971A23
52243288
628AD40C
9CCB8427
04F647FC
00000003
00000003
00000000
2E6F98A6
BC166161
DCC6259E
00000000
00000000
00000001
00000000
26CC107D
00000038
// vkCreateRenderPass2[9]
000000A7
00000000
E862092B
00000022
00000000
00000000
00000000
00000000
00000001
00000000
C22B19C9
000000F0
// vkCreateRenderPass2[10]
000000A7
00000000
26BC81CF
00000055
00000000
00000000
00000000
00000000
00000001
00000000
4BB041E1
000000D2
// vkCreateRenderPass2[11]
000000A7
00000000
87CABF1F
00000048
00000001
00000000
3B9C73CC
00000000
00000000
A15A66C9
00000004
00000004
00000000
3B9C73C8
00000000
00000000
BAEDE60D
47224D78
5B22C8BF
C2B59757
2720ACFD
EEFE2D3E
96CC8962
46F3E06F
CBC003D0
3B9C73C8
00000000
00000000
4DD33548
4F0AB174
6BB8AFC8
46D40182
531144EC
33CE3349
28FBDCA2
14815EFF
D7198C87
3B9C73C8
00000000
00000000
147B937A
7F1EA85A
61723AA4
D084738E
0E1CF430
9B95C231
B9A231CA
345057DD
2643241B
3B9C73C8
00000000
00000000
321A289E
A314729E
AABC6C2F
4ACB9675
5F7E02C0
F50CAD43
428E07D3
24EAA1E1
D405E4FE
00000001
00000001
00000000
3B9C73CA
00000000
00000000
4D8BCDD2
F751B1F7
697169FE
00000003
00000003
00000000
3B9C73C9
00000000
00000000
D824CB81
DE7ABC2C
8014E0F4
3B9C73C9
00000000
00000000
A1052267
4DD3473E
79E0AF88
3B9C73C9
00000000
00000000
2AA2FBAB
71A295F9
57FBC98E
00000004
00000004
00000000
3B9C73C9
00000000
00000000
4C21C9B9
5932DA98
999B5BE1
3B9C73C9
00000000
00000000
89C1A5EE
81775502
71C0ED5C
3B9C73C9
00000000
00000000
5FEDF51C
D528B4BB
71AFD859
3B9C73C9
00000000
00000000
71B5A54E
3D9F1968
19A2C5D9
00000004
00000000
3B9C73C9
00000000
00000000
42745DC0
29ABC682
467C4967
3B9C73C9
00000000
00000000
AD8050A7
F2556197
5A443E23
3B9C73C9
00000000
00000000
AE555E2F
D6124934
DF9203ED
3B9C73C9
00000000
00000000
4D4F9BD6
E52326E7
0F8E1449
00000001
00000000
3B9C73C9
00000000
00000000
82974C3E
A832CC62
FBA426A2
00000001
00000001
00000000
027AB5F7
00000002
00000002
00000000
3B9C73CB
00000000
00000000
0FC9AF79
27D8B224
3DAAE2C5
0F690F98
3AACCB63
BE4FBC81
C4BB4C75
3DE161CC
3B9C73CB
00000000
00000000
934E9FD8
EE7FFBF1
B56A96C6
134C1CBB
5D9B15F9
C134FE1A
4DEAA5B9
2F89B7DA
00000003
00000003
00000000
CA755A5A
85FD35FA
D2C172DA
00000000
00000000
00000001
00000000
B7782363
0000007A
// vkCreateRenderPass2[12]
000000A7
00000000
3F6C3A6F
000000B1
00000001
00000000
3B9C73CC
00000000
00000000
EE0D0E54
00000000
00000000
00000000
00000003
00000003
00000000
3B9C73CA
00000000
00000000
11D880B1
B130E3E7
982C8C5A
00000001
00000001
00000000
3B9C73C9
00000000
00000000
2D01F2CD
F51117DB
8A2DF6CC
00000003
00000003
00000000
3B9C73C9
00000000
00000000
DDA74686
29ACE8CC
E54AFD01
3B9C73C9
00000000
00000000
8D57EF03
C7DFA514
969CD1B7
3B9C73C9
00000000
00000000
9FB2A975
C7176C63
11E21A27
00000003
00000000
3B9C73C9
00000000
00000000
78F5C850
A5EF7B08
8C4B6B64
3B9C73C9
00000000
00000000
CFE6B8FC
D61DD8A1
56F0AB3F
3B9C73C9
00000000
00000000
F98634A7
9F77DC0C
13B752E2
00000001
00000000
3B9C73C9
00000000
00000000
9F078B2F
5858864B
4E395B83
00000001
00000001
00000000
762C36A6
3B9C73CA
00000000
00000000
CC523877
1B6F0FFB
CE564164
00000000
00000000
00000000
00000004
00000004
00000000
3B9C73C9
00000000
00000000
5553A21E
5AF18F0D
7620E892
3B9C73C9
00000000
00000000
682DCF03
52469BE5
B525F7AD
3B9C73C9
00000000
00000000
A7B23A21
699A4CD1
382402C2
3B9C73C9
00000000
00000000
22253309
F2192CE8
A2EE1E33
00000004
00000000
3B9C73C9
00000000
00000000
CA710D32
4A49A6C1
52B0F997
3B9C73C9
00000000
00000000
C3B68473
669AA7B4
2D1A62E0
3B9C73C9
00000000
00000000
7FF27C72
AEBDD2C5
2E6151A0
3B9C73C9
00000000
00000000
E587ECAF
2F8C7B34
CF0F0A99
00000001
00000000
3B9C73C9
00000000
00000000
9F2B650A
2FABAA99
C84BD514
00000003
00000003
00000000
DFBF0933
AC8BCBBC
C438E71C
3B9C73CA
00000000
00000000
D4B6437C
8115FDA1
2D1690C5
00000000
00000000
00000000
00000004
00000004
00000000
3B9C73C9
00000000
00000000
D7644F57
6C8A68F3
D68B5997
3B9C73C9
00000000
00000000
2447D777
D5D187A2
CE7DADC8
3B9C73C9
00000000
00000000
19535BE7
2D1F32C5
95F14538
3B9C73C9
00000000
00000000
CDDBB486
CCC20378
7167312A
00000004
00000000
3B9C73C9
00000000
00000000
D7B854DD
32F4E1E5
0B09C6BE
3B9C73C9
00000000
00000000
1BF8B008
D5937683
B4A31DA5
3B9C73C9
00000000
00000000
2020305E
C597FA1E
AF85A7BE
3B9C73C9
00000000
00000000
0C151354
59E9CED6
89F136B3
00000001
00000000
3B9C73C9
00000000
00000000
D6B1D2B7
0988BA56
9E9A16E6
00000001
00000001
00000000
21CD263E
00000004
00000004
00000000
3B9C73CB
00000000
00000000
938E43AB
088B29E9
1250D866
86BCCD92
76AEBE6F
8C66D741
6CC65CEA
088AECB8
3B9C73CB
00000000
00000000
31A4F581
9F76BE8F
368297FF
4E099DF5
A4484217
0E16D3F4
E8528DAF
ED601604
3B9C73CB
00000000
00000000
960EC738
E16B5464
EE4F1E90
FC92E08E
C27016BA
129AD802
FD8D09D5
95C780C2
3B9C73CB
00000000
00000000
226B2B29
E5E3993E
23FBCB5A
DF15B5FB
7960B2AA
5010DDB1
E032DBB0
91EA0726
00000001
00000001
00000000
94523EB4
00000000
00000000
00000001
00000000
22B1FDFF
0000001C
// vkCreateRenderPass2[13]
000000A7
00000000
70F3C043
0000002F
00000001
00000000
3B9C73CC
00000000
00000000
353BD1F0
00000001
00000001
00000000
3B9C73C8
00000000
00000000
979C2765
E7F3A335
254CCC34
D22A6D4D
F6E18AFD
064C48BD
CE89C38D
FC1A5EC5
3A003CA1
00000004
00000004
00000000
3B9C73CA
00000000
00000000
2C38F891
A114A58F
958E03C2
00000001
00000001
00000000
3B9C73C9
00000000
00000000
0046A30F
81B9E6C6
85240F9A
00000000
00000000
00000000
00000000
00000000
00000001
00000000
3B9C73C9
00000000
00000000
29BE39AB
88BE5642
246C7717
00000002
00000002
00000000
910EB07F
77C7463D
3B9C73CA
00000000
00000000
1D445DF2
0964062E
2A3B6430
00000002
00000002
00000000
3B9C73C9
00000000
00000000
6A1F4366
8229D699
B6017BF3
3B9C73C9
00000000
00000000
9DA58707
E7FED78E
6074C365
00000003
00000003
00000000
3B9C73C9
00000000
00000000
E34DF6FD
1DA4593E
E2900BB2
3B9C73C9
00000000
00000000
5C0E49E8
6D3D5B39
1541BD63
3B9C73C9
00000000
00000000
C87B981E
29DF6AA6
DDDBDB02
00000003
00000000
3B9C73C9
00000000
00000000
354D38CC
9BD8F3D9
B065F95F
3B9C73C9
00000000
00000000
8F1B4402
C41BB5A9
9DFBECCE
3B9C73C9
00000000
00000000
887CBD96
CCD40504
817FC28A
00000001
00000000
3B9C73C9
00000000
00000000
82EA46B0
96CAB1EA
8CBBF46B
00000004
00000004
00000000
0F2627FA
8FCB4CCC
A2F1E85D
00A88127
3B9C73CA
00000000
00000000
876A6782
C5BFDAE8
B251BB55
00000003
00000003
00000000
3B9C73C9
00000000
00000000
9BA06F44
45C7A859
5E079656
3B9C73C9
00000000
00000000
B9B1B0D1
0498119F
E7AAD35D
3B9C73C9
00000000
00000000
EB60D82D
63C562DB
0B071E26
00000004
00000004
00000000
3B9C73C9
00000000
00000000
59598483
FC3844C2
8525E5B4
3B9C73C9
00000000
00000000
1C6A79CC
60F0CF42
FE819F8F
3B9C73C9
00000000
00000000
5D7F2C41
FAB638A8
476720FA
3B9C73C9
00000000
00000000
B885BF8A
68EFDAA3
D4C1B025
00000004
00000000
3B9C73C9
00000000
00000000
8C6EA07C
7827ED71
C4CE2D83
3B9C73C9
00000000
00000000
2AAE7A22
854CB7DC
C9CF4E04
3B9C73C9
00000000
00000000
369A8896
C9E68D26
ED81B753
3B9C73C9
00000000
00000000
49B85934
8B99FD22
363F12B8
00000000
00000000
00000003
00000003
00000000
5CCD8E6D
7F7D4114
A2ABAFEE
3B9C73CA
00000000
00000000
E6B23789
99B5AF2F
0605E3D3
00000002
00000002
00000000
3B9C73C9
00000000
00000000
C019AF43
5012B2D7
F4DBD39E
3B9C73C9
00000000
00000000
3CD37C6F
74FACDBC
BD512C40
00000004
00000004
00000000
3B9C73C9
00000000
00000000
9C1E43A9
67BE6F59
5AEE4B41
3B9C73C9
00000000
00000000
12415348
0A502296
32D1C63E
3B9C73C9
00000000
00000000
8E567B31
FBCDFF00
B8B1CBBF
3B9C73C9
00000000
00000000
2C1C303B
7796EC84
4293D655
00000004
00000000
3B9C73C9
00000000
00000000
D2CD3B58
B93AA033
2A769AEB
3B9C73C9
00000000
00000000
75FCFAAF
939D9C18
746D04E3
3B9C73C9
00000000
00000000
8638A857
C4BB9CB1
69D9AD0D
3B9C73C9
00000000
00000000
1E9908D1
6753954E
D29B1A94
00000001
00000000
3B9C73C9
00000000
00000000
7B1566FE
8B3F8F84
E31109E6
00000002
00000002
00000000
BC2971B6
F3E39533
00000004
00000004
00000000
3B9C73CB
00000000
00000000
C90F44B5
600531E3
C640F4B9
14CFEDF0
9BCC105A
697F139A
FC738617
AD3F2BE8
3B9C73CB
00000000
00000000
CFB90FF7
E829A0A6
DC10DF00
BB6F0FB0
831A4136
CAD65115
CEEA06F5
5388346D
3B9C73CB
00000000
00000000
8026ADD8
5BE8437E
BEB6D46F
096A5FBB
E3523DE4
A2BD92FF
93F8014F
744A86E9
3B9C73CB
00000000
00000000
1D22B17E
6DF5E2CE
54E33E99
20C92130
9AE3E676
83F2750A
7831EB95
66A81746
00000001
00000001
00000000
5FFBEE8F
00000000
00000000
00000001
00000000
A03BF8FB
000000D7
// vkCreateRenderPass2[14]
000000A7
00000000
DC4CC3CF
0000002E
00000001
00000000
3B9C73CC
00000000
00000000
8DCEFC13
00000000
00000000
00000000
00000001
00000001
00000000
3B9C73CA
00000000
00000000
4DFFCF1B
E7C87886
33B98305
00000003
00000003
00000000
3B9C73C9
00000000
00000000
56A88BDA
2B3A92AC
6BDFABDF
3B9C73C9
00000000
00000000
C586A0C4
A8F0D90F
B99ADFED
3B9C73C9
00000000
00000000
9B718FB1
3F752C53
5AB64242
00000002
00000002
00000000
3B9C73C9
00000000
00000000
52619A99
D793D48C
0A9C491D
3B9C73C9
00000000
00000000
8F3029F7
C985F87C
C0154597
00000002
00000000
3B9C73C9
00000000
00000000
1D302F8D
D7A5B7E6
F5161590
3B9C73C9
00000000
00000000
1FC2A79C
EC48BEAD
80AB8F52
00000001
00000000
3B9C73C9
00000000
00000000
6311CC3A
C5F945B6
C328BA07
00000004
00000004
00000000
78739962
AD95833F
170BEF3B
83E87724
00000002
00000002
00000000
3B9C73CB
00000000
00000000
71EE70B4
A5A9877C
19FDDFE3
A4AFC6A0
EC3E182F
7DE7B9CF
2A5D8507
D2DEB33D
3B9C73CB
00000000
00000000
B4F7C45C
EF15C666
B3A7C55F
D1E379D6
3F47B980
A1FF1FDA
1F084B60
9FE38634
00000003
00000003
00000000
F8517BF9
92E1F8EB
06861D1A
00000000
00000000
00000001
00000000
6BDA1CDF
000000A0
// vkCreateRenderPass2[15]
000000A7
00000000
15AE968D
0000001F
00000001
00000000
3B9C73CC
00000000
00000000
291EFCE0
00000003
00000003
00000000
3B9C73C8
00000000
00000000
AD09CAAA
709A0180
13C636AC
993DAC3C
C8E3A43E
6078A7D9
B105B5EF
FA5A77B8
00CF7FE3
3B9C73C8
00000000
00000000
16984A4E
AAA85EC5
FA6DD712
EFFE8B1F
FDAEEFA6
75C40E82
397933B1
540CAA1F
42A86870
3B9C73C8
00000000
00000000
A925264B
94FF3500
D04D6EF4
154A6C7F
9A0A336E
7D01041E
084594C3
DA018196
5EC07E1F
00000001
00000001
00000000
3B9C73CA
00000000
00000000
2DB1C4BF
9177B488
06AACBD5
00000000
00000000
00000000
00000002
00000002
00000000
3B9C73C9
00000000
00000000
17250BC2
44FCD424
C6EA4E01
3B9C73C9
00000000
00000000
FBF946BA
E8D787A5
8BC16EF6
00000002
00000000
3B9C73C9
00000000
00000000
80CBA6E2
5CB807F6
C83C8747
3B9C73C9
00000000
00000000
7DEED5C0
157859F8
CDDF5E1E
00000001
00000000
3B9C73C9
00000000
00000000
5BE28AD5
3CFB1C41
6AE277C1
00000004
00000004
00000000
3B891460
93CE7DB3
55F4C985
EAA1E4FC
00000000
00000000
00000000
00000000
00000000
00000000
00000000
00000000
00000000
00000000
// vkCreateRenderPass2[16]
000000A7
00000000
E482AD4B
00000044
00000001
00000000
3B9C73CC
00000000
00000000
536898C7
00000004
00000004
00000000
3B9C73C8
00000000
00000000
FA12A51E
AF4D264B
61B9B3E1
FBEA7B6F
9BCB5E2F
42C4428F
CF6BFB88
D00751C1
431D2F16
3B9C73C8
00000000
00000000
5ED94B98
1B0B7328
9DD10807
7EB67D32
4218F30D
D3F7C7F3
D2D271AD
7F75AD46
248CD57F
3B9C73C8
00000000
00000000
D95F0EF5
F88A5C00
699B57AE
796DC88B
4FF37C47
E8F20F16
0372D5C3
899A31D4
8A227E0F
3B9C73C8
00000000
00000000
6C5F68D9
403A1FBB
50FA2EC1
CD632EDF
C8615E5B
88E1A74E
86898B7A
7451BD55
CDDACCF1
00000001
00000001
00000000
3B9C73CA
00000000
00000000
5A20707B
B3E86E82
76425E40
00000002
00000002
00000000
3B9C73C9
00000000
00000000
60E8340F
A0F8B218
26A05992
3B9C73C9
00000000
00000000
B9FA0F23
493A55A5
C414DDD3
00000004
00000004
00000000
3B9C73C9
00000000
00000000
626E004F
3ADD2101
C4F31C5D
3B9C73C9
00000000
00000000
063C6AFA
DA301A5A
6571FD94
3B9C73C9
00000000
00000000
BA9CC3F5
20AC2DE7
F9660613
3B9C73C9
00000000
00000000
6DA011CF
C733EF2E
81597207
00000004
00000000
3B9C73C9
00000000
00000000
C2CE75A4
06CC9114
5010C4F7
3B9C73C9
00000000
00000000
568387FD
02AB4AF5
5E19F337
3B9C73C9
00000000
00000000
10725155
B0608715
244A1678
3B9C73C9
00000000
00000000
65BAED4C
D119F14D
385151B2
00000001
00000000
3B9C73C9
00000000
00000000
C76CE1B4
51F4CB57
0211239F
00000000
00000000
00000000
00000000
00000000
00000000
00000004
00000004
00000000
5B1972B5
C8B9D5DB
2B499D2D
565DFD2D
00000000
00000000
00000001
00000000
D13651E1
00000091
// vkCreateRenderPass2[17]
000000A7
00000000
6196E373
000000AA
00000001
00000000
3B9C73CC
00000000
00000000
B3C8CD7C
00000003
00000003
00000000
3B9C73C8
00000000
00000000
E0BDF437
F619B29D
A65C6385
E03E6C8E
58CD1FF0
D7BA2ED9
BF337A22
12CD3D75
5CA04CB3
3B9C73C8
00000000
00000000
F3E50C02
99F986E4
D1CCBFAE
66053363
96651544
36E65091
34A17BB8
E2E6A7DD
8FD40307
3B9C73C8
00000000
00000000
EA35BEE7
E4F0ECE7
D9C81EF1
E131A353
3437A983
819FCB56
3209B914
B0AB7D31
E1293C24
00000004
00000004
00000000
3B9C73CA
00000000
00000000
F9FF221E
D9023692
FD1F664A
00000003
00000003
00000000
3B9C73C9
00000000
00000000
58C08BD0
B9579221
7E4EA9D0
3B9C73C9
00000000
00000000
BB8F7362
A4BE4E10
33F43B06
3B9C73C9
00000000
00000000
54F7C1FF
087D4CF4
A2383FE1
00000004
00000004
00000000
3B9C73C9
00000000
00000000
FD8ACD21
695F548F
E0F4055F
3B9C73C9
00000000
00000000
5E44CB4B
02760272
3ABC78C0
3B9C73C9
00000000
00000000
69DA1DC4
63FC6628
ED58A277
3B9C73C9
00000000
00000000
0F201777
54C2960D
175337B5
00000004
00000000
3B9C73C9
00000000
00000000
5E3F545C
ABD8137E
12714356
3B9C73C9
00000000
00000000
01F43446
484BBF12
634C961B
3B9C73C9
00000000
00000000
442C3C26
C65EBB15
2EE21E10
3B9C73C9
00000000
00000000
F8E3ABAC
187B15C4
C08B0094
00000000
00000000
00000000
00000000
00000000
3B9C73CA
00000000
00000000
C07F280F
421A6C7D
3B5BF74C
00000002
00000002
00000000
3B9C73C9
00000000
00000000
D3BDAC45
43B158AF
6241E326
3B9C73C9
00000000
00000000
8C782023
9F3E79FE
57ABF486
00000003
00000003
00000000
3B9C73C9
00000000
00000000
9256F751
AEF50417
17743437
3B9C73C9
00000000
00000000
9B724EC9
F6443C0D
89BDE151
3B9C73C9
00000000
00000000
4D82B2EB
2BB20BF6
3C3DD1CA
00000003
00000000
3B9C73C9
00000000
00000000
1F09C021
67B5593F
7FFBB7BE
3B9C73C9
00000000
00000000
73FF1CBD
5C64F1D2
9526B4D5
3B9C73C9
00000000
00000000
827E9B6F
C2581FA1
80210BF7
00000001
00000000
3B9C73C9
00000000
00000000
863BC2C3
41D44512
E50DA7C0
00000003
00000003
00000000
DBB84279
3C8D1A4A
CD220B05
3B9C73CA
00000000
00000000
B44A2A9B
C7ACD13F
7C86FF9F
00000001
00000001
00000000
3B9C73C9
00000000
00000000
DC3128E3
7C51856D
E602E0E0
00000004
00000004
00000000
3B9C73C9
00000000
00000000
9C11986F
229683A1
60276BC5
3B9C73C9
00000000
00000000
FCCAB7E2
3F426946
4B999DED
3B9C73C9
00000000
00000000
14A0FF08
9A91DB26
DA04389B
3B9C73C9
00000000
00000000
AE242570
FD7C047E
6497950B
00000004
00000000
3B9C73C9
00000000
00000000
752D163D
B2CCB7F8
A89BC12F
3B9C73C9
00000000
00000000
68192B25
7B823055
9435C08D
3B9C73C9
00000000
00000000
CB5E03F2
24E97E76
15C700A9
3B9C73C9
00000000
00000000
B9FBF5D3
DDFACE35
B6118AFB
00000000
00000000
00000001
00000001
00000000
B91D81EB
3B9C73CA
00000000
00000000
68F8AC11
9CCFE911
4A6F426E
00000003
00000003
00000000
3B9C73C9
00000000
00000000
54C1BDA4
65063887
7C19071E
3B9C73C9
00000000
00000000
DEC1B774
F735BD75
1F8FA572
3B9C73C9
00000000
00000000
856E41F0
312D6DD9
F5C7D0FE
00000003
00000003
00000000
3B9C73C9
00000000
00000000
7276266B
256BE334
A82B8E2B
3B9C73C9
00000000
00000000
6E228E50
E5F16BF7
8DB2FF2F
3B9C73C9
00000000
00000000
91424AED
C80E36B8
511A997C
00000003
00000000
3B9C73C9
00000000
00000000
0ABAD9E9
B1E274CD
892690DA
3B9C73C9
00000000
00000000
2042CF79
DD529453
C0D4A7E4
3B9C73C9
00000000
00000000
6CA28CDE
9876E279
629FAD08
00000001
00000000
3B9C73C9
00000000
00000000
589DD13F
D8DED334
0CC7D39C
00000002
00000002
00000000
3309C1FA
0A5BE008
00000003
00000003
00000000
3B9C73CB
00000000
00000000
A9ED6900
970BE269
4C71AB6D
8427694D
49D8AB51
4EF5FB5C
C7454395
8AD20DCC
3B9C73CB
00000000
00000000
98A7C23F
A5326B8C
2DC46A52
7212D36F
9ACB8E07
FD02E7A4
0A047EDD
B9B6CCFE
3B9C73CB
00000000
00000000
48C6AE09
91D7C564
5B39387D
7A313D94
0A64929E
7DC08C6D
6BB3B3FE
500F2D1D
00000001
00000001
00000000
F88B1CB6
00000000
00000000
00000001
00000000
C4334961
000000EC
// vkDestroyRenderPass[0]
00000053
00000000
BFF27263
0000007E
74D083D9
00000029
00000000
00000000
// vkDestroyRenderPass[1]
00000053
00000000
94B9A60F
00000097
D96FF639
0000001B
00000000
00000000
// vkDestroyRenderPass[2]
00000053
00000000
1489B7F7
00000011
D574A71B
0000003B
00000000
00000000
// vkDestroyRenderPass[3]
00000053
00000000
887CE6FB
000000B6
F547402D
0000005B
00000000
00000000
// vkDestroyRenderPass[4]
00000053
00000000
AFC643D7
0000002D
CADB0E9F
00000028
00000000
00000000
// vkDestroyRenderPass[5]
00000053
00000000
3E39E383
00000010
46E901CB
00000009
00000000
00000000
// vkDestroyRenderPass[6]
00000053
00000000
ABC09263
00000042
628A5D4D
000000D9
00000000
00000000
// vkDestroyRenderPass[7]
00000053
00000000
6350FA59
000000EA
100E17C7
000000A5
00000000
00000000
// vkDestroyRenderPass[8]
00000053
00000000
87899093
0000006F
5FAE55CB
0000004C
00000000
00000000
// vkDestroyRenderPass[9]
00000053
00000000
D3246CB5
000000FF
BAAA7A91
0000004D
00000000
00000000
// vkDestroyRenderPass[10]
00000053
00000000
D7F48355
000000D0
7F0B08C1
0000006A
00000000
00000000
// vkDestroyRenderPass[11]
00000053
00000000
F4E03B73
00000009
587E210B
00000007
00000000
00000000
// vkDestroyRenderPass[12]
00000053
00000000
E7FB2CF1
00000075
965EC13B
00000078
00000000
00000000
// vkDestroyRenderPass[13]
00000053
00000000
4C88FA49
000000FC
5D4236A9
000000DC
00000000
00000000
// vkDestroyRenderPass[14]
00000053
00000000
82C4C7B7
00000017
2B1FDF79
000000A6
00000000
00000000
// vkDestroyRenderPass[15]
00000053
00000000
8C078CCB
0000003D
F5133C97
000000FE
00000000
00000000
// vkDestroyRenderPass[16]
00000053
00000000
72888FC1
000000EE
93E93DFD
0000001D
00000000
00000000
// vkDestroyRenderPass[17]
00000053
00000000
EFCCB8CF
0000005C
FF5545E1
00000073
00000000
00000000
// vkCreateFramebuffer[0]
00000050
00000000
A85FF09B
00000074
00000000
00000000
00000000
00000000
00000001
00000000
101011ED
0000003D
// vkCreateFramebuffer[1]
00000050
00000000
084669E3
00000036
00000000
00000000
00000000
00000000
00000001
00000000
6B192E57
000000FB
// vkCreateFramebuffer[2]
00000050
00000000
2ACC2BCD
00000016
00000001
00000000
00000025
00000000
00000000
23EC7CC4
2F46186D
00000099
00000003
00000003
00000000
DBCEAF19
00000013
D6D273DC
0000002C
602C8BAF
00000005
9D321845
B57011AA
7859BD4B
00000000
00000000
00000001
00000000
09C8858F
000000B8
// vkCreateFramebuffer[3]
00000050
00000000
438E4E67
00000049
00000000
00000000
00000000
00000000
00000001
00000000
F750AE2D
00000015
// vkCreateFramebuffer[4]
00000050
00000000
981ED04F
00000042
00000000
00000000
00000000
00000000
00000001
00000000
5926EC9F
000000D8
// vkCreateFramebuffer[5]
00000050
00000000
9A3A4599
00000015
00000001
00000000
00000025
00000000
00000000
EE28E60E
0B2C27C3
00000048
00000003
00000003
00000000
2D5A4AA5
00000092
812C48BE
000000AD
EA2DDEEA
000000EC
54F349C1
1725CA95
84494DB5
00000000
00000000
00000000
00000000
// vkCreateFramebuffer[6]
00000050
00000000
233BFBB3
00000029
00000001
00000000
00000025
00000000
00000000
4B2B2C63
90197289
000000D6
00000000
00000000
00000000
175FD4D6
54426B91
E617FA9E
00000000
00000000
00000001
00000000
E5401631
0000003B
// vkCreateFramebuffer[7]
00000050
00000000
28DEF487
00000016
00000000
00000000
00000000
00000000
00000001
00000000
A2FBCF7F
00000058
// vkCreateFramebuffer[8]
00000050
00000000
3C02D9C9
0000009E
00000000
00000000
00000000
00000000
00000001
00000000
361BEA89
00000055
// vkCreateFramebuffer[9]
00000050
00000000
A04ACC31
0000004A
00000001
00000000
00000025
00000000
00000000
BA8A5DAB
37D84F19
00000060
00000000
00000000
00000000
B1AB129D
75592A41
384EDDCE
00000000
00000000
00000001
00000000
F164C459
00000082
// vkCreateFramebuffer[10]
00000050
00000000
0264A4C5
00000092
00000001
00000000
00000025
00000000
00000000
E3B74161
DD38C775
000000D2
00000000
00000000
00000000
B203250C
D98C1F59
65FEFB98
00000000
00000000
00000001
00000000
95F847F7
0000001E
// vkCreateFramebuffer[11]
00000050
00000000
B3E43DC5
000000B9
00000001
00000000
00000025
00000000
00000000
5DDED4AF
C2C6A53B
00000018
00000000
00000000
00000000
1DD743AF
9B8ED4FD
FA318DC3
00000000
00000000
00000001
00000000
3EC43AC9
00000008
// vkCreateFramebuffer[12]
00000050
00000000
C3053B8B
000000C4
00000001
00000000
00000025
00000000
00000000
F672FA1B
21C632B3
0000003B
00000000
00000000
00000000
44F39070
20ACA983
A804D0BF
00000000
00000000
00000001
00000000
1BC8E7F1
000000AD
// vkCreateFramebuffer[13]
00000050
00000000
B2E8AFA7
00000096
00000001
00000000
00000025
00000000
00000000
027AEDFB
5541F529
0000006F
00000000
00000000
00000000
AC3B93A4
983C0304
5BFCD7B8
00000000
00000000
00000001
00000000
40BEBA65
0000009C
// vkCreateFramebuffer[14]
00000050
00000000
AC6F083D
00000021
00000001
00000000
00000025
00000000
00000000
4ECEDE56
DBA8FB1D
000000D2
00000002
00000002
00000000
D0E99EF6
00000096
4F1501DB
000000DB
687D2782
EA24CB32
6BD610DE
00000000
00000000
00000001
00000000
F7767F5B
00000096
// vkCreateFramebuffer[15]
00000050
00000000
4AE45AC1
000000D7
00000001
00000000
00000025
00000000
00000000
4EE6139B
317DDC63
00000065
00000000
00000000
00000000
487ABD40
DB0D29ED
7EFAAAC7
00000000
00000000
00000001
00000000
A748ADE7
0000003B
// vkCreateFramebuffer[16]
00000050
00000000
ED2CE13D
00000018
00000001
00000000
00000025
00000000
00000000
11F3818C
8B1B188B
00000077
00000000
00000000
00000000
37610B4E
62EE004B
BBB7CADA
00000000
00000000
00000001
00000000
08FF487B
0000004B
// vkCreateFramebuffer[17]
00000050
00000000
89798763
000000AE
00000000
00000000
00000000
00000000
00000001
00000000
AC4391A3
000000D1
// vkDestroyFramebuffer[0]
00000051
00000000
CC258B73
000000EE
ED8AE979
00000089
00000000
00000000
// vkDestroyFramebuffer[1]
00000051
00000000
C4501F81
00000022
AC2902E3
0000008C
00000000
00000000
// vkDestroyFramebuffer[2]
00000051
00000000
71D8A7E9
000000C7
1DCCE821
00000011
00000000
00000000
// vkDestroyFramebuffer[3]
00000051
00000000
2DF7A679
00000051
5F873BAF
00000096
00000000
00000000
// vkDestroyFramebuffer[4]
00000051
00000000
705E5ECB
0000001C
3F47DCDB
000000C7
00000000
00000000
// vkDestroyFramebuffer[5]
00000051
00000000
381FF2C3
000000F6
317F746B
00000015
00000000
00000000
// vkDestroyFramebuffer[6]
00000051
00000000
7F7F5DF1
00000050
E3FC7B99
0000003A
00000000
00000000
// vkDestroyFramebuffer[7]
00000051
00000000
62B5E26F
000000D8
B6017E91
00000063
00000000
00000000
// vkDestroyFramebuffer[8]
00000051
00000000
95986767
000000E0
BC47C24B
000000B4
00000000
00000000
// vkDestroyFramebuffer[9]
00000051
00000000
07668235
000000EF
3DBD1BE9
00000062
00000000
00000000
// vkDestroyFramebuffer[10]
00000051
00000000
DA67E47F
0000002B
638BDD49
00000037
00000000
00000000
// vkDestroyFramebuffer[11]
00000051
00000000
5D996AFD
00000003
5BE418FF
0000000E
00000000
00000000
// vkDestroyFramebuffer[12]
00000051
00000000
B3E2A155
00000011
A5B73125
00000005
00000000
00000000
// vkDestroyFramebuffer[13]
00000051
00000000
DF6DBAC3
0000001C
8ED5CA47
00000066
00000000
00000000
// vkDestroyFramebuffer[14]
00000051
00000000
52C18353
000000B1
9F43B94D
000000F3
00000000
00000000
// vkDestroyFramebuffer[15]
00000051
00000000
4803588F
0000000F
3053D98B
000000A5
00000000
00000000
// vkDestroyFramebuffer[16]
00000051
00000000
F0C2B8E9
0000000A
4E878189
000000F6
00000000
00000000
// vkDestroyFramebuffer[17]
00000051
00000000
CD4C52E1
000000E0
6E9D72F3
000000E1
00000000
00000000
// vkCreateDescriptorPool[0]
0000004A
00000000
224CF8A5
00000044
00000000
00000000
00000000
00000000
00000001
00000000
42592EEF
0000002F
// vkCreateDescriptorPool[1]
0000004A
00000000
FC0CF75B
000000DB
00000001
00000000
00000021
00000000
00000000
A53434A5
5204EBBA
00000004
00000004
00000000
743821F9
DE007D69
52C6E688
C758080C
95844192
8D27103D
C085988A
5BE74860
00000000
00000000
00000001
00000000
6DEF390F
000000A8
// vkCreateDescriptorPool[2]
0000004A
00000000
3B194CE5
000000B2
00000001
00000000
00000021
00000000
00000000
4C48968E
4B58CD26
00000000
00000000
00000000
00000000
00000000
00000001
00000000
DC3BAAAB
000000B2
// vkCreateDescriptorPool[3]
0000004A
00000000
C0CD78FB
000000B0
00000001
00000000
00000021
00000000
00000000
A93CF97E
50DC7498
00000002
00000002
00000000
A8ED6B75
CF1BE95E
ECFA00DF
EEF82B97
00000000
00000000
00000000
00000000
// vkCreateDescriptorPool[4]
0000004A
00000000
DB0A13E3
0000005B
00000001
00000000
00000021
00000000
00000000
C2A07A0B
37180421
00000003
00000003
00000000
E5843AD2
774D87F0
02175C40
44B649B3
20E45F62
C146D6B8
00000000
00000000
00000001
00000000
26C01585
000000DA
// vkCreateDescriptorPool[5]
0000004A
00000000
90374E9D
00000066
00000001
00000000
00000021
00000000
00000000
8C3FA078
F3CBABE0
00000001
00000001
00000000
3F6A08AF
013C330B
00000000
00000000
00000001
00000000
EE0ED4BF
000000D4
// vkCreateDescriptorPool[6]
0000004A
00000000
C5552ECF
000000E7
00000001
00000000
00000021
00000000
00000000
7BAC69BF
1B1EF16A
00000004
00000004
00000000
31382F00
7556B53A
0BC1AFA0
53CA6298
0EE1FB3B
C292F4AF
64385708
DABB7A52
00000000
00000000
00000001
00000000
BF22A46B
000000EB
// vkCreateDescriptorPool[7]
0000004A
00000000
38655103
000000E9
00000001
00000000
00000021
00000000
00000000
D86FD6F5
D2464D19
00000000
00000000
00000000
00000000
00000000
00000001
00000000
04248C61
00000069
// vkCreateDescriptorPool[8]
0000004A
00000000
CA8430D5
00000004
00000001
00000000
00000021
00000000
00000000
62B150C4
39A38A5A
00000002
00000002
00000000
8E0DD473
6064B634
3E3E42AA
7111A373
00000000
00000000
00000000
00000000
// vkCreateDescriptorPool[9]
0000004A
00000000
2037ADC5
000000EA
00000001
00000000
00000021
00000000
00000000
E1628BF5
9CDF3B4A
00000001
00000001
00000000
642FB9CB
A366FB87
00000000
00000000
00000001
00000000
12B2B719
000000EB
// vkCreateDescriptorPool[10]
0000004A
00000000
69151CE3
000000FE
00000001
00000000
00000021
00000000
00000000
5EF0B6A3
1F636164
00000002
00000002
00000000
31735015
CE3B2EF1
4926B606
F0E33CAD
00000000
00000000
00000000
00000000
// vkCreateDescriptorPool[11]
0000004A
00000000
203EE8CF
00000092
00000000
00000000
00000000
00000000
00000001
00000000
4A2A9437
00000079
// vkCreateDescriptorPool[12]
0000004A
00000000
DFF190A1
00000050
00000001
00000000
00000021
00000000
00000000
77C0FF11
EB59B15C
00000003
00000003
00000000
6E62E74A
A28A1A73
9A69A02B
019012FF
73A1FB11
6C32FA35
00000000
00000000
00000001
00000000
A85770AD
00000046
// vkCreateDescriptorPool[13]
0000004A
00000000
C2F7BC63
00000043
00000001
00000000
00000021
00000000
00000000
1744FE1A
C4A7727F
00000002
00000002
00000000
2A692A67
8BC20B59
EE083191
49734540
00000000
00000000
00000001
00000000
8371712B
000000B7
// vkCreateDescriptorPool[14]
0000004A
00000000
1696D8D9
000000E2
00000001
00000000
00000021
00000000
00000000
D5F1F5B5
040D9A7A
00000000
00000000
00000000
00000000
00000000
00000001
00000000
7B28DC2B
00000064
// vkCreateDescriptorPool[15]
0000004A
00000000
954CAFB7
0000002A
00000001
00000000
00000021
00000000
00000000
E72606E8
79CA3471
00000002
00000002
00000000
5478D1B4
683186DC
DF6D9CF7
24D00618
00000000
00000000
00000001
00000000
C1377285
00000029
// vkCreateDescriptorPool[16]
0000004A
00000000
5F2EB22B
000000CD
00000001
00000000
00000021
00000000
00000000
787E83DD
04661002
00000002
00000002
00000000
50BDC5D7
3ECC39BC
BEE44D86
B561EE94
00000000
00000000
00000000
00000000
// vkCreateDescriptorPool[17]
0000004A
00000000
717D3021
000000E9
00000001
00000000
00000021
00000000
00000000
9BBD181F
DDF595CD
00000000
00000000
00000000
00000000
00000000
00000001
00000000
5D17D3BB
00000002
// vkDestroyDescriptorPool[0]
0000004B
00000000
E17425F9
00000081
59D93EC3
0000009E
00000000
00000000
// vkDestroyDescriptorPool[1]
0000004B
00000000
4BAD1BA3
0000003D
AEFF3AC9
00000008
00000000
00000000
// vkDestroyDescriptorPool[2]
0000004B
00000000
751C9177
0000008B
3FBCF733
000000A4
00000000
00000000
// vkDestroyDescriptorPool[3]
0000004B
00000000
9579A735
00000013
A14AEB49
00000072
00000000
00000000
// vkDestroyDescriptorPool[4]
0000004B
00000000
1342BCE7
0000004A
25DF63F1
00000033
00000000
00000000
// vkDestroyDescriptorPool[5]
0000004B
00000000
373B40DB
00000070
51F03CB5
0000007D
00000000
00000000
// vkDestroyDescriptorPool[6]
0000004B
00000000
E64A3433
00000012
B5BE75D9
000000DE
00000000
00000000
// vkDestroyDescriptorPool[7]
0000004B
00000000
A8E1FDDB
000000C2
ADADDD17
00000077
00000000
00000000
// vkDestroyDescriptorPool[8]
0000004B
00000000
D31EC521
0000008D
3385E383
000000F3
00000000
00000000
// vkDestroyDescriptorPool[9]
0000004B
00000000
14427487
00000071
10EE4C3F
00000095
00000000
00000000
// vkDestroyDescriptorPool[10]
0000004B
00000000
6C3F28F1
000000CF
D1136D23
000000A8
00000000
00000000
// vkDestroyDescriptorPool[11]
0000004B
00000000
85E203CD
0000008F
6BA71851
000000C0
00000000
00000000
// vkDestroyDescriptorPool[12]
0000004B
00000000
172BF289
00000032
99B6193B
0000004D
00000000
00000000
// vkDestroyDescriptorPool[13]
0000004B
00000000
4A05F3F1
000000B6
8A247A13
0000003C
00000000
00000000
// vkDestroyDescriptorPool[14]
0000004B
00000000
42207ED1
000000C8
7AB4E443
00000054
00000000
00000000
// vkDestroyDescriptorPool[15]
0000004B
00000000
0D0EC82D
000000F5
03BC6039
000000D8
00000000
00000000
// vkDestroyDescriptorPool[16]
0000004B
00000000
03BB0A35
00000005
E1C18095
000000C8
00000000
00000000
// vkDestroyDescriptorPool[17]
0000004B
00000000
585E3E29
00000083
FC8F66EB
0000007D
00000000
00000000
// vkResetDescriptorPool[0]
0000004C
00000000
829BDEE1
0000005F
3C1B190B
00000067
9C82A5FB
// vkResetDescriptorPool[1]
0000004C
00000000
BCF5EFBF
0000006D
A5D56061
00000073
27173060
// vkResetDescriptorPool[2]
0000004C
00000000
CA8ED603
0000005A
BD960D69
000000DA
B57BF077
// vkResetDescriptorPool[3]
0000004C
00000000
E3AE504F
000000A7
C030CC1D
000000CB
CC8A78A6
// vkResetDescriptorPool[4]
0000004C
00000000
705AF565
00000064
33E6C0AD
00000004
6E6C9243
// vkResetDescriptorPool[5]
0000004C
00000000
174365AD
000000A8
B4CF8BC3
00000068
EC59EFCB
// vkResetDescriptorPool[6]
0000004C
00000000
BA88FD05
0000004E
2DD5E415
0000005B
AE6B7047
// vkResetDescriptorPool[7]
0000004C
00000000
DCC92FEB
00000010
13904637
0000008D
91D094EF
// vkResetDescriptorPool[8]
0000004C
00000000
04097C05
000000A4
01AD3D77
000000C1
3E4E2D77
// vkResetDescriptorPool[9]
0000004C
00000000
139045C9
0000004B
9AB8609B
000000CC
58F9824E
// vkResetDescriptorPool[10]
0000004C
00000000
2B731D49
00000094
552673F7
0000000D
E7A69BB9
// vkResetDescriptorPool[11]
0000004C
00000000
246722CF
000000DD
381126FF
000000E7
54EAAED8
// vkResetDescriptorPool[12]
0000004C
00000000
56BE2B1B
00000001
8D785A6B
0000008F
0BCD7563
// vkResetDescriptorPool[13]
0000004C
00000000
5442D523
0000006F
E6CB5D01
00000053
B0E01F35
// vkResetDescriptorPool[14]
0000004C
00000000
E077F125
00000055
F635211D
00000017
9593FDC5
// vkResetDescriptorPool[15]
0000004C
00000000
CB93E3BB
00000097
C0D3039D
00000020
7BCC55F1
// vkResetDescriptorPool[16]
0000004C
00000000
FFC9EEBD
000000C1
13B3EC33
000000E7
C18F083B
// vkResetDescriptorPool[17]
0000004C
00000000
C0A1B9C1
000000AA
7577E797
000000E5
DE7CBBC0
// vkAllocateDescriptorSets[0]
0000004D
00000000
E27BDE8B
0000002A
00000000
00000000
00000000
00000000
// vkAllocateDescriptorSets[1]
0000004D
00000000
F9953FA9
00000015
00000001
00000000
00000022
00000000
00000000
AE799D8B
0000003A
00000004
00000004
00000000
4BCE7F75
000000F3
0E68F3B7
00000071
B898F329
00000025
0CA13CB4
00000066
00000004
00000000
4BBD42AE
00000056
27B53354
00000026
ACFA4835
00000040
5080E837
00000005
// vkAllocateDescriptorSets[2]
0000004D
00000000
88F77C51
000000FB
00000000
00000000
00000000
00000000
// vkAllocateDescriptorSets[3]
0000004D
00000000
1851C6DD
00000027
00000001
00000000
00000022
00000000
00000000
AB947537
000000E5
00000002
00000002
00000000
19A3FFE8
0000000C
57B39C0A
0000009A
00000002
00000000
1D8698D2
000000FB
89A61BB2
000000C5
// vkAllocateDescriptorSets[4]
0000004D
00000000
EBF96A6F
000000DB
00000001
00000000
00000022
00000000
00000000
A3CF351F
0000006C
00000004
00000004
00000000
F4C8578A
0000005E
43CE0298
0000000F
78FA97DF
0000002B
C4C73E57
000000E9
00000004
00000000
001046DC
00000074
6EE7DB6D
00000086
99289296
000000C9
24DDACD5
000000C9
// vkAllocateDescriptorSets[5]
0000004D
00000000
101EC645
0000008A
00000001
00000000
00000022
00000000
00000000
367692FF
000000A9
00000004
00000004
00000000
CA9A8F96
00000000
D3C48C5B
000000D3
5D7BB8EC
0000002B
1856B1A6
0000007E
00000004
00000000
25084E10
00000082
743E1CD4
000000FD
6184360F
0000002E
81A6D1D7
00000066
// vkAllocateDescriptorSets[6]
0000004D
00000000
8C91E197
00000009
00000001
00000000
00000022
00000000
00000000
66D9BF17
000000A8
00000004
00000004
00000000
4B79C7F1
000000F9
A27C8F1E
000000FF
DFA7962C
000000B1
A41C9D01
000000FA
00000004
00000000
D37C4D24
0000002E
450C344A
000000BD
16DB013A
000000B9
F3EEBA54
00000001
// vkAllocateDescriptorSets[7]
0000004D
00000000
12C823F5
00000052
00000001
00000000
00000022
00000000
00000000
ACF11193
000000AA
00000004
00000004
00000000
271F5D7D
00000060
16ED00A3
000000D5
F4DE49B1
000000C8
C074D01C
000000C8
00000004
00000000
79033446
0000004C
7F834C60
00000024
D3D34FB0
000000D7
36C949AB
000000EF
// vkAllocateDescriptorSets[8]
0000004D
00000000
82BD02F1
00000032
00000001
00000000
00000022
00000000
00000000
349F3D4F
00000059
00000003
00000003
00000000
AA35DEF4
000000D9
A5EC2253
000000AE
1DFA2EFE
00000075
00000003
00000000
ABB12333
00000035
3A371B9D
000000BB
8397F235
00000023
// vkAllocateDescriptorSets[9]
0000004D
00000000
5E702345
000000EA
00000001
00000000
00000022
00000000
00000000
7FA3A629
0000000B
00000002
00000002
00000000
9654E3F9
0000008C
80AF9D7E
0000008B
00000002
00000000
47AC08C2
00000057
4E2AC907
0000007E
// vkAllocateDescriptorSets[10]
0000004D
00000000
8074707D
000000D5
00000001
00000000
00000022
00000000
00000000
8633D309
000000FB
00000004
00000004
00000000
A38E6162
00000048
D846158B
000000C8
0817ED40
0000005B
961C0871
00000086
00000004
00000000
794E7648
0000008C
EBFF0849
00000055
FAC2A1FA
0000002D
5ED07D2A
00000031
// vkAllocateDescriptorSets[11]
0000004D
00000000
9222B71B
000000A4
00000000
00000000
00000000
00000000
// vkAllocateDescriptorSets[12]
0000004D
00000000
A028F05D
00000078
00000001
00000000
00000022
00000000
00000000
B09CBC37
000000A3
00000004
00000004
00000000
4DDC4A30
000000DF
85A1A3DD
00000057
230E6F81
00000097
9C60FB7E
00000043
00000004
00000000
0879330F
00000074
51E80488
00000084
968C9EE2
000000B8
EE8C6BB9
0000001D
// vkAllocateDescriptorSets[13]
0000004D
00000000
E84D8CA7
00000031
00000001
00000000
00000022
00000000
00000000
42B83C45
00000043
00000002
00000002
00000000
6475B403
000000B3
173F0054
000000E6
00000002
00000000
B45D7C87
0000007A
9186CD62
000000F9
// vkAllocateDescriptorSets[14]
0000004D
00000000
D2BEFC55
00000063
00000000
00000000
00000000
00000000
// vkAllocateDescriptorSets[15]
0000004D
00000000
E6B908E3
000000A8
00000001
00000000
00000022
00000000
00000000
2E5ADA1B
00000065
00000002
00000002
00000000
B9C60098
000000A9
AB55CB13
00000066
00000002
00000000
3EBBBAA2
000000FA
43716EE6
000000A3
// vkAllocateDescriptorSets[16]
0000004D
00000000
C3D1B5C7
000000FC
00000001
00000000
00000022
00000000
00000000
5A4BDC29
00000017
00000004
00000004
00000000
7F0B210E
000000FD
3A6D46E3
00000010
066E2F45
0000006B
00F55BA4
00000015
00000004
00000000
A3D2B6D2
000000FB
E235D888
0000006D
D1D988B1
000000CE
B44AD0A9
0000006D
// vkAllocateDescriptorSets[17]
0000004D
00000000
DB719A6B
00000097
00000001
00000000
00000022
00000000
00000000
D9D1D935
00000056
00000004
00000004
00000000
8777B5A9
000000DE
67AECFA3
000000C6
E0F8FADD
000000B6
15B4B2F1
0000009B
00000004
00000000
3F111C20
000000B5
4486F190
00000005
8ED0757A
00000098
4F9CF0EF
00000090
// vkFreeDescriptorSets[0]
0000004E
00000000
51B9139D
000000AE
53C3F4B3
00000047
00000000
00000000
00000000
// vkFreeDescriptorSets[1]
0000004E
00000000
D128AF69
000000A3
1B1BAAFF
0000008D
00000004
00000004
00000000
05A000C7
00000046
5EA48807
0000003A
504A6B83
0000001C
78707DF6
000000F1
// vkFreeDescriptorSets[2]
0000004E
00000000
BFA29E79
00000038
F15DE9B9
0000005F
00000004
00000004
00000000
7ED87F40
00000083
E0C66BB8
00000057
2016A043
000000DC
F7AC08C8
0000007E
// vkFreeDescriptorSets[3]
0000004E
00000000
E2EE27ED
000000BA
4F43CEA3
0000006E
00000004
00000004
00000000
61C9351D
000000CB
0AE971F1
00000077
F32FADE9
000000A9
DFB0782D
00000066
// vkFreeDescriptorSets[4]
0000004E
00000000
B167617D
000000B9
E86D13BB
000000D0
00000000
00000000
00000000
// vkFreeDescriptorSets[5]
0000004E
00000000
7C17C809
0000008E
6E226E13
000000FC
00000000
00000000
00000000
// vkFreeDescriptorSets[6]
0000004E
00000000
BA045FAF
00000045
75BC0C97
000000BE
00000004
00000004
00000000
7442CCEA
00000000
E6B3842E
000000CB
F2CBF60E
00000078
F78600EE
0000006A
// vkFreeDescriptorSets[7]
0000004E
00000000
64909E69
000000BD
922A64FB
000000F7
00000003
00000003
00000000
A0F2B6AD
0000000A
AD993E13
000000C3
8EF1665E
000000DA
// vkFreeDescriptorSets[8]
0000004E
00000000
F47BC16D
0000002D
4CEE7433
00000027
00000000
00000000
00000000
// vkFreeDescriptorSets[9]
0000004E
00000000
B6DD1BB5
00000023
ADFC1E31
000000E1
00000002
00000002
00000000
AB969FD8
000000E6
EB42A7A8
000000A5
// vkFreeDescriptorSets[10]
0000004E
00000000
BEDB5E39
0000008C
A0FD2573
0000006F
00000003
00000003
00000000
08AC7E1A
0000000C
2A6263D4
00000025
F314A6F5
00000017
// vkFreeDescriptorSets[11]
0000004E
00000000
F9E444E1
00000097
CED242B1
00000077
00000001
00000001
00000000
2C39B577
0000001E
// vkFreeDescriptorSets[12]
0000004E
00000000
3F3D3FCD
000000EE
BA0F660B
00000059
00000002
00000002
00000000
CEBBE4D8
000000C1
903934AA
000000B4
// vkFreeDescriptorSets[13]
0000004E
00000000
84E9475B
000000BF
E09452D7
00000054
00000003
00000003
00000000
57EEF199
00000007
AD1B3D88
000000E1
6390C970
000000D4
// vkFreeDescriptorSets[14]
0000004E
00000000
6F8B8897
000000F9
6F54EDA1
0000006F
00000001
00000001
00000000
6D8DB2B2
000000A3
// vkFreeDescriptorSets[15]
0000004E
00000000
3C9AFBB7
0000002F
1BD2FBBB
00000055
00000004
00000004
00000000
654CE78C
00000004
88A1340F
00000052
85D0568F
00000082
678128AC
000000D0
// vkFreeDescriptorSets[16]
0000004E
00000000
4067DED9
0000006D
03B95BEF
00000094
00000002
00000002
00000000
89F6FBA5
00000000
041E1FD8
000000E4
// vkFreeDescriptorSets[17]
0000004E
00000000
743A0FCF
000000C8
EFE4ED89
0000004B
00000001
00000001
00000000
D89D7742
000000B4
// vkUpdateDescriptorSets[0]
0000004F
00000000
377BE31D
000000E0
00000002
00000002
00000000
00000023
00000000
00000000
AADE80A5
000000D9
2FD9C5FC
26CEEAA9
00000003
968FE8FC
00000003
00000000
567BA5E9
000000E9
5446F103
00000052
B1D46A05
BBDECB33
000000E5
432D89C5
000000D2
0976A554
C576D9EF
00000076
E2F21B9D
000000D5
1DEA7224
00000003
00000000
A29FED51
0000002F
031EC91C
000000E9
A1A9A588
00000029
0D5D48E1
00000088
BF7FA866
00000056
EE923D51
00000089
62518BC1
000000DA
9155B32F
000000F4
A14C09CC
0000001C
00000003
00000000
2A976BD9
000000FA
3E8C6842
00000089
3F416FE6
0000002E
00000023
00000000
00000000
AD1E7B85
00000006
4D5E78E2
B3F29363
00000004
C1FAF1A7
00000004
00000000
4B9C61A3
0000000A
AD6645FD
000000A4
9AE81F81
3D20966F
000000A8
C1732CE1
000000E9
10E6729D
081C9C7D
00000042
AA1751C9
000000DF
4DE47DFF
E1DF8D79
0000006F
82002E9B
000000DC
6DA67C03
00000004
00000000
0B25EFD5
000000B5
364934E3
0000003A
6952A92B
00000037
A806E815
0000004C
2199497B
0000002F
F25503EB
00000026
D63FC367
00000014
05E0203A
0000008F
26C17E7F
0000006F
7C98D3D9
00000074
A60A789E
0000008F
9980FB74
000000B1
00000004
00000000
80A32BA4
00000018
5225B16E
000000DF
02BF0B6A
000000B0
6577E90A
0000001B
00000004
00000004
00000000
00000024
00000000
00000000
3429D7D3
000000AF
CB5A6EDC
64827862
408EB857
0000000E
60E35FA0
D0AF1760
D4A1B1E0
00000024
00000000
00000000
7F15D6C7
00000066
84A8BEA1
898DAB87
6B369213
000000BA
C806BD2A
6EA63DD8
54D85C94
00000024
00000000
00000000
D685C5AF
00000073
611542E3
401D7E4E
8564AFDB
00000020
0B3DAC83
BC49879D
7D5B8668
00000024
00000000
00000000
EFB4CBF9
00000064
E020D11D
5BB0D8E2
81552659
00000084
13CB11D4
DF96A1E4
28AA021E
// vkUpdateDescriptorSets[1]
0000004F
00000000
375CC8C1
00000000
00000000
00000000
00000000
00000003
00000003
00000000
00000024
00000000
00000000
1114D361
00000027
A20D8428
5491144D
B01454BB
00000067
0AD0ED70
743A352D
AB4C3022
00000024
00000000
00000000
EADB5FE3
0000001F
8D627879
704E4BC5
5D431035
000000DC
CBD9444B
4703F8F8
8187C6F5
00000024
00000000
00000000
D380858B
00000017
AC355CB4
A75E7D4A
AF59C92F
00000034
0E7D6147
BD27E316
C18AED66
// vkUpdateDescriptorSets[2]
0000004F
00000000
777D2127
0000003C
00000001
00000001
00000000
00000023
00000000
00000000
CA33AFC7
00000089
BA9BBE5D
4CD2BADD
00000004
056FEF6B
00000004
00000000
72AF1F8F
0000006D
615C8F1D
00000018
C126B0E7
6F948713
000000D8
3F5AC36B
000000FB
49A3A784
06944541
00000094
3FFF510D
0000005B
79602079
82E92EB3
0000003E
641C0DE9
0000004A
0AA732B1
00000004
00000000
2F3A69A1
000000A1
C4389DF7
00000010
9974DBE5
000000B3
1FD50E7F
000000B4
6FCC74B1
00000012
DEC4A19F
00000056
1199F7C9
00000091
B85DB6C7
000000DA
31A635E5
0000008A
F407DC71
000000A6
4049FFFB
00000030
5BB59C6D
0000004F
00000004
00000000
C27F33BA
00000061
6F612FBE
000000B1
9874CDB9
00000017
1529640B
0000000C
00000004
00000004
00000000
00000024
00000000
00000000
4F79FC4D
00000031
C8BC7418
834BF43F
DC248DE7
00000084
675712B0
22869DE5
7BEC3EEB
00000024
00000000
00000000
EE50A7E1
0000005F
78F45F0A
7AAF6428
C9776A89
00000093
810BBD88
DC9BB5D0
D7C1EC0E
00000024
00000000
00000000
693B1DAF
00000054
BE1BA848
537DBA4D
4BF2D0B1
0000001B
C67059A6
BE84502F
1F61215C
00000024
00000000
00000000
2EBE7E1B
00000004
8876545C
DFFA3736
569D0E6B
000000D6
4C61D6A1
BCAF6AED
49DA95F0
// vkUpdateDescriptorSets[3]
0000004F
00000000
766F3825
00000003
00000002
00000002
00000000
00000023
00000000
00000000
06ACE77D
0000005A
4FB854DA
ABA0F479
00000004
17BECF82
00000004
00000000
24265A31
00000026
D12BAADD
000000F2
EF8E6BBA
FAB6F639
0000000A
AD5E2B99
00000004
43FEB1B3
114549F5
00000039
ED8097C5
000000BC
C6552BBA
CC8CECA7
000000B8
6358AA5D
00000015
760D5CE5
00000004
00000000
5087201B
00000041
A66B13E3
0000000C
A13100CE
00000098
0A45A583
00000019
FAE171D1
0000008B
DA8F0810
00000030
2CBC2099
0000006F
FA9F59B9
0000008F
1E508F84
0000001C
7BDC9EC7
0000008A
13CD28E9
0000007D
2EE6F9F6
00000018
00000004
00000000
E66BEF3F
000000E5
059C376A
000000FF
8DFEBBFC
000000C8
E95E59BD
00000049
00000023
00000000
00000000
06B57383
000000EF
AB90EA9C
6CA0558F
00000001
92445B9B
00000001
00000000
9B6C2A53
000000B3
28FF373B
000000CB
D50444C5
00000001
00000000
9674CA33
00000040
83410AC6
0000004B
F54A3B91
00000010
00000001
00000000
C46C1FD5
0000009E
00000001
00000001
00000000
00000024
00000000
00000000
26B3AC35
00000060
5AAE6CA1
1986FA12
757DE6BD
00000019
B80B55D0
9BDFF5EB
CD273626
// vkUpdateDescriptorSets[4]
0000004F
00000000
31E687DD
000000DA
00000003
00000003
00000000
00000023
00000000
00000000
0EA868D7
00000061
EEDBEDE1
8A3AB63A
00000003
6F948CBB
00000003
00000000
E9063B29
0000004B
90F0346D
000000B1
2D838F3F
752D02F9
0000008A
26C1114D
000000F5
8114B295
9533FEB9
0000000C
D24E410B
000000D1
6D796B32
00000003
00000000
F3CCDD4D
0000007C
55977DBF
000000CF
42682907
00000016
A4307E65
0000004A
FB5ECF7C
000000A9
858D1A8C
00000013
CA6D5105
000000E9
7B7BEC02
00000014
93593A3C
0000002D
00000003
00000000
12907C72
0000007E
93944952
000000B2
53FC406F
0000005B
00000023
00000000
00000000
76C615D7
00000083
FE5E8F88
953F3BA9
00000004
8462EB19
00000004
00000000
5A456E05
00000065
BE82021F
00000063
2F559451
FC6BFC95
0000009A
5A9DBB19
0000004F
CD6FF2C8
C97DE659
000000ED
C569BC23
00000062
98D5999A
37B0D03D
000000B1
66BA3BE5
000000F2
54267110
00000004
00000000
796E0985
000000D5
B7402962
000000A6
2E23A2AF
000000F2
7D48C8B7
00000095
BD96C909
00000074
942FEE48
00000030
CDA6B5F1
00000083
DDFC7C70
0000004F
E15D2FB4
0000004B
75CBB427
000000F2
7BFA7BA7
0000008C
C4FDE1CF
000000DB
00000004
00000000
C79E9291
00000070
BA1BA047
000000A7
DB9C1CF3
0000004D
F6FF1E4B
0000002C
00000023
00000000
00000000
E29CBEEF
00000052
4E7635F2
594C3C0B
00000004
D07A4A48
00000004
00000000
76BCD5DB
00000047
05CCEACF
00000059
A004D022
36E3C507
000000D9
7AC80729
00000071
E08205B3
27B0752B
00000024
1905A8B3
000000DC
53F7A650
1A854BBB
00000059
9F05A901
000000DB
E7164F04
00000004
00000000
573A22D5
000000FD
88C49D34
0000001C
4074FCFB
00000052
22D25C31
000000CD
F2CD5416
00000088
DA980920
0000005C
E3DB7BB7
000000C6
2943EE01
0000005A
26EB5737
00000037
56591547
000000D4
9BC514D4
0000000F
4C248ADA
0000005C
00000004
00000000
0776042D
0000005B
B05399D9
000000AD
59C669B9
0000009B
A2E78BD9
0000009E
00000001
00000001
00000000
00000024
00000000
00000000
79983D85
00000047
20E9E0AE
A4A4448B
BEFC165D
00000091
E6D2EBFA
B98965B2
01AC1481
// vkUpdateDescriptorSets[5]
0000004F
00000000
3CE3FB7F
00000033
00000004
00000004
00000000
00000023
00000000
00000000
642F34FF
0000009D
1182657D
F605C0F8
00000003
01D0E9C8
00000003
00000000
A2566041
00000015
6D368637
0000000E
B4756DE1
266AF415
000000DB
9929378B
0000005C
AE2B390A
6C7EE11D
0000001A
DBFD6E95
00000083
746FB869
00000003
00000000
C1AC2393
000000CD
BBAF0FEC
000000E0
E6CB22E7
000000E2
D3634FB5
00000086
3691291E
00000011
86BB49D9
00000064
888C3A5F
0000004F
58A9FDCF
00000012
F04BB796
000000E5
00000003
00000000
9012B9C5
00000008
C4D6CACF
0000001E
239D2800
000000CC
00000023
00000000
00000000
03C94849
0000006B
61A92259
C4EFE61A
00000004
7A173C03
00000004
00000000
CBC05A0D
000000F9
74FD1175
00000096
19BAF54C
401B82D7
000000BB
BD64B535
000000BA
0DEF7BEE
205DE451
000000E1
02023F09
000000CE
498CE17B
D4C63545
00000069
9050C4FB
0000002B
23E6105A
00000004
00000000
5792BBD9
0000003A
961D5A89
0000001C
81C5CA1E
00000008
4302E039
00000018
6CF27964
0000007C
DF67CE9C
00000026
0C9F13A7
000000B9
F2A1FC37
00000049
95C58C01
00000079
FB7DCF85
000000EF
F86DBF5C
0000008E
36EDFA09
00000070
00000004
00000000
0E1E1989
00000032
167E1021
0000002B
EB67CDB9
0000002E
273BA332
00000054
00000023
00000000
00000000
83AD5E73
0000005A
761E731E
825FE557
00000004
392120C5
00000004
00000000
507841E5
0000007F
8B1F5BFD
00000088
637341EB
42D6B94B
00000025
FA11F31B
000000B5
9806C111
71A654D3
000000AE
DE91B94B
00000046
DF120E2A
8EDB4A87
0000005F
9EB6B28B
00000082
4034B77D
00000004
00000000
59986E77
000000BE
6E998BFD
00000024
C6989822
00000098
D66CCE61
00000084
0B17343C
0000004D
72AF2656
0000000A
E0BACFFF
00000072
940CD179
00000013
E11C7BED
00000021
8BE2CA83
0000002E
CD3C19B3
000000AF
20C2AB4D
000000F6
00000004
00000000
ADA24B7F
0000003F
8EBA058D
00000063
9A2C806B
000000F3
3C2A248B
0000004B
00000023
00000000
00000000
BED32751
0000008A
3B305C9F
2D3D792A
00000004
268B1A40
00000004
00000000
8CBD1775
00000068
F738FAFB
00000008
CEB8CEED
67CD7AEB
000000DC
BAEA088B
00000001
3149103D
EC0DBD17
0000008C
7BB01545
00000045
1D47AC24
5BC24B4D
0000009F
96276253
00000028
A617B465
00000004
00000000
29E6B53B
0000008F
E2B83693
000000B9
2A52DBA5
000000AE
BBBCAA5B
000000E3
4902CF31
0000008D
B52F16F5
000000FD
FFC97617
00000087
7DD405F0
00000043
C8B6AF6F
000000FD
FDAD6465
00000082
C887E64C
000000A7
EFA82BE1
000000B4
00000004
00000000
7D831815
0000004B
EB8E8C94
0000004D
350C4383
000000F4
5EED1C1E
00000091
00000002
00000002
00000000
00000024
00000000
00000000
2F836A45
00000077
2E144ED3
D28924B0
EBE45F43
00000032
2991B830
AB2BEB04
24752D2D
00000024
00000000
00000000
234E67A7
000000AD
7C2BDEE8
7265452B
D4A084ED
000000C3
14B31E12
67AFD0F9
8CDDFF4A
// vkUpdateDescriptorSets[6]
0000004F
00000000
E153558D
00000095
00000000
00000000
00000000
00000000
00000000
00000000
// vkUpdateDescriptorSets[7]
0000004F
00000000
742A8381
0000009A
00000000
00000000
00000000
00000003
00000003
00000000
00000024
00000000
00000000
952F43FB
00000072
520B102E
F5884510
508D21CD
00000008
C6CDE411
E6CF28EC
18379E4B
00000024
00000000
00000000
159CC82B
00000042
99271F31
CC816837
CAE19EF1
0000005F
08BF5013
909F29F9
C0C3229B
00000024
00000000
00000000
3F3EB9ED
0000005D
3B7868A9
665512AF
361149A7
000000D1
2A038090
1951593D
0C62958A
// vkUpdateDescriptorSets[8]
0000004F
00000000
FBD42B5D
000000A1
00000003
00000003
00000000
00000023
00000000
00000000
230B48C9
000000B0
BF66F4C5
06E1671C
00000003
EC252AE4
00000003
00000000
AD54EDA1
000000D4
8FCFEEA3
00000002
0BDB073A
7065AD95
00000085
D4F62343
000000BA
88A49CDB
3FDDD1B9
0000003D
421A9A9F
000000C4
50F9E0FC
00000003
00000000
FEF020BB
00000080
F116C7D2
0000003B
05B9F480
00000052
E74A71A5
0000008B
75F52598
000000FD
4B340FF2
0000006F
3EC0806F
0000004B
31EBE1D7
00000062
E599AC25
000000FE
00000003
00000000
CF41ACEE
00000030
02B8D580
0000001C
10613A39
000000D0
00000023
00000000
00000000
BB03F67D
0000002E
6D2E2799
6F8A1319
00000004
2BA04C91
00000004
00000000
82F5FF17
0000006D
6CDCA437
000000FC
FD38BF2F
9A98D4D9
000000CF
4DE88F53
000000E7
F0D658C5
97606C8B
00000090
5BB6457D
00000012
EC5CE66D
343D5BE5
00000063
9C674F95
00000072
B8FF1A7A
00000004
00000000
8332CCD5
000000BB
F2488343
00000010
F99C3B7A
000000A8
5A003B8D
000000E1
AC10AC2B
00000008
76802747
000000AC
E0DE8D99
00000057
15876B68
000000A9
0CF90847
00000078
9E5689E9
0000004C
53C3024D
0000008A
DB0518E4
000000D4
00000004
00000000
B52297D7
00000037
FB480479
000000E3
0BAE633F
00000093
F18C591F
0000001C
00000023
00000000
00000000
FC8A9CCD
0000008E
9D913EC9
E11B2B24
00000002
83777101
00000002
00000000
3D4D2F55
0000004C
A503DC8B
000000F4
9B2C3C3D
D858A6C3
00000068
E5C0AE55
00000035
B0D6083F
00000002
00000000
EB89FE1D
000000B6
B7EE6DF5
00000049
66F6AD6A
000000E8
804674FB
000000E4
86D0C9E2
00000052
A1A54F21
00000099
00000002
00000000
B1C7D807
000000E1
CCB6E97C
000000BF
00000002
00000002
00000000
00000024
00000000
00000000
469FB16B
0000004A
6E45B299
2F5B546D
826BED23
000000E2
B557F97F
D082F9DB
11D7B4D7
00000024
00000000
00000000
1B593EA3
000000C7
068E5EA6
0D7F959B
77110E73
00000054
AB6D100F
47337C6E
22598F7E
// vkUpdateDescriptorSets[9]
0000004F
00000000
3FDA1F89
0000008E
00000003
00000003
00000000
00000023
00000000
00000000
09E90DB3
0000001F
C4F39044
17747E33
00000004
40451CC0
00000004
00000000
9429A419
00000079
99B5E34B
0000006E
1ABBB5F0
0AC7797B
00000054
8ACC46E9
00000020
FC1465B7
E03F9319
00000095
74AF4D7F
00000050
5F9DC00F
D2D52243
0000009B
76E7D45F
00000000
B527A721
00000004
00000000
ADA520E5
000000E3
DA2531DD
000000ED
5FBD125A
000000EA
C6F6F1DD
00000043
7EF77287
000000FC
30C03EB3
00000043
E8E08CFB
00000008
4C02D013
000000E9
1D6314E5
00000035
74347E25
000000D2
7AB660C9
0000000A
119A8E4A
00000030
00000004
00000000
4C5653A4
00000078
47698A42
00000069
44D4B819
00000038
E396867D
0000000F
00000023
00000000
00000000
1E0718D3
00000012
8610F30F
D0F2C831
00000003
B0FD7DB7
00000003
00000000
68739D07
0000004F
16973C9F
00000017
72160C25
D3D74AA9
0000005A
B83426B7
00000003
5A31B488
3B2A90BB
000000E8
9219E5D3
00000051
57C18791
00000003
00000000
B3B1E627
0000001A
A22D0300
00000039
4895A73D
000000CF
58C738DD
0000001E
D4ECD46A
00000005
DE6667C7
00000098
BAB63FCD
00000029
7B449D40
00000023
AF1E897A
00000058
00000003
00000000
8E7C65DC
00000088
B0959134
00000029
55B4FD66
0000007A
00000023
00000000
00000000
6A987461
00000070
DAAB0654
4DD7654B
00000003
6A96ECBA
00000003
00000000
6F452AFB
00000050
593D8C51
00000024
56911CA3
04C924AF
000000EB
82BA8A93
000000EF
9E6A7DE1
7CBBB797
000000D7
77876745
00000045
302A66E8
00000003
00000000
DA759C11
000000E3
BBAAF0BB
00000004
187DD825
000000DD
344F79E9
00000007
FABAF717
00000030
B997274E
000000DB
F84E12EF
00000053
F142A1FF
000000E4
8C168B5A
000000BB
00000003
00000000
C1A00A6F
00000052
E98EEDE4
000000F4
B6E24A8E
000000EA
00000004
00000004
00000000
00000024
00000000
00000000
85012C75
0000003C
DE3328BB
0E8FF67C
44A481E5
00000043
6074EC44
0588CFEB
214442FB
00000024
00000000
00000000
5B22318B
000000B9
7D11F1D9
AE7F71FE
AFE0BFE9
00000069
21AF932B
917F883C
F4CF7363
00000024
00000000
00000000
B7108C7F
00000069
A65CE54F
012B5096
3555CB91
000000CD
E0554541
4961DABA
59AF3C28
00000024
00000000
00000000
D2142EFF
00000092
CB4D4A7B
888BC4A1
B78B073D
00000046
07BAD426
F4317AEC
2DE32543
// vkUpdateDescriptorSets[10]
0000004F
00000000
99E153E5
00000056
00000001
00000001
00000000
00000023
00000000
00000000
91C39995
0000009C
569AD64C
3F499F35
00000004
443A10BF
00000004
00000000
E7032C6B
00000051
486BF88F
00000061
B02A1122
8764CFB9
0000004D
41FFFA59
00000006
C8096C9C
7537A731
000000A2
5A567149
000000E0
3B782686
B3F6ED4D
00000047
A9FFA889
0000002B
DD492A5A
00000004
00000000
A99D86F7
00000092
521EE8BF
000000C9
576C2FB2
00000065
2E5898C7
00000060
D0CB5CA5
000000DC
467904CF
00000047
4086A24F
00000058
4938788C
000000AD
F0DED457
00000022
5E3061EF
000000C0
1F2C93E0
000000B7
12CE5526
00000040
00000004
00000000
88CC1634
000000E2
D4894661
000000A2
96DCD0E8
00000056
A7196368
000000A0
00000003
00000003
00000000
00000024
00000000
00000000
B8BE107F
000000A0
B7AA2454
C134C5AE
304A7B7B
000000E5
FD5B257D
EFF292CA
BC96ACB5
00000024
00000000
00000000
72C4566D
00000061
75615E65
D284ED81
64FBD7E1
00000002
85E15145
3F98125C
AF2EF724
00000024
00000000
00000000
C34ACC1D
000000DB
6EC62F65
9EBC2AB5
7AF2B3D5
0000006C
768B99B0
DD3F7290
ACD1E3DB
// vkUpdateDescriptorSets[11]
0000004F
00000000
F3A700F1
00000049
00000002
00000002
00000000
00000023
00000000
00000000
7642A557
000000CD
ACC3CEB3
3074E4E9
00000001
080E6438
00000001
00000000
85B01451
000000E3
080DB19B
000000AE
2A1E37CB
00000001
00000000
38CD45A1
0000001E
32F4C6BF
00000024
F5164779
0000004A
00000001
00000000
CF09D30C
000000A0
00000023
00000000
00000000
5A5F1EF3
000000B6
5F488BF3
FE53887B
00000001
81E519F9
00000001
00000000
B680FC61
0000007A
5B8AC443
00000037
2D4A9B8B
00000001
00000000
4A7F4A3F
0000003D
F001874B
000000C7
DD0695BC
000000DD
00000001
00000000
09B9BD86
00000087
00000002
00000002
00000000
00000024
00000000
00000000
FC0695A7
000000C5
CCD7506A
A4FBD45F
1F60B06F
00000021
14B748D2
B5622195
6806AC31
00000024
00000000
00000000
399A02E9
00000086
40AD0A71
EC4516DA
8A57817B
00000015
0409B9BC
EDACE419
032A73E1
// vkUpdateDescriptorSets[12]
0000004F
00000000
A9E378F7
00000080
00000000
00000000
00000000
00000004
00000004
00000000
00000024
00000000
00000000
4EA8211D
0000006E
F6CCE003
328A50B0
FF2A0FC5
00000098
3AB9C132
485448BE
BB7B9612
00000024
00000000
00000000
28E9A57B
000000EB
118B9722
810387B3
996DF4DF
00000093
A2B83A33
AE3C74B0
8C76A820
00000024
00000000
00000000
13E3FAB9
00000018
739731C1
CD52837E
498F1033
000000DB
CE5AAF9D
7E0289D6
C8AE52D5
00000024
00000000
00000000
77D73515
00000024
4AEBE0EC
9C0F745B
7A6B1F7F
0000006B
92F3F9F6
85141738
AD45D84F
// vkUpdateDescriptorSets[13]
0000004F
00000000
EDDC72E3
000000DC
00000000
00000000
00000000
00000003
00000003
00000000
00000024
00000000
00000000
C871BD1D
00000096
FD7E331D
440D23DE
D8A26C21
000000CB
B8EFBF96
D89B32A5
BA38B3F4
00000024
00000000
00000000
E77EE195
0000005B
4F350604
C62CA405
9B2A5477
000000CC
47F0EFE3
9B349930
7B2393DB
00000024
00000000
00000000
004EF65B
00000070
D11BD4D8
4784FE4F
F6B2A721
00000063
97325A56
2ECE59D5
FB739E2B
// vkUpdateDescriptorSets[14]
0000004F
00000000
779643C1
0000007E
00000001
00000001
00000000
00000023
00000000
00000000
FEC20D6B
00000027
162271D8
6F6CD63D
00000002
FED639FE
00000002
00000000
ADC427DB
000000F9
8D9E40CF
000000D0
E973EB04
F90BBBB7
00000066
8E0D7DD9
000000EE
F655BD01
00000002
00000000
95CE622F
000000B9
4BCA65EC
000000BB
CB027E15
000000FE
5DACD97D
00000063
1300BE58
00000007
41928789
00000057
00000002
00000000
46301956
000000DB
DC7FBF0C
0000006E
00000003
00000003
00000000
00000024
00000000
00000000
9DC69181
000000B2
BE154806
8F278ACB
9D633463
000000CC
6C660FA8
A37E60A8
E20A9FD3
00000024
00000000
00000000
A0DB0A91
00000097
15F1FAD8
552BF4B9
774DD5EF
000000E9
8B5447FD
55110529
7DF58DAA
00000024
00000000
00000000
73763E2D
000000C4
339343D9
90D73AD4
2ED1377D
00000069
1F42B2FD
83613737
9EDE9CE5
// vkUpdateDescriptorSets[15]
0000004F
00000000
B23158D9
0000001F
00000003
00000003
00000000
00000023
00000000
00000000
3567815D
0000007D
673D8C88
8971C367
00000004
20F9D72C
00000004
00000000
43235B3D
00000058
F856E5A5
000000C5
67192945
980B68BF
000000A2
840B1A1D
00000069
0160F1FF
43344A33
000000D0
6CD3687F
00000041
2F96940D
3A01214F
00000060
2EAD03CB
0000008A
82131E35
00000004
00000000
125FEBCD
00000062
EF6ED79F
0000005B
8FC2C794
0000004A
C5329609
000000BC
F67EF70A
000000AD
2C83FD2B
00000033
9E0EA6C1
0000004F
2943EB1B
0000006D
1C5CB88E
00000003
FCAEC82F
0000005F
12490919
0000000F
ACC672E2
00000036
00000004
00000000
0CA2D126
000000F8
6EA022B4
00000069
15311322
000000E6
07836197
00000040
00000023
00000000
00000000
564AF0FD
000000AA
05C98E98
206F7037
00000004
81E8A95B
00000004
00000000
8D484591
000000B4
0747A6ED
00000032
C0F2B214
54C56AD5
00000064
1DA5FF89
000000B5
9D68C4DB
4FEF366B
0000007A
CA3BACDB
00000005
1B96CDD6
5FBC7DAF
00000096
E7F66C4F
00000040
6D4105FC
00000004
00000000
AE84A4F3
000000CA
DB4A5613
00000068
756B6343
000000C6
E683CC01
0000006C
F1545FA5
000000E4
51896AC3
0000006F
F0F40969
0000007D
1C40BFC2
0000007E
E7B0CE66
000000B1
BE74DBAB
000000BD
DA04E1F3
000000DE
EC0AEDA6
000000C9
00000004
00000000
8722E657
000000E5
8E142E67
000000E5
8F8A8BF3
000000DC
730A73C5
000000E7
00000023
00000000
00000000
964E7FF3
00000072
62C136AD
B59014E8
00000003
1CB1A0F8
00000003
00000000
B79E2ADF
00000053
82881D77
00000069
D9AF8C0A
0DA602F5
00000077
BC370719
0000004F
080C5C38
80311113
000000C6
CE605421
00000018
1A3E8D4C
00000003
00000000
C3D94F21
00000039
771523BE
000000F9
95B11126
0000004A
6E05A249
0000002C
198E77BB
000000D4
17F0664B
00000005
0F5D1EF1
00000041
73DC46A2
00000020
F213DFC2
000000F5
00000003
00000000
643DB913
00000050
3E2B4F27
00000014
17F051E3
00000050
00000003
00000003
00000000
00000024
00000000
00000000
68418F73
000000C0
F6BBFDD4
513F7FC1
CBF11D99
00000013
0A5F9348
A9FFFF16
CEE076B6
00000024
00000000
00000000
772ED11B
000000A2
F63AD97B
70E0B0D5
E384540F
0000008A
1B66653C
41634A72
0C9C9581
00000024
00000000
00000000
CC06C155
0000001B
01574E43
48BD2339
C7FAF881
000000AE
353738AF
3876BBB9
9DA7D9FD
// vkUpdateDescriptorSets[16]
0000004F
00000000
AB1C0F21
00000026
00000003
00000003
00000000
00000023
00000000
00000000
E3240D13
000000B0
35A61867
6F29714C
00000004
498D6D3D
00000004
00000000
745640CB
00000099
8571E335
00000003
9E6A6A41
CC164A55
00000021
13276DF3
00000061
C9235EFA
28D45D47
00000011
29C680B5
000000D6
FF674C4F
AB4DFD5D
0000005C
9142F2C3
000000BE
04AC9016
00000004
00000000
61FB6015
0000003A
D0A56E65
00000060
AED14A12
000000A7
4BAD3F27
00000020
9D7C1C33
00000002
0F38B812
0000006E
A17DEE9D
000000C0
14D5D9DB
000000CC
EF6AAFB2
00000050
5644BBD7
00000068
DAD38F16
0000005D
DB081D0B
00000064
00000004
00000000
37BEFD3E
0000006A
0EBFCE75
00000007
CB1F8E18
000000AB
03E7D5AA
000000C4
00000023
00000000
00000000
ED4EACE1
00000093
80C28570
09D2B03C
00000003
C72CA0B0
00000003
00000000
92D130D1
00000085
67967433
00000097
E2DE2635
8368D1DD
00000068
74E53FED
00000029
BB174F47
DB1A33B3
0000000D
20AA2CD1
000000C6
D226F8A6
00000003
00000000
A0D4EA4B
0000007A
32C16D62
0000006D
3C048B09
00000033
2A3D5E4B
00000062
B05E4FDA
000000DA
F0AECBA4
0000008A
A220E8B9
0000009E
8918EDAB
000000A0
05E99788
000000DD
00000003
00000000
6C439BE1
00000031
B0652F15
00000023
0C5BE580
00000023
00000023
00000000
00000000
EB7ECAB9
00000024
76F39DD4
EC12C4F8
00000004
D44B6982
00000004
00000000
2BCE1FA9
000000D2
29F73493
0000006B
77C9FAEB
D829F213
0000007B
05B11AC1
000000B9
42A834A1
4584A095
0000002F
0615DC7F
000000BA
6AF5CE25
E0E399B9
00000004
2552F6D1
000000DF
EB01ED73
00000004
00000000
DB7571B1
000000DF
7A69BDB8
000000F5
6E679327
000000E0
6B567B2D
00000021
65328ACD
000000EC
2B852EE9
00000072
B3672E53
0000008D
4021CD29
00000054
DDE3F988
000000C2
B887555B
000000AE
FDE97321
00000090
1391CE5B
0000006C
00000004
00000000
C5D855AD
0000003D
ABFCC11C
00000051
38600A08
0000004E
B9E91955
00000018
00000004
00000004
00000000
00000024
00000000
00000000
8CB210F7
000000BB
5DAC17F2
8A03256E
31136757
000000F0
3A6A0404
B84316E1
703E45A4
00000024
00000000
00000000
07E215EF
00000070
8F3DA946
BDC3991B
D8DFE9CD
00000059
66839DF2
5142DF4B
F1CD1E98
00000024
00000000
00000000
8B5D10C3
00000023
FA74E445
F8CBEF4D
1F46A4B1
000000CA
A9502D19
E0CC70AF
B33BFE80
00000024
00000000
00000000
0D8FD059
000000DD
166FD6AD
5B20090D
F40C3339
00000065
3F0F079B
99FC3654
6EB10D0B
// vkUpdateDescriptorSets[17]
0000004F
00000000
4599E219
000000EF
00000001
00000001
00000000
00000023
00000000
00000000
817F19E5
0000001E
4B8D42DC
4EE6D68F
00000004
35C25294
00000004
00000000
A5DB2BF9
0000003C
CB31DD27
000000F3
B4D8A023
98A8DC8F
0000004B
B3144EA7
000000D8
44E6FB28
40FA7A25
0000009F
C0A41503
000000ED
61AD9BCD
16AD165D
0000002C
43249455
00000049
529A754F
00000004
00000000
61296303
0000003C
FF939B78
00000029
8D1FFAC4
0000000E
9240B4D5
00000057
A9AF3B0D
00000076
D0E8985B
000000AF
1B1D1207
00000057
F65BCC54
000000A1
97F6DCC1
0000000D
C5B77B05
000000E9
86D3C48F
00000031
A0B79BCC
000000B9
00000004
00000000
74D1AE13
00000022
D46C4A76
00000071
BB625EF6
0000002F
BA0B5550
000000C2
00000004
00000004
00000000
00000024
00000000
00000000
0A676E91
00000015
E9F7E72C
221C9FA9
DF52855D
00000035
1935DA97
AD11149B
85C6B693
00000024
00000000
00000000
FAC5B803
0000001D
4F700BBE
4313E91A
5DD78A45
00000075
9B559A6F
7F06067F
D423EDBB
00000024
00000000
00000000
E737E341
000000EF
5DDAB69A
1ED0DC3D
10011699
00000052
7BA9CB31
E2AF6BE6
F58573A6
00000024
00000000
00000000
FEE12AC7
00000001
31F8DBF7
A2171CF4
844BE8AF
00000015
C2BF3A4F
2FC18483
4EB5CA58
// vkCreateCommandPool[0]
00000055
00000000
F425E495
00000094
00000001
00000000
00000027
00000000
00000000
8D4AC19A
F771CEB7
00000000
00000000
00000001
00000000
FE6E6B37
000000E9
// vkCreateCommandPool[1]
00000055
00000000
8DE8B72D
0000003A
00000001
00000000
00000027
00000000
00000000
B9E00C4C
212E56E1
00000000
00000000
00000001
00000000
7316D89F
00000007
// vkCreateCommandPool[2]
00000055
00000000
58156DBB
00000035
00000001
00000000
00000027
00000000
00000000
3AB2BBDB
C8D17A9F
00000000
00000000
00000000
00000000
// vkCreateCommandPool[3]
00000055
00000000
E775C571
000000C4
00000000
00000000
00000000
00000000
00000001
00000000
2D8904A1
00000049
// vkCreateCommandPool[4]
00000055
00000000
0CD0707B
00000065
00000001
00000000
00000027
00000000
00000000
F06B847B
37A38AEA
00000000
00000000
00000001
00000000
193276A7
000000C9
// vkCreateCommandPool[5]
00000055
00000000
104B5C23
00000033
00000001
00000000
00000027
00000000
00000000
AA863F88
977E3121
00000000
00000000
00000001
00000000
420A5623
00000062
// vkCreateCommandPool[6]
00000055
00000000
C7C22D8B
000000BE
00000001
00000000
00000027
00000000
00000000
9A9F4936
DCC1AED7
00000000
00000000
00000001
00000000
D52CA657
0000002C
// vkCreateCommandPool[7]
00000055
00000000
9C2D38B7
0000001F
00000001
00000000
00000027
00000000
00000000
DD76969E
14127020
00000000
00000000
00000000
00000000
// vkCreateCommandPool[8]
00000055
00000000
4F3620D1
00000058
00000001
00000000
00000027
00000000
00000000
8FEE1331
5FE00F81
00000000
00000000
00000001
00000000
DE870E97
0000005A
// vkCreateCommandPool[9]
00000055
00000000
3D49831D
000000F8
00000001
00000000
00000027
00000000
00000000
41648F9A
FAF76131
00000000
00000000
00000001
00000000
ECEDD75B
00000054
// vkCreateCommandPool[10]
00000055
00000000
17F106C1
000000B9
00000001
00000000
00000027
00000000
00000000
BFB83E0E
8DE29A0F
00000000
00000000
00000001
00000000
B821FE57
00000083
// vkCreateCommandPool[11]
00000055
00000000
96F9AF55
00000024
00000001
00000000
00000027
00000000
00000000
83164F03
405AE849
00000000
00000000
00000001
00000000
E8F406DD
000000A1
// vkCreateCommandPool[12]
00000055
00000000
FA04BB37
000000FE
00000001
00000000
00000027
00000000
00000000
126F2866
43D76E47
00000000
00000000
00000001
00000000
842780A5
000000B0
// vkCreateCommandPool[13]
00000055
00000000
04CA4421
000000D9
00000001
00000000
00000027
00000000
00000000
0C1880C0
010CCC41
00000000
00000000
00000001
00000000
43FF702F
000000AB
// vkCreateCommandPool[14]
00000055
00000000
6C0F1B37
0000000E
00000001
00000000
00000027
00000000
00000000
DFFADA0B
ED98913F
00000000
00000000
00000001
00000000
1BD82B63
00000039
// vkCreateCommandPool[15]
00000055
00000000
32218F55
000000D5
00000000
00000000
00000000
00000000
00000001
00000000
764CDC89
000000D0
// vkCreateCommandPool[16]
00000055
00000000
61DB57AF
0000002B
00000001
00000000
00000027
00000000
00000000
4431BBF3
8CED1DCD
00000000
00000000
00000001
00000000
7C84C0CF
0000001B
// vkCreateCommandPool[17]
00000055
00000000
901954E5
00000085
00000001
00000000
00000027
00000000
00000000
BC739072
DAD2729C
00000000
00000000
00000001
00000000
F1FCFFF3
00000037
// vkDestroyCommandPool[0]
00000056
00000000
22DF3B5F
0000003A
E08BA893
00000040
00000000
00000000
// vkDestroyCommandPool[1]
00000056
00000000
DF790A57
000000BA
4D5A7647
00000057
00000000
00000000
// vkDestroyCommandPool[2]
00000056
00000000
6F4BDBE5
000000F8
EB2D2409
00000015
00000000
00000000
// vkDestroyCommandPool[3]
00000056
00000000
8ED1E1D9
000000BA
BA41CBB1
0000007E
00000000
00000000
// vkDestroyCommandPool[4]
00000056
00000000
22A2B467
0000008D
05D96A3B
000000B9
00000000
00000000
// vkDestroyCommandPool[5]
00000056
00000000
76D25FCF
0000000C
98D986B7
000000BB
00000000
00000000
// vkDestroyCommandPool[6]
00000056
00000000
36B2F7C7
0000006B
A2446D87
000000A4
00000000
00000000
// vkDestroyCommandPool[7]
00000056
00000000
2477F61D
00000008
0F541015
0000003D
00000000
00000000
// vkDestroyCommandPool[8]
00000056
00000000
E17DA637
000000C6
C0EE971F
000000F8
00000000
00000000
// vkDestroyCommandPool[9]
00000056
00000000
8DA39943
000000FC
6E7E3AD1
00000087
00000000
00000000
// vkDestroyCommandPool[10]
00000056
00000000
04F3CA81
00000000
0B43A1AB
0000004F
00000000
00000000
// vkDestroyCommandPool[11]
00000056
00000000
C4A1F7DF
00000076
BA81867B
0000008E
00000000
00000000
// vkDestroyCommandPool[12]
00000056
00000000
C86925C7
00000000
DED962FD
0000007F
00000000
00000000
// vkDestroyCommandPool[13]
00000056
00000000
044658DF
0000009D
83434DB3
00000004
00000000
00000000
// vkDestroyCommandPool[14]
00000056
00000000
84A9AE01
0000006C
0C511A19
00000066
00000000
00000000
// vkDestroyCommandPool[15]
00000056
00000000
9D2201B7
00000028
DA795169
00000096
00000000
00000000
// vkDestroyCommandPool[16]
00000056
00000000
2E453B57
00000097
F571B749
000000CE
00000000
00000000
// vkDestroyCommandPool[17]
00000056
00000000
A2D443CB
000000F4
C2D6BE3D
000000DE
00000000
00000000
// vkResetCommandPool[0]
00000057
00000000
7EF255C5
0000009B
F11C2DD7
00000030
3C039732
// vkResetCommandPool[1]
00000057
00000000
29284D5D
00000075
598CA457
00000075
A7EF3F12
// vkResetCommandPool[2]
00000057
00000000
C3000A21
000000C3
005916C5
00000044
3CD8B084
// vkResetCommandPool[3]
00000057
00000000
03E5AF0D
000000D8
428EFAF7
000000A2
51907A15
// vkResetCommandPool[4]
00000057
00000000
8517C417
00000094
AD40FB3F
00000029
C32D27A8
// vkResetCommandPool[5]
00000057
00000000
5E62384D
00000076
DFD97865
0000003A
3AA210B5
// vkResetCommandPool[6]
00000057
00000000
FB8D4931
000000E9
DE788DC5
0000003D
337FD212
// vkResetCommandPool[7]
00000057
00000000
CAD2ECAF
000000BC
5D6D7807
00000031
4B6B9C3E
// vkResetCommandPool[8]
00000057
00000000
3BCE3505
0000006B
02C5C113
00000010
FF06834E
// vkResetCommandPool[9]
00000057
00000000
1F08C81F
000000D9
A76643FB
00000013
F447EE73
// vkResetCommandPool[10]
00000057
00000000
368E3B85
00000011
6E982F2F
00000094
85E52A7E
// vkResetCommandPool[11]
00000057
00000000
7770E90D
00000037
5536E55D
000000D0
F9286861
// vkResetCommandPool[12]
00000057
00000000
D4147FB1
0000008A
88970F27
0000003F
82EB78B9
// vkResetCommandPool[13]
00000057
00000000
B514A943
00000052
FC9CD89F
0000005D
B7F0C466
// vkResetCommandPool[14]
00000057
00000000
63F61501
0000007F
C1CA8F13
0000000E
D253D295
// vkResetCommandPool[15]
00000057
00000000
C7DA6F33
00000093
8A9AA067
000000A6
12D7DAC5
// vkResetCommandPool[16]
00000057
00000000
29C338B9
00000097
685365F9
00000022
6C48B264
// vkResetCommandPool[17]
00000057
00000000
1471A24F
000000CD
D728243F
00000086
1E0854E5
// vkAllocateCommandBuffers[0]
00000058
00000000
8D9FF725
00000000
00000001
00000000
00000028
00000000
00000000
99728EEB
00000045
26BC0F91
00000000
00000000
00000000
// vkAllocateCommandBuffers[1]
00000058
00000000
052BF779
0000000C
00000001
00000000
00000028
00000000
00000000
F456C5DF
0000006C
9539E82E
00000000
00000000
00000000
// vkAllocateCommandBuffers[2]
00000058
00000000
EBD1A5C5
0000004D
00000001
00000000
00000028
00000000
00000000
3E131535
000000CB
8FA2CFCD
00000003
00000003
00000000
8DC6FE26
0000001A
3C6FE0E7
00000076
C1263EC6
0000005A
// vkAllocateCommandBuffers[3]
00000058
00000000
A51D61E1
00000057
00000001
00000000
00000028
00000000
00000000
F66E2215
00000043
A4617F18
00000002
00000002
00000000
85505346
000000AC
B3769BED
00000029
// vkAllocateCommandBuffers[4]
00000058
00000000
CC2CA947
00000000
00000001
00000000
00000028
00000000
00000000
07A28FED
000000A5
A895D2C5
00000000
00000000
00000000
// vkAllocateCommandBuffers[5]
00000058
00000000
C3464D43
0000009B
00000000
00000000
00000000
00000000
// vkAllocateCommandBuffers[6]
00000058
00000000
A4E63081
00000037
00000001
00000000
00000028
00000000
00000000
3F628E51
0000005D
6F7600C3
00000004
00000004
00000000
AABF25DC
0000003B
202F6112
000000FC
6C02EC7B
0000000A
3093FEEB
00000040
// vkAllocateCommandBuffers[7]
00000058
00000000
07DF994B
00000063
00000000
00000000
00000000
00000000
// vkAllocateCommandBuffers[8]
00000058
00000000
03208ED9
000000D7
00000000
00000000
00000000
00000000
// vkAllocateCommandBuffers[9]
00000058
00000000
3434D403
00000021
00000001
00000000
00000028
00000000
00000000
69D3EE3D
000000FC
C9DD9BD4
00000000
00000000
00000000
// vkAllocateCommandBuffers[10]
00000058
00000000
13E2E477
000000E5
00000001
00000000
00000028
00000000
00000000
07AF2FBB
00000081
C92A84B2
00000004
00000004
00000000
DF29FC03
000000D4
21974243
000000FF
7B292BA0
000000AE
FD435D5A
00000044
// vkAllocateCommandBuffers[11]
00000058
00000000
9399AC05
00000010
00000001
00000000
00000028
00000000
00000000
57E3993B
0000003F
9334C632
00000003
00000003
00000000
EF624118
00000000
C894CEB1
00000047
913A4EFB
0000000B
// vkAllocateCommandBuffers[12]
00000058
00000000
0D321949
00000000
00000001
00000000
00000028
00000000
00000000
143D3011
0000003D
F6579F91
00000003
00000003
00000000
32A77A14
0000003B
35C981E0
0000001B
78AD0EC2
0000002E
// vkAllocateCommandBuffers[13]
00000058
00000000
DE11E125
00000039
00000001
00000000
00000028
00000000
00000000
CDB84391
000000BE
907A08E0
00000000
00000000
00000000
// vkAllocateCommandBuffers[14]
00000058
00000000
54C05F53
000000A9
00000001
00000000
00000028
00000000
00000000
070DBD29
00000044
D41667ED
00000002
00000002
00000000
6910D8B0
0000006F
8555CB36
00000067
// vkAllocateCommandBuffers[15]
00000058
00000000
A48DC76D
00000080
00000001
00000000
00000028
00000000
00000000
9BFC8F21
000000AA
C68FD41B
00000003
00000003
00000000
CA83AEEC
000000AD
5044E39C
0000004F
D74FFD36
000000CD
// vkAllocateCommandBuffers[16]
00000058
00000000
34315C0F
000000D2
00000001
00000000
00000028
00000000
00000000
6CBAAC5B
00000024
8BCB3A55
00000003
00000003
00000000
7D1AA416
000000F7
A995BFA8
00000059
652F44CD
00000093
// vkAllocateCommandBuffers[17]
00000058
00000000
07B73F31
000000BA
00000001
00000000
00000028
00000000
00000000
5708D4F5
000000D2
5FC1F20B
00000003
00000003
00000000
04EB406B
000000FB
28A172B2
000000E5
8CC08951
0000007D
// vkFreeCommandBuffers[0]
00000059
00000000
34454527
00000093
5E742BE5
00000090
00000001
00000001
00000000
89664DDF
0000008F
// vkFreeCommandBuffers[1]
00000059
00000000
70329D7B
000000B0
6D256B51
00000006
00000003
00000003
00000000
9A5E26DA
00000006
BDAB7F9A
00000095
B45FA341
00000024
// vkFreeCommandBuffers[2]
00000059
00000000
CB584C3F
0000009D
EF0138AD
000000B4
00000001
00000001
00000000
1D948777
00000046
// vkFreeCommandBuffers[3]
00000059
00000000
AF620715
0000006A
3F764E35
00000042
00000000
00000000
00000000
// vkFreeCommandBuffers[4]
00000059
00000000
AB92FAE1
00000004
A1151F39
000000E2
00000004
00000004
00000000
B177F076
0000006B
2AAA39DA
000000BC
15095323
00000087
60313A12
000000D8
// vkFreeCommandBuffers[5]
00000059
00000000
89DCAE0B
000000D1
2234F1B1
0000002A
00000001
00000001
00000000
71F407CB
000000C2
// vkFreeCommandBuffers[6]
00000059
00000000
3C9E87E9
000000C8
55386539
000000FF
00000002
00000002
00000000
6197D804
00000036
2B8859EB
0000000E
// vkFreeCommandBuffers[7]
00000059
00000000
54997C99
0000007A
68357105
00000086
00000001
00000001
00000000
D2BB65E4
00000038
// vkFreeCommandBuffers[8]
00000059
00000000
484686DB
0000000F
1939C09B
0000006B
00000000
00000000
00000000
// vkFreeCommandBuffers[9]
00000059
00000000
85296C31
000000B2
12ED0E09
00000077
00000002
00000002
00000000
DAC14C77
0000000A
DC291205
00000077
// vkFreeCommandBuffers[10]
00000059
00000000
BA04AB71
0000007A
9B89BBF3
00000095
00000000
00000000
00000000
// vkFreeCommandBuffers[11]
00000059
00000000
19831549
00000096
49FCEB91
000000EC
00000004
00000004
00000000
7E8448AF
0000008A
0D6439B4
000000DF
6E31C5A8
0000001F
A6E84E63
000000CD
// vkFreeCommandBuffers[12]
00000059
00000000
2949EB5F
00000063
A1CEABE1
00000059
00000003
00000003
00000000
CEFA8EE6
000000D6
457C9680
0000004D
4FB07F7E
00000063
// vkFreeCommandBuffers[13]
00000059
00000000
1E5009B7
0000003D
1A15741F
00000076
00000001
00000001
00000000
AD63FE71
00000040
// vkFreeCommandBuffers[14]
00000059
00000000
FD02E41F
00000000
E18E5F49
00000091
00000001
00000001
00000000
E30CD82D
0000005A
// vkFreeCommandBuffers[15]
00000059
00000000
1845BF63
0000003B
78BACD05
00000035
00000002
00000002
00000000
00D2FC98
00000090
30672BB4
000000C0
// vkFreeCommandBuffers[16]
00000059
00000000
EE6DDB2F
000000F8
44A6A417
0000002A
00000000
00000000
00000000
// vkFreeCommandBuffers[17]
00000059
00000000
1821B725
00000087
3792DE1D
0000003C
00000003
00000003
00000000
B87080EE
00000077
7C44DEFF
000000D7
AAAC922C
0000002A
// vkBeginCommandBuffer[0]
0000005A
00000000
FB405043
00000055
00000001
00000000
0000002A
00000000
00000000
4A3D26E4
00000000
00000000
// vkBeginCommandBuffer[1]
0000005A
00000000
45CC39EB
00000040
00000001
00000000
0000002A
00000000
00000000
C91F3623
00000000
00000000
// vkBeginCommandBuffer[2]
0000005A
00000000
2AF7FA77
00000012
00000001
00000000
0000002A
00000000
00000000
95E9954E
00000001
00000000
00000029
00000000
00000000
94B91EC5
000000EF
5B655D7E
AC07D2DB
0000002B
00000000
19907048
F5362174
// vkBeginCommandBuffer[3]
0000005A
00000000
B00A05C1
00000027
00000001
00000000
0000002A
00000000
00000000
AD157807
00000001
00000000
00000029
00000000
00000000
266637A3
000000F4
E288E5E5
A8D371E7
00000040
00000000
5E71ECB3
490C7711
// vkBeginCommandBuffer[4]
0000005A
00000000
DA66ED4B
000000A9
00000001
00000000
0000002A
00000000
00000000
B8EBB8E2
00000001
00000000
00000029
00000000
00000000
F3A865DB
00000051
EEB3F480
02C7D625
00000069
00000000
0BEF8F7D
E427B69B
// vkBeginCommandBuffer[5]
0000005A
00000000
D7B1E539
00000026
00000001
00000000
0000002A
00000000
00000000
AF36A8EF
00000001
00000000
00000029
00000000
00000000
376766C5
00000067
DE497D32
926FAA4F
000000A3
00000000
1EA31D41
221FF9E6
// vkBeginCommandBuffer[6]
0000005A
00000000
0349371D
000000F8
00000001
00000000
0000002A
00000000
00000000
18685D80
00000001
00000000
00000029
00000000
00000000
9D6B252F
00000006
5A57D381
384B2279
000000E4
00000000
00D964A9
7F1B3500
// vkBeginCommandBuffer[7]
0000005A
00000000
9BD953C7
000000F8
00000000
00000000
// vkBeginCommandBuffer[8]
0000005A
00000000
FBE52C4F
000000DB
00000001
00000000
0000002A
00000000
00000000
0C6269F5
00000000
00000000
// vkBeginCommandBuffer[9]
0000005A
00000000
9ECA7C9B
000000A2
00000001
00000000
0000002A
00000000
00000000
D8845449
00000001
00000000
00000029
00000000
00000000
42655D33
000000B1
99FAC0C6
BB4B5437
000000EE
00000001
E107F2EA
BC3F62B0
// vkBeginCommandBuffer[10]
0000005A
00000000
C7BD25C3
00000059
00000001
00000000
0000002A
00000000
00000000
2F4B78B1
00000001
00000000
00000029
00000000
00000000
BEBC13C9
00000044
84893297
840851DD
00000040
00000000
9B946D66
5F844B50
// vkBeginCommandBuffer[11]
0000005A
00000000
150DAC6D
000000D6
00000001
00000000
0000002A
00000000
00000000
7F02368B
00000001
00000000
00000029
00000000
00000000
F25C131F
0000004F
6D9B93E6
493CE54D
00000040
00000000
6C5FAF7D
F8ED29D7
// vkBeginCommandBuffer[12]
0000005A
00000000
321FE2F7
0000000B
00000001
00000000
0000002A
00000000
00000000
B340DD2F
00000001
00000000
00000029
00000000
00000000
7E763459
00000004
EB14ECA0
328C5969
00000063
00000000
77491A52
140D72DA
// vkBeginCommandBuffer[13]
0000005A
00000000
4D924C03
000000EF
00000000
00000000
// vkBeginCommandBuffer[14]
0000005A
00000000
061D09AF
00000092
00000001
00000000
0000002A
00000000
00000000
ABD38A45
00000001
00000000
00000029
00000000
00000000
AD968B17
000000DD
42F7D3A3
0431FB0D
000000BE
00000001
DC36D85A
5AA94176
// vkBeginCommandBuffer[15]
0000005A
00000000
63B5CBB7
00000044
00000001
00000000
0000002A
00000000
00000000
647881C8
00000001
00000000
00000029
00000000
00000000
27F873DF
000000D0
D7300C64
C8D9411B
00000010
00000001
9DD97FDA
72218D99
// vkBeginCommandBuffer[16]
0000005A
00000000
3F811BAB
000000DB
00000001
00000000
0000002A
00000000
00000000
C4893D5B
00000001
00000000
00000029
00000000
00000000
F2D225B1
00000091
93661DE0
95705AE5
0000000A
00000000
396CE8A5
E3FD01A2
// vkBeginCommandBuffer[17]
0000005A
00000000
D5A05F15
00000085
00000001
00000000
0000002A
00000000
00000000
5F3BD6F8
00000001
00000000
00000029
00000000
00000000
86DEF555
000000AF
064616C2
B8141759
000000B5
00000000
00C200A9
295E6C97
// vkEndCommandBuffer[0]
0000005B
00000000
C84F07A7
000000A3
// vkEndCommandBuffer[1]
0000005B
00000000
9FFA911F
00000090
// vkEndCommandBuffer[2]
0000005B
00000000
40486679
000000F9
// vkEndCommandBuffer[3]
0000005B
00000000
53068507
0000006A
// vkEndCommandBuffer[4]
0000005B
00000000
4E155A73
000000D6
// vkEndCommandBuffer[5]
0000005B
00000000
E341D7B3
00000097
// vkEndCommandBuffer[6]
0000005B
00000000
88F9D7D3
0000002E
// vkEndCommandBuffer[7]
0000005B
00000000
527F0ADB
00000096
// vkEndCommandBuffer[8]
0000005B
00000000
AD9ADF8B
00000032
// vkEndCommandBuffer[9]
0000005B
00000000
F57B90BF
000000E7
// vkEndCommandBuffer[10]
0000005B
00000000
7CBB0577
00000035
// vkEndCommandBuffer[11]
0000005B
00000000
DF9BEF8F
000000CF
// vkEndCommandBuffer[12]
0000005B
00000000
A83792C1
0000006F
// vkEndCommandBuffer[13]
0000005B
00000000
4F8F9525
00000098
// vkEndCommandBuffer[14]
0000005B
00000000
4CB5E371
000000A2
// vkEndCommandBuffer[15]
0000005B
00000000
3B2E7323
00000059
// vkEndCommandBuffer[16]
0000005B
00000000
0F02F589
00000083
// vkEndCommandBuffer[17]
0000005B
00000000
E3AA6EF7
000000E6
// vkResetCommandBuffer[0]
0000005C
00000000
A49B8619
0000000D
5DC9EDE5
// vkResetCommandBuffer[1]
0000005C
00000000
B5410309
00000044
29F52208
// vkResetCommandBuffer[2]
0000005C
00000000
D4495D61
0000000B
EF56F2CA
// vkResetCommandBuffer[3]
0000005C
00000000
38C55067
0000003E
066DF733
// vkResetCommandBuffer[4]
0000005C
00000000
3D1C7B1F
0000006B
82A6E73C
// vkResetCommandBuffer[5]
0000005C
00000000
E9F72C1B
00000003
19872CA6
// vkResetCommandBuffer[6]
0000005C
00000000
E956E043
000000D1
625A033E
// vkResetCommandBuffer[7]
0000005C
00000000
1B3001AD
00000052
3EEDC3B3
// vkResetCommandBuffer[8]
0000005C
00000000
09B27F4B
0000008B
F628B52F
// vkResetCommandBuffer[9]
0000005C
00000000
2755533D
000000C9
379E0EF4
// vkResetCommandBuffer[10]
0000005C
00000000
77D2A809
0000003E
DA0395DC
// vkResetCommandBuffer[11]
0000005C
00000000
2621FD7F
00000049
AA793CBD
// vkResetCommandBuffer[12]
0000005C
00000000
F051EFD3
0000007C
C943B367
// vkResetCommandBuffer[13]
0000005C
00000000
25B0743B
000000E8
0E00146A
// vkResetCommandBuffer[14]
0000005C
00000000
8B1EA695
000000F2
8A91FC3D
// vkResetCommandBuffer[15]
0000005C
00000000
42A6B043
000000E0
70F1B290
// vkResetCommandBuffer[16]
0000005C
00000000
ADF8476B
000000A6
D77E4E0B
// vkResetCommandBuffer[17]
0000005C
00000000
4982F029
00000095
8768EA6B
// vkCmdBindPipeline[0]
0000005D
00000000
8C4B67FF
0000000A
6D59E106
DC2E974D
000000B1
// vkCmdBindPipeline[1]
0000005D
00000000
A279339B
00000045
988978CF
C33234B9
000000D3
// vkCmdBindPipeline[2]
0000005D
00000000
C39B06A7
00000030
4FAA9409
572606CF
000000E8
// vkCmdBindPipeline[3]
0000005D
00000000
5920F4A3
0000003E
C91C3EBB
F88F2421
000000F3
// vkCmdBindPipeline[4]
0000005D
00000000
F9F4871F
000000CD
C836E674
ED7F4381
0000004D
// vkCmdBindPipeline[5]
0000005D
00000000
228017AF
000000E8
DBC626CF
D1F994CB
000000C8
// vkCmdBindPipeline[6]
0000005D
00000000
21430CE1
00000037
D4A119DB
0A42CCD1
00000084
// vkCmdBindPipeline[7]
0000005D
00000000
11AB36FB
0000004B
127E49A5
A26722DD
00000093
// vkCmdBindPipeline[8]
0000005D
00000000
F4F0DABB
0000005F
19FBDC96
131AD551
0000003E
// vkCmdBindPipeline[9]
0000005D
00000000
ADA41459
00000027
E713DEAE
BFEF68EF
00000096
// vkCmdBindPipeline[10]
0000005D
00000000
E6077D57
00000022
D9B0E504
31734577
00000015
// vkCmdBindPipeline[11]
0000005D
00000000
96A209A7
000000AB
43FDA81B
9C6086AB
000000DB
// vkCmdBindPipeline[12]
0000005D
00000000
CED82961
000000EE
C8DF2AA3
80AD394B
000000BA
// vkCmdBindPipeline[13]
0000005D
00000000
5B14023D
00000069
9A31BE71
B5E07F53
000000E0
// vkCmdBindPipeline[14]
0000005D
00000000
8BE647D7
0000006A
5533A532
323E6779
000000D3
// vkCmdBindPipeline[15]
0000005D
00000000
9CB5F2DD
0000000F
BEFA590D
D861B36F
00000004
// vkCmdBindPipeline[16]
0000005D
00000000
736B17AD
00000005
919A4FE5
C34AD34B
00000006
// vkCmdBindPipeline[17]
0000005D
00000000
59BF00D1
000000C3
0BFCFAD2
74672A57
00000079
// vkCmdBindDescriptorSets[0]
00000067
00000000
F864E9C5
000000CB
9B294C8F
29819BDB
000000FE
EDE24FBD
00000002
00000002
00000000
610343A1
000000B0
59C99F41
000000A3
00000004
00000004
00000000
E7EF2A27
29E5FBA7
8FBDCFFB
D3DA9264
// vkCmdBindDescriptorSets[1]
00000067
00000000
63A5AD13
00000051
49879FEB
CAB07A05
0000008C
6CBA67FB
00000004
00000004
00000000
0C2FD006
0000001B
E13DA874
0000009D
466CE27D
0000001D
927D3498
0000007B
00000000
00000000
00000000
// vkCmdBindDescriptorSets[2]
00000067
00000000
4E07320B
0000003F
858B4DA7
F5D4949B
0000002D
383FEE0C
00000003
00000003
00000000
AB2A3A54
000000CA
18A40217
000000B3
89AA4C47
00000044
00000000
00000000
00000000
// vkCmdBindDescriptorSets[3]
00000067
00000000
29A93265
0000001C
518EF7A3
A114E853
00000027
03E17C8C
00000001
00000001
00000000
6954C07B
00000097
00000000
00000000
00000000
// vkCmdBindDescriptorSets[4]
00000067
00000000
161B3795
0000001C
0E41ADFC
0FEE8453
00000002
7418AA62
00000002
00000002
00000000
35925358
00000056
8B0E91CE
00000029
00000004
00000004
00000000
4AB62ED4
0C21EFA1
257E9BC5
F6FDE8FF
// vkCmdBindDescriptorSets[5]
00000067
00000000
1575850F
000000B3
699E86DB
E9234875
0000002C
E33796AD
00000003
00000003
00000000
04DB6A91
00000093
EFA89230
000000DF
3FAB5C3F
000000C1
00000002
00000002
00000000
276FD3D1
AE28AAED
// vkCmdBindDescriptorSets[6]
00000067
00000000
6D150967
0000007D
7D55153F
09F44CA1
00000075
895FD8A5
00000001
00000001
00000000
68DCA169
00000043
00000002
00000002
00000000
3F5D6860
21D43F43
// vkCmdBindDescriptorSets[7]
00000067
00000000
80440033
0000001E
4D8A286C
03CDFFBB
000000D9
420508B4
00000004
00000004
00000000
CC169A38
0000008A
DAB5EB5C
00000096
87EA1013
0000006F
3647E7D3
00000016
00000004
00000004
00000000
E2E6B997
FBF521BD
0AA8464A
CE19CBA5
// vkCmdBindDescriptorSets[8]
00000067
00000000
71EB4EC5
0000006A
F24F33F2
14CD624B
000000A5
62FFC386
00000004
00000004
00000000
0B6C76AE
00000054
AA0B1CE7
0000007C
E32E2FD2
0000003B
F41C1B8F
00000066
00000000
00000000
00000000
// vkCmdBindDescriptorSets[9]
00000067
00000000
DED7EA09
000000ED
30E38D5F
8B8EA6DF
00000034
DE62FE2C
00000004
00000004
00000000
08D907D0
0000003D
B8CCFA72
00000064
ACF58CE6
0000007B
9E6800D6
000000C1
00000001
00000001
00000000
406A5291
// vkCmdBindDescriptorSets[10]
00000067
00000000
14B9A2A3
000000FE
4F94A609
36F8D3BD
000000A7
B6C2F8CC
00000004
00000004
00000000
15F6A2B0
0000002F
4BB9F549
0000008A
57DC4C6E
00000078
E152AB75
0000006A
00000002
00000002
00000000
23666E85
C4A303B8
// vkCmdBindDescriptorSets[11]
00000067
00000000
002A0B03
000000CF
7655569F
480C0ADB
0000004C
E47C66F6
00000002
00000002
00000000
5E3C1489
000000C1
A4C0F96D
0000000F
00000000
00000000
00000000
// vkCmdBindDescriptorSets[12]
00000067
00000000
F3E0FE5D
000000AD
03D516B5
A9A0EFDD
000000A9
9612F5E3
00000002
00000002
00000000
F9231A3C
0000004D
A71FB719
0000005C
00000002
00000002
00000000
2B546302
497844BB
// vkCmdBindDescriptorSets[13]
00000067
00000000
A4963C7B
0000001D
CE9517D4
21AA6A61
00000052
B7C8B674
00000004
00000004
00000000
DA333348
000000A3
285529E1
00000001
747953E9
0000008E
8D93B450
000000A9
00000003
00000003
00000000
066BBA35
DB4C62C9
5EC1F07B
// vkCmdBindDescriptorSets[14]
00000067
00000000
1CC233E1
000000E9
F2E069E2
7215057B
000000AC
FA10D4B9
00000003
00000003
00000000
BA92C3BF
0000004D
FFE5CD7A
000000DC
6DF5D35B
000000D4
00000000
00000000
00000000
// vkCmdBindDescriptorSets[15]
00000067
00000000
24DED831
00000053
7BE21AC6
A5D91FEF
00000048
F04A158C
00000002
00000002
00000000
D8DF2E1F
000000D3
9C74F4C8
00000064
00000003
00000003
00000000
33BDD805
98B95C3D
39BB5B2E
// vkCmdBindDescriptorSets[16]
00000067
00000000
3288472B
00000026
29062B4E
77747C35
000000D0
BF5E7942
00000003
00000003
00000000
4E735B0E
00000047
38605CA9
000000FE
5315F94F
00000076
00000003
00000003
00000000
4366FB0B
3E16C1CE
7E9B051C
// vkCmdBindDescriptorSets[17]
00000067
00000000
39442389
000000CA
9E96271D
D8483FBB
000000E2
B493966B
00000003
00000003
00000000
4129E9D0
00000053
63701A85
00000017
04DD0A62
00000048
00000002
00000002
00000000
E09CEA5E
347CA09B
// vkCmdBindVertexBuffers[0]
00000069
00000000
1167138B
0000007C
B4D1A147
00000003
00000003
00000000
7EB9272F
000000C0
B8A941E2
0000005B
565CE34D
000000F5
00000003
00000000
2C0015B2
00000054
69F89274
000000BF
DDAB13F9
00000095
// vkCmdBindVertexBuffers[1]
00000069
00000000
8E94647B
0000005C
D179140D
00000004
00000004
00000000
9F6DDBD2
0000002F
9A2A088C
000000BB
5876A042
0000002F
BFCDF49C
00000006
00000004
00000000
C3F5D38B
000000AD
90065D0A
0000002E
0EF8FBE5
0000009A
D1A5A4E5
000000DE
// vkCmdBindVertexBuffers[2]
00000069
00000000
B5BC6E53
000000F4
AA730F94
00000004
00000004
00000000
32680D89
00000056
B6903220
0000003D
948CF891
00000041
449B2E76
0000006D
00000004
00000000
FA6E40FE
000000CE
9C5D1A0E
0000006C
B5E00E8C
000000A6
77A813CC
000000EC
// vkCmdBindVertexBuffers[3]
00000069
00000000
D99E5371
000000F1
91847026
00000001
00000001
00000000
4ED1D7CC
000000A7
00000001
00000000
F89FC8B3
0000003B
// vkCmdBindVertexBuffers[4]
00000069
00000000
2CF1ED77
000000E5
891F3337
00000001
00000001
00000000
F1ED5DEA
000000FE
00000001
00000000
2C5886C1
000000E4
// vkCmdBindVertexBuffers[5]
00000069
00000000
D2F1BA51
00000059
3BDC51DB
00000004
00000004
00000000
8C769A45
00000031
8F750B63
0000001F
AA30CF39
00000063
543B0803
0000008F
00000004
00000000
FBDD67C4
00000076
A93C3D6C
000000D7
A309C11B
000000A8
B58204BF
000000CD
// vkCmdBindVertexBuffers[6]
00000069
00000000
86F52B27
000000E9
90417C8A
00000003
00000003
00000000
1F77B4CA
000000EF
466E2904
00000088
259C3DB8
00000057
00000003
00000000
93623891
0000000C
8CF308D3
000000DF
5B4516DC
000000C6
// vkCmdBindVertexBuffers[7]
00000069
00000000
FD9AADCD
00000072
0A7EF123
00000003
00000003
00000000
821E835E
000000DC
C9291683
00000063
9EA2D196
0000005A
00000003
00000000
D25C89DB
000000E1
9DB3CFCE
0000006A
505BE541
000000D1
// vkCmdBindVertexBuffers[8]
00000069
00000000
FF7DAF29
00000031
67FEF7BA
00000004
00000004
00000000
C399082A
000000A9
FD94FC60
00000050
44834876
000000D6
86414CB9
00000034
00000004
00000000
C63FA266
0000004C
D94E284C
000000F7
54059295
00000077
0CFECE3D
0000004F
// vkCmdBindVertexBuffers[9]
00000069
00000000
A806E59B
000000F1
5EE8B28B
00000002
00000002
00000000
31E4E420
000000A0
16AC609A
00000023
00000002
00000000
7E560FCB
000000F9
F77B557F
000000B1
// vkCmdBindVertexBuffers[10]
00000069
00000000
49A54909
00000099
818DEB10
00000003
00000003
00000000
720A7939
000000F2
5CB3EDD2
00000094
2CE60347
0000002A
00000003
00000000
25A6A20C
0000000C
A7424F16
00000012
FC7FFA35
000000DE
// vkCmdBindVertexBuffers[11]
00000069
00000000
4C7BCB2F
00000046
455DD3A9
00000004
00000004
00000000
51ADAB38
0000004D
D192A38D
00000070
6E0F17F0
00000012
D09B9F53
00000078
00000004
00000000
FC1C025D
000000D5
93FCF859
00000055
434FF8C9
000000E4
895E4FE3
0000007B
// vkCmdBindVertexBuffers[12]
00000069
00000000
FA2BE065
00000047
FA1F83D0
00000002
00000002
00000000
B70E5BC7
0000003F
7060B85A
00000080
00000002
00000000
724DF6C2
00000056
2CF37095
000000BA
// vkCmdBindVertexBuffers[13]
00000069
00000000
C9136801
000000DF
D7A7B21D
00000003
00000003
00000000
170587C7
0000009A
730C44D2
0000008B
B2B36452
00000063
00000003
00000000
BB404CFD
00000097
D14B5D1D
00000093
06961086
00000014
// vkCmdBindVertexBuffers[14]
00000069
00000000
DA8B503B
00000025
66DD214B
00000003
00000003
00000000
6DD81BB0
00000065
D9A272BB
0000005C
BDF03771
00000004
00000003
00000000
72BB8A9A
00000027
C778AD6B
000000DE
C16D7142
000000EA
// vkCmdBindVertexBuffers[15]
00000069
00000000
AE3EB4EF
000000BF
9106CAA2
00000001
00000001
00000000
6CAEA477
00000021
00000001
00000000
0DD795E4
000000DA
// vkCmdBindVertexBuffers[16]
00000069
00000000
BB06D52B
00000061
97DA909A
00000003
00000003
00000000
ABBE11F4
00000075
FE2FDDE4
00000049
45283BA8
0000006B
00000003
00000000
6185DB68
0000004A
9AF6F47C
000000AA
0E4C4F41
00000030
// vkCmdBindVertexBuffers[17]
00000069
00000000
36760073
0000002E
00F9C86B
00000004
00000004
00000000
0BD2F67E
00000026
8D4337E2
00000066
5B88E705
000000DA
B56CBA87
000000AE
00000004
00000000
BFEB73FA
000000E0
3196819B
0000006E
4C582139
0000003B
DCE0AC8A
0000008B
// vkCmdBindIndexBuffer[0]
00000068
00000000
2D5F96E7
000000B0
9BD633E5
00000001
ACBE8B33
000000FC
92A2EC51
// vkCmdBindIndexBuffer[1]
00000068
00000000
3BCCA983
00000083
1E7D3273
000000F9
041FD6E6
00000098
8F034224
// vkCmdBindIndexBuffer[2]
00000068
00000000
0432EF11
000000E2
316E2F13
000000D9
591049CE
00000048
BC823BD3
// vkCmdBindIndexBuffer[3]
00000068
00000000
484BE42F
00000065
98B4AF1F
000000B9
FEE499A0
000000D4
E79EB29E
// vkCmdBindIndexBuffer[4]
00000068
00000000
313B9AD7
000000E6
C59EDB77
000000BF
EF5CA0E2
000000E7
929498FE
// vkCmdBindIndexBuffer[5]
00000068
00000000
8BA9B2F3
00000009
9EE82A4D
000000C7
B8386D13
00000089
E1E20C4C
// vkCmdBindIndexBuffer[6]
00000068
00000000
8F2FA267
000000CC
167ECBB9
0000003E
E489EAAD
000000B1
881F2A52
// vkCmdBindIndexBuffer[7]
00000068
00000000
06FA93A3
000000E1
02396BAF
00000088
BBF60322
000000F0
D56410F7
// vkCmdBindIndexBuffer[8]
00000068
00000000
FA532C93
0000001C
8A89E6A5
00000056
46CF45BB
00000081
A1201D7A
// vkCmdBindIndexBuffer[9]
00000068
00000000
8541F803
00000051
094C0AEF
0000008A
301EBD86
0000003D
AF6B664D
// vkCmdBindIndexBuffer[10]
00000068
00000000
0780C141
00000032
7984DFDB
00000003
5195D085
00000033
AF6506FA
// vkCmdBindIndexBuffer[11]
00000068
00000000
E4DC523D
00000001
0DC4A09D
000000D3
D3F63530
00000088
E698538F
// vkCmdBindIndexBuffer[12]
00000068
00000000
9003BC6B
0000009F
FE0E708B
0000003D
8FDB2E2A
00000047
68BBA45A
// vkCmdBindIndexBuffer[13]
00000068
00000000
1E319AD7
0000008F
99F9F87B
0000005C
D86998F2
00000022
26567D50
// vkCmdBindIndexBuffer[14]
00000068
00000000
FB353505
0000005F
7BEF3A71
00000013
A17F05AF
0000005E
8E3DD60F
// vkCmdBindIndexBuffer[15]
00000068
00000000
EB1BACAD
00000001
758B0257
0000004C
7D3FE8DF
000000E4
CA7B620E
// vkCmdBindIndexBuffer[16]
00000068
00000000
1D98C535
0000001C
4C7CCF79
00000005
8D6C1EC0
0000002F
5A677D54
// vkCmdBindIndexBuffer[17]
00000068
00000000
912DE54B
000000F1
EC5DE997
000000E0
84E7C12D
00000006
8A2DD373
// vkCmdPushConstants[0]
00000084
00000000
D63E1013
00000048
2F59ECE1
00000096
1CCFE563
C50FD8D0
00000003
00000003
00000000
00869949
// vkCmdPushConstants[1]
00000084
00000000
477D3DB7
0000009F
36894DFD
000000FB
4A55EC00
E05F94EC
00000003
00000003
00000000
0064A1B3
// vkCmdPushConstants[2]
00000084
00000000
74211525
000000CE
FF1833FD
00000006
42C707E1
63981247
00000002
00000002
00000000
0000492C
// vkCmdPushConstants[3]
00000084
00000000
E2D330C7
0000005F
1B02BD59
00000067
780C1D5E
81210692
00000002
00000002
00000000
0000041D
// vkCmdPushConstants[4]
00000084
00000000
EA442109
000000A0
108D1357
000000D5
ABF24C48
26B54CCE
00000003
00000003
00000000
00E18899
// vkCmdPushConstants[5]
00000084
00000000
B291FBAF
00000051
3A7A9565
000000B1
E4110BB3
C3492B09
00000004
00000004
00000000
60FE5D8C
// vkCmdPushConstants[6]
00000084
00000000
01E18707
000000C0
CC200DA1
00000030
99772951
021D36C1
00000000
00000000
00000000
// vkCmdPushConstants[7]
00000084
00000000
638D7FE9
00000037
FA2F1A7B
00000031
E1AD0268
14DA2003
00000004
00000004
00000000
E17B5227
// vkCmdPushConstants[8]
00000084
00000000
9FAF7D55
0000004F
D96E1E99
00000060
28469983
9212AFF1
00000002
00000002
00000000
00006711
// vkCmdPushConstants[9]
00000084
00000000
DD70299F
000000A2
F748DDCB
0000002D
6CCC8D61
3FE8DE7F
00000003
00000003
00000000
00FBF462
// vkCmdPushConstants[10]
00000084
00000000
1359AA51
00000096
F80A7EED
00000012
9F16CA3C
28617C39
00000003
00000003
00000000
0064C584
// vkCmdPushConstants[11]
00000084
00000000
12D7EDEF
00000026
3A1D744D
0000009F
E29B3709
95812616
00000004
00000004
00000000
06C1D82B
// vkCmdPushConstants[12]
00000084
00000000
165F6D99
00000091
8DA8A1EB
000000A8
F74CE989
DC6F13EE
00000003
00000003
00000000
00B3C5CC
// vkCmdPushConstants[13]
00000084
00000000
589663EB
000000CA
566577E9
0000000F
4F9C4D60
E00D0C34
00000000
00000000
00000000
// vkCmdPushConstants[14]
00000084
00000000
FF7BFCC7
00000035
35051701
0000002C
AF9C2697
E070F795
00000003
00000003
00000000
00770AC4
// vkCmdPushConstants[15]
00000084
00000000
05A24009
000000D7
88EB2E35
000000DF
2E4F732A
3ED9E9C4
00000002
00000002
00000000
00000EA3
// vkCmdPushConstants[16]
00000084
00000000
201BAB07
000000E9
0828085B
000000BE
EC9D656B
BA0C42E8
00000001
00000001
00000000
0000008B
// vkCmdPushConstants[17]
00000084
00000000
F557438B
0000008A
40333681
0000008D
7FAA2D15
B8F8B4E2
00000004
00000004
00000000
CB11FDAC
// vkCmdSetViewport[0]
0000005E
00000000
C3C62F6D
0000009D
B560BF00
00000004
00000004
00000000
D5868D53
0076E1A8
F1029AE7
5B236A63
7CFE29B5
C9D9E3DD
BA6AFB31
D9B6128B
56896D48
E0FBEDFD
441FEE4D
EB169FE1
97370963
10BDCDB3
2C009867
F8025441
06478D52
8EA6226D
731D7FF4
DD0FD668
652CE66B
E421DD20
FBCC5FF2
6E3899CE
// vkCmdSetViewport[1]
0000005E
00000000
4781C213
000000A3
1DDF7EAD
00000001
00000001
00000000
D53EC666
4568C954
05F56873
6DE2D685
48B8F726
D089F7F4
// vkCmdSetViewport[2]
0000005E
00000000
2C25BDCF
000000EC
CC304628
00000000
00000000
00000000
// vkCmdSetViewport[3]
0000005E
00000000
0A417CDF
0000003B
E2CCE401
00000003
00000003
00000000
84B9B3AE
4678F438
60F82850
F3044A8B
2FE0A602
F75B1579
A855234F
E93D38B8
11F59362
5C762D56
2739369C
5D578481
5C600682
777F2B49
DF5A67AC
A38542F6
11C4C697
EB917FE9
// vkCmdSetViewport[4]
0000005E
00000000
A62A4225
00000081
EA7EC24E
00000001
00000001
00000000
E5A52BCC
1CA5A7BE
5B0A9BF8
1586383F
1385C305
AB64C984
// vkCmdSetViewport[5]
0000005E
00000000
1BCABFF1
000000F4
D7163DE8
00000000
00000000
00000000
// vkCmdSetViewport[6]
0000005E
00000000
67946C43
0000003F
75AC68FD
00000000
00000000
00000000
// vkCmdSetViewport[7]
0000005E
00000000
A21DF7DB
00000009
ED9B1E44
00000001
00000001
00000000
08F4D64D
BA75D5DF
C9733CD5
92F858D4
1DD4A618
FAF89287
// vkCmdSetViewport[8]
0000005E
00000000
A0F73B6D
00000057
46E4DB50
00000004
00000004
00000000
91903D63
F778B889
D60C39A0
278BDD52
3FC494F2
750FBAD3
6B6BF3B6
4C763B80
01A71A0F
9CB03A30
5B5615B7
5381858C
ED86BF42
3CEB38B7
54E299BA
D0993C3B
7BA689E9
AC8D431A
A8C1DC33
123AFA71
CECD6747
F55B8CF7
C99462AC
123B0DBC
// vkCmdSetViewport[9]
0000005E
00000000
6D4E3849
00000091
99F2E910
00000004
00000004
00000000
01F08382
02B4427E
55E8808F
97A21838
61A61138
BDA47D17
096DE3D5
AB6F45C2
15141B74
28414F78
388B7D11
F3579F41
0E859257
640AAFFE
38077E74
BB0C7E8F
72A19629
729C6C85
74E07FF2
12BE55AF
50C2BD2D
1F8A348E
3A09F7F2
BF93E41C
// vkCmdSetViewport[10]
0000005E
00000000
0173A82B
00000014
B28020AC
00000004
00000004
00000000
273BF4DC
0CD76D30
1DF1EB4B
A64C29A8
468F794F
874EEFB9
FD1E1A25
CB72F2A7
31B16533
806519FD
7509D2AD
EA3D2633
38F293EB
EC6F78C2
574EDAC8
5286612E
9C57125E
4443C8B3
44BF3987
E9CD21B8
B8212031
9EAD8AE5
201B890C
65C34F41
// vkCmdSetViewport[11]
0000005E
00000000
4357FD67
0000009F
56021397
00000001
00000001
00000000
CCEE3C4D
CB02DDC3
E7938527
4517C7CB
7A0B63B9
2501953A
// vkCmdSetViewport[12]
0000005E
00000000
A7EBE7C9
00000097
9C7AAE72
00000004
00000004
00000000
F1EFF633
7851B43A
2AAEBC68
6635ECA8
10A1D1DC
EA51215C
92008FE6
36683D42
D5F43B1F
C1CC7EAE
904E1B05
02156117
5C7DBA84
5996BE1E
5817AB3C
890B7DF3
A7401635
394A0E4D
9DA48F17
0ACFF610
5173EA51
43276C3B
8A7631C4
33EAC7DB
// vkCmdSetViewport[13]
0000005E
00000000
DD0311B5
00000021
7B613C73
00000000
00000000
00000000
// vkCmdSetViewport[14]
0000005E
00000000
F848A5FB
00000050
8949FC51
00000003
00000003
00000000
16BA406B
C8D615F0
84D1D9E0
DA0975B2
47874280
804DE154
3A878AAC
7287F5C2
887EE9B1
B63CB6D6
AD6D520C
ECD9AF10
F770FE00
0B0898F7
85D3EDB6
B4399063
E5456344
DB9FD8B5
// vkCmdSetViewport[15]
0000005E
00000000
E5995665
00000048
A12C9181
00000002
00000002
00000000
6D1D679E
50E6A18C
59E601BD
8633F4AF
3FCB58C2
383D884F
9822F4A1
E204C7A6
5B38DD5B
22029DA2
260AD818
C8AF7984
// vkCmdSetViewport[16]
0000005E
00000000
604AECB1
000000E5
9245BE9B
00000000
00000000
00000000
// vkCmdSetViewport[17]
0000005E
00000000
D73D3FF1
00000029
3311E968
00000002
00000002
00000000
E59832BD
CFC12DBD
1994A663
BA6C167A
971F31DE
CEA60EB8
052CBBBD
FBB70099
7866B172
7A29DA7E
DB0A080A
CBBDDEE3
// vkCmdSetScissor[0]
0000005F
00000000
F0D130CB
000000CF
F451C7EA
00000002
00000002
00000000
C389D36B
2A73DD14
7958B6A7
B2354228
6AFD1EC5
4BE10F55
7723C097
AF8504B2
// vkCmdSetScissor[1]
0000005F
00000000
D55F98ED
0000001D
A7E0F370
00000002
00000002
00000000
5B0DADED
30C69612
81B8BA27
D6934FD4
476B51F0
2C6F3EED
5BD51CFC
A4A1B892
// vkCmdSetScissor[2]
0000005F
00000000
289B7C97
00000013
164EE426
00000001
00000001
00000000
42AC0E2B
A98AFA3B
21A613AD
DCDB4EF3
// vkCmdSetScissor[3]
0000005F
00000000
EB997B15
00000011
38E3F1AB
00000001
00000001
00000000
14EC9313
40E10FE1
8B37E1EF
9755FD86
// vkCmdSetScissor[4]
0000005F
00000000
92CC72DB
000000CA
5E7350C4
00000001
00000001
00000000
ECDA1CB3
87C81564
713706AA
24FDC388
// vkCmdSetScissor[5]
0000005F
00000000
BEAEEE23
00000020
E65285B4
00000003
00000003
00000000
1DDCF86F
1152F588
A44C2226
1DB70E28
96FA9B7B
FCE9C1A4
8329DEE7
3CA28813
311203E8
A90CFFE0
4149EF37
508E74C0
// vkCmdSetScissor[6]
0000005F
00000000
EB12E2B7
0000000E
3E393465
00000000
00000000
00000000
// vkCmdSetScissor[7]
0000005F
00000000
751CD83D
00000065
2EAEE973
00000002
00000002
00000000
EE6D4C34
DB322C4A
F81FB239
A7E27721
0C9B2B8F
99E78D72
6309CEEE
B36420EC
// vkCmdSetScissor[8]
0000005F
00000000
25CD0057
000000B3
66C9CF58
00000002
00000002
00000000
6997F997
0B2C7C06
21AF9A85
47F63D8A
8031C40F
F13DC9CC
0FF93195
E0B0C979
// vkCmdSetScissor[9]
0000005F
00000000
3ADD2CA9
00000096
9DB606C0
00000000
00000000
00000000
// vkCmdSetScissor[10]
0000005F
00000000
8FFE3F17
000000CB
A656C585
00000001
00000001
00000000
31EBC3FD
510F5451
B0E0B17A
14DBA2FE
// vkCmdSetScissor[11]
0000005F
00000000
FAA220FB
00000068
9ACC4935
00000002
00000002
00000000
03862FF7
5E4D72B1
207C96EF
4F6008BB
39570407
981A7F45
1014CECB
5D8CAA9E
// vkCmdSetScissor[12]
0000005F
00000000
B5BE0D09
00000089
6FD6758A
00000001
00000001
00000000
A77964ED
F9B147BD
20FD2AFF
3D966A7E
// vkCmdSetScissor[13]
0000005F
00000000
F85C88B1
00000080
26380175
00000001
00000001
00000000
1542A046
46C9B831
5012ABFD
37BF80ED
// vkCmdSetScissor[14]
0000005F
00000000
456B0B87
000000E8
516685F2
00000001
00000001
00000000
F9637D9D
35DF93D2
C49C6923
C4DA2670
// vkCmdSetScissor[15]
0000005F
00000000
215B872F
0000000D
29BFC431
00000004
00000004
00000000
7C4E7302
DFA133A5
0F55C06B
6D9C1D8E
D04CA5AB
B31C8DC9
D3B29EF9
8F2EC198
5FE4E1AD
A97C7E24
2167219E
2AD59C65
E21E0AA7
8F1DED62
659892AE
AEFFF580
// vkCmdSetScissor[16]
0000005F
00000000
92C85E49
000000A9
F9190B13
00000001
00000001
00000000
769F54CD
EAB0B3D4
A5735572
F874D59A
// vkCmdSetScissor[17]
0000005F
00000000
4CD0D41D
000000B2
FF17C3BF
00000000
00000000
00000000
// vkCmdDraw[0]
0000006A
00000000
4D4A7991
00000059
AD546327
E104D7EA
ACC2F793
F1D61F77
// vkCmdDraw[1]
0000006A
00000000
CE056D7D
00000040
2B6A15B3
5FB22B63
BB57C8CB
A0A44EA9
// vkCmdDraw[2]
0000006A
00000000
7E23ADCB
000000FE
A51D2A1D
0EB24A5F
1A4F453B
D2DD15E4
// vkCmdDraw[3]
0000006A
00000000
38869893
000000E7
7F4D8C05
5CDD2143
3BACD7D0
F8FD98F4
// vkCmdDraw[4]
0000006A
00000000
B3F02C81
000000F6
51146C24
6E040464
9F84DD20
DDE6A772
// vkCmdDraw[5]
0000006A
00000000
1B736EB3
000000B2
4F6185C1
92F9E640
F0A22675
99502AAB
// vkCmdDraw[6]
0000006A
00000000
9FDE2E5D
000000B4
D38877D6
E7F64524
48F11283
8B1DB86F
// vkCmdDraw[7]
0000006A
00000000
A267F2D3
000000E7
7B0B7D62
AAAE490D
2A213936
23F40FF4
// vkCmdDraw[8]
0000006A
00000000
3C198643
0000008F
0AA09F59
0C7EBDAF
AC494F10
B376C2CD
// vkCmdDraw[9]
0000006A
00000000
46F32B27
00000075
93B769E5
27E26B63
4D1C8E8E
B2BEE82D
// vkCmdDraw[10]
0000006A
00000000
C2BB4EAD
0000005E
524BFDCA
47A9F58E
14355BD4
E9A69346
// vkCmdDraw[11]
0000006A
00000000
1C1874B1
00000085
FF727AB3
6222108C
7FB4DB0F
DC1DD7A9
// vkCmdDraw[12]
0000006A
00000000
8951D299
00000042
767DE562
387B32DE
2F164ED2
B19980CD
// vkCmdDraw[13]
0000006A
00000000
920D0D2D
000000C4
C933CCCE
3016A38C
46C925B7
7FA9E676
// vkCmdDraw[14]
0000006A
00000000
E249B9BF
0000006B
E3E84698
4D01DA65
3372E9FB
6EB3DDD9
// vkCmdDraw[15]
0000006A
00000000
6F3BF179
000000EF
5967402C
3F83B050
0E8BECF1
B407273F
// vkCmdDraw[16]
0000006A
00000000
9BA4FFE7
00000061
B49690CC
91FBC081
55D9CD7B
9856A0BF
// vkCmdDraw[17]
0000006A
00000000
81E532CF
00000079
EA8A8696
4F00F457
39B25393
45DFBB6C
// vkCmdDrawIndexed[0]
0000006B
00000000
0A08FAB7
000000DC
A1577D61
0DDA5910
606F9D95
C78090B3
49E6652C
// vkCmdDrawIndexed[1]
0000006B
00000000
1649635B
000000DF
2CA90950
9FC2797F
13E383D5
DB88D59B
EEDBBF29
// vkCmdDrawIndexed[2]
0000006B
00000000
CA7DC07F
000000CB
54D00825
5320BDE3
EED5629E
904B374D
B488261B
// vkCmdDrawIndexed[3]
0000006B
00000000
E6DF8F29
00000016
D7BF6D9C
C82AB6BC
CDDEAD0D
9CBA16FA
5A81736C
// vkCmdDrawIndexed[4]
0000006B
00000000
267D1017
00000044
E22B7031
FF9A1746
52AC7F02
43D03DAA
BC27950F
// vkCmdDrawIndexed[5]
0000006B
00000000
260EC401
000000AD
89B17C0F
F3DAE61F
9D5255F6
000D24BF
089EC9C8
// vkCmdDrawIndexed[6]
0000006B
00000000
6EA2FFDB
000000A1
B1E4BC5C
EA1A9FC8
940C0CE4
07C14A80
27CE6F1A
// vkCmdDrawIndexed[7]
0000006B
00000000
4453D939
00000047
D7E2D193
A44811B3
162A305B
AB1AE7EA
E1888434
// vkCmdDrawIndexed[8]
0000006B
00000000
547A1F2B
00000026
CC262DC0
E2E346F0
E1FE5A26
EB2F5853
AB01DD0F
// vkCmdDrawIndexed[9]
0000006B
00000000
5A4184DD
00000085
5888334F
F69CB3B4
67617686
9F0F9CB5
41F70514
// vkCmdDrawIndexed[10]
0000006B
00000000
1B5ED563
00000043
D985CD48
E3CABEAC
86C5E8E9
1830343E
F3D2570E
// vkCmdDrawIndexed[11]
0000006B
00000000
7DADCD9F
00000013
782F2368
9F74E853
636FC0CD
55CDD7BE
54AF4507
// vkCmdDrawIndexed[12]
0000006B
00000000
5C08E231
00000075
80F27761
4BEAA0CE
0BCB95DF
73B935F5
D14728C5
// vkCmdDrawIndexed[13]
0000006B
00000000
08615F7D
0000002F
2DAFD976
A0201178
240A6153
145D59A0
1BE3624D
// vkCmdDrawIndexed[14]
0000006B
00000000
71C15A51
0000001F
FC13D735
FFCD16FF
97A8293D
AC24A720
A319F14D
// vkCmdDrawIndexed[15]
0000006B
00000000
523C1D71
000000DD
527955FE
3AF1133D
FC24F357
DB78825C
9A441928
// vkCmdDrawIndexed[16]
0000006B
00000000
5913175F
000000B9
924BA10C
592EB026
3CDEC426
68879B6B
60AD1D50
// vkCmdDrawIndexed[17]
0000006B
00000000
5A45845B
000000E4
7C5AFAD2
CC90CD81
1A4D9BCA
6516A480
26F1DB38
// vkCmdDrawIndirect[0]
0000006C
00000000
441E5FF1
000000A4
12F137FD
0000006A
08FFC5F1
000000A0
F3FEBC71
7F1DC75C
// vkCmdDrawIndirect[1]
0000006C
00000000
BDE7D17D
000000A0
BC674B93
00000016
77C283A9
000000F5
CEA8D107
9DEEC0F6
// vkCmdDrawIndirect[2]
0000006C
00000000
07D5D46B
00000020
1B8C133D
0000009B
D26AE98C
00000021
03ABE009
9BF47A2C
// vkCmdDrawIndirect[3]
0000006C
00000000
48D228C1
0000000D
5A6DF73D
000000F1
C74E3D3C
00000009
32F53CE7
8E8FD3A0
// vkCmdDrawIndirect[4]
0000006C
00000000
12EF2851
0000000D
D9D0BC95
00000004
C82B7F2E
00000003
02EF879A
826D5393
// vkCmdDrawIndirect[5]
0000006C
00000000
31517EAD
0000000F
60A7508B
000000F8
2FA26717
000000AF
8A196C15
29F54F05
// vkCmdDrawIndirect[6]
0000006C
00000000
231A3A3B
000000E7
9EEA4BB3
00000088
14524CE0
00000008
417960B1
3A16BB20
// vkCmdDrawIndirect[7]
0000006C
00000000
ED3E1E45
0000004E
05EEC32B
000000F8
74770A2C
000000CF
12FCDABF
3806B1E4
// vkCmdDrawIndirect[8]
0000006C
00000000
A4E623F3
0000001A
BDCD3B2F
0000002B
E475AE81
0000007D
067C2D31
E668976C
// vkCmdDrawIndirect[9]
0000006C
00000000
1D1E072D
00000099
E35D64DD
000000D9
EC6993FC
0000007A
F7AE283F
FD7C5AD5
// vkCmdDrawIndirect[10]
0000006C
00000000
57D4C35F
000000B6
4CC2D2B1
000000BF
434C5DC2
0000006F
641EE9D7
BD379040
// vkCmdDrawIndirect[11]
0000006C
00000000
56C23F6F
00000018
95EA26B5
000000CC
22BE1974
000000F7
58C1DB3B
B141787D
// vkCmdDrawIndirect[12]
0000006C
00000000
E19AB15B
000000CF
DFFC0913
000000E5
F56F88F1
00000077
6EED3C39
B1AE785F
// vkCmdDrawIndirect[13]
0000006C
00000000
8AAAEAC1
0000008D
84353283
000000D2
E4CA1948
000000D6
198398EC
FFE246AF
// vkCmdDrawIndirect[14]
0000006C
00000000
0B6E8EF9
0000007C
9374DDAF
00000048
8B74E08F
000000C5
1F6FE22C
26FB7C78
// vkCmdDrawIndirect[15]
0000006C
00000000
A9D551BD
000000A6
F8AFC489
00000069
9F2EB620
00000017
EC32D6D4
E7EF9FC4
// vkCmdDrawIndirect[16]
0000006C
00000000
73796531
000000BD
A0EF5055
0000000D
1CFF1990
00000059
8CBBD76E
0C0F80E9
// vkCmdDrawIndirect[17]
0000006C
00000000
2C60DAB9
00000037
CD0479CD
000000F7
7CE66E33
00000078
44AC87C7
2D04D9D2
// vkCmdDrawIndexedIndirect[0]
0000006D
00000000
D248544B
000000F5
8FDEAADD
0000005C
16668777
00000068
3D3A05B1
C0CF84BE
// vkCmdDrawIndexedIndirect[1]
0000006D
00000000
DA8485D3
000000E5
C114D6B5
00000026
2CE1A13D
000000E6
D3BA00E2
4270D751
// vkCmdDrawIndexedIndirect[2]
0000006D
00000000
1DD04063
0000008F
C8129BF1
00000031
3329D03F
000000C9
8AC65A0A
FFC5666F
// vkCmdDrawIndexedIndirect[3]
0000006D
00000000
6B7F3B1F
0000000F
A993C8DF
000000EB
009158C2
00000018
7CDE9D59
F5418F0D
// vkCmdDrawIndexedIndirect[4]
0000006D
00000000
97FD6D05
00000061
BC66AA9F
000000E6
75A92A3A
00000022
631DE29E
DB4D9AA8
// vkCmdDrawIndexedIndirect[5]
0000006D
00000000
7E10F793
0000000A
AAAC791B
00000023
848787B1
000000C1
9108869D
AAE57E15
// vkCmdDrawIndexedIndirect[6]
0000006D
00000000
65DF2F49
000000BE
AC7C3E95
000000A7
51969F5D
000000AF
95C9636C
4EA4CD84
// vkCmdDrawIndexedIndirect[7]
0000006D
00000000
5ADCA977
00000031
43B778BF
000000E5
A0C2D97D
00000065
CEC64792
6EC84E98
// vkCmdDrawIndexedIndirect[8]
0000006D
00000000
10163569
000000E5
5E5A99D9
00000031
9461F272
000000F7
B6310CA1
BBDEBBF3
// vkCmdDrawIndexedIndirect[9]
0000006D
00000000
284A833F
0000000D
06EFFC13
0000003F
7B728526
000000C7
1DFD59B2
82508398
// vkCmdDrawIndexedIndirect[10]
0000006D
00000000
FD0E8371
00000047
AAAF2383
00000032
D9959B34
00000051
DC3F473C
36CDE898
// vkCmdDrawIndexedIndirect[11]
0000006D
00000000
788C843B
00000008
B5D81F0F
000000AE
6B4F7917
000000F3
30272554
FA539F06
// vkCmdDrawIndexedIndirect[12]
0000006D
00000000
2FD1AC95
0000004A
E421FE01
0000008B
8EF4E191
00000083
9F1C6452
33B2EA76
// vkCmdDrawIndexedIndirect[13]
0000006D
00000000
1CCF9AF5
00000019
B9B4875F
00000042
9763BAC2
00000081
7037D3B9
69747864
// vkCmdDrawIndexedIndirect[14]
0000006D
00000000
BA36B1FD
0000008B
2738D17D
00000086
88EDB5D6
000000CE
A85CD7FB
6D711B9F
// vkCmdDrawIndexedIndirect[15]
0000006D
00000000
16FA337B
00000082
99F188DD
000000D8
E728ADAD
00000024
8B8A6B3A
95C0654C
// vkCmdDrawIndexedIndirect[16]
0000006D
00000000
EE6A3105
00000001
0D850F45
0000002C
4575FD48
000000E9
D00CBD8C
FE247612
// vkCmdDrawIndexedIndirect[17]
0000006D
00000000
64C2CB73
00000051
6882E23D
0000006E
C4C0ABC2
0000002A
860B0A04
84E613B6
// vkCmdDispatch[0]
0000006E
00000000
46D58A8D
00000070
EDC83E96
3442A62E
2040846F
// vkCmdDispatch[1]
0000006E
00000000
FCF69FAF
0000003B
900FEA09
443A0FB3
849AF073
// vkCmdDispatch[2]
0000006E
00000000
2E35B34F
00000011
44D8AA7F
AF06CB92
B526153D
// vkCmdDispatch[3]
0000006E
00000000
03470E35
000000C3
14BC0EDA
D489F34C
A353C596
// vkCmdDispatch[4]
0000006E
00000000
703D4977
00000045
45533C16
6EA60E3C
E0928F59
// vkCmdDispatch[5]
0000006E
00000000
B1855BF3
00000005
747D91F0
388E3AF4
53878687
// vkCmdDispatch[6]
0000006E
00000000
795A9DE1
000000A3
12C4D6DC
B9501FE5
CE8ED15C
// vkCmdDispatch[7]
0000006E
00000000
69214CC3
00000045
7414C78B
6BD77476
161E8DCC
// vkCmdDispatch[8]
0000006E
00000000
609F735D
000000B4
7856CDFB
D140E0AC
BAB70E2A
// vkCmdDispatch[9]
0000006E
00000000
CD48D3B1
000000DA
A23F74D7
76F60BFE
8EC3DF0C
// vkCmdDispatch[10]
0000006E
00000000
F139875B
00000083
D8ED814E
90D68E0E
60AFAA7C
// vkCmdDispatch[11]
0000006E
00000000
C065A909
000000F3
DE661839
01B068B1
BC77E8E4
// vkCmdDispatch[12]
0000006E
00000000
AE1AF061
00000006
B1B76ECA
97EC4C5B
735DB0AD
// vkCmdDispatch[13]
0000006E
00000000
823956EB
00000094
00C65E38
E930FE0D
82C13841
// vkCmdDispatch[14]
0000006E
00000000
855A3F8F
00000040
2AE2613F
2655E6E1
0435A63B
// vkCmdDispatch[15]
0000006E
00000000
5F87D747
000000D5
61E0C255
A331291C
A0144FF2
// vkCmdDispatch[16]
0000006E
00000000
087A4477
00000018
178BC661
AF427052
B9F02E0B
// vkCmdDispatch[17]
0000006E
00000000
27D9974B
0000007B
0489E423
8CEF0014
38B73731
// vkCmdDispatchIndirect[0]
0000006F
00000000
5990505B
000000EB
19A42565
000000A2
B8F13593
000000E8
// vkCmdDispatchIndirect[1]
0000006F
00000000
272EFDE9
00000007
5492E51D
000000F4
2AF97CCA
00000087
// vkCmdDispatchIndirect[2]
0000006F
00000000
D4D41265
0000006D
AC00E399
000000CD
8071FDCA
00000083
// vkCmdDispatchIndirect[3]
0000006F
00000000
BDCA3977
000000BC
60CE852D
000000ED
7FC37353
00000005
// vkCmdDispatchIndirect[4]
0000006F
00000000
94E0AF8D
000000ED
B1238A39
00000085
7AB68804
00000080
// vkCmdDispatchIndirect[5]
0000006F
00000000
CDAB270D
00000037
5AB1E9A5
00000096
4A51E4FD
00000010
// vkCmdDispatchIndirect[6]
0000006F
00000000
A317B1B1
000000BC
F0A99979
000000E6
56E629D0
000000EA
// vkCmdDispatchIndirect[7]
0000006F
00000000
5FBA15DF
0000009A
B56F53BB
00000061
AB7C02C3
00000001
// vkCmdDispatchIndirect[8]
0000006F
00000000
A21193D5
00000045
9716B5CF
00000018
373254D7
00000004
// vkCmdDispatchIndirect[9]
0000006F
00000000
63E9D669
00000061
28E1D209
00000080
80882F73
000000AB
// vkCmdDispatchIndirect[10]
0000006F
00000000
B94C8779
00000014
03DEEACD
00000094
28DBEC3A
000000B9
// vkCmdDispatchIndirect[11]
0000006F
00000000
3CEFDB99
00000044
CDE93B67
0000005A
E7D15362
000000E5
// vkCmdDispatchIndirect[12]
0000006F
00000000
38BC85CD
000000F0
B432EDA7
000000D3
2955D0E4
0000007B
// vkCmdDispatchIndirect[13]
0000006F
00000000
853183F5
00000088
78C82B53
000000B2
541C8657
000000D8
// vkCmdDispatchIndirect[14]
0000006F
00000000
FBCD0F03
00000005
50387DE1
000000EE
80428A5E
0000001B
// vkCmdDispatchIndirect[15]
0000006F
00000000
FB56F55B
0000008F
1028026D
00000075
D2ADBACC
0000009B
// vkCmdDispatchIndirect[16]
0000006F
00000000
FFEA8823
0000002E
88AEF289
000000CE
93475B35
00000095
// vkCmdDispatchIndirect[17]
0000006F
00000000
1B8FAACB
00000097
CD23E2A9
00000048
6ABE2498
00000059
// vkCmdBeginRenderPass[0]
00000085
00000000
80E724FF
00000059
00000001
00000000
0000002B
00000000
00000000
4CE28E23
0000001F
15C0D1A7
000000EB
653242F5
97A93D68
EA675168
E3CB00BE
00000000
00000000
00000000
C00B92FD
// vkCmdBeginRenderPass[1]
00000085
00000000
B1DC3D09
0000009C
00000001
00000000
0000002B
00000000
00000000
A268EE31
00000032
C1B0DBB5
000000E3
07040F1B
2E6281BC
07EB241D
9592495C
00000003
00000003
00000000
00000000
00000002
00000004
00000000
CFE70393
73125055
EF0EA674
8245868F
00000000
00000002
00000004
00000000
F26CFB61
D821424E
B26D1AA9
8DACE5F6
00000000
00000002
00000004
00000000
CD71EF5F
8FDDB35E
D4E878F0
6DCD6D26
E57934EA
// vkCmdBeginRenderPass[2]
00000085
00000000
D4F63027
0000003E
00000001
00000000
0000002B
00000000
00000000
8C1DD201
00000022
3C7CA3B3
000000B9
40926DEE
876D89F1
A8692680
11417F14
00000004
00000004
00000000
00000000
00000002
00000004
00000000
DE527212
BD206B24
166D6302
1AA630AC
00000000
00000002
00000004
00000000
A7B188FA
039E0B45
C825E48B
56E48140
00000000
00000002
00000004
00000000
0C6E89BB
FB592652
C3D93024
15F5E79A
00000000
00000002
00000004
00000000
09C677FB
5F2C0958
E4C6D756
DB23DC1F
24CFBA9C
// vkCmdBeginRenderPass[3]
00000085
00000000
A99B9CB1
00000075
00000000
00000000
D83A0C37
// vkCmdBeginRenderPass[4]
00000085
00000000
B628D963
0000004F
00000001
00000000
0000002B
00000000
00000000
BC528AD1
000000AA
40CC8A9D
000000C5
F30680CE
D52BBD87
38691B9E
F5F9D0B1
00000002
00000002
00000000
00000000
00000002
00000004
00000000
A26BF2DF
B9608C13
0FCF0E57
0C153B35
00000000
00000002
00000004
00000000
73A87651
B42C36D0
AFA7A5ED
D1DCF2E2
F6F9CD57
// vkCmdBeginRenderPass[5]
00000085
00000000
34F33AC7
000000AC
00000001
00000000
0000002B
00000000
00000000
3C4056DD
00000080
73B4C34F
00000081
4FDE409B
51B5E600
14CC218B
28544E2B
00000001
00000001
00000000
00000000
00000002
00000004
00000000
64BF1265
E179DFF0
7DCC74B0
05FA70F1
BEE62884
// vkCmdBeginRenderPass[6]
00000085
00000000
82235B75
000000AF
00000001
00000000
0000002B
00000000
00000000
CCC281D7
0000006B
EF789BCD
0000009B
E43CFEFD
7C6D1B77
B9570C17
94639F5A
00000003
00000003
00000000
00000000
00000002
00000004
00000000
9C592892
07798DF1
68CF93A3
50BCD275
00000000
00000002
00000004
00000000
1F38F3CA
BA6BA0C3
630EE221
53EBC022
00000000
00000002
00000004
00000000
BB718F7D
78741C17
9A823129
E510DEF7
5C7183D3
// vkCmdBeginRenderPass[7]
00000085
00000000
C13007E7
000000B4
00000001
00000000
0000002B
00000001
00000000
3B9BB463
00000000
00000000
D82E45EB
00000004
00000004
00000000
10F5EEC5
B17AFCAC
4DF9C06F
EA6F2E57
75D334BC
D236A441
FB23F094
46483406
9E101B69
F289F7B2
9F6CBF0F
6AC0FC95
C4EC9D6C
35E6F264
94172A09
52EA731C
9F043A75
000000E2
4CE03A47
000000CC
57146CC4
31845601
A496EF7F
8F8DA516
00000002
00000002
00000000
00000000
00000002
00000004
00000000
71AE787D
0217C7A4
82AB3940
F4987DF6
00000000
00000002
00000004
00000000
1150E1D0
C39616D6
11655D38
DE536A7E
DB2E8ABF
// vkCmdBeginRenderPass[8]
00000085
00000000
9F559109
00000085
00000001
00000000
0000002B
00000000
00000000
BB21A4E5
000000ED
A4B81287
00000019
C237784D
F9BD9CB1
39BFC5FE
26A6DAA2
00000002
00000002
00000000
00000000
00000002
00000004
00000000
C43DCD49
E8AA2C4D
551F2D5D
88D4337D
00000000
00000002
00000004
00000000
A41F68CB
EA8FDC5C
BD15FDA5
75BC5377
7555F4B9
// vkCmdBeginRenderPass[9]
00000085
00000000
94B82929
000000F2
00000001
00000000
0000002B
00000000
00000000
5F87F4DD
000000AE
094E1DB3
0000007D
597976B8
FEA89DA3
0FA7F381
B7233E52
00000002
00000002
00000000
00000000
00000002
00000004
00000000
81F954D6
49FE5338
2433C14F
69F1AD0B
00000000
00000002
00000004
00000000
45E26451
6149EC20
FAB81EF1
FDBAF33E
BF91B0BF
// vkCmdBeginRenderPass[10]
00000085
00000000
EF4F6313
000000B9
00000001
00000000
0000002B
00000000
00000000
B9C8EC7F
000000C2
298D100B
00000083
FEA31362
67E79205
A3BCD93B
B92DD05D
00000003
00000003
00000000
00000000
00000002
00000004
00000000
EA6E7BDF
0B09F474
CF629CD6
AE135D50
00000000
00000002
00000004
00000000
929965CA
7C9B0C0F
2C4E4E56
79807BBC
00000000
00000002
00000004
00000000
BE102D51
65E8920E
D3420E4E
31067B5B
BB2A6419
// vkCmdBeginRenderPass[11]
00000085
00000000
88F4475B
00000057
00000001
00000000
0000002B
00000001
00000000
3B9BB463
00000000
00000000
0F68D1A0
00000001
00000001
00000000
E4826376
CAEBA5B3
F47DCB25
B2355B00
233B19E7
000000F4
D90A9DBB
000000C4
F13C6513
820469C6
B97298FD
60176BB5
00000001
00000001
00000000
00000000
00000002
00000004
00000000
892D0550
08EACE58
FD32A99E
A54C874A
A0C057FC
// vkCmdBeginRenderPass[12]
00000085
00000000
E9A37C85
00000097
00000001
00000000
0000002B
00000000
00000000
6235E369
00000026
C139C941
00000058
06CC7A15
76EE31E9
D501951A
CCC08885
00000004
00000004
00000000
00000000
00000002
00000004
00000000
F69D3999
0F52BDD7
D90FBBE4
8FB4291F
00000000
00000002
00000004
00000000
804528B3
6E361C2E
454FAC3F
894046DD
00000000
00000002
00000004
00000000
EB208A8D
B6B47425
BF5281D8
8904D41E
00000000
00000002
00000004
00000000
4C2C30B3
0869603A
03D27371
1DA37CF6
46630D75
// vkCmdBeginRenderPass[13]
00000085
00000000
A7CCDC09
000000F2
00000001
00000000
0000002B
00000000
00000000
263A0E9F
000000E7
C6D3F219
00000083
60758252
AA64F055
E1FE6176
C432D7B6
00000002
00000002
00000000
00000000
00000002
00000004
00000000
31839CEE
D2E13865
C5AA54AB
19E4F550
00000000
00000002
00000004
00000000
8BD5BB0D
DC131AA5
21D594F1
8549A119
80ED3E2E
// vkCmdBeginRenderPass[14]
00000085
00000000
F9861497
00000003
00000001
00000000
0000002B
00000000
00000000
99583F3B
00000033
CCB7828D
00000027
0C983C01
AE203D27
631F76C4
578F59A1
00000003
00000003
00000000
00000000
00000002
00000004
00000000
DB0DDA58
860908C5
94FB17A4
FBF25FF2
00000000
00000002
00000004
00000000
E3BDDD4A
481228EA
699249B0
BEB66737
00000000
00000002
00000004
00000000
0C3B506F
3865FBAF
47695C60
B8F9787C
D1EB75A3
// vkCmdBeginRenderPass[15]
00000085
00000000
08ADBB2F
00000017
00000001
00000000
0000002B
00000000
00000000
BA4B933B
000000E9
D6595F11
0000004E
2168B78D
E37DCD32
CE8EFD1E
72E794CA
00000000
00000000
00000000
BDA48EA5
// vkCmdBeginRenderPass[16]
00000085
00000000
64ABD561
0000007D
00000001
00000000
0000002B
00000000
00000000
B9D0EE2B
00000088
306272F9
000000BA
E6464DB2
70E04360
CD0E7183
E6EBE60E
00000002
00000002
00000000
00000000
00000002
00000004
00000000
A9E16C69
990C9F88
294E77A4
A970351C
00000000
00000002
00000004
00000000
025798CF
045C9F30
98ADDFB2
71A08161
1339C1B5
// vkCmdBeginRenderPass[17]
00000085
00000000
E30653B3
0000002E
00000000
00000000
9130076A
// vkCmdBeginRenderPass2[0]
000000A8
00000000
F2B4B9CF
000000DA
00000001
00000000
0000002B
00000000
00000000
56EC4329
000000D8
988BED7F
0000001B
EC3645ED
BEE7F188
7186A941
B80B8CB4
00000004
00000004
00000000
00000000
00000002
00000004
00000000
7A6B427B
B3F3853A
937A2233
6894274C
00000000
00000002
00000004
00000000
A620D763
44D5E9F5
1F942AC2
9108D2F6
00000000
00000002
00000004
00000000
408C0037
2F97CD31
5542A35F
75181016
00000000
00000002
00000004
00000000
06FA85CC
2F5BEF21
198AFE94
29AB1089
00000001
00000000
3B9C73CD
00000000
00000000
837BC09B
// vkCmdBeginRenderPass2[1]
000000A8
00000000
D1DD5AC9
0000004B
00000001
00000000
0000002B
00000000
00000000
B2C345AB
00000039
0C25B4F7
00000073
1C7FA487
43319E08
4548EFFF
6169DB60
00000002
00000002
00000000
00000000
00000002
00000004
00000000
A40CFDAE
61758DB9
1F050F59
B6CDCD4F
00000000
00000002
00000004
00000000
BA9C7B48
3A342923
E153F278
EF5DF8A4
00000000
00000000
// vkCmdBeginRenderPass2[2]
000000A8
00000000
3D0659F5
00000044
00000000
00000000
00000001
00000000
3B9C73CD
00000000
00000000
C0F6A105
// vkCmdBeginRenderPass2[3]
000000A8
00000000
E3A7070F
000000A0
00000001
00000000
0000002B
00000000
00000000
055BD191
00000057
5115B577
00000005
FD4C5ABC
DD83C1B4
C99940B2
B584072E
00000004
00000004
00000000
00000000
00000002
00000004
00000000
FA01B94D
0F89940D
0DA7E256
19F60E8B
00000000
00000002
00000004
00000000
3C30A44A
958B9B50
65A8D520
8B27B66E
00000000
00000002
00000004
00000000
219AC03B
C71A920E
8E483032
8416336C
00000000
00000002
00000004
00000000
FC844282
231159BC
F84C94FB
561AF0A9
00000001
00000000
3B9C73CD
00000000
00000000
7938EB89
// vkCmdBeginRenderPass2[4]
000000A8
00000000
1D2FAA0D
00000065
00000001
00000000
0000002B
00000000
00000000
CB237573
0000005D
D5680403
000000C2
DCD62E0E
F94E23A6
1E348069
E49EF0F2
00000004
00000004
00000000
00000000
00000002
00000004
00000000
836B4F47
661CE74C
5066A43D
846FDD12
00000000
00000002
00000004
00000000
E1133CF5
EC119570
EF6D6EB4
B00FFA3B
00000000
00000002
00000004
00000000
83F98584
20EC6E8A
C7183C47
5F8C29F9
00000000
00000002
00000004
00000000
450531E8
BFBBA4F8
A702EAB2
338796A6
00000000
00000000
// vkCmdBeginRenderPass2[5]
000000A8
00000000
3736247D
000000B2
00000000
00000000
00000001
00000000
3B9C73CD
00000000
00000000
891FE918
// vkCmdBeginRenderPass2[6]
000000A8
00000000
35B23C85
00000054
00000001
00000000
0000002B
00000000
00000000
23699DDF
0000003B
73AECF49
00000035
CAD00246
AD1D44DA
D70E7F7C
D6B7DBBB
00000000
00000000
00000000
00000001
00000000
3B9C73CD
00000000
00000000
5683475D
// vkCmdBeginRenderPass2[7]
000000A8
00000000
CF1C0EDD
0000003E
00000001
00000000
0000002B
00000000
00000000
75958A6B
000000EE
FDAF046D
000000FF
7BEEC939
02D47DEF
FADC9574
015C6333
00000001
00000001
00000000
00000000
00000002
00000004
00000000
79CE6FB5
364D5A1D
A4B2AAE0
6176F349
00000001
00000000
3B9C73CD
00000000
00000000
259CAAA5
// vkCmdBeginRenderPass2[8]
000000A8
00000000
BE31AC3B
000000AD
00000001
00000000
0000002B
00000000
00000000
A5D73635
0000005C
5D9FCC7F
00000045
71388792
8DF5517F
2E845BD1
D23332AE
00000000
00000000
00000000
00000000
00000000
// vkCmdBeginRenderPass2[9]
000000A8
00000000
D3E64ABD
00000019
00000001
00000000
0000002B
00000001
00000000
3B9BB463
00000000
00000000
2D8ADC76
00000003
00000003
00000000
4BA4A8B8
9B102FF8
3F4A1B88
49DBB551
00845F38
E21F1087
31269439
FCB9569E
0155D2B0
36FC626C
A51EEFFC
6D4F469E
3DBFA519
000000B0
52F321D3
00000046
4FAA0022
BB4F9F43
1591AFD2
CB283A9F
00000002
00000002
00000000
00000000
00000002
00000004
00000000
783A63FB
8CAB029C
2F038A77
D12E9881
00000000
00000002
00000004
00000000
B60B6510
EBA50BFC
2C607131
8820B2D4
00000001
00000000
3B9C73CD
00000000
00000000
C7BBA30D
// vkCmdBeginRenderPass2[10]
000000A8
00000000
16806365
000000F9
00000001
00000000
0000002B
00000000
00000000
42778515
00000012
FE59BA4B
0000007B
55DA5C06
FC62C0C3
DAC874BA
EFA23C1A
00000004
00000004
00000000
00000000
00000002
00000004
00000000
8ABFDD43
852F02D6
2E1F9C9E
2936476B
00000000
00000002
00000004
00000000
FB191FE3
1E356F94
A8798C8C
F70AF812
00000000
00000002
00000004
00000000
7E74EDDA
7A077809
E60F36A9
6CAD1FF5
00000000
00000002
00000004
00000000
16FCFDDB
E80AD1C3
B1798B34
84E3DDA0
00000001
00000000
3B9C73CD
00000000
00000000
5B74B0C5
// vkCmdBeginRenderPass2[11]
000000A8
00000000
4B657313
000000BB
00000001
00000000
0000002B
00000001
00000000
3B9BB463
00000000
00000000
367457C0
00000004
00000004
00000000
50804CD3
D669C7AF
232FACC0
64F9A6C3
0E3944D7
80CEBF92
C50AF787
03DD6022
F5513B93
8BA3E0A0
FC6C77AB
34BD0681
3BDEB35D
5D075224
86798E0B
D1B12F89
281AA3F5
000000B3
3EF6EBCB
0000006A
71744825
191C08C3
FEAB71E2
40E07DA1
00000003
00000003
00000000
00000000
00000002
00000004
00000000
BA4C476F
95A2C1FF
4F5B5EB0
9DDB2857
00000000
00000002
00000004
00000000
C56FFBA4
1FA38C65
F7C241AF
349C197C
00000000
00000002
00000004
00000000
CA41830D
AD3BD47B
72B48E6F
D9298359
00000000
00000000
// vkCmdBeginRenderPass2[12]
000000A8
00000000
88485FB1
00000091
00000001
00000000
0000002B
00000000
00000000
839FF96B
0000005E
4EF3B715
000000A0
E812CFB9
1F562210
EBB8E0EC
DA02A8BA
00000004
00000004
00000000
00000000
00000002
00000004
00000000
66B9DD22
FE8D1A43
DCA702F8
0193D262
00000000
00000002
00000004
00000000
83AD4EAD
4DB4EE9B
DE3907BC
45F3BA7F
00000000
00000002
00000004
00000000
A8007EE9
76205F1E
02F8F591
1223BB4E
00000000
00000002
00000004
00000000
CC86710F
1B13BEEC
22ED3D79
15C8E31C
00000001
00000000
3B9C73CD
00000000
00000000
6F24DC59
// vkCmdBeginRenderPass2[13]
000000A8
00000000
D2DCEC87
000000F9
00000001
00000000
0000002B
00000000
00000000
34650B3F
00000045
B834C1FB
0000002D
8443504B
38ED1913
78F8BD36
8CA90A6A
00000001
00000001
00000000
00000000
00000002
00000004
00000000
279EC1F2
551DC0B8
1A88D0B2
5A466739
00000001
00000000
3B9C73CD
00000000
00000000
20E9D416
// vkCmdBeginRenderPass2[14]
000000A8
00000000
7E5B55EB
00000086
00000001
00000000
0000002B
00000000
00000000
CA404231
00000048
346A85B9
000000C6
BF64620A
BA1EDC41
3CBEBEBA
F3630321
00000000
00000000
00000000
00000001
00000000
3B9C73CD
00000000
00000000
5BF9CF68
// vkCmdBeginRenderPass2[15]
000000A8
00000000
20DDC5E5
0000008D
00000001
00000000
0000002B
00000000
00000000
E2521863
0000004F
961C6199
000000E9
A118CACF
9726E61E
157D404F
A4A26C71
00000002
00000002
00000000
00000000
00000002
00000004
00000000
A77D08A1
25BC56E7
672385C6
3C30EE8D
00000000
00000002
00000004
00000000
0D07B72F
3CB8C8DA
24A144FF
A891922E
00000001
00000000
3B9C73CD
00000000
00000000
95452349
// vkCmdBeginRenderPass2[16]
000000A8
00000000
2FC96A3B
00000029
00000000
00000000
00000001
00000000
3B9C73CD
00000000
00000000
F7F4210D
// vkCmdBeginRenderPass2[17]
000000A8
00000000
09074E65
00000075
00000001
00000000
0000002B
00000000
00000000
EAF4B2D1
0000006A
E3A23EE3
000000E5
7053208B
2275AE38
B2E8AC92
8538E6A4
00000002
00000002
00000000
00000000
00000002
00000004
00000000
CB491B71
EA88E4A9
B95BFD8D
D577575A
00000000
00000002
00000004
00000000
B76FCC3E
0ED19036
9F0FC800
8D94FCD8
00000001
00000000
3B9C73CD
00000000
00000000
883C8078
// vkCmdNextSubpass[0]
00000086
00000000
F5E4D1ED
00000064
E9A415F8
// vkCmdNextSubpass[1]
00000086
00000000
7F313C3D
00000063
BA65FB1B
// vkCmdNextSubpass[2]
00000086
00000000
6BD155D3
00000056
43478D82
// vkCmdNextSubpass[3]
00000086
00000000
87BE531F
000000D0
529E9A4E
// vkCmdNextSubpass[4]
00000086
00000000
3164CC4F
0000008D
768D8302
// vkCmdNextSubpass[5]
00000086
00000000
2BEFA0AD
00000080
B44080D1
// vkCmdNextSubpass[6]
00000086
00000000
A70B7203
000000A2
98DB8829
// vkCmdNextSubpass[7]
00000086
00000000
97AFC959
000000C6
97DB854D
// vkCmdNextSubpass[8]
00000086
00000000
34F3C167
00000005
A61F151E
// vkCmdNextSubpass[9]
00000086
00000000
60308651
00000070
00B7719F
// vkCmdNextSubpass[10]
00000086
00000000
7D5BE359
00000079
5010E4A6
// vkCmdNextSubpass[11]
00000086
00000000
8C6210D3
0000006F
A489A66D
// vkCmdNextSubpass[12]
00000086
00000000
CF02B0DF
0000001F
23828D56
// vkCmdNextSubpass[13]
00000086
00000000
70D8A73D
000000E1
20ABFB08
// vkCmdNextSubpass[14]
00000086
00000000
00472F49
0000009D
41BA55C6
// vkCmdNextSubpass[15]
00000086
00000000
847B8A33
000000F6
835F9630
// vkCmdNextSubpass[16]
00000086
00000000
9D9907D1
00000055
8626FF17
// vkCmdNextSubpass[17]
00000086
00000000
4EC02839
000000B2
A9B67CFB
// vkCmdEndRenderPass[0]
00000087
00000000
1B531243
000000B4
// vkCmdEndRenderPass[1]
00000087
00000000
D9413B5B
000000A7
// vkCmdEndRenderPass[2]
00000087
00000000
70943453
000000E7
// vkCmdEndRenderPass[3]
00000087
00000000
3CA04865
000000E0
// vkCmdEndRenderPass[4]
00000087
00000000
1B287363
00000084
// vkCmdEndRenderPass[5]
00000087
00000000
52D9151B
0000007C
// vkCmdEndRenderPass[6]
00000087
00000000
DA1D73B5
0000007F
// vkCmdEndRenderPass[7]
00000087
00000000
92212389
00000076
// vkCmdEndRenderPass[8]
00000087
00000000
6D471D55
0000005B
// vkCmdEndRenderPass[9]
00000087
00000000
4CA39381
00000046
// vkCmdEndRenderPass[10]
00000087
00000000
A977EB47
00000049
// vkCmdEndRenderPass[11]
00000087
00000000
EE18D07F
000000D3
// vkCmdEndRenderPass[12]
00000087
00000000
17F1A7DD
00000049
// vkCmdEndRenderPass[13]
00000087
00000000
F29ECF9D
00000009
// vkCmdEndRenderPass[14]
00000087
00000000
7A96AD49
00000006
// vkCmdEndRenderPass[15]
00000087
00000000
E3040917
00000010
// vkCmdEndRenderPass[16]
00000087
00000000
3C6A7A23
00000004
// vkCmdEndRenderPass[17]
00000087
00000000
233E159F
00000089
// vkCmdEndRenderPass2[0]
000000AA
00000000
E248C5DF
00000036
00000001
00000000
3B9C73CE
00000000
00000000
// vkCmdEndRenderPass2[1]
000000AA
00000000
5FCF8669
0000006A
00000001
00000000
3B9C73CE
00000000
00000000
// vkCmdEndRenderPass2[2]
000000AA
00000000
487AED7F
0000000D
00000001
00000000
3B9C73CE
00000000
00000000
// vkCmdEndRenderPass2[3]
000000AA
00000000
C747E48D
00000053
00000001
00000000
3B9C73CE
00000000
00000000
// vkCmdEndRenderPass2[4]
000000AA
00000000
2C4C209B
00000017
00000001
00000000
3B9C73CE
00000000
00000000
// vkCmdEndRenderPass2[5]
000000AA
00000000
6D9ED8C1
000000B2
00000001
00000000
3B9C73CE
00000000
00000000
// vkCmdEndRenderPass2[6]
000000AA
00000000
D2CE8661
0000003C
00000001
00000000
3B9C73CE
00000000
00000000
// vkCmdEndRenderPass2[7]
000000AA
00000000
A078A701
00000069
00000001
00000000
3B9C73CE
00000000
00000000
// vkCmdEndRenderPass2[8]
000000AA
00000000
E8B8BEE5
00000011
00000001
00000000
3B9C73CE
00000000
00000000
// vkCmdEndRenderPass2[9]
000000AA
00000000
27763003
000000CB
00000001
00000000
3B9C73CE
00000000
00000000
// vkCmdEndRenderPass2[10]
000000AA
00000000
095CBE47
00000066
00000001
00000000
3B9C73CE
00000000
00000000
// vkCmdEndRenderPass2[11]
000000AA
00000000
FB5C6367
000000C3
00000001
00000000
3B9C73CE
00000000
00000000
// vkCmdEndRenderPass2[12]
000000AA
00000000
08C10B8B
000000EA
00000001
00000000
3B9C73CE
00000000
00000000
// vkCmdEndRenderPass2[13]
000000AA
00000000
85D0A8BF
0000006B
00000001
00000000
3B9C73CE
00000000
00000000
// vkCmdEndRenderPass2[14]
000000AA
00000000
E3267B61
000000EE
00000001
00000000
3B9C73CE
00000000
00000000
// vkCmdEndRenderPass2[15]
000000AA
00000000
A9ECB2FF
000000B3
00000000
00000000
// vkCmdEndRenderPass2[16]
000000AA
00000000
01DD4965
00000018
00000000
00000000
// vkCmdEndRenderPass2[17]
000000AA
00000000
903D4E69
0000003D
00000001
00000000
3B9C73CE
00000000
00000000
// vkCmdPipelineBarrier[0]
0000007E
00000000
2B9AC3C5
000000D1
E8185B9F
0D67F31B
0CEB9E74
00000002
00000002
00000000
0000002E
00000000
00000000
EA5EC192
4BE0FB45
0000002E
00000000
00000000
4FEBDF2D
B7F8A95C
00000002
00000002
00000000
0000002C
00000000
00000000
93842661
06E478D1
3139A4E6
A64F815C
9D7190AB
000000BB
07A6776D
00000049
E4E13D8C
00000051
0000002C
00000000
00000000
183CF7C2
BB782DF0
84F44E64
CEBBB809
A366CFF5
000000A8
587F1A82
00000012
9E621B71
000000CC
00000000
00000000
00000000
// vkCmdPipelineBarrier[1]
0000007E
00000000
2AF647CD
0000006E
DBA1F53C
A2E79178
B7AEBECD
00000003
00000003
00000000
0000002E
00000000
00000000
D6C1AB17
6B0F6A2C
0000002E
00000000
00000000
CCC9A538
9043601D
0000002E
00000000
00000000
DD94B112
D64DCB67
00000004
00000004
00000000
0000002C
00000001
00000000
3BA1B388
00000000
00000000
00000001
37E0A681
91B86F5F
52AA13DF
A6FFBD62
BBF3D4ED
0000009A
7775A331
000000A8
ADECB122
000000E6
0000002C
00000000
00000000
A3EBBAAE
65CA7F52
63B08B23
545330D5
3DF2B5E1
00000098
25A8E824
000000D4
1A62D0CB
000000BB
0000002C
00000001
00000000
3BA1B388
00000000
00000000
00000000
D8F326EF
F41CE674
F1F30600
C7CEB888
BFB83755
000000EA
D68D8F06
000000EF
79AAADF5
000000D1
0000002C
00000000
00000000
7BF3990B
4F5FD126
CFEABED3
3F217B49
EDBF0BED
0000001E
EA7A16D4
00000009
34ADFFF1
00000050
00000004
00000004
00000000
0000002D
00000000
00000000
2343373B
05114677
77E91139
399DF76A
E5DCFE2E
FB514802
BC81EC2D
000000BC
A87FCEA7
F9E7E78F
24A059C7
B9BF9054
F6AE50A7
0000002D
00000000
00000000
DEA3AD73
0900B7AA
A88CA8CD
9EB8ACDE
CC133787
559B9A4E
4C76A629
00000087
1DDA4A02
6020A2ED
9ADEC412
438E4DC7
E9DC9D10
0000002D
00000000
00000000
BECF1A30
7FB7C060
7ACE97A5
B7E9DB14
4D58FC48
6E87B779
F24B238D
00000045
F9B7CC54
9C0A0F26
5DFF5AC5
00EC91C2
3D9720C3
0000002D
00000000
00000000
EF24A691
274C4016
C62DAFB9
24AEBF7E
D41DD065
745FE2E7
990969F5
000000D9
38F7F948
3FEBFBCE
45085309
952E0D44
103F2D63
// vkCmdPipelineBarrier[2]
0000007E
00000000
4F8EBA1B
0000001C
9F69615C
77E7AB8B
B229662A
00000004
00000004
00000000
0000002E
00000000
00000000
BA43E447
64FE33F0
0000002E
00000000
00000000
9B7D2D94
E12A2375
0000002E
00000000
00000000
47636050
0C284D42
0000002E
00000000
00000000
4CADB1E7
76988E5D
00000003
00000003
00000000
0000002C
00000001
00000000
3BA1B388
00000000
00000000
00000001
DC0C2788
CF8C4643
72C7B5FC
28D5FC91
FC2D46B1
0000008F
3C73345E
00000027
A1AF94DF
0000007B
0000002C
00000000
00000000
95332563
79B78E67
298072F3
2C6D7EC3
E71D83E7
000000C3
9184E84A
0000004B
17441333
000000BB
0000002C
00000000
00000000
AC510A43
C2AB7140
6FE68460
04F819EC
84C555A5
00000022
91037B75
0000005D
936A47D4
000000F0
00000004
00000004
00000000
0000002D
00000000
00000000
34E91CBE
50AD8BE1
01DCB3B3
D2B9112F
3C0FDA85
34FD961C
4755E28B
0000003A
17E21B18
295F34D4
282F5FC7
999F79B5
36C57BA4
0000002D
00000000
00000000
382C60EB
A1AC0E16
896CD142
502677B1
CFEE96CC
DD996812
86636947
000000C4
84765A84
E3153776
4996D8E5
A2192748
627167C8
0000002D
00000000
00000000
E3C0F6A2
0D3FCBC9
89077578
5761706C
86EA353D
D99773C4
C00A38E7
00000060
46A2BF24
70A3E327
DE25E97D
41EECF8E
FD9BAEC9
0000002D
00000000
00000000
FAF043A5
1407C88F
F5989580
E56255E5
188B5B0A
9E1F5176
C8FB08D9
000000D8
0B07921B
C81F6C1F
4537569C
717D3039
EF93B15E
// vkCmdPipelineBarrier[3]
0000007E
00000000
6D1FCFB1
000000A3
2FFB4164
8FF34506
FB079B4B
00000000
00000000
00000000
00000000
00000000
00000000
00000001
00000001
00000000
0000002D
00000000
00000000
DC848E80
BCB0D880
1A3FF351
2D0E5418
EA38AA2D
E4368E30
1E3A58BD
000000F4
D871671A
42FAE1AB
9E99A59C
578FA417
B19C6989
// vkCmdPipelineBarrier[4]
0000007E
00000000
E98D1211
0000007F
A3549207
A298588C
5B837D4F
00000003
00000003
00000000
0000002E
00000000
00000000
70227743
4A8D498E
0000002E
00000000
00000000
0CAFE0EF
E67B916C
0000002E
00000000
00000000
21ECE6D2
E2311260
00000002
00000002
00000000
0000002C
00000000
00000000
A8B891DE
0E79C4AA
9B55624E
CBC6A1A7
2713E677
000000A9
73A569FC
000000D0
D80E624F
000000CF
0000002C
00000000
00000000
BF20D472
FB0CF1E6
22227AD5
5E23BB1E
3910F66B
00000069
A37D5E22
000000FE
432A2332
000000C1
00000002
00000002
00000000
0000002D
00000000
00000000
440AA80C
E6DE4188
65142889
80DD8FF5
52A9C2E8
B039076A
5EC5AC41
00000058
B2549459
048E54B4
EEBE3B16
0BE88D65
042BB05B
0000002D
00000000
00000000
02D75749
EEB86CFC
B700673D
17E19C74
3CCC6CB9
5495B92B
CCDEA161
000000B1
B107AD4B
3391F9C8
93BE0AB9
B2D24519
FB8F9F5A
// vkCmdPipelineBarrier[5]
0000007E
00000000
DA5B8425
000000F0
76F342C2
5A9E9237
A143A9F2
00000000
00000000
00000000
00000004
00000004
00000000
0000002C
00000000
00000000
4A3D6104
27A5EFB1
1AEE3830
2A5AE59A
ADFDE18F
000000A8
8914BD84
00000030
F75060AB
00000042
0000002C
00000000
00000000
3BA0D0A5
BBBC85F3
86320E99
3E367F74
73993D69
0000002A
03290C56
000000A9
D0945607
00000037
0000002C
00000000
00000000
3C523268
98C9B7B4
9010995F
3CB159F3
3A5A898B
0000008A
7773D04F
0000006D
4AAE540E
0000005D
0000002C
00000000
00000000
A8485C57
21B077BD
6B60E0A0
64A2A6FE
940EE141
0000007F
2CCB11B3
00000093
AADAF33C
0000000E
00000004
00000004
00000000
0000002D
00000000
00000000
09A1F3C8
7CA50D90
A4F4A670
29946AB4
20FDA4A2
FF074962
EE60E711
000000CF
DF5E2683
961D5526
07DF224B
EB2F239B
515BE0BE
0000002D
00000000
00000000
68190350
5F3DEC97
E124DC1B
7DF94CD2
EB22994B
EF59B17E
38A21DED
00000017
ECF935DA
A69F2EC0
300F8983
6C524CB5
E043312B
0000002D
00000000
00000000
B5D4CD8F
F72BF9A1
20D1A499
662178DC
0F56F72A
21E53F68
EA1D4A63
0000007B
5343A7B2
39084B0E
BEC4F904
401219B4
2CDA208D
0000002D
00000000
00000000
A022022F
32A27D9B
BF0D3F95
7A003069
1BC6477E
26CAAF87
5D7E9559
00000035
3C00163C
82143D32
9B5C8152
356C78A3
F701BA5F
// vkCmdPipelineBarrier[6]
0000007E
00000000
87807B23
00000079
3DDC5586
FC7D414A
C5F972A0
00000003
00000003
00000000
0000002E
00000000
00000000
F46B7690
952D4C63
0000002E
00000000
00000000
75988A56
28398406
0000002E
00000000
00000000
79CD6C72
34B0ECF0
00000004
00000004
00000000
0000002C
00000000
00000000
3DAD49A6
F4AF1C6A
88001445
BB2EB7E2
EB559A53
0000002D
4884A91A
000000A7
A403E6C7
0000002C
0000002C
00000000
00000000
73718341
51552D10
F27B39BE
8200A56F
4F9DA597
000000AE
2AC73C95
000000B8
2A1D6133
0000009D
0000002C
00000000
00000000
A1A02259
BBDCA4F4
379D022C
010C8ABE
8CB45091
000000FE
13B87D3F
000000D3
7DDF2CD0
00000022
0000002C
00000000
00000000
471BC9DC
42CCD575
D77DBE99
C2CE20AB
5E9C423D
0000005D
F59F08E0
00000023
ECC58F05
00000048
00000000
00000000
00000000
// vkCmdPipelineBarrier[7]
0000007E
00000000
2D4F643F
00000092
134CED6F
477ED5D6
43187942
00000000
00000000
00000000
00000004
00000004
00000000
0000002C
00000000
00000000
DEDA7260
8490195D
9E4DD6EB
1F0F6498
858325B3
00000063
7C94EA71
000000B3
8ABBA1C5
00000058
0000002C
00000000
00000000
26712CB5
3F711A92
6583416D
5321A149
14B57EEB
00000091
F6978BAD
000000C2
551AA775
0000009A
0000002C
00000000
00000000
276DA439
11067287
7CA19F69
7801E627
8AF7FEA3
0000007C
1A5145CE
000000D0
53FF6DC8
00000053
0000002C
00000000
00000000
B70EF579
543C217C
31127CCF
2327B806
4B6EEEFB
000000EB
DF89B727
00000029
75FFA906
00000013
00000004
00000004
00000000
0000002D
00000000
00000000
BCF2158C
EB46112B
8EEBAFB2
50C5355A
79909481
49F85845
DCF79585
000000F4
8FE6D903
CC5B92F0
5ED5B434
B85FB6D2
1CBB4D26
0000002D
00000000
00000000
6C91CD5F
A1D15DDB
5618AC17
801D7EF1
F4F7EB1C
E177D862
570F0B15
00000007
71445952
D5ACF39B
A1389F02
48344E14
2CF072CC
0000002D
00000000
00000000
6AB0047E
67D7686B
9A2BD907
6B56B545
B50A50CC
AB27870F
D7F63BE1
000000E9
11E49F0D
AEC85937
8B1BCAFE
E87452D3
298B3B43
0000002D
00000000
00000000
281229BF
13CFB773
F8CAC3CF
432DDC2D
9F7C6CD7
77059745
16408AB9
000000AD
1901FA5C
195D5F83
90740793
FA813985
DD11A7D0
// vkCmdPipelineBarrier[8]
0000007E
00000000
EC10282F
00000051
0D731B02
6F1EECD1
5AEE5C3B
00000001
00000001
00000000
0000002E
00000000
00000000
353C4C1D
6ACD8B55
00000002
00000002
00000000
0000002C
00000000
00000000
4E8DC2F5
D2C39C16
C6521A7A
D80CE486
97A190B7
000000FA
394E391D
00000033
D8F7EFDA
00000079
0000002C
00000000
00000000
7D7465ED
15DEF927
4E08484B
B1815FDD
730F743D
0000005C
749461FD
00000010
7ECCB911
00000074
00000003
00000003
00000000
0000002D
00000000
00000000
5F6D251B
D1B36CB9
01ACFBC1
F31C0410
C354504D
E2B3E09C
808E974F
00000043
4ED27256
1BC3CAE0
F81EB498
FAFEBCDE
F5E329FE
0000002D
00000000
00000000
BE087976
F4AA1015
1E04AE4A
7FBD426B
92BA0178
C10FDAA3
9400B761
00000091
F5875257
20C135D2
AB3559DA
94BFE216
47E687A4
0000002D
00000000
00000000
83581762
760CAEF3
BF2CF40F
294B7F58
04E1F628
EB7805C0
7DD4804B
00000031
39F501C2
E681457C
853E63FC
8873DF8A
4BEC6075
// vkCmdPipelineBarrier[9]
0000007E
00000000
86166875
0000008F
4E43DF42
FBCF3AFC
ACBE0E42
00000003
00000003
00000000
0000002E
00000000
00000000
BCA837B7
ECEDE939
0000002E
00000000
00000000
CAB44B49
84C02488
0000002E
00000000
00000000
8ADC1A3F
682C44C3
00000000
00000000
00000000
00000003
00000003
00000000
0000002D
00000000
00000000
25837452
7AA0E54B
0848C398
674ACFFE
2C3539FD
AECF5255
176BB60B
0000002A
7E300B9F
ED2D552C
53F61BA3
D0BA2CA1
23D362EA
0000002D
00000000
00000000
B10F8127
360A3E7D
88F390B8
9EEFAEFC
4D591A4B
2D0347A6
6650A091
000000EE
404DBB34
53688A30
D5BDF295
5043F829
4CB14A15
0000002D
00000001
00000000
3BA1B388
00000000
00000000
00000000
06F96C70
74291383
08900FC5
FFABBDEA
79EF23F0
99D2C2AB
BF41CFE7
0000001E
C9F2B7A0
4C7DD56F
9CAAEE69
B41DCF77
4BA0CE1D
// vkCmdPipelineBarrier[10]
0000007E
00000000
70FE6A9D
000000FD
8E8180FD
42F6168A
483AD84F
00000000
00000000
00000000
00000002
00000002
00000000
0000002C
00000000
00000000
3DE27FBB
689835DC
C2E24B55
5E400E46
68533AC3
00000057
B77BE091
00000061
FD9CEF65
000000E8
0000002C
00000000
00000000
7A53472A
1737FA48
2C719566
1E20EEF7
6F32CAFF
00000052
9479E15C
00000036
F1B834F3
000000FA
00000002
00000002
00000000
0000002D
00000000
00000000
B2D9B778
295AD6EC
18634B2A
5A48DEF3
CB00CFAA
F8E4FE99
7C7C7255
00000046
06DD2E10
39313CA4
44CA7B7E
DBDF7913
8598FD2A
0000002D
00000000
00000000
CC3CF2B8
8CF5F211
535C9242
13C0FEC7
D870370A
6108FF9B
29CF01D3
00000072
5E600483
872C0FB0
D86C2F63
8C37CF26
E037B5C3
// vkCmdPipelineBarrier[11]
0000007E
00000000
BB0041E5
000000E7
0CA38D7E
5B49190E
DEF651A7
00000002
00000002
00000000
0000002E
00000000
00000000
60F47684
3974E147
0000002E
00000000
00000000
3598A576
7F172889
00000001
00000001
00000000
0000002C
00000000
00000000
CC223827
6869F8DB
8F8677F6
560F1ECB
129B1617
00000062
A0132B8F
000000FB
7C2C6264
00000009
00000002
00000002
00000000
0000002D
00000000
00000000
C6EA4D85
6ED202A7
1DFFF600
A24199B6
8EFDCEBA
5EF3DC8C
D9B961DD
0000009E
315F2E57
7325B41F
A68C3505
BAA2256A
5B37A162
0000002D
00000000
00000000
3172077B
31CD678C
554DB9FA
BEB96E1F
CE848E68
1FB35317
AE9C7F39
000000A6
3484C0AE
ED74C875
CC07A6C8
7D20605E
02525272
// vkCmdPipelineBarrier[12]
0000007E
00000000
91891A11
000000F9
96AF2A57
6C4E18F4
BF8539B9
00000004
00000004
00000000
0000002E
00000000
00000000
DEDD19AA
450AC34A
0000002E
00000000
00000000
CFAD0484
6B39321D
0000002E
00000000
00000000
0FB6438A
11EC13E3
0000002E
00000000
00000000
6217ECA6
6D6A3211
00000000
00000000
00000000
00000004
00000004
00000000
0000002D
00000000
00000000
966A3EAC
B8EB0306
C259C3E7
AFB8A860
65E75C3A
E8918FF9
8830C51F
000000EB
92F23CAE
31B58C50
FB4AE8C9
451FAE05
6633E70A
0000002D
00000000
00000000
8F6002DE
00312223
B5EC5757
AFF59005
CFECA669
C408AAB1
46B94225
00000000
46AD3334
4BE5EE4E
214AC43C
0F0455EA
F4540F88
0000002D
00000000
00000000
152F00AE
E5229E4E
3D738242
3B7DDD67
1969A576
18A67D95
D4E0F631
000000F1
43CC2A95
9B7554F6
323C1400
CBD0959F
14804475
0000002D
00000000
00000000
D89D3CCF
2D7EA199
4351E094
EEEBCA7F
9D5CD194
9E07304A
622D9D89
0000003B
90B5E578
7C5CF629
C46C1358
38066765
FB99FF6E
// vkCmdPipelineBarrier[13]
0000007E
00000000
6DA1D17B
000000BA
53FB9027
827D3CBC
7DA778CA
00000002
00000002
00000000
0000002E
00000000
00000000
0AA9C8DC
348D45BF
0000002E
00000000
00000000
B62CEB29
0B11403B
00000000
00000000
00000000
00000003
00000003
00000000
0000002D
00000000
00000000
6C77A3F9
9FE11AF2
F4687E22
90EE9AD2
13337290
2823B2D2
145AB9AD
00000080
38D97407
21916D09
CA354C18
3CBA0CFF
CF9500E7
0000002D
00000000
00000000
13B85566
69332632
F728A180
F71F5D98
382C7AE0
F7732DBE
3E58E571
0000000B
EC2BA8E1
6F8AF660
9AC534A0
85D93D78
61690DB5
0000002D
00000000
00000000
B936EAC8
7495228E
B422363D
5D5ECC5B
C6DF3359
1B70DD08
44E7969F
00000070
64E1ACDB
B91B662A
549E4315
4BA380F5
226C56C8
// vkCmdPipelineBarrier[14]
0000007E
00000000
7E6465B5
0000007D
62D94FE4
7D3039FE
3FA2DEB8
00000004
00000004
00000000
0000002E
00000000
00000000
FA0F4153
48A82FBE
0000002E
00000000
00000000
577CA19D
9ABD5321
0000002E
00000000
00000000
E1926734
C79C6FAE
0000002E
00000000
00000000
439311CE
F42BA247
00000002
00000002
00000000
0000002C
00000000
00000000
56AF19E1
9BF3CF0A
B2B45032
B90239AB
1024823B
0000007F
14CAE613
0000008D
C3E41A2F
000000E3
0000002C
00000000
00000000
8CA42FB9
CBD020C6
B542963E
DAD11CC8
DAD1D083
00000059
F90C54FE
00000047
3361C667
00000082
00000001
00000001
00000000
0000002D
00000000
00000000
43F3A5F2
66D50FE1
110B9187
B69511A7
1653EF48
C075BED7
E79C6309
0000003C
EA7B8EC0
564C3F75
27049325
A922F91C
9D82C35C
// vkCmdPipelineBarrier[15]
0000007E
00000000
FCFC500D
000000A4
20607075
F2002C06
4B47592D
00000001
00000001
00000000
0000002E
00000000
00000000
FA979DFE
16924D2C
00000003
00000003
00000000
0000002C
00000000
00000000
D989C716
D5F4CA96
6E02DD0F
08B48123
C557BEB1
000000EE
C809CE9A
00000098
3D77CDB9
00000013
0000002C
00000000
00000000
E30256ED
54151DBB
27946160
8C2378E3
AD36F5C1
00000051
6CE25111
000000CE
BA661ADE
000000FD
0000002C
00000000
00000000
B69F562B
AA8722E7
2A34A9F9
4E33D213
25A2945B
000000D1
ABD6B8AC
000000B2
57C95CF4
000000D8
00000000
00000000
00000000
// vkCmdPipelineBarrier[16]
0000007E
00000000
7310A4BB
00000075
29542C33
4EF29D16
05C4CEBC
00000004
00000004
00000000
0000002E
00000000
00000000
44A601C1
613766BE
0000002E
00000000
00000000
6C7D6D5B
5889A675
0000002E
00000000
00000000
141137DE
62CAEFB8
0000002E
00000000
00000000
43B295F4
E8DE9B3F
00000001
00000001
00000000
0000002C
00000000
00000000
68D21D45
D3E75CB0
DA3129C9
CB732327
7C9ED381
00000071
A72F5ECB
00000052
0DDE70A5
00000036
00000003
00000003
00000000
0000002D
00000000
00000000
C9CFC9D1
8AED9FF6
C1F49DA4
EAEA808B
55436257
3788C2D4
D25659E7
000000AD
1167DF09
4D69DDC6
DBFA15E8
AFDB41C4
3682EA6A
0000002D
00000000
00000000
4BB5DE20
81DEAC0E
71CD1EDD
EBCBA9E4
44C7A283
862BCEFA
1D588127
0000008C
20E2CF22
39BC4398
B170EBF7
95A54EBA
9FA76ECD
0000002D
00000000
00000000
6FA0A88E
7D939629
51A1B50C
4BA09741
EB01125C
2970DE2F
36098D4D
0000007E
5BD67180
D5EA5107
30A77C64
3EBD19CD
13D7A111
// vkCmdPipelineBarrier[17]
0000007E
00000000
608DFDC9
0000007A
E9C816ED
CC29745E
DC4B4E13
00000003
00000003
00000000
0000002E
00000000
00000000
A170BF73
9B6F8774
0000002E
00000000
00000000
C93C8351
37E51BDB
0000002E
00000000
00000000
461E3FA5
C530BC3D
00000004
00000004
00000000
0000002C
00000000
00000000
F4EBB22E
59E363EA
CED16CAA
D3D74D38
46A0CA41
000000C5
B20EC7CC
000000E9
853C9C0F
0000005C
0000002C
00000000
00000000
F566AF88
2E052312
9A1CCCA9
D331D95D
C4711F7B
000000A4
64A07198
000000EF
A13DC304
0000005B
0000002C
00000000
00000000
2C20B112
60BD52F7
7D01EA32
7FF45F1B
815D5F3D
00000044
6A261E09
00000005
4C00E532
000000BA
0000002C
00000000
00000000
6B25C356
9FA8842F
FA79BF14
D13FA4E6
0DEEB65D
00000045
7F57CC07
000000B9
20FE3CB5
00000021
00000004
00000004
00000000
0000002D
00000000
00000000
EB4B0F5B
C5DBFCFA
E6E84708
94F07F96
F6048E26
55CAD11D
49572889
000000B0
0DB3B319
185119A8
9A29C74B
F2C45FD8
E2419833
0000002D
00000000
00000000
A79EAAA4
D4FCF99E
3D08C0E3
20CDE4E8
07B1D130
070514C4
67FD2557
000000E4
62B04CAB
A185828C
E73F7718
F1875DF2
23D203C6
0000002D
00000000
00000000
B71BC167
D1899108
1886D9EE
4FFFBC02
C4548DAA
0C2D2DC1
32F7DC77
00000005
D5B75DF5
B992FB27
F61F8DAF
71BEA637
7459A848
0000002D
00000001
00000000
3BA1B388
00000000
00000000
00000000
6253975D
9E040B13
CABD9520
02F25896
F452CF98
9D44089A
3128F621
00000069
C6B784F2
71FD9DDA
28564E07
C746DAA0
AAF644B3
// vkCmdCopyBuffer[0]
00000070
00000000
47F577AB
0000007B
F89119EB
000000BB
B5BD6783
000000E6
00000001
00000001
00000000
8C86609D
00000099
4129F9D5
00000040
9B315DEF
000000ED
// vkCmdCopyBuffer[1]
00000070
00000000
E8260729
00000006
FF107F27
00000022
07D6F9ED
00000091
00000003
00000003
00000000
178F8EE5
000000A7
D165D67A
00000023
07C37A0D
000000B2
7C80C13A
00000079
AA5C20CE
000000B1
1245E076
00000031
3C446AD7
0000001C
9A61F59A
00000047
F40C66EA
0000003A
// vkCmdCopyBuffer[2]
00000070
00000000
B72C96C9
000000E6
78EDF4DF
000000EA
EDF856E3
00000058
00000003
00000003
00000000
118B5898
00000066
CBA7814E
00000020
B3ECA979
000000A9
E8DB1EC2
00000094
69BA1F60
00000067
FE9B1C12
000000D3
7C338278
000000D8
1807A61A
000000B8
26959F59
000000B0
// vkCmdCopyBuffer[3]
00000070
00000000
917F0731
0000008D
F63BE483
0000004A
6C1771AD
0000002C
00000001
00000001
00000000
E528846E
000000B9
F1BAB92A
000000F6
50FBB0EC
000000D7
// vkCmdCopyBuffer[4]
00000070
00000000
29D81F0F
00000012
A3604009
0000008A
9CBA5ECF
00000039
00000002
00000002
00000000
E233FAA7
0000004B
F67191B3
00000062
B6AE880C
000000A6
9CC0F456
000000F4
E45663FB
00000068
D86E1512
000000AC
// vkCmdCopyBuffer[5]
00000070
00000000
3B5DF18F
0000003B
A987EC7D
00000022
53B992FB
00000062
00000000
00000000
00000000
// vkCmdCopyBuffer[6]
00000070
00000000
6158D84B
00000098
6AC4A173
000000CF
FFF84B55
00000018
00000001
00000001
00000000
F5D47ACB
000000F9
89911E0D
00000081
ED0E222B
00000077
// vkCmdCopyBuffer[7]
00000070
00000000
BD9FFEF7
0000009F
734C5BB1
0000001C
774116AF
00000090
00000003
00000003
00000000
BD3CF442
000000F5
7658D5AE
000000E3
9323527C
00000036
07F945A0
000000F6
0C2821CC
0000005F
110D9EFE
000000E6
C32A85D6
00000076
DCEA5A19
000000AB
89DF2076
0000005E
// vkCmdCopyBuffer[8]
00000070
00000000
646B6D9F
0000008E
08AB38A3
000000BF
88455815
000000E5
00000003
00000003
00000000
DAA44829
0000002E
B40D8D11
00000037
9A8308BF
000000F2
BC1F3F38
0000008B
0D4E9A69
00000072
A3FCC4D8
00000046
5B99A313
000000AA
BFF3CF39
00000030
14A05DD9
0000004A
// vkCmdCopyBuffer[9]
00000070
00000000
955E69F9
000000CD
4CB38E2F
00000020
28A53745
000000ED
00000001
00000001
00000000
15DD936E
000000A3
2D0080D1
000000CA
B97A937F
0000004F
// vkCmdCopyBuffer[10]
00000070
00000000
34B55CE5
00000029
E1042617
000000D9
35565F75
00000057
00000004
00000004
00000000
2F50439F
000000BB
A0EFAB7C
00000001
09343BF0
00000006
9D84F224
00000087
D93EEB41
00000047
8B49FC22
00000027
BF444FAA
00000066
833B5E35
000000E6
6B3B690C
00000046
AA08B097
000000CD
8E4A2A72
0000001B
E0F0B528
0000005D
// vkCmdCopyBuffer[11]
00000070
00000000
EA31E677
000000B4
35064E27
00000070
8EF91527
00000012
00000004
00000004
00000000
E2C9D9F8
000000EE
DD152209
000000CC
4B98EA00
00000024
3E915D03
0000008C
3431073E
0000004F
5C2D5A63
000000B4
A782EDCF
0000008E
53C20C34
000000A4
AEA372BB
0000009B
6A81A870
0000006A
DCB031E5
00000025
0B3FC8BA
0000008F
// vkCmdCopyBuffer[12]
00000070
00000000
088BC129
00000001
137CC0D9
00000071
CD672395
00000075
00000000
00000000
00000000
// vkCmdCopyBuffer[13]
00000070
00000000
037ECDA3
000000F4
481FB13B
0000002E
3A8A8239
0000002C
00000001
00000001
00000000
6338A5DB
000000C0
BE4F8ABB
000000AC
52CDA3B7
00000021
// vkCmdCopyBuffer[14]
00000070
00000000
1C28C8C9
000000F2
7C55CE8F
00000097
3ED702A5
000000BC
00000004
00000004
00000000
8EE93FEE
00000079
1669C267
000000F0
D81E3E96
0000002C
A4254D20
000000FB
F50E4BD2
000000C7
FB2AC002
000000BB
DB005D42
000000D7
D985DD2A
00000078
CB1D3E6E
000000B9
3A7293EF
00000029
C4E10362
000000CC
368F20E2
000000A2
// vkCmdCopyBuffer[15]
00000070
00000000
3FAA9A43
000000DF
AA98C927
00000056
2FB0E4AD
00000044
00000001
00000001
00000000
BE669800
0000005B
47E90055
000000D9
4CF0E3F8
0000002B
// vkCmdCopyBuffer[16]
00000070
00000000
8F05AF31
00000006
05AD4729
00000040
E4116659
000000A5
00000004
00000004
00000000
06E086D1
00000018
6FD81444
00000046
55388DC7
000000BB
D74F7FDA
000000B3
84C517BC
00000074
AC34BC69
000000FD
AEE0DF21
0000003E
7CAF5C0D
00000070
13AC66E6
000000D0
D9E9018B
000000BC
65C567C6
0000006E
0088AA9D
00000003
// vkCmdCopyBuffer[17]
00000070
00000000
5F0BFFC5
0000005A
ADFBB56D
00000008
491AE8F3
000000A2
00000001
00000001
00000000
BF19326C
00000018
9933188B
0000006E
9FA50848
00000046
// vkCmdCopyImage[0]
00000071
00000000
E4AF6FC1
00000024
15B466C3
000000E2
80B39603
14AC2807
00000098
5BD68C3C
00000004
00000004
00000000
7E5A285E
5FB7A073
FA114669
7E7A3FD2
64D1F1F1
49F1626A
222845CF
26847170
BC923DBD
E6ED53B4
B1EDFF03
800AF661
64C21AB2
ECD0BED8
3533A204
ECE7F46C
8903AE7A
8049CBE1
2483161D
6D05FFE4
2463B87B
41BB7878
0B2004F6
8825ADB1
42FC22FD
4B0A771F
E1D76D46
CF6F8672
897FD199
44E5853D
40CFBCFC
E4901DF3
428C876D
5CC5EC35
3B1AB4E9
BC3C7195
1527BEFD
E95B8CFF
0F3DF230
E4E400A4
41E73193
E733FBF1
ED30CCA9
6887820D
F2D11EA3
6F6C7689
49D606CA
9FD6E0B5
A13897FF
9FF6079E
2C430161
44C76D66
3412DCCD
EB539355
549B062C
63F5E8D1
B88B1D49
6E4FABDB
93894FCB
8F5F2F81
45344BD9
EA27305F
2C2CB29C
30132D90
66F82C24
2F379261
AA9D7049
D4FF4F01
// vkCmdCopyImage[1]
00000071
00000000
0845148B
000000E4
1EF569E5
00000069
23CE5739
112BBF75
00000099
99ABEAEC
00000000
00000000
00000000
// vkCmdCopyImage[2]
00000071
00000000
238002E1
0000005D
96DCE16D
000000E6
8C35566C
10B59C2B
000000A9
C525CB15
00000001
00000001
00000000
DAC4D84E
7E31DDA0
B2C2818B
0B62B460
B0202427
B7CCB999
12823100
3CF203A9
8A2638DC
571B1F3D
D766B30E
D24CC5D9
F6F26835
C462913D
5CD65628
B717A477
3A2E2CF0
// vkCmdCopyImage[3]
00000071
00000000
B83ADBEB
000000E9
1EDACC09
0000007D
A35B2FC2
7BBDCABB
00000045
D60F5E34
00000001
00000001
00000000
46D078F9
A2A0DDCD
C27012F8
C3CE1EE8
BD209BEB
798F2BB7
7A0BFF82
A451F061
AB843B59
447797B1
89767A06
D8F58641
B91A77D2
D74DAD28
EA789AA2
C149AFF9
F36B2F8D
// vkCmdCopyImage[4]
00000071
00000000
13B237CB
00000016
98966E51
0000006A
EF3A78C8
AF374465
000000FD
0D0DCEED
00000002
00000002
00000000
2B04B6AB
33CD311C
99C22EC3
703D2CA3
8B61A77B
3945DB04
2A49A5D5
71062A12
D34DD7F1
88675911
D1AF1B3E
F9242474
8DC0BC2E
34C65DAC
691F35B2
47B7E0D7
3D892727
8B93A993
68C0C49F
AE04856A
40BC8BFC
248A8B3A
2F5C1F1A
D4CB571B
049C8EE7
A7743A9D
6DF109CD
6B115E45
239F6E42
B813995E
88A089C8
C4DC9E25
D9A1E3E5
54C78060
// vkCmdCopyImage[5]
00000071
00000000
F923F8FB
000000E4
3164293D
0000003E
75771575
69046F89
00000009
F0E4F62B
00000001
00000001
00000000
2974B027
6AF261CE
115EA6AF
0AD6C14D
9C4960E6
C99ABC05
DF55EF6A
6C009AE6
CAA02D59
460C12EB
5A2A2C38
C496FCA8
DD123109
0AA120F9
B145E77A
1CF5043C
031355B7
// vkCmdCopyImage[6]
00000071
00000000
99875D3F
000000C8
CA52E59B
000000FF
6C187B70
9778AA9B
00000089
6AB0B7B1
00000004
00000004
00000000
1AFB5947
8C1FD70C
B7ACF792
1BAC22C3
150F0CFA
FD082DE8
F016E1E9
50968A5F
AF383E1E
292B8AAB
593A7D5D
F6DF79E9
4783B5BC
62DA0E7D
7AE1859F
B942A8B1
D5864F0A
1B357A1B
2B6F8434
C3B3F8C7
32B58063
5C01168C
FCBBA53B
801801DF
0767CAD7
63240EA5
3DD9561D
C6925D70
3C0A66EF
EF7FFF72
6B1C661C
8FCC98B3
BBFAA5C5
9382E91A
B5479B14
EDB4097D
F26C38E2
351BA5D0
EEA511BE
D5A1CCFF
F5917115
A4C63363
16252C83
D84A15C4
0DBD5D65
957E1E6F
35CB883C
48B091AE
247EBB83
B7C6606C
543848AC
11E88479
069356BC
99342C70
013D1F19
3FB62805
5B341B49
99860B91
117C3D69
302EC3EF
522A33D5
B8962B83
B6ECCACC
EF7000A0
179539AA
FFE75FC6
FF98A60A
54E98733
// vkCmdCopyImage[7]
00000071
00000000
0F7E514D
0000007D
BFEC96E5
00000079
A38E0515
4F741BDB
000000C3
0416DE5A
00000002
00000002
00000000
974137B7
21E7ABB8
AF838679
D19AA4C3
DA95005D
C64A681C
9A85827A
5D539E73
1919FE3E
8FC27FE7
2D04D7D1
FE45E643
6B279A60
7437BC01
E2CDAF59
781460EB
C51FA841
68D59695
A140AF38
B43A6FE4
E40EC8CB
29417985
8E41E9E4
361289B1
DC7FEEE8
84E66D15
8AEC0B87
7A62F860
95FA15B5
A7912794
B1F8B1BA
16859A0A
EA748A6E
A4A6B82E
// vkCmdCopyImage[8]
00000071
00000000
C981B2C3
0000009B
EC81689F
0000005D
93CB771D
291A1ED1
00000001
73839E4F
00000003
00000003
00000000
22F3D71F
3180F424
03F22B6C
59D5DFB2
E44A2978
262E3584
609F8EB4
EED6AC9F
69E7B7F8
C4A511F1
98A3F501
FF670E58
E2676CA1
2A163EF6
DBD7A34B
2B283B19
1B5BDB65
AAD234A5
32EC3E8D
EB74253C
551B88DA
40875FE1
8B2616DC
04C8B549
C756665A
8AC313D6
928FA824
C4D679C8
985D028C
341E0A30
406C6E73
54D33D8C
49A8F34D
7A0531A3
4A1F2229
C46D6F56
231799A0
A271BF8F
CB9F3AD2
66F3F9F6
E412D27C
DF4465A1
AA50661E
4070098A
BF08C916
ABC00D8D
C4F6D634
4FFB98FC
2F4384B5
C1886970
23CC8C60
// vkCmdCopyImage[9]
00000071
00000000
C6DC3B8F
00000038
8B6ECCA1
00000047
E3F41CCA
8DB4414B
000000EF
D4D6538D
00000000
00000000
00000000
// vkCmdCopyImage[10]
00000071
00000000
8A17AF6F
00000088
B58612DF
0000008E
19AD1927
50A4C69F
000000DF
08FBC4A1
00000001
00000001
00000000
499C13CD
5848FC7B
C5439BBE
89846FD5
91B67B66
475882E3
31D31155
06CD3A95
BE75845E
BEC2C8E5
739AF75A
26F709E4
86E2595E
02390793
0323C841
67F2CFAF
C50FC34E
// vkCmdCopyImage[11]
00000071
00000000
66668D47
00000064
A7184F05
0000005A
BA4F26CD
47C06379
00000058
1B199DD2
00000003
00000003
00000000
0E9333B2
53F9EC08
391A8C99
24505BC8
D28873F7
56EA1B38
FC60D591
42ADE69B
CF606B4E
B9230710
71281587
B1886BB6
EB36DB1E
5D8CD355
2ECF4535
6297137E
547C39CE
E9F20CEF
875D2F2D
BC9D7EFB
4C134BA2
D7F20EA9
489568E0
AC937F91
65C53071
27AFC421
5114DF1E
A01D0120
B1603FA5
B04E482D
50CD9E5C
6A0DFD13
33219C0D
FE11D983
DD7384CD
530BB84C
D78C3E2C
6DD65BC8
4DF9F710
F3360D13
F9CFFC95
FB051CB2
C78BF566
2B3A3A3C
98583897
4A4EF1D9
E572F3E9
BB0D0C44
298D2A38
7911101A
1C74B205
// vkCmdCopyImage[12]
00000071
00000000
3DEA361F
00000028
2DD31A6F
000000FA
4667F534
CBBBF1DD
00000093
5BDEB35F
00000004
00000004
00000000
4801362E
7F32CA04
0F44C94D
C93E35CA
350EB4B8
A280FE91
8ABE89D4
61A60530
BA198FD6
1EB2A9D3
4DFD845D
ADE08AC3
92B22DFB
D0458944
1B9EFDF6
B999A746
9A352AD9
5AEFF72A
BA6350F8
F99C068C
46529896
DF24CC9B
07007BB4
8474ADD2
C52B28A7
6FDEDDCD
7D91309D
FAF15DA3
851DE3C3
07529762
7C49AC18
B0DDD87A
3E88BE19
25BCF2E4
81E022A6
E2E6EF44
B2671C6C
EC6A9EC0
972EDDB9
A0E20309
8A682634
CFCF5126
86A620A7
D2348F3C
5BD2EACB
3BB12C9D
465CBDBA
816329C8
4BB51757
CB6C321E
582B3D03
E98661A3
74DD70E2
6136D6D7
77FDC992
ED39AD44
70FE6C44
7686F34E
07C6B6CE
EA050B8F
FCFF533D
5D483116
DBA7D0CD
82F73C75
0D15272C
5348DB26
09C8C1C2
4095484E
// vkCmdCopyImage[13]
00000071
00000000
F3D04B23
000000E5
E62F9CC9
000000D5
7C6CD83C
E6A370C7
00000036
C997513D
00000000
00000000
00000000
// vkCmdCopyImage[14]
00000071
00000000
9AEDB98D
00000026
24A6D0E9
00000033
079ADAF8
AFC4BFCB
000000DD
C68FB209
00000001
00000001
00000000
835299F0
802A31A6
D89C36EF
85C5A205
70FA0071
59144128
54760DD8
3FB5CAFA
AF0C3309
B2E8D3F4
F59439E9
8F16B675
0AE9758A
DA42E329
AE727843
74E9FA35
6B7DFB7E
// vkCmdCopyImage[15]
00000071
00000000
FBBB69E3
0000006C
77534381
0000005B
B9318420
B7C1ED67
000000D6
ED30A85F
00000002
00000002
00000000
1D62BAE8
CD7F4AF1
15FB80E1
EA936CAD
24505D5C
9B9F90AF
0CD4CA73
C2EC3EC1
80AF3B27
C649ED89
74E96D9F
C6CA220B
0042ED0F
6CAE6F4A
631F4639
97E4DE1A
9D096AE3
76EF88AE
25176352
7B897144
51A91FC2
4EF163FE
EB5D9B0C
DFDDB95C
419EB416
3880E848
9F17A426
0360F443
22F4D3C5
316570A2
CB031160
3106F55F
943E0914
42DA1744
// vkCmdCopyImage[16]
00000071
00000000
E162AF91
000000C2
D45D8949
000000FA
B50B6F95
A3D4BA77
00000047
784D215E
00000002
00000002
00000000
D37B656F
3C2420D6
5EA322D2
D58D2B13
6F58321D
599EE0A0
0BDAD2F1
4C3AFDE0
786B1264
23117735
4EC189B2
33E52F75
81F9F211
8E624F32
203B3C3B
84E6F520
EAE8EEC5
098BEBFB
F2684847
3C018DC4
BEB404F5
08745081
0BFA91BB
DD70AD51
DF35D68E
CC4DC478
87BAD613
FA76127D
6470D953
7357BFF9
FD42B7CC
96DD96F2
6B03F424
3E0BEEC2
// vkCmdCopyImage[17]
00000071
00000000
49BB56E3
000000DA
FADFFC67
00000096
AD3B9BA4
618F5B25
0000001A
1DA5E165
00000002
00000002
00000000
32E33B9B
DD6A2114
03384802
EFA2177A
343AD2E8
167D6C42
9005EA9C
1E634AD1
F46BB804
F05B1F47
F4950B11
9788DC0E
E7038347
1FDA6C96
1F85A937
C2929C5D
0E81A2C3
A4E64253
76B30A52
1BD575E6
657FBF1F
DC8CAFA7
F026BD8A
E08DFE28
EDA70EDF
06DE30C2
0A699633
91194507
14D8F6FA
DC52BAE2
A5FF5E94
D31C47C3
4F5B6270
2F38F8E4
// vkCmdCopyBufferToImage[0]
00000073
00000000
A35F1B23
00000097
1C0EB8A1
000000A0
7E9FF9A5
0000002D
FEA351BF
00000002
00000002
00000000
C1E6CD18
00000047
9EBC9B58
9C0838EE
D3DAF77C
A4B13156
4051B293
BF6366BA
77D82C46
D7104EDE
6331AD0D
6112A255
7F5DF98D
7BE9972A
3F979657
00000006
29A3352D
69E539D1
D6D05505
56A02825
B321B22C
8AFCEA24
DC1A3199
45F05F55
A9F57BD4
492BF930
F03019E8
F5EB2790
// vkCmdCopyBufferToImage[1]
00000073
00000000
AC6AF855
000000D1
69FAC3B7
000000FC
DBCB5AE5
000000CD
8E21C90F
00000004
00000004
00000000
1B12F392
000000E1
CD8A59AF
4CBC5FB6
3CA58940
0B36772B
30254094
73DF696C
69D07EAA
AACFB66A
B5F836D4
576B65C6
65C3083A
378FDA76
97813630
00000020
16EE4C2C
370EA161
A0E9D685
5177552D
61801B77
745A8F60
153DBF68
25FFF038
A0DC38DB
B68E70F3
052583E3
8A940701
5292C133
00000023
0B244AD1
AC7F1A0E
FC824E9B
6975E13D
24C72E7D
D5217591
40DF34E0
AADE314D
756BDF72
2EC09925
3351662A
7255ADA1
3A13F686
000000A4
049322B5
F012EE6B
A2C15C4D
57CE9F8C
C6989C4E
BBDBBFB9
7FC1E4E0
F61FE704
95873969
7A53791B
72690F5A
C5951F05
// vkCmdCopyBufferToImage[2]
00000073
00000000
CE5D2587
00000001
C0A8E4FD
00000023
443C8269
000000DD
BE4897CE
00000001
00000001
00000000
0FB4541D
0000006C
F5F9E212
C04B2AEA
4D0853AC
1AFDB00B
E6C486FE
3F49E674
8B7CA5FC
EF2650E2
5F677B15
D1888735
D7407BCD
633A46F1
// vkCmdCopyBufferToImage[3]
00000073
00000000
2811890F
000000D0
998FDA77
00000012
38BEE7BD
00000045
363F80BF
00000000
00000000
00000000
// vkCmdCopyBufferToImage[4]
00000073
00000000
77F8AB9D
00000088
BDADB9EF
0000008A
F94EF8C1
00000008
AA982E1F
00000000
00000000
00000000
// vkCmdCopyBufferToImage[5]
00000073
00000000
141159C7
00000015
F8604F91
000000E7
1EFE7E51
000000A8
0D5F8890
00000002
00000002
00000000
A9678D85
000000BB
FA656351
6D46A935
DF0A4648
0B7ED863
FF7CB3B4
32C74301
CFBD6AB3
1F77DAAC
94B5FCFD
F88672C8
6D12EBD2
9BD077C8
5F31FE73
00000077
F1749EAB
B41EA42D
26F59E62
0E9823B8
51B1C085
904B631C
B192546D
77A89A60
4D1BF178
7CABE583
BB8C05A8
70053448
// vkCmdCopyBufferToImage[6]
00000073
00000000
99C6BF2B
000000EF
22E0A27F
00000068
EBE1DF91
000000CA
733DCE0F
00000003
00000003
00000000
B97CE554
00000008
23F4F123
F400E7F2
2B289FAB
F5A8281B
7E2D3857
F756EE1B
C2ED4F1D
9F8B45BD
8A1AFE06
58E67A14
851FCA9F
73D9AB6B
2C735B30
000000DB
576C2AFD
4DA7439A
3C0166F2
E7770ED5
A786DA00
994762F6
6DFC9841
5EEC80B4
8224ECE4
4E8D1D3F
7D23AC95
35587032
1D7CA4BD
000000F3
92573344
3CF125DB
949BEAA6
03C4D774
DBE2F27D
384238C6
B9932257
F07BFE42
211261BA
BC898117
B46EBA3C
2A6B7232
// vkCmdCopyBufferToImage[7]
00000073
00000000
542F76D5
0000008F
88FA8831
00000044
261EB8CF
000000FF
A4D46BC3
00000001
00000001
00000000
0CB87649
00000009
E0C06F7D
3CD5CB61
2806ABBA
C40199DB
4489CE46
0534CB59
78D23C94
E131295E
75EB4F2A
0FCFEC41
7B0F742A
57C94CE1
// vkCmdCopyBufferToImage[8]
00000073
00000000
628BCD69
00000088
B95E8781
000000E6
61EB7C3F
00000035
EE11FE11
00000004
00000004
00000000
F42FEA19
000000C9
F23244B0
CBDCDBE0
5F878CC7
272C5E0C
7C3CAE40
DEC83994
8CB3AD6F
67DC7215
EE4A5571
212D5D5D
6FB09AEF
B762F1CA
7DF175C6
000000C9
23C63157
C3F3F7FF
2CBE932D
4B29B715
F982F619
3A709880
DF73F04A
48CB0A0D
71266297
36767B62
1C319868
F0A56BAD
33605C00
000000CF
E2C332FB
CBD8B16F
0112B2D9
DFCD685A
A51F50CD
D6C98481
B7B9DC59
EDE26BCE
5A7F2FA0
9C6677DF
E590BC19
90878520
37EBC51D
000000DB
2E3C14BF
806E09C3
6FBF8AF3
FF0DA76B
7F34AEF9
CA7D5469
B6B50D36
82DBC1F0
DC9E0B6D
D0A74A7B
BE77229B
84001A2E
// vkCmdCopyBufferToImage[9]
00000073
00000000
E0ED481D
0000000D
79FF9B83
0000003E
7D12D9A9
000000FE
684B8F15
00000000
00000000
00000000
// vkCmdCopyBufferToImage[10]
00000073
00000000
45E2A503
000000BC
EDC08C3D
00000056
A03E3F31
00000005
DA60B2FF
00000003
00000003
00000000
421BDF59
00000072
75A1204E
77610C9E
B8C25476
A73AB851
DC820580
BB258A02
28B87DAF
CE84F22B
9793A4A3
C471CA83
2EAF2AEB
0FE81DAE
ABE44E93
000000EE
6B1CB752
3FE72283
16DE6B27
8E364566
26768912
31462215
7440D482
F1FB4414
89BE4ECC
4BACE4E2
F15FC210
9C493C37
5DFC620F
0000002B
743C68BF
FDCBAAD0
74BB1F86
8A6A8702
E18219C2
F920DA5E
6C18860E
DF855EE0
2B4A441A
42073972
B5849346
E54476EA
// vkCmdCopyBufferToImage[11]
00000073
00000000
2842C4F9
00000027
364EC6DF
00000039
C9F89143
00000005
62BC82C6
00000000
00000000
00000000
// vkCmdCopyBufferToImage[12]
00000073
00000000
C37FA03D
000000E1
77127BB9
000000BF
48E0F207
00000064
616B9BD1
00000004
00000004
00000000
9BEF49F6
00000030
53438943
AA95A916
73FB284C
2F72127A
E3B024B3
A5DF21C0
32F9F35A
F9553FB2
03FDA952
E3E9C465
CEDE1326
E6D08054
BA602293
000000FF
657727FC
B2008A0E
53834EF6
3FB51BF1
859D60A0
2A41888C
834A4BEA
0F4DFE84
D1E3FE9A
978E2871
765097CC
D02240CD
12592401
0000002A
D547B292
DCE31BC9
FB32C4FE
15CED2E8
4986173D
B76287D7
2B1E5337
C37A1687
E85A52FA
50CDF167
E273FAC4
7AC45DC1
E8E845DD
00000052
296C8449
528042BA
7E4D7C3E
8F9CA5AC
50217124
BC3CB20B
0D511DD3
8CBC1C59
35E3256C
DC1AB702
9AC78B19
8C7CC887
// vkCmdCopyBufferToImage[13]
00000073
00000000
AF71946D
00000023
7FC69C0B
00000091
2C53741F
00000033
5BCD1428
00000002
00000002
00000000
05D997E1
0000001F
92C681AE
85A12D58
63CB18A0
C533E21B
C608754C
C3A59FF5
6C033D5A
5BA69818
DD7C6D5C
B6F363A9
34FEFB3D
473A6B98
A25D0784
000000EF
E584EC07
BAA7F353
E92B9403
011848B8
9FE91B43
F7FC5ED9
5A061B94
0EF843BB
4578F8E9
2F788583
367B343A
F6140D6B
// vkCmdCopyBufferToImage[14]
00000073
00000000
4682ABDB
000000A6
597BFF6F
00000007
52515E31
000000F8
D9299512
00000002
00000002
00000000
22C217F0
00000006
20DBEA91
1DEA249C
79E4CF6D
3E32E9B8
88966312
A84B9042
68D73705
A4DCC658
CC67F6C7
123C3C27
8E62FA31
EF86FD79
0364D297
00000028
3C7D5C15
4C446F3E
C594E41C
DBAF54E0
6A09E086
8BA6B80C
3898DECE
E212E52A
71BE0810
9616B8F6
F90DC69E
5D7F6A28
// vkCmdCopyBufferToImage[15]
00000073
00000000
8C9EA9BD
000000C7
39DB5609
00000055
7F00125B
00000003
76EAD681
00000003
00000003
00000000
E40A63C2
000000F8
DC57D65D
DFE06AAA
3678A4C4
D8416E96
25889F60
726A1515
2151095B
63FDCE97
FA5724E0
55D1F5C7
40B7C2A7
B0A8C172
39D5C088
000000DC
45A101F7
707AB9CC
9CCE5E9A
DF60B53B
63EF04A5
0FB9D81D
43052427
CD617AEA
0C3473F4
F1C89933
C295E201
D1386BA3
F537AF4D
0000005C
C391CC07
EE672F7B
60A30802
FBA3F0CB
61B1C90F
EC54151A
B907B82D
F91E2789
574CE1CB
DE46E9BA
1F3DA6B1
C18143ED
// vkCmdCopyBufferToImage[16]
00000073
00000000
8E5191D3
000000C4
4A493AAF
00000044
909A4B29
0000007E
39EE15D4
00000003
00000003
00000000
7944D6A8
0000005A
645E6E5E
3FEB9227
91CDFCD3
142B499D
0713C6E4
8CB6636C
040D7E6B
951F06CD
CBD41B07
AD3D83E4
92FD4916
DAB89DBD
9FBAAA77
000000F2
C6B3CD46
B0996128
DF36C9F0
3623EF63
2D9DDD50
76F60C43
255E4714
B12DA3B4
B7AA8A59
7EDBC0AA
97ADB017
A75C27A5
6C7E69EA
000000E0
AD5E1C8A
49A381BD
2865D67A
60C1A0C7
B32A928E
A2757DE5
C5CA5F3A
92541FE9
41BD8836
9EFE583D
E0237862
0233B56E
// vkCmdCopyBufferToImage[17]
00000073
00000000
E428AFF5
00000018
F3BCF1EF
00000097
6EE8124F
0000006F
7994D016
00000003
00000003
00000000
A8637681
00000065
1FC873E8
42B5EEC5
73FCC97C
01D59D9E
54B832A2
93897261
40B053D9
62E770C9
36639E84
43A3E2C4
659BBF6F
8E8A9FD4
F05EC6B5
00000066
70FA3649
8E4A3D06
B1F784E2
DE8DE6BF
C6AF777A
8A2051E6
03C9B4ED
434878E6
8B655AD1
886E75C7
AB7514D3
08373C50
4DF37DBD
000000B7
194A4BDF
E74B5739
F2D9433A
0BE1435F
79C8C4F9
E3AA911F
B6C5311B
14236F62
2F9C4084
AFB9CB27
E1998AEB
CEE553F0
// vkCmdCopyImageToBuffer[0]
00000074
00000000
820E6315
00000033
52513945
0000005C
CD2ED32A
E14B896D
000000D0
00000001
00000001
00000000
433D67AC
00000083
2A573CCA
DF534C38
E336F6EF
65186A8D
48F0CC5A
8C1B008C
D84DC9FB
9E9F7AC3
E1C2543B
F6DAC624
1EBB6333
7FF5083C
// vkCmdCopyImageToBuffer[1]
00000074
00000000
C05A4021
00000028
4DBB5707
0000008B
14AF1F57
354A4BAD
00000044
00000004
00000004
00000000
4436CE78
00000054
26181840
6CB397FC
6A7ABE0D
D99E93FF
80279E68
0D7404B1
77B0CE12
C273C225
1E551E1C
C1925B98
092AF80F
7263A7F9
0819111E
000000DC
3FE7F5CE
8186CDD1
4788A030
21B225B6
180A04E1
B029CB5B
09723552
1D406114
7B5B120D
832CB8D8
2D36C19A
F62B3C70
CB77A67D
0000003E
D0C3F622
8B79B8B9
4E9B1513
D47EA670
C24C5B8B
FB185C80
F373DDAF
C54640CF
3ACB0E09
9E298543
C784594D
E24A19F1
5A8649B9
000000F2
556E3949
562CE9A5
FDC78975
20D8E2D3
027DC8B6
CA8A16F4
F2E6F128
F9D303CA
65300E52
C7071C29
787F8FC6
DC03B59D
// vkCmdCopyImageToBuffer[2]
00000074
00000000
98B72DE3
00000084
24C254BF
000000C4
621FC425
BC4E5377
00000031
00000004
00000004
00000000
C22FDEE1
0000001E
814608F3
7F7AA060
714C9035
BF90AAF8
3C09B8C3
E820C181
00328A21
F1BDAA17
97A29DA8
E64F1874
C8F45DEA
9CD4E8E9
6BB0C7A6
00000059
25A226F0
3C5DC6D5
08628308
446C1316
2A7BFA19
00BA941A
A20E3974
F12C37DB
8B231293
21FB4449
B00512A9
FA64D496
6481C890
0000000E
1C453C50
D07388BA
4CE6DAA7
F5AB1C30
96CC0CD7
AAA33A71
638F5AB9
7540FBC0
AD7B15C5
3A01A8BE
4E101A49
55E563FD
5F441D34
0000009D
A307E460
B45C89FF
8F4353C7
9CA3D123
6D82DADD
F2F14541
7E4F02B3
AA624AE4
EE22049D
3849EA88
3A3AA016
C3CCDE3F
// vkCmdCopyImageToBuffer[3]
00000074
00000000
6BA83FAD
0000003A
12544BFB
000000D8
6EA72BFF
09479403
000000F3
00000001
00000001
00000000
382DACB4
0000009C
899CDFFB
0E0F596C
8B372CAE
6CBF4D5D
BB42345C
EDF3ACFD
48EF98D9
D2315097
5454BBEE
B912FF41
983116A8
3B7AACDB
// vkCmdCopyImageToBuffer[4]
00000074
00000000
336AAAC9
000000FB
35099065
000000E6
39617CAE
BD2A3759
0000006A
00000001
00000001
00000000
9765B1BA
0000009E
8BDEF719
3FFE83D8
85757643
3614AEF3
9F7CFBF5
AE7A6BC6
0A79F6AF
6DC9BCF8
09E9B035
289D3B02
92346319
F7B219F8
// vkCmdCopyImageToBuffer[5]
00000074
00000000
1CE82B63
00000056
DC9CF20D
00000004
0A7CF9D6
A044E605
0000003F
00000003
00000003
00000000
EAB29426
00000093
1A3F628B
05808D1A
D64D37CF
9824E309
6736AC54
9D63C437
83072A07
51EB8FDC
F2B5806A
B94D7B4A
3580B16C
5516E28A
44C7670D
00000072
764DF7A0
98FCDFBD
40214B81
8F00A4C3
C9A34AD1
318215D0
6D8235AD
27C8EEE7
9647DF7C
6F0E8704
7EE83C7F
2D00FE57
2200522F
00000078
99E223F2
0A015FEA
B7B51506
CA4BEEA8
5EFDEA27
4B9F1CCD
765E33FD
6665410E
354A0752
7559FDB7
C96FDD70
35827BF7
// vkCmdCopyImageToBuffer[6]
00000074
00000000
E5E693B9
00000008
7119C1A9
000000D7
4878FEA8
D73535E3
0000000E
00000001
00000001
00000000
91F9213A
00000058
D9F8BF2F
31369992
2A522A77
289E6381
F64CCBBC
29D19DB6
A8413407
9403826B
323D341D
7DE28948
7E1D7B59
7C1D56F7
// vkCmdCopyImageToBuffer[7]
00000074
00000000
86659B75
000000C4
91890947
000000B4
6FE55451
B43273DD
000000C3
00000002
00000002
00000000
179B34C6
00000058
7C885045
B0BC8E2F
26C47106
452DF45E
FDCB469E
F4D3EDDC
B43BEF61
61F841D5
F78C1CBB
9FB1ED11
F73860B0
B227455D
8681A1BE
00000033
7A9D3944
2E076945
11482C9A
ED0FEE1A
DC336589
713ABAC2
B7686F50
2DABE016
8D1CCF00
52BE2B39
FD4D7419
02C65F1F
// vkCmdCopyImageToBuffer[8]
00000074
00000000
3E0820FF
000000D8
FC649507
00000041
0381F2A7
1B678AA7
00000041
00000002
00000002
00000000
09484639
000000FC
5298FF54
5F3B8107
6E376DFC
ABC3CF0E
9901E412
A0EED251
69568FA2
A871D851
2A20A166
68FAF8F0
29D57370
676D748B
A0D6FC3D
00000031
6CBD8156
61369527
2C9194BF
85D82A7E
D0EE614E
CEE3D3F6
42D9E8AA
2D6FE316
5FEACCDD
CAC3AB96
BCE5B8F4
FB5E6069
// vkCmdCopyImageToBuffer[9]
00000074
00000000
A3B0D51D
000000A0
BB40EBEB
00000053
BC0F06E1
6DFD5053
0000004B
00000004
00000004
00000000
A55F4D94
000000C7
65CF9A86
CD1DE113
9DE8D7DB
53A7A240
9EDA4A99
C97DC64F
3F6258A3
46BA3F9A
9E4694CF
76EB4422
14A6B0F8
E96D3C14
7FFF9A12
000000BC
0626809C
3E44CC82
D881B5CA
296A4663
D2FEA11B
9DD8CA26
B6298AAE
0C310455
DB399AB4
43A4AFB3
B4D36011
BE1CEBA9
640B6A54
00000060
205CDD2C
B7C4DC97
1BC50B5D
E057627D
F2553277
1D704E2C
31BDE646
AE629EA1
947B9D8F
AFA72C02
423BEDDA
E4DCDEC5
1B4741D7
00000063
D620472D
0CACF670
B2E8BAD8
FAEF4E88
781E5D35
44AC489B
E108F1CF
750E494A
D18E2905
9CDE8067
2CF760CA
BDF11DF6
// vkCmdCopyImageToBuffer[10]
00000074
00000000
F51DA89F
000000C2
9A2C28A7
00000090
AF0F6AD9
D392F9CF
00000018
00000003
00000003
00000000
7D8CF9DA
000000E2
30025FBF
47C46F14
0353DF6B
5DBB1EAA
42B3292D
641DF630
58919574
B96B7F32
796F829C
022CF2EB
59548C1B
1BA70AC1
2FD364F5
00000050
1BF99B57
C7CF9E01
C116A816
F29DFBBB
C4DC20D5
D51D030F
C43E7B7F
A3B3C279
503C3D89
157CB851
92895660
A8C72C49
6070E598
00000020
671FD5BC
C63DE4E3
9749E358
5BE99C0F
13FEB3FE
A16E6D8E
8CBD3D36
B8089023
2A93986A
2598ED96
10B9E0D1
DB38F4D2
// vkCmdCopyImageToBuffer[11]
00000074
00000000
28AC6D33
000000B0
C8DCF7C3
00000052
77E46DD0
DE0BD74F
000000CC
00000003
00000003
00000000
ED70A824
000000B0
8A0127A0
8453E472
CF312F6F
18969DA3
D878391D
D56B22E7
17E0CBC6
8C317627
D5E3ADA7
CA96BB19
76EE26AD
C9EDDF5A
7B5AFDB3
000000C7
6CB056B6
7C90CBEB
B30DAE1A
5079A9F6
69307427
C9AF0D16
A7E78C31
C4DEE718
CD84FA04
685E6F2A
32D16E7D
4467DFB3
205F4399
0000006A
6F37EE58
D755A7A3
F6867765
C56576CA
F84512DB
F7F8C815
07A3D791
0C1CBA98
2ECDD04A
2DA90D98
82D71D4E
67A3E25F
// vkCmdCopyImageToBuffer[12]
00000074
00000000
3C5081F1
00000000
CD279E11
0000008D
824AE642
165C7D5B
000000F3
00000000
00000000
00000000
// vkCmdCopyImageToBuffer[13]
00000074
00000000
258C595B
0000001B
D6045DE9
0000006D
41764845
334A7F11
00000068
00000001
00000001
00000000
72F2114C
00000022
210449A7
69EAC51B
A34D6FC5
DAC78B80
FA76ADFB
1C962CAE
48A63CC5
529AA6A8
945D900F
D8F9CD59
580D6616
436F1AB8
// vkCmdCopyImageToBuffer[14]
00000074
00000000
08F077F5
00000018
7BA047D1
00000065
4929A099
925C9665
00000005
00000004
00000004
00000000
28331064
0000008B
34301B79
DDCE5EC3
FCF391F5
8A4511B9
130BEC85
7042129C
E273F5C8
ECFC650E
D7965119
314EA7DD
11280BE4
B86213D9
F00FF0B4
0000005D
6E2003F3
4971282E
FA103F0D
53FD9A92
2449E9BE
C7C00CBF
FCCAFE72
9A9DD932
5D3F839A
041FC75C
9DFA3279
D56F6797
E11DD813
000000C2
20D79A19
9E41020F
2211F271
E851A308
AA07F9E8
EC729D4B
7E15934E
23CDB2B8
8565FA5A
7660240C
87AA0A91
49077672
C5C4B6BB
000000D7
75A12779
E600DF5F
3F3794B3
648F73FF
A3F45874
E323F40E
92871178
51988D39
B4C7BE43
C9E1DF96
832E7594
E9B15A08
// vkCmdCopyImageToBuffer[15]
00000074
00000000
A5872C9F
00000050
0BEF424B
00000010
C2629AE7
D814D2F9
000000D3
00000002
00000002
00000000
2B1FE86D
000000B7
D55B831F
D7DEE9BD
2939EEAA
EB16167F
E91B2350
511521C4
47CE6C4F
C0BBAB1E
BE4D5961
1B3AC804
22EA63EA
2A17D67C
57BC298C
00000067
8B8AFC53
E5698D42
D7FCED25
164801FF
A8550CC9
E826F6E4
9174FBC3
5AED6B85
615BFB1B
42357FF9
9029300C
E866708A
// vkCmdCopyImageToBuffer[16]
00000074
00000000
CB40A981
00000077
ED00A621
00000003
71386F7C
E8B9C299
000000A0
00000001
00000001
00000000
B438AFD7
0000007A
A25E0CCF
40587A85
3CB42DA4
34F669B4
A1E0E5E7
51F3959E
E03AADB3
C133AEE0
213BC96D
7175C480
645B9B4A
B2E7A0DD
// vkCmdCopyImageToBuffer[17]
00000074
00000000
AB02BEFB
00000036
936109D7
00000074
80101F59
52FF56DF
000000D2
00000003
00000003
00000000
4EAB28D2
000000BB
28AB4DE7
601C6702
467A9E06
646D959A
72FB4684
7477DD4B
1AD57325
FECA8E26
9709EF7C
D71E748F
49677B6D
BB83C987
035E95FE
000000CB
2DEDAAB3
7D4162DC
986C946C
F38DFDCD
B1FB1D7F
881D13A0
B804DA80
A07AFE88
66AEC8C7
8B54CBD9
DAD27C58
21224D79
0190CE27
00000038
DA1BA0B9
0F9C091A
6EEEC15E
48750034
C475E25C
19090F3B
B0E4791C
6B9218D9
795DF616
550329E1
A88FE076
DF899CAC
// vkCmdBlitImage[0]
00000072
00000000
E3A48A73
00000083
599876FF
0000000C
B0625FFF
67353D99
00000023
C1FD5671
00000002
00000002
00000000
BF58BBF5
F9719181
25B1EE61
EFFD5752
00000002
00000000
A767AEA5
6804766B
00D9BC61
BEFF99F3
1B3905C3
260470DF
560F50B7
BD27A42B
5EA1F349
DEEF74CA
00000002
00000000
221EAFC6
438A69A5
B5E1A3DE
BA1CA2AC
E3D7CADE
48F15557
E3E7F1A2
1ACC4E29
F2516A59
5FC26547
00000002
00000000
5E03E06F
3E995B3C
7DB5F323
AF6C2B82
4B37AB5C
336CA970
622D8950
1B4CC8AE
B60C2DCA
8B0B4A6A
00000002
00000000
C4CD5881
0A643BA9
5AA8469B
2A6F7C57
41529FA8
F7004856
A153F377
// vkCmdBlitImage[1]
00000072
00000000
9ADFFB6B
000000F9
76F31CF5
00000026
E037EB00
CA81DED3
0000000E
A791115B
00000003
00000003
00000000
68446853
A0FB7F0D
D007AC04
0B848EAD
00000002
00000000
E33D2EC0
9503DC22
EAE0C93C
FB931191
8863057F
AAF19AA9
2CA861C5
9D7116D4
EB9F816B
B5018E76
00000002
00000000
03FD7FFE
453F6DD3
AB2D036B
FCEE1103
0D59788C
46E5D56A
2750913A
0CD3A3FA
7DC4EB13
9877A289
00000002
00000000
7CA14C39
5317B739
2517BFF2
CEE185A4
574DF82C
762B86BA
F7690DCE
724490D3
79817F3C
394E6CB5
00000002
00000000
D7708CD5
878C2CA7
79822E4B
8AFEDDCF
2847FA1E
1D8E01D8
272F80D8
D6315CA7
F68BE7BB
DDA57F35
00000002
00000000
6CEB753F
8A7B662F
4BF793C7
E421D14D
E141B1C8
77433EF2
295AD546
61E3523B
B7EE4B53
4A391ECB
00000002
00000000
44385D2E
DE732ADD
3ADF9C05
057B13AA
832D7F0A
8D827462
1B7024A0
// vkCmdBlitImage[2]
00000072
00000000
94DED157
00000029
44882D81
00000070
F94310B6
00F2DD59
000000A5
3C1458C1
00000000
00000000
00000000
F1DDBD38
// vkCmdBlitImage[3]
00000072
00000000
78782F93
00000084
34F998D7
000000EA
5FA1F420
56ABEBAF
00000001
5AB6A2E9
00000000
00000000
00000000
1CBA1930
// vkCmdBlitImage[4]
00000072
00000000
DF09C46F
000000B6
7E5D2B5B
0000003C
F75E3A57
12C9A733
000000C5
E8F9E1BB
00000001
00000001
00000000
47EC0CED
0471D151
1DC7955D
81A164AD
00000002
00000000
991EA435
0A803B18
85BC092F
31305628
8730F396
AA769A45
710A2A6D
F5C02817
AD459B8C
1D720810
00000002
00000000
1E6393EF
A2809C16
CB3AF08E
37E494CD
7609FC5A
067BFFD0
BBDB84AE
// vkCmdBlitImage[5]
00000072
00000000
F22CC115
000000A4
831741EB
00000041
DBE6E279
FA5DCB13
00000082
E942D15C
00000003
00000003
00000000
BFDE145E
FF2A9D25
5D313DBB
CD4FA883
00000002
00000000
305A09CF
D93D7F1A
B6EC571E
BF34B058
271FB9A2
BFDB0D67
D3237BAD
1AC53497
477B0B1B
F310E0FB
00000002
00000000
29A43006
CBCCFACF
E2710C97
7FE4BDE6
8B898CB2
0E01C33B
45279750
0A3BA9F4
266AFD3C
7401795A
00000002
00000000
B2B5485E
D5383CA9
BEE63748
13FF8835
9ACCF76F
E4E4EAA5
FA60F795
DE7DB6EF
3925884F
A218880A
00000002
00000000
F817598D
5CA43D1A
C61AC541
8BC4C4D3
FC35D4A4
A3D292E5
944C4E1E
B5D4F2A1
E48AA7E8
8F02A15B
00000002
00000000
86DBCE9E
3BE3E28C
F51B1ECC
C067676A
0CB84E31
D40B582F
52FAAB4C
533022DB
3F7FE661
2D83C3F3
00000002
00000000
BAD39548
7207A22E
F0531EDB
9972DE05
42569A5C
FCF29679
D445A7EC
// vkCmdBlitImage[6]
00000072
00000000
104A1D49
00000095
A0B5C8C5
000000B8
2BF1B4B8
1DE1C2A1
0000005E
E282DA92
00000001
00000001
00000000
CAF1C377
90BB2ADF
65D01202
DA8DDDF7
00000002
00000000
6E82E87B
01753EA3
0E420690
668C1D37
6C61ADBF
00821AC2
B1725EC5
DD52DB0A
52C9B9EB
666D73F9
00000002
00000000
1B70039B
99A2E12F
7284F290
362BE0E9
5C5509B5
547DC04F
0E851BA8
// vkCmdBlitImage[7]
00000072
00000000
5A3DF36F
0000001E
4F1A3DDF
000000BE
F90FB6E6
9A273259
000000AD
09C88E74
00000003
00000003
00000000
904430F7
C9C1F1E6
F536C91C
71E0BDE7
00000002
00000000
DE42135C
E37B3F28
9B015790
83976BA6
2599755D
7B6EE3A0
80638E65
8DA1E2F3
A96EBDA6
375C1DA8
00000002
00000000
D6465343
11D247C5
1922543F
1A9716CA
FDD340BC
0E710CD2
7CF6C0AB
766CD868
AE2BE3AB
D06606A1
00000002
00000000
CA321C51
03BB4FE6
C4069096
067504DE
CE977771
E00E2315
96EADD1C
DDE60E9B
C297558E
2A236F2F
00000002
00000000
103C2749
D35B6266
4417191E
014286EE
A9633959
28176689
0B863B71
64011EAE
DB87A094
093CF33E
00000002
00000000
FA30BB20
204CA772
CF6DF2BC
F1F8B6A7
2AE023BE
D2550DF6
A9AE282D
096CCC41
F7036541
728189EA
00000002
00000000
D4C97483
F311C445
09F145AA
355A7B9B
267BED07
C4534375
EADEB6B2
// vkCmdBlitImage[8]
00000072
00000000
C1B24645
00000072
0C1B796D
000000EE
BB950B96
2337F8AD
000000A7
0D2C6BE2
00000003
00000003
00000000
1DAF6735
09B2F58B
0C7A6E8A
E4075112
00000002
00000000
3A6249B6
7AC4B90E
9B9F4474
7FBACB60
CD46AE87
3E6AC391
00C518BE
19A4E2F0
C6D925E1
9946EF4F
00000002
00000000
8C04580A
8EC7219B
1B4C1129
EAF898D2
31A75AE6
D97DEEE0
37378891
159F03EF
A80FD3D6
8F0ACF56
00000002
00000000
B10577BC
D7EA606B
4678213A
591D047B
D5844199
692912DF
71EFFB78
2BB571CC
910DAAA8
7BD3BB4C
00000002
00000000
AB176022
2DEA2DC4
F859DE3C
F193D648
948ABD3A
F1E3B24B
561F14EE
A1F54B66
0657DEB2
759E785B
00000002
00000000
C862AD2D
246071CC
8BDBACA8
17684ECC
3DF1ACE6
407C7C53
A18A7B08
84905CBB
975A9320
DDA57CDE
00000002
00000000
3D5BCB0E
6E44A0D1
07614F58
F7F4BAFA
07DB2F13
7506DE81
BBE834D0
// vkCmdBlitImage[9]
00000072
00000000
94B98383
000000CE
48DBD7AF
000000A3
5C88DEAB
55BC18C1
00000079
4F755F5C
00000002
00000002
00000000
4B2081FF
4E44B2B1
FB83DA5F
62D83F27
00000002
00000000
5E4257E6
5962D157
AF4CAB35
ED78A0C1
7992BFD1
97AA1B77
2046AD75
69CEFA23
FD67F1DE
2E74EC07
00000002
00000000
F0E7580E
BB4481B2
81311B4F
FF435C50
F24017E0
23DE1BB8
0E107E7D
E5D4367F
BC200704
3856E6BC
00000002
00000000
6B7DFCB6
826A84E6
123EFA3A
98E49D05
830B4507
9EDBF0AF
0790860D
561093B7
BA94AB8B
9F411F65
00000002
00000000
0D1D1175
EE8C4243
8E7EE9D2
B2A0AED2
1B684D71
7B6EBDAE
BB37B5A0
// vkCmdBlitImage[10]
00000072
00000000
B973A177
0000004D
8B859E01
000000E7
2C7A9D79
033107D5
00000001
3DA0D8B3
00000002
00000002
00000000
4849A320
E8F4F37C
6E358CAD
0C6C0E06
00000002
00000000
1BDB352C
00C2B36C
86127EDC
60764F9E
8D926DF4
AC3E1CFE
2CB8E596
7744BE7B
412F047D
93B98DC6
00000002
00000000
6529347D
133883E1
672ACB6E
204D01F8
B437FA53
2D3BA65D
F0797880
91B87B18
EC448A2A
B01316DB
00000002
00000000
45F5FA52
5D49B513
7B579606
B2561986
4CB79DCB
34B1CA65
3CC66C5A
180FA9E5
6D7E94F6
DA8272FA
00000002
00000000
EF59C454
2BDCB7C4
1B34ECA7
9995BD27
379F3569
74D1C042
7FD6E832
// vkCmdBlitImage[11]
00000072
00000000
FCF320AF
0000006B
BC318593
000000F4
A9ABCC84
80E29135
00000017
A882FAA3
00000000
00000000
00000000
88AA0933
// vkCmdBlitImage[12]
00000072
00000000
EFCCE255
0000004F
FF943F75
000000B6
F927768E
BBF423B7
000000C2
E57E57DE
00000003
00000003
00000000
ABA2ADC5
67140F74
D622B837
DE7A2AAE
00000002
00000000
16E90AE9
594CA11E
DCCDFD3E
EFF15917
470F4CF4
0300DD1F
925FE4F3
154D5856
4DF43BE9
D855D6F6
00000002
00000000
B9209B32
8F156AC5
3FA88DD8
904E6D24
D18FA81C
505567E2
FBF7169C
9585C330
3FC34B2B
BE7A5804
00000002
00000000
BC775592
E10B9AAA
F0D6176A
D7EE540A
8B64F342
7A142702
629D69DC
7D1779D1
2330AC04
3E568B1B
00000002
00000000
7A8DE5B7
712790A6
1A68056B
863EA561
EC6EEB98
935EF9D5
D8D46356
6CDDEA57
3E9420D4
118B9DA6
00000002
00000000
9C0D8FDE
BB656199
59C966A8
0A84E56B
C4D09C04
42D416DD
76056018
2D236E5E
C1052D59
D7DF5778
00000002
00000000
DF549D87
4B3F372E
B1DFD0EF
85519360
54458CAA
82E660A2
34510244
// vkCmdBlitImage[13]
00000072
00000000
A3C04DE9
0000007F
DED3C6DB
00000021
E51D5972
A9903E0D
0000008C
99218ACE
00000004
00000004
00000000
66F6563A
4E406523
F4FD87D8
C61A4DD6
00000002
00000000
7948E1CF
D97597C9
4BDF728C
25A3848A
82683886
C39D8B25
5FC37448
FB4ADF67
D739AD66
9F5BFDFC
00000002
00000000
59E3C2BA
79AF9D43
265FB96B
A2217CF1
E9E3AC6D
98BEF605
BD1893B6
CA76077A
BE127342
D95EA018
00000002
00000000
717B2EAF
FA42C8B3
E4554C0F
AF88C230
3AD8F186
FA362638
1F6A58D4
F62E4EA2
D20F15CF
0750259E
00000002
00000000
E9E4D403
FA3FAC82
848A1E62
B2CC90E2
E8FF3B7F
2F86801D
CF0D37D6
773601CD
61C55C7C
F6A44542
00000002
00000000
C0471A90
E57E29B1
1EA511B7
EAD23034
9FD153DC
10E02F8F
DC765998
EC31D0CF
B5EA6679
0501CA2A
00000002
00000000
FFA03CF5
0CCA3A8A
8F624642
147C792A
4C73344A
78894A0B
C273D714
F24E629B
E98BD067
35CDD997
00000002
00000000
08E72DC9
01CD0B58
F01C1A14
196E8760
DD00FD04
887A5F19
82851D42
F17051C6
5B556DAC
92245859
00000002
00000000
FEC9FFC3
85418FA4
1C69E2E1
591DD683
1F981ED2
F6CC8AC8
1A97BECC
// vkCmdBlitImage[14]
00000072
00000000
71629B11
0000007F
E83C4B35
000000C8
E2C821D1
A7DC58DB
000000B3
26B22B19
00000004
00000004
00000000
A86DCFF8
33D28DF6
4F75D25C
C7B9D95D
00000002
00000000
569D2E8E
6FD74124
D548E8E1
6BF0A8E3
285B673E
B2F4C28B
749BFC03
442512EA
D075FC7E
FA5A5EF2
00000002
00000000
6E7B52CE
1051C030
4E3CBA7A
CFC5634E
170C17FF
C11AE8D0
0F8F4B25
A2AB5C54
AFE8DA69
374C2C58
00000002
00000000
ABFA76B3
14D05C2C
5563B622
AAEDFA71
42BF2A33
E78AD442
08D70A5F
FA254818
DA360E5D
E4F167E2
00000002
00000000
ACE01762
C97736B7
1EF9966E
345FA1E7
DE1E9283
FB656C04
3671653B
6BB65119
D4726860
3AA61550
00000002
00000000
658DAF70
3AFC05BE
71861F99
524BC66D
9CC5A31F
CAA45116
93CDBC48
A65849AD
7168F390
039FF65F
00000002
00000000
8991FD32
485F6164
A2792E39
44E3B715
F3EEE3E4
7D611219
057BFDA8
661F0FB9
2AC5211E
3140D9BA
00000002
00000000
3C761318
0BC354CB
DFF0E1C9
F9919C76
D0244D26
6C9A2474
FC7112F7
FD4333E6
ED4B1A4D
CFA11340
00000002
00000000
1C5B43EE
919E231A
BB99E8EF
E32569AE
8992F6F0
C5828FAC
E40D07EE
// vkCmdBlitImage[15]
00000072
00000000
6F781909
000000D6
B5129AB1
00000038
F7318B7A
94A1B1E1
00000012
4F84C1A9
00000003
00000003
00000000
00B45761
E6E58DF6
210D5A51
CA038093
00000002
00000000
41E7A452
4AC8BC32
DF73F384
5B0048C3
B090C46B
63704BBA
03CF0C1B
D9915715
79DF30D4
14351E47
00000002
00000000
BC55F690
8E1755AA
11D10EEE
F3D7D00D
E56B9D4F
15598C91
20056777
586DD147
0CA412F0
3F7004A5
00000002
00000000
11838A72
05EC992C
D2534D01
F82B9141
68050E98
4C6B2418
EF86F380
618C070B
9B726069
0C680B3C
00000002
00000000
58ACEB8B
863156DF
CB901B20
F463EBF3
78F4A21D
3315A6CE
E06F204F
B77D1719
6D691110
75862C47
00000002
00000000
D43ED689
15F2F240
6C8F6E67
E8853994
2905B051
36A213A8
13918FA5
1E49AE7C
8997ED00
F18EC4EE
00000002
00000000
CD458F3F
897E35DA
8C635032
C5B4A751
766BFC98
3CCEF9AC
F8088D20
// vkCmdBlitImage[16]
00000072
00000000
217E09C9
000000DB
F41FB809
00000048
94CE11A3
F67ECC7D
00000035
9DB608A1
00000001
00000001
00000000
5A7C69A1
FD633261
978B40CE
596F75B2
00000002
00000000
82DD93DC
C6119A47
5AEC05DD
3AE704D4
F353406E
AC3D6923
1BA0F4C8
635841AD
C860CC07
D9901F5C
00000002
00000000
CE64582F
2CFBD8FA
EA40B078
04A92C71
3CC52A2E
6137E616
4684788E
// vkCmdBlitImage[17]
00000072
00000000
3C140C89
000000A3
699F0781
000000A2
D086247A
AFF66EE7
000000EB
375F5F8E
00000002
00000002
00000000
24DD4F64
7D3C6B62
B0D83D77
5B687EA9
00000002
00000000
63828C71
C861ED98
939FC43E
D853CFA3
5AD7EFF9
1725A30B
D8529BC8
71C5446E
8964A0F2
075D2D0E
00000002
00000000
BC485487
96E3529E
3FD31804
31892A61
D34827A4
1C327C92
3291BE12
C3059BE3
EAF6F357
60F68488
00000002
00000000
D9CD4BAE
55087EC2
0C89CA9C
1699F811
0E1BE9B6
BFEB9727
79499088
25443BD5
3E0ABC4D
52B3C026
00000002
00000000
FDD325A6
80EC5931
8380E773
BB6973F3
5F6E14FC
494F7067
891C3762
// vkCmdFillBuffer[0]
00000076
00000000
9BC487F7
000000BD
75A075C7
0000007F
8C528384
0000008D
3749DCEF
00000070
CFE502F6
// vkCmdFillBuffer[1]
00000076
00000000
0A370BAB
0000003F
FC28B14D
000000A1
03BE7048
000000C7
733F74EF
0000004E
6B25A98E
// vkCmdFillBuffer[2]
00000076
00000000
C41B72D3
000000B1
EE180A3D
000000F2
E0A3D693
00000091
98D6392A
0000002F
C3BA1335
// vkCmdFillBuffer[3]
00000076
00000000
4D168CA1
000000AD
95250769
00000082
ADB75BA9
0000002E
2CCDB4E6
000000D0
890BAD15
// vkCmdFillBuffer[4]
00000076
00000000
936308C3
00000048
3CC5A92D
0000008B
7F0817B0
00000022
5AD8322A
00000043
091A439E
// vkCmdFillBuffer[5]
00000076
00000000
7CB4827D
000000C5
C3EA1B51
00000071
C45883BC
0000006E
5B575DAE
00000085
1092A6B3
// vkCmdFillBuffer[6]
00000076
00000000
E6BCB8D5
00000091
62112F2F
00000088
76CC1291
000000E4
F27B423F
000000F0
CA9DA879
// vkCmdFillBuffer[7]
00000076
00000000
A2A43953
000000B0
C3E7E4B1
000000A4
F432FF2A
00000064
AAD99E86
00000030
0E9F688A
// vkCmdFillBuffer[8]
00000076
00000000
4F2A04EF
0000003A
A0E8AB19
00000081
0339AA97
000000EF
35320A49
000000BE
F54DD916
// vkCmdFillBuffer[9]
00000076
00000000
29ADAAB5
0000009F
380F8EBF
000000E4
74431C76
00000029
346EB876
0000008F
BBE8A04E
// vkCmdFillBuffer[10]
00000076
00000000
17426BE5
000000EA
1C996BF7
00000095
DAB60FA4
000000FE
A3839A66
000000DA
E08A0ECC
// vkCmdFillBuffer[11]
00000076
00000000
91610F9D
00000004
AE9053B5
000000EE
13097A4C
000000EC
22032092
00000046
61D2A1FD
// vkCmdFillBuffer[12]
00000076
00000000
01515E0D
0000004A
387FC683
00000048
78E7E9A3
00000016
12977570
00000088
827D4A56
// vkCmdFillBuffer[13]
00000076
00000000
647DFF9D
000000E9
3338018F
000000DD
C9113D5D
00000006
BC2EDF79
0000005A
973F1789
// vkCmdFillBuffer[14]
00000076
00000000
DDD489F1
000000C5
3724B989
000000AE
1A26D8C6
00000094
2FDF696D
00000021
4A994D78
// vkCmdFillBuffer[15]
00000076
00000000
3E18A377
000000AA
24A2F5CF
000000F9
A3887370
000000C3
B8870C19
00000066
0A0F4D43
// vkCmdFillBuffer[16]
00000076
00000000
C21C34A7
000000DC
2D0852C7
0000007C
C57458EF
0000000D
4CA21757
00000077
66D8B505
// vkCmdFillBuffer[17]
00000076
00000000
71A763A3
000000B5
12BF5F0F
00000035
FB30DA6A
0000002B
DC387C33
00000051
BA0FEF3F
// vkCmdUpdateBuffer[0]
00000075
00000000
D61E7121
00000049
03332735
000000DC
7730C832
00000029
00000004
00000000
00000004
00000000
59ED3689
// vkCmdUpdateBuffer[1]
00000075
00000000
21DFF0A1
000000B1
66149179
000000DB
7268B2EE
00000090
00000000
00000000
00000000
00000000
// vkCmdUpdateBuffer[2]
00000075
00000000
148C7B49
000000BE
AB06ACC5
0000006C
C0220812
00000085
00000004
00000000
00000004
00000000
DF54E7C1
// vkCmdUpdateBuffer[3]
00000075
00000000
6102CE35
00000068
89D83C2B
00000037
406DF5AF
000000B3
00000000
00000000
00000000
00000000
// vkCmdUpdateBuffer[4]
00000075
00000000
2C53241B
000000FB
DA41F771
000000B8
DD75800C
000000D7
00000001
00000000
00000001
00000000
000000EA
// vkCmdUpdateBuffer[5]
00000075
00000000
D08AC345
00000044
D1007C07
00000031
E77E1429
00000088
00000003
00000000
00000003
00000000
000C1B85
// vkCmdUpdateBuffer[6]
00000075
00000000
E326F843
0000005E
81DD61C9
000000C5
918B1BA1
000000CC
00000001
00000000
00000001
00000000
000000B6
// vkCmdUpdateBuffer[7]
00000075
00000000
1DCB4E9B
00000021
F5CE6F2B
00000074
07303922
000000E2
00000003
00000000
00000003
00000000
00163F75
// vkCmdUpdateBuffer[8]
00000075
00000000
54466F11
00000070
8FF4CFF7
000000C1
EA287132
0000005F
00000003
00000000
00000003
00000000
00E34336
// vkCmdUpdateBuffer[9]
00000075
00000000
6467DF81
0000007D
16E4F99B
00000010
C8EA1AE5
000000DB
00000004
00000000
00000004
00000000
119C0958
// vkCmdUpdateBuffer[10]
00000075
00000000
66CAE31D
000000E8
7D17D5F7
00000019
BA093C1E
00000000
00000004
00000000
00000004
00000000
C8E4DA83
// vkCmdUpdateBuffer[11]
00000075
00000000
546F6D01
00000097
7D4D557B
00000088
572DB391
00000007
00000003
00000000
00000003
00000000
00191EDF
// vkCmdUpdateBuffer[12]
00000075
00000000
DB5E5BCB
00000094
9E12E3D9
00000020
B95C9969
000000F3
00000003
00000000
00000003
00000000
000C2C52
// vkCmdUpdateBuffer[13]
00000075
00000000
CC8591CF
0000005D
8DEB1E29
000000D6
D2AD3393
000000BD
00000000
00000000
00000000
00000000
// vkCmdUpdateBuffer[14]
00000075
00000000
031AE13F
000000EB
10639535
00000090
B342C5E3
000000BF
00000003
00000000
00000003
00000000
00CA4156
// vkCmdUpdateBuffer[15]
00000075
00000000
B6A84B7F
000000B1
1F8AB591
0000001E
ECC7E3D6
0000005F
00000002
00000000
00000002
00000000
0000536B
// vkCmdUpdateBuffer[16]
00000075
00000000
A86F00E3
00000079
46DF94A7
0000003E
38C03751
000000E4
00000004
00000000
00000004
00000000
74388FFC
// vkCmdUpdateBuffer[17]
00000075
00000000
636A2A09
000000D2
44AB6953
00000030
5B183232
0000006F
00000002
00000000
00000002
00000000
00008B99
// vkCmdClearColorImage[0]
00000077
00000000
85C30827
0000005B
4A72DB79
000000E4
2A55BD07
00000001
00000000
00000002
00000004
00000000
FD2B4167
EB15D55B
853D2BC3
93B36BCB
00000000
00000000
00000000
// vkCmdClearColorImage[1]
00000077
00000000
DB9C8DDB
0000004D
9B0426CB
0000004C
2212767C
00000001
00000000
00000002
00000004
00000000
F6412EE5
BE6FAAF0
630B8AC9
56791815
00000002
00000002
00000000
994361EB
2E350222
273C0326
3074726D
87C915B7
860249DB
923290F9
C0035977
C91D7385
6C6E85CB
// vkCmdClearColorImage[2]
00000077
00000000
436AB51F
0000005F
152B2B53
0000005C
248833BE
00000001
00000000
00000002
00000004
00000000
1AC6DA38
3B7C06A1
0170471F
8D9A7768
00000003
00000003
00000000
F7D7836C
0F5260FC
1264A304
545B01D5
5FDDECD1
1951717F
8178CED7
4D08988C
0D14E3BA
7F542D45
377044E0
7C62A2AB
EB78BF34
A6F9D1C2
F58AA4B0
// vkCmdClearColorImage[3]
00000077
00000000
EA148397
000000A7
D63A9759
000000A6
B35FDA8D
00000000
00000000
00000003
00000003
00000000
D964DD39
A930960D
E7952601
99D3866D
B300F1BD
0003F9C6
771D2F8F
E9662A95
DA5B5F20
E35ECDA4
C3D05320
50E39907
5ED69058
1AB6D10D
6882A5C4
// vkCmdClearColorImage[4]
00000077
00000000
6B32BDAB
000000FD
0AFC4EE5
00000072
06C6D34F
00000001
00000000
00000002
00000004
00000000
6C271947
E72FD381
5947F30F
4827742E
00000001
00000001
00000000
B92357EC
5BB43219
3492A666
A90BD3AC
806A0125
// vkCmdClearColorImage[5]
00000077
00000000
B5741189
00000098
9C055B33
000000DB
A738A9F9
00000001
00000000
00000002
00000004
00000000
1549C818
D4A6FAB1
54833056
680248C4
00000003
00000003
00000000
D2006F1B
56C746EC
0640E45C
67B572FD
AACF96C5
6EE7154F
8097B8C9
96782E24
E5953D03
84CDBAAE
D4D865C1
F35AC63F
F7CF297D
52C7718E
77F85271
// vkCmdClearColorImage[6]
00000077
00000000
95264279
000000FC
4E007599
00000056
13BAFAED
00000000
00000000
00000001
00000001
00000000
AEF26FA4
84F9A0AE
C93647D4
9D63E37C
68FFE319
// vkCmdClearColorImage[7]
00000077
00000000
3E4CF5B9
00000022
489E4305
0000008F
3EF458AF
00000001
00000000
00000002
00000004
00000000
B6CD67DA
B94EA19C
0FA69B31
BA17A29A
00000000
00000000
00000000
// vkCmdClearColorImage[8]
00000077
00000000
EE56DDB9
00000048
B8522E57
000000D1
FB1B8D0C
00000001
00000000
00000002
00000004
00000000
B9088D77
5C0B526E
2C16B70A
1D66A82E
00000000
00000000
00000000
// vkCmdClearColorImage[9]
00000077
00000000
1602D3DB
000000D8
B0C63347
0000007D
BDD15BA6
00000001
00000000
00000002
00000004
00000000
2FA461DD
AA07BA30
303E5478
E3F5A9DB
00000000
00000000
00000000
// vkCmdClearColorImage[10]
00000077
00000000
56177BDF
00000071
EC5D7069
0000007E
C4FCAC7C
00000001
00000000
00000002
00000004
00000000
7232A686
446F4C86
636B6248
B44D6119
00000001
00000001
00000000
3AA7ABD6
C38F76BC
A71D21C5
148FC7C7
7D658E05
// vkCmdClearColorImage[11]
00000077
00000000
02D23D79
00000064
BC482E83
00000080
9E1BF5F2
00000001
00000000
00000002
00000004
00000000
3ED9ACB3
6E906F49
EA2F5832
E3457FCD
00000003
00000003
00000000
AF948502
50B31881
5BC3F9B8
7FBD6A32
5E1F03D3
01B114E2
07F8ECE5
FD81A8CF
24CAB5B2
37F3DE77
0F48DAE4
B51CD16C
D4812681
36B46691
0B477EBD
// vkCmdClearColorImage[12]
00000077
00000000
7A8FDD15
00000094
2E51FC67
00000064
8D6CDCD1
00000000
00000000
00000002
00000002
00000000
D5F7E46C
09A0E44D
0DEE78A7
A8434A63
81C70198
8C1906F8
BA46ED56
7A114650
5E521B93
68CE7A4F
// vkCmdClearColorImage[13]
00000077
00000000
C2349B75
000000CD
A03115CB
0000000F
864B97CB
00000001
00000000
00000002
00000004
00000000
C1FE312F
AE94D573
3A938542
A81147AB
00000004
00000004
00000000
F713EC14
FBE2942B
60404B3D
101757CF
ED756250
6703C8BE
C662A92B
D5F3FFC9
06FAA3B2
1EE28068
32A5DF82
A568B48F
31E4CA43
C51802F8
B602C42E
BC42F116
24E1DF90
AB207ACB
ED373D59
12A4864D
// vkCmdClearColorImage[14]
00000077
00000000
C60BD679
0000003C
93C2B0B9
000000BC
3625A2CB
00000001
00000000
00000002
00000004
00000000
139FED87
F0737C12
44421F3A
CA6D4AFB
00000001
00000001
00000000
C2DAB688
7A024078
CD175EA7
906EC66A
C68F8674
// vkCmdClearColorImage[15]
00000077
00000000
63A1E819
000000AD
7D6090F5
00000002
DB73E2CE
00000001
00000000
00000002
00000004
00000000
104A8267
B52D4802
AF98EB93
DEC013E2
00000002
00000002
00000000
5F599C69
583DC4DF
9C1E88E1
C73AB085
0E0D8643
F4B7CF9C
BCDFF9B4
DC58CF8C
DD946322
6E49FEBA
// vkCmdClearColorImage[16]
00000077
00000000
2BD27597
000000D7
5DFC4B9F
000000B2
CB877E47
00000000
00000000
00000002
00000002
00000000
E25672A7
0018DE6B
EF87A318
9654B367
0AE14A42
293FAC41
21100C77
D09836AA
CEA5D35F
7EFE37F3
// vkCmdClearColorImage[17]
00000077
00000000
0AF39AF1
000000A4
D2E65E55
0000002E
C2225367
00000001
00000000
00000002
00000004
00000000
CAD6B39E
8D81FB0E
E87F6F09
4B597EC2
00000001
00000001
00000000
75530FA6
6F61B3E9
98105721
DD832A04
B1AD15F9
// vkCmdClearDepthStencilImage[0]
00000078
00000000
1E9A9AB3
000000FB
B98603AD
00000021
F7D99FC5
00000001
00000000
273EF1F1
7E9D2EEB
00000000
00000000
00000000
// vkCmdClearDepthStencilImage[1]
00000078
00000000
CBC0CBDF
0000004E
388161F3
00000041
C3146358
00000001
00000000
6234B3C5
10B0715C
00000000
00000000
00000000
// vkCmdClearDepthStencilImage[2]
00000078
00000000
B839084F
0000003F
5700C561
0000008A
924D518B
00000001
00000000
C590A0CD
B9D69A36
00000004
00000004
00000000
2916E38B
6E91594C
2795F8B1
B52DB866
284E6BD1
3D16EFF9
7CF9A494
31C2AA11
29B24D9E
0304842D
E178D5C1
D07F25F9
25C89DAD
FB708F86
02E36D94
ED5BFFF3
7F742B4D
16F91A57
FF780D92
76FD6BFC
// vkCmdClearDepthStencilImage[3]
00000078
00000000
0D4317B7
000000E2
F6449F9D
00000074
D0CE64C2
00000001
00000000
322E2F7F
E06E9F15
00000001
00000001
00000000
EB504AA6
22ACC67D
44A019F5
885B8993
C6B5DFC6
// vkCmdClearDepthStencilImage[4]
00000078
00000000
C08B0EF5
00000017
EE31C27D
00000070
92CDADE2
00000001
00000000
8375E1F4
6A39B134
00000003
00000003
00000000
6DA80B74
B07BC828
D3F861A6
17BDE47A
2B1EA258
6D10D2E1
0022DBA1
EA275978
BA7DBBD2
B235BB79
BB78A2E2
FC8D4E57
7A2DDB62
516128BC
B706568C
// vkCmdClearDepthStencilImage[5]
00000078
00000000
212494EF
0000008D
2A686869
000000EA
D2DB6E4D
00000001
00000000
06254318
72F75EFD
00000004
00000004
00000000
70A39E34
91C6C297
E1AB69D5
3D00BC9B
71D4452F
051CA5FB
76B9E663
3AB1D7F0
3EB150C3
89DFDB43
D8718314
424E0BAB
BABC7D74
FCE9793F
D866530C
B2159EBF
2026AA8A
27189649
4C5F15D8
4B81A55F
// vkCmdClearDepthStencilImage[6]
00000078
00000000
B600A9B5
00000007
3B27DA25
0000006E
A5961999
00000001
00000000
04D44EEC
48730469
00000003
00000003
00000000
12227EEA
CA1E1C27
3E1C8AD5
807E75C1
1097C952
F0DB40BE
CC948384
1B1FC38E
81DC4F98
995EB62C
D8EC037A
B9654D08
64482BEB
BCC4882C
17D10437
// vkCmdClearDepthStencilImage[7]
00000078
00000000
9BE20DA9
00000013
D58EB633
0000005B
D6850E66
00000000
00000000
00000002
00000002
00000000
5618EFC2
B8B95E11
AAA1BCD2
C067BC1F
628CD92D
FACB3C8B
A7AF47D5
89922208
8FB2CE96
A2951769
// vkCmdClearDepthStencilImage[8]
00000078
00000000
7FB85E37
00000000
C6AFEDAF
000000B4
4BF55F08
00000001
00000000
D8CC82A0
41D953F6
00000000
00000000
00000000
// vkCmdClearDepthStencilImage[9]
00000078
00000000
1A847637
000000B0
020C3B4F
00000014
CF1B976D
00000000
00000000
00000004
00000004
00000000
44763F2F
E36FE70D
DA733D1A
44B40D4E
E657F1CC
964C5634
D1A50D31
7E5A6CB2
967FB4D0
79955A4A
1C90A2C1
99B74F3E
447D3CF9
862D070D
7E481900
C552FDF8
F80C4A47
37063619
2F84378E
95B084F1
// vkCmdClearDepthStencilImage[10]
00000078
00000000
DBB2945F
00000024
56E8EBFF
000000CB
FEF7E319
00000000
00000000
00000003
00000003
00000000
16D0D2ED
263CB921
692C5753
93534CA9
67689894
F6B2943D
8E245323
E79479B8
C04572FC
06CE4C63
A24AB96E
C416DF6D
B27A595F
1CA4383D
79BAD9A5
// vkCmdClearDepthStencilImage[11]
00000078
00000000
0B8F3305
000000BF
82F05F89
0000003E
1B7E7272
00000001
00000000
9DE0D1F2
71D9AC77
00000000
00000000
00000000
// vkCmdClearDepthStencilImage[12]
00000078
00000000
0F820ACB
000000B2
E847E341
00000036
AECA9E2A
00000000
00000000
00000001
00000001
00000000
6E6069AE
0F50C5DA
38EF9B93
95FE3E2E
AAB1C96C
// vkCmdClearDepthStencilImage[13]
00000078
00000000
7D27B41D
000000DB
6C87A829
000000E4
2B92DBF7
00000001
00000000
75639194
C5216630
00000000
00000000
00000000
// vkCmdClearDepthStencilImage[14]
00000078
00000000
8CD51FE5
00000068
67326F63
000000F8
F3FCA748
00000001
00000000
D7EA46E9
0CB771C1
00000003
00000003
00000000
771AF975
AD061744
35A1131E
645DCE7E
EC5860AA
1F4787D3
A7A7524E
6E98E8C4
E17C2EC3
78974B08
69C1D606
0E97C51C
9FBB9BB3
287B4C29
59D3A059
// vkCmdClearDepthStencilImage[15]
00000078
00000000
B6EEB267
000000C0
74D8BFD9
00000044
785F1C10
00000001
00000000
D6AEEC57
08ED67E4
00000002
00000002
00000000
2E9D8454
DFB99847
287F2C50
24A4EF4C
95C02373
44E683C1
567E681E
FD8E699E
F28ECE64
460429B8
// vkCmdClearDepthStencilImage[16]
00000078
00000000
B935B8F3
00000049
F111EBDD
00000050
2FB7F6E6
00000000
00000000
00000004
00000004
00000000
64796E53
6A78A376
51B2184C
4D3C855E
4E56E599
A31FA564
C2B25B30
1ECC507F
A6A30C07
D8BC1DFB
CE7D1222
F9A437F6
BB00DC7C
693D5692
111C7316
25606CE4
096BD4FD
3DC73DB9
C9E8CB11
A3E6A0E7
// vkCmdClearDepthStencilImage[17]
00000078
00000000
3F7D6E5B
000000BE
ACE132BD
00000008
6B6DAB6D
00000000
00000000
00000004
00000004
00000000
C168AC66
9528AB1E
B397C57F
D3712545
46FA6ED0
BBC7BA91
1E9F0155
04CF016E
C486542C
8B31AB99
C4EEC9D9
85299B3D
F44A7AFD
38E66ACE
E4FCB9A9
16DD555C
1C01E256
283626B4
B790C098
705C1444
// vkCmdClearAttachments[0]
00000079
00000000
9D3D6F65
00000082
00000002
00000002
00000000
CA5DB8D5
568C706B
00000000
00000002
00000004
00000000
E8ADC489
9359B543
90B1D550
C5C7FB87
81BD5E8F
F925ED68
00000000
00000002
00000004
00000000
B811A4DB
AFE41FB4
129A6898
AFBF62F3
00000004
00000004
00000000
47C0503E
F437C1A3
B6BD7808
23C87752
41A444F5
A06F5BB6
B5BA2D36
3B8E6F79
59DF357C
0FEA97B0
8E6C94E1
7A5FAD2B
837FCA5E
94D8028A
996E480D
93EAF17E
3A97AEB4
9EA8D31E
233EB6F2
4D4B130C
04B90D24
87B2CAD3
D8FE1720
05A8EDF3
// vkCmdClearAttachments[1]
00000079
00000000
F711F703
00000025
00000004
00000004
00000000
3E9818CF
7F5E8721
00000000
00000002
00000004
00000000
B5D2B0C8
A78C0F7F
69C650FA
9A642259
B8448195
133E0A27
00000000
00000002
00000004
00000000
367B18F2
B587AE00
6FF48F5A
804B8AC7
3F4FDD8C
E5316A25
00000000
00000002
00000004
00000000
0B9E56DF
3C16A3F6
446FC9FF
E1837FD7
A50DE3DB
AAB12412
00000000
00000002
00000004
00000000
B80017B5
9A31AAF9
CABAD3D8
E9EE0577
00000002
00000002
00000000
75FA78B8
7FFE7DFF
1E6E9D23
7DF990A8
8BCBC60F
342C81F1
964C5601
593D5E89
6A6E3871
6BE2BF8C
6D9C99A4
11112C11
// vkCmdClearAttachments[2]
00000079
00000000
E2F655CD
00000075
00000000
00000000
00000000
00000001
00000001
00000000
E3C663B6
93366CC5
7C7CD6CB
3D8E2D9E
AD9F6DB7
66164079
// vkCmdClearAttachments[3]
00000079
00000000
72E6332D
0000006B
00000003
00000003
00000000
1D8315B1
8F780411
00000000
00000002
00000004
00000000
ABDA033A
5EDA64B2
4D601439
989FD1F9
B0335437
E0CD65E8
00000000
00000002
00000004
00000000
7D4F47AB
F22827FC
A1862854
99F56CF8
BC53C9D9
11321DCB
00000000
00000002
00000004
00000000
F8FA9B85
A8E0419C
AB5FA40E
92FB5E9E
00000004
00000004
00000000
93581D91
07739DA3
1C39189A
02479E13
E7E64580
BF10FA6F
D1886CA2
2DEA1D21
223FF7DE
92E2404A
0C3B85EF
F6D5F416
99981C68
FBB98D5A
F90824F2
17B1484E
A5B55024
2A608CB8
E0D56C72
4A30D1F4
B83EAFCA
A54BE293
FD9F881B
52C10C8B
// vkCmdClearAttachments[4]
00000079
00000000
25D9B39D
000000C9
00000002
00000002
00000000
AFE92F8E
FDF3DCA9
00000000
00000002
00000004
00000000
0F89BD68
81ACE55D
0DC09231
0DE8D6B7
F2BD3917
E5438D5D
00000000
00000002
00000004
00000000
32AA2E42
EE7636A1
959C211F
3EF92D8D
00000002
00000002
00000000
B2ED6169
5B612325
4A83602A
E7A85F37
99D77B8A
A2DDA2FF
8009F6EB
B5CE185A
7C1AB6DD
3EB66D0C
3CCA76E9
44141A3D
// vkCmdClearAttachments[5]
00000079
00000000
4268277B
0000004D
00000001
00000001
00000000
94BB591F
A9B2F593
00000000
00000002
00000004
00000000
2518FF09
B68A7758
CB2422DA
B04FAD93
00000004
00000004
00000000
0715752A
28FA4C8A
DBF638A5
4ECA8B4E
8811E59D
F85CDAE3
DFCE15CD
7E53A28E
786F6886
043737C8
61935CC1
B8EB574D
B4959880
CF0FEBE1
2545E5BE
D70F53A3
65732B86
25B14F8B
34D4F057
0125F51B
180E7BBC
63CD9480
E1BBE8A3
709FC0DE
// vkCmdClearAttachments[6]
00000079
00000000
0E8A687B
00000007
00000004
00000004
00000000
9F5EFEAD
7FA51B05
00000000
00000002
00000004
00000000
93B4E96F
59212459
7586E640
E3779A12
77C01FE8
55CDBC9E
00000000
00000002
00000004
00000000
7A082139
4295587C
A63B53B7
AA84B9CF
B21925B3
53B200D9
00000000
00000002
00000004
00000000
43819EDE
AADA6B78
7B341006
0E7CCA0B
8F7730D2
950725D4
00000000
00000002
00000004
00000000
256A4BD7
D0030A13
17A45E7F
FD27FAC3
00000000
00000000
00000000
// vkCmdClearAttachments[7]
00000079
00000000
D31C2E85
00000004
00000002
00000002
00000000
214D4CF4
7420CCCA
00000000
00000002
00000004
00000000
8BCD153A
38E95AE6
0ACCA62F
4E526409
7C7AAA8A
E82DF299
00000000
00000002
00000004
00000000
0305DFB0
0AB0E2BA
2E546BAC
13710842
00000000
00000000
00000000
// vkCmdClearAttachments[8]
00000079
00000000
53F16135
000000C6
00000000
00000000
00000000
00000001
00000001
00000000
9209BBFC
95E7DD93
BF83D92C
2126A4E5
4CCAF786
968F126C
// vkCmdClearAttachments[9]
00000079
00000000
BB827017
000000F4
00000001
00000001
00000000
F6CDA92E
1E19026D
00000000
00000002
00000004
00000000
35138342
71A8C3B3
F6462291
0244155A
00000001
00000001
00000000
E1F5D7B2
FA18EF29
FCA204E8
DA876E64
D9AFCE29
814BE9B0
// vkCmdClearAttachments[10]
00000079
00000000
0E3750BD
0000001F
00000001
00000001
00000000
31C80248
49C95251
00000000
00000002
00000004
00000000
C6F68AA2
18AA0818
465AE2FC
842BA254
00000001
00000001
00000000
63BD081D
F2839C21
6DBCCF42
1B617472
447C42A2
AD66FD91
// vkCmdClearAttachments[11]
00000079
00000000
8E98012F
000000CA
00000004
00000004
00000000
A1E1E4B6
577824D1
00000000
00000002
00000004
00000000
679ACBC6
FD309424
8711C3DE
2E7647BA
E4E8D3FC
3FA9347D
00000000
00000002
00000004
00000000
7EC8937F
CE9F534D
677072F5
1594BE73
8172A4FD
34B7F2BC
00000000
00000002
00000004
00000000
F2D2FF74
81A0E9EE
FA091104
F12F6A8C
7606A3FF
2BF26EA0
00000000
00000002
00000004
00000000
66AF151A
E657AD9B
6AC6C738
63D8F7BE
00000004
00000004
00000000
8DDCC5FC
3F09CB62
4CA8468A
E0607210
3469A314
6FC8CABD
F3470134
083AAA88
ADFDF1FD
AE5C6A06
B559079A
5F3122BF
556B48F5
A084A66C
4315BCD4
649CE589
70F710D3
02BBBE3A
96677A13
D0814237
75F56991
2F39C920
056AF333
1BEF7B40
// vkCmdClearAttachments[12]
00000079
00000000
6D598D83
0000003B
00000003
00000003
00000000
4727B720
F9111619
00000000
00000002
00000004
00000000
1B4599DE
23A3A030
74CBF3A8
C814B09E
7C5DE061
99BB875E
00000000
00000002
00000004
00000000
2FD364AC
DEF54658
FF3DCD52
8A291978
CC8B3232
FE01A912
00000000
00000002
00000004
00000000
50DC96F6
9CC45B99
7D053952
515B40EE
00000001
00000001
00000000
22753BBE
BB87B89E
AFFAC96A
C8C25C68
D72E8364
1233D00B
// vkCmdClearAttachments[13]
00000079
00000000
F68B594D
00000049
00000002
00000002
00000000
59E531B5
24C1EC84
00000000
00000002
00000004
00000000
1934F08A
2F47AA91
F1748D4C
A85B2161
7F386E93
C1259327
00000000
00000002
00000004
00000000
1D82B2B2
DA311BF0
4614FAB8
4DFF0937
00000003
00000003
00000000
21B3DCA1
0BB97BC7
48555644
B3ABEA66
D55CF7BE
E669436B
469A7CA2
B1D05593
57C6605E
52EB5B3C
3687BD21
45C76C09
D20EC589
F82CFDB0
D2B5BF10
B5A53510
4C95E5F5
BB381BF5
// vkCmdClearAttachments[14]
00000079
00000000
A0DC6FB3
00000045
00000003
00000003
00000000
2395481E
29377DE8
00000000
00000002
00000004
00000000
B485E277
2E744020
14C474DB
3249B800
39FBADDE
960CA1DB
00000000
00000002
00000004
00000000
E0E9D100
D3EFF631
2605C331
E21546DC
747F83F3
2B7AD62F
00000000
00000002
00000004
00000000
40B7F8F5
8CC0AFB2
01C9ADD9
68A5B9D9
00000000
00000000
00000000
// vkCmdClearAttachments[15]
00000079
00000000
8574EA57
0000007F
00000003
00000003
00000000
2CB300C1
9C82C6CB
00000000
00000002
00000004
00000000
EE3D41EC
95149E11
12A4A235
9BBD0896
14BA72B8
68D2325F
00000000
00000002
00000004
00000000
DE0F5D74
3A316F8B
0698A549
D4D4C2DD
E590B363
AF11E44D
00000000
00000002
00000004
00000000
AAE352A8
EE0506B6
72BD4F2D
5D69CE9B
00000003
00000003
00000000
92AD7A5E
71AEE886
CC0D1B9F
5E116572
1108D523
98015356
E4089D36
61B48049
09F01682
6993143A
9DC6ECA6
89CB7A72
0AA44B80
BDCD1A5B
700963BA
4D35FD82
5B46FB17
7DEC9914
// vkCmdClearAttachments[16]
00000079
00000000
488DFC05
00000003
00000000
00000000
00000000
00000001
00000001
00000000
5BF5032D
F6A465C3
6AA8AF62
A4C49BB7
467D950F
65E95224
// vkCmdClearAttachments[17]
00000079
00000000
D00C760B
000000F9
00000004
00000004
00000000
B41AB851
30E5A8E0
00000000
00000002
00000004
00000000
45822290
D11C2FB5
0C7E6266
43CA8ADC
6E293BF6
740FF8F6
00000000
00000002
00000004
00000000
BDBC578A
E67691CA
38CB80C6
F54DA37A
07DB5321
1944C8D2
00000000
00000002
00000004
00000000
292C1B0A
05CECF30
F28E1A95
E166BA12
A446AB87
1F32C5D1
00000000
00000002
00000004
00000000
07D5FEC6
6F75E575
7F653E07
F6F5AF11
00000001
00000001
00000000
E890D4E4
1F04723C
A1113012
9627DC38
5912082E
95027857
// vkCmdResolveImage[0]
0000007A
00000000
E902E9F5
0000002D
7A602797
0000008B
E2B3ABAF
A53AAC4F
00000019
324C956C
00000004
00000004
00000000
B1DB8FCE
5F5B0828
EAFD7EE2
E9224801
5683CCF4
D6E16932
E80451EE
137A0A26
6B960023
832ED423
03700A84
6B2E47C4
FFBE9FBE
9CDF69F3
064EC115
326F4030
5E2CB859
7AF61CCC
887F9B88
DB4633A4
98950BB7
F2E371D9
9CA3BD77
3D08FE6E
21DAB3E3
4123E98F
73DA6B43
72E0B2BC
6C95A2B6
114043CA
62E10BDE
56282135
00B36332
FE0B1E08
8B149AD5
29468C9B
6605D76E
0E17EA66
E230D0A7
66AF53B3
BDE608C6
0574DFEF
94DFC56A
3CDE1D51
B762B954
BB92D506
4D2AE013
7F5DF8EA
A4B1F2AF
8E2FCACD
403BBA41
096E6D20
A299F26B
3F9A43D2
1F6B2A28
6756FC12
40C353EE
1C0B723B
36D6B43C
0618EFEA
E95E4B6E
323065D0
8FD48A53
B37B2895
DCF9ED46
DC036E1A
F4E8F420
3816DF76
// vkCmdResolveImage[1]
0000007A
00000000
5D05F323
0000000D
D0A9E755
000000B2
88E884B0
39024E3D
00000089
0451F66F
00000004
00000004
00000000
B89CB72A
B44372CF
41314B6D
C6749AC0
99E7D6F6
EC8608AD
B00D9034
2A0152DA
3BE6683F
19B05E8A
2A08FD3E
4ECB2E6A
B770DDBA
7F463165
2D38E21B
AC8E9DD7
E6E81542
876EED41
9DEAD4CE
4996F67E
9DDA8DE9
F4325773
102055B1
73C5FEA5
2574BF31
5C5B83B4
159CEFB4
6A766340
9E6AB5FB
E664B27F
E3D09DAB
DDE8DF9B
E8CD45D3
964D2773
B3473A8E
17127F20
E52481B9
DB2075C9
8294C846
1CFC65A6
52497875
A98A234D
6D884DB8
DCB749F7
56D4F384
B2E57E37
AEA361A6
55B0C2D4
391D2F81
E4A771A7
1672003E
5E03D9F6
3C28D37C
BA43B27B
5AF54239
A4F003E3
8A279F01
ABC869F0
C1F28B88
6F1EEE89
1B4B5050
347DEDA0
FE2F45E4
96D1CBBA
2465E69B
846284D9
C7069A92
D39E5EF7
// vkCmdResolveImage[2]
0000007A
00000000
FE2FD179
000000D8
AA03B0D7
0000003D
69F970C3
86B502A5
000000F8
8C20F2B2
00000004
00000004
00000000
33D195C4
D4074E79
F4A0C8E3
D60C075A
A9D0447A
F6DED2D2
C22D2469
42D8B845
D72836D7
E7442FE5
DB201981
EA6780FE
2314E324
717358CB
4965459A
2D66C032
320735F2
22ADCB7C
F1281E0E
ECC836D0
431584F5
3F5E618D
188F77F5
DAE6A385
87C0B14E
15FCAE64
9B06755E
17AB1B55
E970907C
1B17EE05
582CA1E8
766EB52C
F894C598
079B00C2
5CBD3C8B
D8648218
5BF120F2
03E015EF
2D61A8CD
60455B64
B073573F
B746BA2E
0067BBCE
18AF10A1
9531A9E6
FDFC5589
2C98EB6B
30B3B96C
DD86B82A
24F3D727
81569DE2
5277C965
AF2A6DE2
596DC30E
F214B23E
1763E1B3
9093960B
99D02622
5422F5C6
A84A538E
BFC8F54B
B00EF981
14ADD4E3
D2B1B558
7504D4CD
EFF7D551
C5585B96
38736471
// vkCmdResolveImage[3]
0000007A
00000000
61673B1D
000000EA
818F56BF
0000000B
426E3CEB
50B9FAB3
00000011
E4568E85
00000001
00000001
00000000
87B73273
BE02BA76
3C8D43D1
E1E761A8
6360F6DC
E280D561
06F2D5C0
B36EF777
5B13B0FF
6840FF98
CFB3B099
1F6689FC
303B4F35
6ED692C6
686D4F00
C2CE2CAA
2E08BD3F
// vkCmdResolveImage[4]
0000007A
00000000
386FB079
000000F1
7488CFF7
000000C0
94999D52
D10514CD
00000063
35E11D2A
00000004
00000004
00000000
D1485750
52BE47FF
5C20D912
9741C1E1
E289B94B
9473D41E
E99B231D
F39809F5
6E0E3BEA
3689C924
48A54829
27CF6D17
82E0CB06
D15BB32F
2DABA764
977D22A5
64F0D621
747744C7
4918EFF1
ACB3435D
FF3EFA45
48E00264
3D4D2786
3B33F097
D745AD32
A3EBB3B5
D0EC824B
19FF5353
429E0833
11A589F0
458A303F
65384D37
E69E288B
6CBCE275
FF14A4F0
56161899
DF755B95
8ADEE456
2C0701AB
7CE9B176
A1FE82EC
86CBAC3D
F86CB0BA
CB012739
FE791A65
6CBB7D5B
02BEEECD
ABD78617
397EC526
8A02D11D
EB4E63DF
6DE08357
51A4702D
11EE4C28
685EF62D
4E164BB7
6CAE9258
6EE39BE5
06B712B8
D558565C
D2F69C7A
DF0269E7
0CB57A27
5F5E645E
0BD4143A
526BE772
87AB88A9
D75BDE22
// vkCmdResolveImage[5]
0000007A
00000000
E97C8FD7
00000015
32CB7921
0000009B
AD693D48
20AD4371
00000088
D1B92CC9
00000003
00000003
00000000
CD79654B
56891923
1349635D
09982747
48CF4C23
EC239400
33DD7B3A
5554066F
0BBB8CB4
B05F4771
AD532862
21373A6D
F4097CD6
2943B008
359FB77F
D0A1F1C3
5C8C4384
DE504679
AFF1A1A8
5EB2C90F
E5DF10D0
DCCB721C
88D59AC5
7D238BB6
7E8A9920
AE1D5D27
2AFFE105
BA457148
2856BEF3
E681786C
7123B129
B739FBC0
452DCCD7
2A8D0896
B8E6CD28
1CB99EED
CFDC81B7
1A49D017
1734A9B5
D78075F0
1E693DF3
77A8F594
46ADC5C1
14FC1492
8C3D9535
4C0E7991
1A5E5A8F
E83945E0
174DEFF5
405AF2B7
B3BE3EBF
// vkCmdResolveImage[6]
0000007A
00000000
115B90BD
0000004F
844E510B
00000075
A1EDED1E
26AD6A99
000000D7
CD299192
00000002
00000002
00000000
10333951
922BBEF1
7337ADF9
7B09A61F
42027831
83E67277
DC0ED27E
ADD798E6
C783D3BE
71AB73FA
1A2B9F9A
C7513E03
4555D0D0
59D24C8B
C1999C0C
4E84783B
4277C173
DE229985
D56B48D6
693B8C2F
CD239D63
E1503A55
007A8920
8FF74A68
16D18877
17AC67A1
A729B560
08E7A3FB
D20F75A0
30F5C273
9AC14997
F8CFE6AC
F310C4FE
0C2E7CC8
// vkCmdResolveImage[7]
0000007A
00000000
0953D8E5
000000AC
52C8AEF3
00000022
20F95B68
1F11C31B
00000085
35B3F099
00000001
00000001
00000000
B9ACAB7B
7721AE01
96ED486B
17016197
D411AE38
CCC633C3
6198B7F7
E7706C2C
7EEE6BC2
49A6D59A
948A9500
226890D5
3D9DA41E
94EC556E
B8577C36
308E665B
E9DAB632
// vkCmdResolveImage[8]
0000007A
00000000
B5C9D227
000000E4
A4694C03
000000F2
548E6045
C4016D4B
00000037
689BA2EA
00000001
00000001
00000000
80E8825B
B4C8C88D
F1964E30
93BBA521
29E8800B
CEC39202
F44E2F0D
572580F8
D6C145AF
6969B2D1
3D14116F
310C3FC4
DDB4EAE8
7494EFCB
9F124866
8D1B23A1
73822235
// vkCmdResolveImage[9]
0000007A
00000000
0372E3F1
00000001
59165161
0000003B
6D6096AF
10C47281
0000007E
F7B8A13A
00000004
00000004
00000000
05C20D0A
BCEA84F1
862B583A
99C633AF
90577543
7EF268BC
034888ED
DA14026A
C8BFD132
B00DCAB6
C0CB5256
DE98DF1F
469E5C74
7FE3190E
1C32E4F2
214B222F
1938ACFB
655E24C6
D6F4EB69
BB25AE00
6D1F814B
E6BD0315
BED9DF13
568DA6A3
B34AA43F
CF4F8278
E7065C27
66C7B867
26C62CFF
BDDA7C59
D1A4C414
27A28343
590C480D
24132F0B
DF003576
8BB3BE43
F3302826
A023102A
E8A3D5BD
BCE8CA96
BA0936F3
1D5404BD
73AB0C9B
17A08EA1
F4500610
D3970CD8
B911FFAB
8E84F50D
E905B660
AAD7DD68
956CEB27
07384F3B
5BCF229C
7FE0391C
D3146B2D
35FBE8E9
CD2ADF63
795E7802
8C86A335
D53C92F6
F98E8CF5
9544ED90
67B83298
F1E0782B
C7220D33
07475A9A
1C16404E
7792235B
// vkCmdResolveImage[10]
0000007A
00000000
6910BD7D
00000057
5507D19D
000000F6
7110CB8F
11F795F9
000000CB
CF2A699D
00000001
00000001
00000000
04614CC8
FA66956F
4DAABA57
1F750D74
84599584
BC3F3754
2D5E3E2D
DFE83090
872050D1
C3ADE937
C398C16A
E1B8AFAD
6E20BD6B
5D0DF823
76E50C98
EDE67D6A
0CD7DE44
// vkCmdResolveImage[11]
0000007A
00000000
5AD4BCC9
0000004E
60D5D19F
000000D5
D236AF01
FEAA3F83
000000A5
27DA7063
00000000
00000000
00000000
// vkCmdResolveImage[12]
0000007A
00000000
E67ED287
0000007E
393178C7
000000E8
D871208A
EBB2600B
0000009A
60A3E0CD
00000003
00000003
00000000
7BFF486E
21328D98
F31A7771
075C50BE
D58E348D
52946C1C
DB6072DD
6AB0919C
D0AF4ADE
8F50D602
87091F55
79D59A56
ABB75EA3
9807ABD6
06892E42
9DB45EF0
83BA3D27
5CFA4362
C78CC15B
136DA746
BD6EEE5E
016BBA23
A3B61A42
2BA55267
49E4377C
37AD53C8
62E87899
44D13835
3B97917E
EE095E84
D4E6DB32
36E40041
410B4441
B4E1E946
703B32D6
A17FA0E6
E1D54DA0
98A54E8C
B685A96F
E534F52F
288EB788
D80772D8
2381A907
586AB2F5
D0783F98
05DA5090
827980F7
180A792C
D9D1EBEB
7CD12724
2712C86B
// vkCmdResolveImage[13]
0000007A
00000000
EA47387B
000000A0
1982678D
000000B4
4B42A1A3
604A0337
00000094
64288A89
00000003
00000003
00000000
D34AE04F
EC869725
D3997D92
5346DBD7
D58DA64C
011A0483
B54E5D06
BBF83762
F2AEBDC2
D8175962
6A8C50D6
F4A2705C
F6BCDD42
CEC35A6B
7148CD74
ECF6D103
9FAA2149
3F9A9B9A
00DDCBDE
C9D70DC4
512536EE
8B81F7CA
3D9580C2
52160B15
E40C8E86
3D297B22
C15596EA
78A61214
A43FC8CA
24E4F1EC
9ED35548
E8D2874C
7B8AC35F
0A400EB2
38EA6745
FD1722B8
38A16060
F0568FC1
BC57EEF5
2F947F4D
7381DC01
DDAEF3CA
396368F5
07BE84E7
3FE01DD4
FAB3F566
0BB40946
E756ED10
66089000
81464585
A967F0E2
// vkCmdResolveImage[14]
0000007A
00000000
25DD99FD
0000005B
EFB1068B
00000046
855E1018
DF6ABDDB
00000046
9481A3ED
00000001
00000001
00000000
627CF846
768D3CFB
4710730D
D9EF6068
8638D089
5A5C5E0E
F3D53265
8961573A
FF4CE682
7B23B9D7
36B31AF5
76E5AEEA
DC941DB1
B2D90957
0353ED3F
D8877214
9E53588C
// vkCmdResolveImage[15]
0000007A
00000000
1E7A72F7
000000BD
E5F4131D
00000067
742BFF67
B4CC5719
00000034
BD95EBA0
00000000
00000000
00000000
// vkCmdResolveImage[16]
0000007A
00000000
0C9F97DB
00000031
B8E87D97
0000007D
564B15F9
A0497D4F
00000032
34A909A2
00000003
00000003
00000000
B50199B7
5CEA052B
4E146648
C8D9DA8D
D199EEC8
980D9BED
0C77E4B1
731EF3C7
0D980077
CF74284F
6E3A571C
AEBF5E46
CA2DF689
139C2D6E
394B6771
7054EA96
52C553F1
2B8C27AF
AB92EE1B
97952F60
53B6053E
8B8E90CB
1AC2FD87
6A6B921A
D1226B64
A1223D4E
AD1F0A98
1BC3FAD0
2638FDA3
1274CA54
5F07A062
4DCF52B3
4494C188
7CACD1D3
514D9998
34A7AEB5
8FB69DAF
501DEC8F
6C0AFC22
84221292
39891F5B
221F8DE2
28235F52
FCECEBCA
D208EA7E
72DB08AE
AA68F9BC
ECCF2A1F
F99B092B
0D291BB0
CDB659E3
// vkCmdResolveImage[17]
0000007A
00000000
0A1941FF
00000088
A5E55D8B
000000E8
F1608026
139DACD7
000000F0
7AF5D0F5
00000002
00000002
00000000
51A9EAF7
ABE6CF1E
ED1866C8
EA2B6F77
13371645
BCF96BBC
14A82DE9
6E693804
B35E976C
9D09A64A
F0FC9084
990C27C7
DCBE3670
9AED8E5C
F900CEA4
FFE986AB
0B30142A
46FF8A10
139A83D6
D0B798D9
7B0F9879
BDA07F1C
0B3D61BD
55C07E96
F95C266C
A68D63E9
7C1F53B1
D03AD136
77AE65DC
F1DBF847
ADE57AAF
E667A39A
5EEFAFAE
86B61EED
// vkCmdExecuteCommands[0]
00000088
00000000
8B9B19E9
000000FA
00000004
00000004
00000000
5576F18E
000000B0
0AA6CF87
000000CB
BFC3AD6F
00000064
7542C11F
0000001E
// vkCmdExecuteCommands[1]
00000088
00000000
D7F4E023
0000008D
00000004
00000004
00000000
34D67BAA
000000B5
4488C607
00000062
E676D1C4
000000DE
A32D505F
0000002D
// vkCmdExecuteCommands[2]
00000088
00000000
EB272B99
0000007A
00000002
00000002
00000000
DA393265
00000036
5283794B
000000F6
// vkCmdExecuteCommands[3]
00000088
00000000
AF010483
00000041
00000004
00000004
00000000
E5ADB72A
00000023
717C88E0
00000068
1AED7A42
000000F5
19F23C79
00000081
// vkCmdExecuteCommands[4]
00000088
00000000
E588C0F5
0000008D
00000004
00000004
00000000
0CBACA02
00000006
236E2780
000000AA
550022C5
000000ED
CC70F747
0000000A
// vkCmdExecuteCommands[5]
00000088
00000000
B4C620D7
00000042
00000000
00000000
00000000
// vkCmdExecuteCommands[6]
00000088
00000000
725DF4BB
000000E0
00000004
00000004
00000000
A7ECEB89
000000FA
AE3E024A
0000000E
E40E733D
0000002F
C5E3B80E
00000004
// vkCmdExecuteCommands[7]
00000088
00000000
ACF26B95
000000B4
00000001
00000001
00000000
7826070B
000000A4
// vkCmdExecuteCommands[8]
00000088
00000000
84764089
0000007D
00000003
00000003
00000000
AF5D5DD8
000000BC
E1453A1C
000000C8
753CC279
00000094
// vkCmdExecuteCommands[9]
00000088
00000000
74BC7903
000000A1
00000004
00000004
00000000
DB6B38E9
00000009
D0BAE13A
000000BC
1B8C3229
000000D6
9443DFAE
000000A2
// vkCmdExecuteCommands[10]
00000088
00000000
595F26AF
000000A9
00000000
00000000
00000000
// vkCmdExecuteCommands[11]
00000088
00000000
EE5C20D1
00000047
00000002
00000002
00000000
61360194
00000094
A2BE429A
000000FF
// vkCmdExecuteCommands[12]
00000088
00000000
1B9BB031
000000E0
00000003
00000003
00000000
750D0109
00000035
106ACE32
000000CF
13107071
000000D0
// vkCmdExecuteCommands[13]
00000088
00000000
0B8F0FC9
000000A7
00000002
00000002
00000000
C7E62D20
000000DF
4E555860
00000061
// vkCmdExecuteCommands[14]
00000088
00000000
B06A28F7
00000085
00000004
00000004
00000000
B7FA720E
00000001
4C61E194
000000BD
246EEF81
0000004D
471C3ED6
00000096
// vkCmdExecuteCommands[15]
00000088
00000000
8580A529
0000001E
00000000
00000000
00000000
// vkCmdExecuteCommands[16]
00000088
00000000
4AB83D47
000000B6
00000001
00000001
00000000
3BD97F89
0000005A
// vkCmdExecuteCommands[17]
00000088
00000000
B080B395
000000CC
00000004
00000004
00000000
006918EF
000000E4
4B5B0AF0
000000DB
0A09C1F9
00000021
93C61CD8
000000D3
// vkCreateFence[0]
00000023
00000000
0C30CD33
000000FD
00000001
00000000
00000008
00000000
00000000
A59F8544
00000000
00000000
00000001
00000000
8A11F657
000000F2
// vkCreateFence[1]
00000023
00000000
09ED6AAF
00000056
00000001
00000000
00000008
00000000
00000000
2CDF4118
00000000
00000000
00000000
00000000
// vkCreateFence[2]
00000023
00000000
63F56D9B
0000000C
00000001
00000000
00000008
00000000
00000000
579EB06A
00000000
00000000
00000001
00000000
05CC6E0F
0000002B
// vkCreateFence[3]
00000023
00000000
3778277F
00000020
00000001
00000000
00000008
00000000
00000000
80798289
00000000
00000000
00000000
00000000
// vkCreateFence[4]
00000023
00000000
573A23FD
00000011
00000000
00000000
00000000
00000000
00000001
00000000
020ECBAB
0000000E
// vkCreateFence[5]
00000023
00000000
6BC3BE99
000000E1
00000001
00000000
00000008
00000001
00000000
3B9C8368
00000000
00000000
551AAB01
6DDC5258
00000000
00000000
00000001
00000000
CDFDFDAD
00000074
// vkCreateFence[6]
00000023
00000000
115FE7BF
000000B0
00000000
00000000
00000000
00000000
00000001
00000000
0561F83D
000000C7
// vkCreateFence[7]
00000023
00000000
0E2E9C99
00000082
00000000
00000000
00000000
00000000
00000001
00000000
EE9353D9
0000008F
// vkCreateFence[8]
00000023
00000000
42FAF565
000000F3
00000001
00000000
00000008
00000000
00000000
3E2557E2
00000000
00000000
00000001
00000000
CB77E2E5
000000CA
// vkCreateFence[9]
00000023
00000000
AD2988D3
0000006D
00000001
00000000
00000008
00000000
00000000
E943CDDD
00000000
00000000
00000001
00000000
8CC083A3
00000091
// vkCreateFence[10]
00000023
00000000
B33DDB7F
000000A0
00000001
00000000
00000008
00000000
00000000
738400B0
00000000
00000000
00000001
00000000
5E658BCD
0000006B
// vkCreateFence[11]
00000023
00000000
06164EB5
00000068
00000001
00000000
00000008
00000000
00000000
58A633EF
00000000
00000000
00000001
00000000
F818CD07
00000005
// vkCreateFence[12]
00000023
00000000
58224E09
00000030
00000001
00000000
00000008
00000000
00000000
138EADF5
00000000
00000000
00000001
00000000
C92FBEE3
000000C2
// vkCreateFence[13]
00000023
00000000
C6656FE9
000000A7
00000001
00000000
00000008
00000000
00000000
DA8ED358
00000000
00000000
00000001
00000000
4AEBE91F
00000036
// vkCreateFence[14]
00000023
00000000
C0F8FF0F
000000EE
00000000
00000000
00000000
00000000
00000000
00000000
// vkCreateFence[15]
00000023
00000000
299F5CC5
000000FD
00000001
00000000
00000008
00000000
00000000
25038A83
00000000
00000000
00000001
00000000
D38BDD13
0000002B
// vkCreateFence[16]
00000023
00000000
E88EFFE3
000000D5
00000001
00000000
00000008
00000000
00000000
8607A536
00000000
00000000
00000001
00000000
623A1A33
00000013
// vkCreateFence[17]
00000023
00000000
49B49509
0000006D
00000000
00000000
00000000
00000000
00000001
00000000
F3F0EB7F
00000099
// vkDestroyFence[0]
00000024
00000000
9E2AE83D
000000AB
AEFCB969
0000001A
00000000
00000000
// vkDestroyFence[1]
00000024
00000000
45106903
00000087
A3B360F7
000000D9
00000000
00000000
// vkDestroyFence[2]
00000024
00000000
5B23E183
00000034
7E49E257
00000033
00000000
00000000
// vkDestroyFence[3]
00000024
00000000
028BAB49
000000DC
EFF5877B
00000012
00000000
00000000
// vkDestroyFence[4]
00000024
00000000
77AA399F
00000097
278A65AB
0000008F
00000000
00000000
// vkDestroyFence[5]
00000024
00000000
EA75D595
00000037
201A1C23
000000F8
00000000
00000000
// vkDestroyFence[6]
00000024
00000000
D927D97F
000000BE
545B9A47
0000000F
00000000
00000000
// vkDestroyFence[7]
00000024
00000000
E51F93EF
0000007D
D7CF1337
000000AA
00000000
00000000
// vkDestroyFence[8]
00000024
00000000
35BDF4C7
0000002D
927D465B
000000C1
00000000
00000000
// vkDestroyFence[9]
00000024
00000000
BFCF0E47
00000004
E66A1EEF
00000012
00000000
00000000
// vkDestroyFence[10]
00000024
00000000
35895305
0000001D
F81109C3
00000013
00000000
00000000
// vkDestroyFence[11]
00000024
00000000
9D26071D
00000049
22AFDC35
000000E7
00000000
00000000
// vkDestroyFence[12]
00000024
00000000
BB71C999
000000F7
0F57B6DB
000000A1
00000000
00000000
// vkDestroyFence[13]
00000024
00000000
584A3D5B
0000005B
C6587AC1
00000033
00000000
00000000
// vkDestroyFence[14]
00000024
00000000
086BAC7D
000000E6
4F7AD657
00000002
00000000
00000000
// vkDestroyFence[15]
00000024
00000000
5D4771ED
000000FB
FF8D07AB
00000097
00000000
00000000
// vkDestroyFence[16]
00000024
00000000
94E9A2A7
000000C1
23384A07
0000000E
00000000
00000000
// vkDestroyFence[17]
00000024
00000000
BB665ED9
00000043
A916B24D
000000D9
00000000
00000000
// vkResetFences[0]
00000025
00000000
C6F4EA45
0000002B
00000004
00000004
00000000
3A49F91C
00000016
7BC7165F
0000009F
83E21822
000000E2
2D8A84DC
000000DB
// vkResetFences[1]
00000025
00000000
E2F3882F
000000E1
00000001
00000001
00000000
59D72CA8
00000099
// vkResetFences[2]
00000025
00000000
0FDCD90F
00000021
00000000
00000000
00000000
// vkResetFences[3]
00000025
00000000
C65ED6C5
00000011
00000000
00000000
00000000
// vkResetFences[4]
00000025
00000000
60D19E8D
000000E3
00000000
00000000
00000000
// vkResetFences[5]
00000025
00000000
766C7C03
000000FC
00000002
00000002
00000000
45305FD4
0000000F
EBBEE806
00000000
// vkResetFences[6]
00000025
00000000
00DE4DF9
000000A5
00000003
00000003
00000000
37A60E66
00000008
A6185974
00000013
A8CCDFFD
0000008D
// vkResetFences[7]
00000025
00000000
252281D1
0000008D
00000004
00000004
00000000
2E442C6F
000000CB
0A60BFA4
00000044
EFA89BB7
000000FE
4F814D19
0000000B
// vkResetFences[8]
00000025
00000000
972E50AB
0000007B
00000003
00000003
00000000
AE27A706
0000006D
2DC58BE2
0000002B
1246D3D7
00000090
// vkResetFences[9]
00000025
00000000
67FEF4CD
000000FF
00000001
00000001
00000000
637EDFF1
000000FC
// vkResetFences[10]
00000025
00000000
0085C94D
0000007D
00000000
00000000
00000000
// vkResetFences[11]
00000025
00000000
180CED4B
000000D2
00000002
00000002
00000000
55242BFF
00000015
50A490AF
000000A4
// vkResetFences[12]
00000025
00000000
02CAB13F
000000C5
00000000
00000000
00000000
// vkResetFences[13]
00000025
00000000
DAD2BFD3
00000040
00000002
00000002
00000000
EE006D75
000000F1
02F67083
00000093
// vkResetFences[14]
00000025
00000000
39D94A6B
000000E4
00000000
00000000
00000000
// vkResetFences[15]
00000025
00000000
6DEFDE71
00000026
00000002
00000002
00000000
52253FB3
0000000F
73BA39D6
00000070
// vkResetFences[16]
00000025
00000000
DB392EFF
00000008
00000003
00000003
00000000
0D8C91EE
00000094
8B004902
00000050
3CD1855D
00000059
// vkResetFences[17]
00000025
00000000
5BA45CBB
000000B3
00000002
00000002
00000000
5DC68812
0000005D
53787266
000000CD
// vkGetFenceStatus[0]
00000026
00000000
75811C11
0000000F
9F51F3A1
000000D6
// vkGetFenceStatus[1]
00000026
00000000
12C8F7F7
000000B8
22645647
00000041
// vkGetFenceStatus[2]
00000026
00000000
65CB0125
0000009A
9637380B
000000CD
// vkGetFenceStatus[3]
00000026
00000000
50BCE42D
000000DD
0CEA4099
00000063
// vkGetFenceStatus[4]
00000026
00000000
B4CBE7B5
00000056
EFCC6E6F
00000094
// vkGetFenceStatus[5]
00000026
00000000
F9C43F07
000000EB
C88BE6C3
00000034
// vkGetFenceStatus[6]
00000026
00000000
F8374B9D
0000000A
529363FD
000000BE
// vkGetFenceStatus[7]
00000026
00000000
EC6DB655
000000AB
92DD47FF
00000003
// vkGetFenceStatus[8]
00000026
00000000
BF1B79BF
00000045
2D2BE619
000000B5
// vkGetFenceStatus[9]
00000026
00000000
F55E1AA9
0000000D
FB3BB66B
0000000E
// vkGetFenceStatus[10]
00000026
00000000
7D845B15
00000062
DFE5DCC1
000000FE
// vkGetFenceStatus[11]
00000026
00000000
E06F4665
00000010
34014553
00000030
// vkGetFenceStatus[12]
00000026
00000000
01E80F47
00000050
780CAC03
00000017
// vkGetFenceStatus[13]
00000026
00000000
0541EAC5
00000084
5D73A8BF
000000C5
// vkGetFenceStatus[14]
00000026
00000000
BD77EFA1
00000079
6EBC2BA9
000000AA
// vkGetFenceStatus[15]
00000026
00000000
79EB9A81
000000E1
578BBF91
00000027
// vkGetFenceStatus[16]
00000026
00000000
9C391F1F
000000C7
A633320B
00000008
// vkGetFenceStatus[17]
00000026
00000000
43B1D8D7
0000001B
E77C684B
000000AD
// vkWaitForFences[0]
00000027
00000000
738DFF63
0000000F
00000000
00000000
00000000
00000000
6B027FB2
00000018
// vkWaitForFences[1]
00000027
00000000
07F1F927
00000030
00000001
00000001
00000000
9A40159C
0000001F
00000001
553F881D
00000020
// vkWaitForFences[2]
00000027
00000000
3A48967B
0000002A
00000000
00000000
00000000
00000000
8061303F
000000C4
// vkWaitForFences[3]
00000027
00000000
BF0E261B
00000084
00000002
00000002
00000000
FF13BE56
000000AB
E53CEB1E
0000009C
00000000
0B92FBB2
0000006F
// vkWaitForFences[4]
00000027
00000000
3E8003E5
000000E2
00000003
00000003
00000000
F4F08C01
00000090
292560AC
0000005D
FEA9A67F
00000082
00000000
39B46A4B
00000058
// vkWaitForFences[5]
00000027
00000000
90C60FF7
00000030
00000003
00000003
00000000
E3578E11
00000098
BC0617AE
000000C6
AF57C3BC
000000B6
00000001
7BD6D443
00000083
// vkWaitForFences[6]
00000027
00000000
2F0D7A7D
0000003A
00000003
00000003
00000000
FE46FBA3
000000EA
2EDE3304
00000051
D69E8FA7
000000DA
00000001
3C008C65
0000004B
// vkWaitForFences[7]
00000027
00000000
A348ED47
00000052
00000003
00000003
00000000
CE45AD21
000000A5
7614D7CE
000000C9
BD268AE3
000000DF
00000000
2995D7E4
0000008E
// vkWaitForFences[8]
00000027
00000000
1CA34647
00000029
00000004
00000004
00000000
620CEF64
000000E4
8E8EB826
000000A2
329DF770
000000C9
C60C499B
0000001B
00000000
A83CA2AB
0000007B
// vkWaitForFences[9]
00000027
00000000
0E033107
0000001D
00000002
00000002
00000000
2F4DBD82
00000007
DF648703
000000D0
00000000
F51AEA4F
000000F4
// vkWaitForFences[10]
00000027
00000000
A7CD1425
00000026
00000000
00000000
00000000
00000000
E8651D93
00000098
// vkWaitForFences[11]
00000027
00000000
DE8E5D9F
000000D2
00000002
00000002
00000000
E2F2C4D2
000000F9
7C98E1C0
00000098
00000001
31033C76
000000E6
// vkWaitForFences[12]
00000027
00000000
A8E9C797
0000007F
00000001
00000001
00000000
CCFB1C08
0000007A
00000001
832B6ED9
00000037
// vkWaitForFences[13]
00000027
00000000
DCEE1177
000000D2
00000004
00000004
00000000
DCF197A8
000000FC
94FB52D5
0000004E
F37DA6EE
000000C5
CB472AF9
00000093
00000001
52B5BAD1
00000038
// vkWaitForFences[14]
00000027
00000000
A74BFC05
000000B7
00000004
00000004
00000000
C38C273E
000000E5
49CF713B
00000027
8A90CC3D
00000097
76FECD19
000000C0
00000000
19AD8F26
00000030
// vkWaitForFences[15]
00000027
00000000
3410C5F1
000000DB
00000002
00000002
00000000
C6C1679E
000000D3
3B062C4D
000000E9
00000000
B9B5C255
0000003A
// vkWaitForFences[16]
00000027
00000000
5BA54B45
000000CF
00000004
00000004
00000000
4EF29898
00000059
C388C77C
000000F0
30278312
000000C2
34B61174
00000069
00000000
1A707582
000000B5
// vkWaitForFences[17]
00000027
00000000
E24B32DB
00000036
00000003
00000003
00000000
B0E7D14B
00000086
9FC6E1C6
0000002C
6C535630
00000097
00000001
59526183
0000007D
// vkCreateSemaphore[0]
00000028
00000000
791DB1CB
0000008F
00000001
00000000
00000009
00000000
00000000
BD1A44F7
00000000
00000000
00000001
00000000
C8B7CF55
00000099
// vkCreateSemaphore[1]
00000028
00000000
0E14B279
00000090
00000001
00000000
00000009
00000000
00000000
ACCF014B
00000000
00000000
00000001
00000000
59F77919
000000FA
// vkCreateSemaphore[2]
00000028
00000000
02C44355
000000D3
00000001
00000000
00000009
00000000
00000000
A9C98D05
00000000
00000000
00000000
00000000
// vkCreateSemaphore[3]
00000028
00000000
65A7B951
00000055
00000001
00000000
00000009
00000000
00000000
039A231C
00000000
00000000
00000001
00000000
6B568F13
00000073
// vkCreateSemaphore[4]
00000028
00000000
4A9086BF
00000060
00000001
00000000
00000009
00000000
00000000
E2B730EF
00000000
00000000
00000001
00000000
AFDBEAD9
0000005A
// vkCreateSemaphore[5]
00000028
00000000
8F8F1B2B
0000004D
00000001
00000000
00000009
00000000
00000000
2C5896FF
00000000
00000000
00000001
00000000
6784440D
0000004F
// vkCreateSemaphore[6]
00000028
00000000
39089543
00000078
00000001
00000000
00000009
00000000
00000000
2C6FDD1D
00000000
00000000
00000001
00000000
B2704121
000000C2
// vkCreateSemaphore[7]
00000028
00000000
9D052F6D
000000BB
00000000
00000000
00000000
00000000
00000000
00000000
// vkCreateSemaphore[8]
00000028
00000000
96240DED
000000AA
00000001
00000000
00000009
00000000
00000000
C9570244
00000000
00000000
00000000
00000000
// vkCreateSemaphore[9]
00000028
00000000
D587FB01
000000F3
00000001
00000000
00000009
00000000
00000000
BF62F49A
00000000
00000000
00000000
00000000
// vkCreateSemaphore[10]
00000028
00000000
3FF3BAD5
00000065
00000001
00000000
00000009
00000000
00000000
1BD4F924
00000000
00000000
00000001
00000000
B6C1E4F7
000000A6
// vkCreateSemaphore[11]
00000028
00000000
20AB5F15
00000085
00000001
00000000
00000009
00000001
00000000
3B9BF6C8
00000000
00000000
A77591E7
13EC18C8
00000000
00000000
00000001
00000000
8038504B
00000090
// vkCreateSemaphore[12]
00000028
00000000
B6CD58F5
000000E8
00000001
00000000
00000009
00000000
00000000
08B5A462
00000000
00000000
00000000
00000000
// vkCreateSemaphore[13]
00000028
00000000
30799AD1
0000007F
00000001
00000000
00000009
00000001
00000000
3B9BF6C8
00000000
00000000
705A307E
64006C84
00000000
00000000
00000000
00000000
// vkCreateSemaphore[14]
00000028
00000000
732522E9
0000008C
00000001
00000000
00000009
00000000
00000000
318B3CDA
00000000
00000000
00000001
00000000
52C2A373
000000F9
// vkCreateSemaphore[15]
00000028
00000000
31094B99
0000008A
00000001
00000000
00000009
00000001
00000000
3B9BF6C8
00000000
00000000
96BC95B2
9D3A9370
00000000
00000000
00000001
00000000
4961EA9D
0000009C
// vkCreateSemaphore[16]
00000028
00000000
5EAEF709
00000056
00000001
00000000
00000009
00000000
00000000
8EE22760
00000000
00000000
00000001
00000000
D12CF3BB
000000F7
// vkCreateSemaphore[17]
00000028
00000000
EA74F365
00000009
00000001
00000000
00000009
00000000
00000000
D8C2B0C1
00000000
00000000
00000001
00000000
CA13B561
00000098
// vkDestroySemaphore[0]
00000029
00000000
6386F459
00000067
92517A03
000000D7
00000000
00000000
// vkDestroySemaphore[1]
00000029
00000000
06510813
0000004F
00732BC5
00000002
00000000
00000000
// vkDestroySemaphore[2]
00000029
00000000
8D83892D
0000004F
579A04B9
000000B1
00000000
00000000
// vkDestroySemaphore[3]
00000029
00000000
AC6FB177
00000053
12DDD807
00000039
00000000
00000000
// vkDestroySemaphore[4]
00000029
00000000
4F029969
00000055
8CB27F13
000000D4
00000000
00000000
// vkDestroySemaphore[5]
00000029
00000000
CE9735BB
000000E0
5B999E73
000000CA
00000000
00000000
// vkDestroySemaphore[6]
00000029
00000000
FAAF2B6B
0000009B
1898DEB3
000000A1
00000000
00000000
// vkDestroySemaphore[7]
00000029
00000000
CE834513
000000BC
1572D9D1
00000084
00000000
00000000
// vkDestroySemaphore[8]
00000029
00000000
F6FD7917
000000D8
E469ED17
000000DD
00000000
00000000
// vkDestroySemaphore[9]
00000029
00000000
E874FC4F
0000000C
AAA53D27
0000009B
00000000
00000000
// vkDestroySemaphore[10]
00000029
00000000
E52B4CB5
000000C5
9861AAE1
00000073
00000000
00000000
// vkDestroySemaphore[11]
00000029
00000000
169B69D7
000000FF
A7CA0EBB
0000009C
00000000
00000000
// vkDestroySemaphore[12]
00000029
00000000
EC7212AB
000000D5
E958B27D
00000061
00000000
00000000
// vkDestroySemaphore[13]
00000029
00000000
7B3D9B3D
000000A5
61DD1969
0000005D
00000000
00000000
// vkDestroySemaphore[14]
00000029
00000000
7F076D41
000000B6
61032155
000000E4
00000000
00000000
// vkDestroySemaphore[15]
00000029
00000000
AD60B9FB
000000A9
FE68E4B3
0000003D
00000000
00000000
// vkDestroySemaphore[16]
00000029
00000000
2277330D
0000005A
4D6444FD
00000045
00000000
00000000
// vkDestroySemaphore[17]
00000029
00000000
582FA8B1
00000027
E1EE7975
0000009B
00000000
00000000
// vkCreateQueryPool[0]
0000002F
00000000
598FF933
000000CC
00000001
00000000
0000000B
00000000
00000000
BF01EC6B
0D5D8082
F1F8AE63
7C90AB95
00000000
00000000
00000001
00000000
9E8A0B31
000000AE
// vkCreateQueryPool[1]
0000002F
00000000
5F253AC5
000000FA
00000000
00000000
00000000
00000000
00000001
00000000
808B07CD
00000092
// vkCreateQueryPool[2]
0000002F
00000000
02DB515D
00000042
00000000
00000000
00000000
00000000
00000000
00000000
// vkCreateQueryPool[3]
0000002F
00000000
2E97662F
0000004C
00000001
00000000
0000000B
00000000
00000000
FA63047B
489FEFF1
F1FFCA3F
182C8044
00000000
00000000
00000001
00000000
E5E9E3B3
0000005A
// vkCreateQueryPool[4]
0000002F
00000000
2182B9ED
000000EF
00000001
00000000
0000000B
00000000
00000000
59F39B29
3BE2A176
EAA8F260
5F860019
00000000
00000000
00000001
00000000
26F29F05
000000F8
// vkCreateQueryPool[5]
0000002F
00000000
42471CA1
000000E4
00000000
00000000
00000000
00000000
00000000
00000000
// vkCreateQueryPool[6]
0000002F
00000000
6E54DC69
000000CA
00000001
00000000
0000000B
00000000
00000000
FFF354CF
6410065B
D02101C5
0731BBAC
00000000
00000000
00000001
00000000
C2E0BF77
000000D4
// vkCreateQueryPool[7]
0000002F
00000000
CBC9E233
000000F7
00000001
00000000
0000000B
00000000
00000000
6673E831
4D5402B5
2B010C14
337DE580
00000000
00000000
00000001
00000000
7FBAC123
00000023
// vkCreateQueryPool[8]
0000002F
00000000
84C79B73
000000E0
00000001
00000000
0000000B
00000000
00000000
F698D045
766E6E72
488547F1
E8EAEE9D
00000000
00000000
00000001
00000000
06D7CDFB
000000DC
// vkCreateQueryPool[9]
0000002F
00000000
6209DB95
000000A8
00000001
00000000
0000000B
00000000
00000000
7FB97171
F5CEDF18
0CCA4262
135F4187
00000000
00000000
00000001
00000000
A6D7411B
0000009E
// vkCreateQueryPool[10]
0000002F
00000000
E1906ED9
00000082
00000001
00000000
0000000B
00000000
00000000
A81569DA
0D3C2213
998DDA52
64F25109
00000000
00000000
00000001
00000000
BAD36EC1
000000D3
// vkCreateQueryPool[11]
0000002F
00000000
F96DACAF
000000FC
00000001
00000000
0000000B
00000000
00000000
6C7A7750
2C6FB94C
49AC17F4
D3DA5BEC
00000000
00000000
00000000
00000000
// vkCreateQueryPool[12]
0000002F
00000000
CA98E251
00000041
00000001
00000000
0000000B
00000000
00000000
FEE8904D
E45A201C
EE348318
9EC49FE6
00000000
00000000
00000001
00000000
6B377967
0000006F
// vkCreateQueryPool[13]
0000002F
00000000
B9C25351
000000C0
00000000
00000000
00000000
00000000
00000001
00000000
839FD5AD
00000079
// vkCreateQueryPool[14]
0000002F
00000000
D41ED3AD
0000002A
00000001
00000000
0000000B
00000000
00000000
BD8779AC
F155C2A5
6C9E72F7
08A19B9E
00000000
00000000
00000001
00000000
F0680FCB
000000D0
// vkCreateQueryPool[15]
0000002F
00000000
BF6C73D1
000000D6
00000001
00000000
0000000B
00000000
00000000
F101E976
D6873CAA
D04E505D
CD1F62B6
00000000
00000000
00000001
00000000
A1BC44B9
00000014
// vkCreateQueryPool[16]
0000002F
00000000
0D2F159F
000000D8
00000001
00000000
0000000B
00000000
00000000
C3716ED6
BD16D300
714B6593
FFA5156E
00000000
00000000
00000001
00000000
5C9E9961
000000E1
// vkCreateQueryPool[17]
0000002F
00000000
43253F23
00000093
00000001
00000000
0000000B
00000000
00000000
918EFEBF
E4F67908
5E02E00C
BB6EAA78
00000000
00000000
00000001
00000000
8A9A93C9
00000092
// vkDestroyQueryPool[0]
00000030
00000000
F3D415BF
0000005E
F3984047
0000007F
00000000
00000000
// vkDestroyQueryPool[1]
00000030
00000000
0A159B53
00000027
3E56DBC3
000000FD
00000000
00000000
// vkDestroyQueryPool[2]
00000030
00000000
89964BB9
000000C4
634204AD
0000006C
00000000
00000000
// vkDestroyQueryPool[3]
00000030
00000000
66436D17
0000005B
31B6B3A9
00000010
00000000
00000000
// vkDestroyQueryPool[4]
00000030
00000000
661D2303
00000052
DDDB73B7
00000030
00000000
00000000
// vkDestroyQueryPool[5]
00000030
00000000
A9597465
00000063
69B764F1
00000047
00000000
00000000
// vkDestroyQueryPool[6]
00000030
00000000
EE9E0A61
00000081
518E2F4B
00000033
00000000
00000000
// vkDestroyQueryPool[7]
00000030
00000000
D7DA22E5
000000A3
62B814E3
00000039
00000000
00000000
// vkDestroyQueryPool[8]
00000030
00000000
86962F5D
00000088
19BCAA51
00000000
00000000
00000000
// vkDestroyQueryPool[9]
00000030
00000000
7786AE17
0000004D
A562245F
0000006E
00000000
00000000
// vkDestroyQueryPool[10]
00000030
00000000
E9EE4383
0000006E
572A23AF
00000058
00000000
00000000
// vkDestroyQueryPool[11]
00000030
00000000
C5F298A9
000000A1
02FB4501
00000070
00000000
00000000
// vkDestroyQueryPool[12]
00000030
00000000
47B2BD8F
0000001F
B8FDFC37
00000059
00000000
00000000
// vkDestroyQueryPool[13]
00000030
00000000
B199D135
0000009A
0F9EDECF
000000C8
00000000
00000000
// vkDestroyQueryPool[14]
00000030
00000000
A46181E1
0000003A
2283E6DF
000000ED
00000000
00000000
// vkDestroyQueryPool[15]
00000030
00000000
477FB8D7
00000012
106ED6A3
000000F9
00000000
00000000
// vkDestroyQueryPool[16]
00000030
00000000
0A507887
0000005B
FB40C243
00000075
00000000
00000000
// vkDestroyQueryPool[17]
00000030
00000000
A15D451D
00000093
D5B68CEB
000000CB
00000000
00000000
// vkCmdResetQueryPool[0]
00000081
00000000
E8B513A9
0000006C
C2AC375D
0000008B
CFC0CDC4
002E04E5
// vkCmdResetQueryPool[1]
00000081
00000000
CB3AB6D3
00000093
442B8515
00000086
CABFE7C5
D1167D40
// vkCmdResetQueryPool[2]
00000081
00000000
D69DFD13
00000027
988BB285
00000050
C33CB233
3A4ED529
// vkCmdResetQueryPool[3]
00000081
00000000
E135B3F9
0000009B
E8378BD5
00000022
754D2F90
834A0F34
// vkCmdResetQueryPool[4]
00000081
00000000
B6A65D95
000000DA
C78BD5AD
000000CC
D74C266F
FEDBD260
// vkCmdResetQueryPool[5]
00000081
00000000
88964AAB
000000CE
0296CC1B
00000091
4C8579B0
63BB0A18
// vkCmdResetQueryPool[6]
00000081
00000000
C8606E81
0000003F
61570A17
00000039
6D92D83D
13803991
// vkCmdResetQueryPool[7]
00000081
00000000
16389875
000000C9
C93E9F67
00000031
5C6AEBBF
78C9258D
// vkCmdResetQueryPool[8]
00000081
00000000
DDC82CFF
00000019
2BB0926B
00000038
B8B62D3D
38C56CB2
// vkCmdResetQueryPool[9]
00000081
00000000
68445637
000000D6
3EAF9681
00000070
AB00AF8D
BA0169DA
// vkCmdResetQueryPool[10]
00000081
00000000
3B23375F
00000011
7408188B
00000046
7D5C3C45
5B6C5846
// vkCmdResetQueryPool[11]
00000081
00000000
547AE3F3
0000005A
9B02B08B
00000076
8B74C214
01D06BD1
// vkCmdResetQueryPool[12]
00000081
00000000
A6AD2723
00000003
A939A74F
00000063
2B8BC233
1B9AF0F6
// vkCmdResetQueryPool[13]
00000081
00000000
7D27AED3
00000035
02986313
0000009B
56FB0609
D7EAD4AA
// vkCmdResetQueryPool[14]
00000081
00000000
62FC8EA5
000000A9
785238AB
000000AB
97802099
F6064D78
// vkCmdResetQueryPool[15]
00000081
00000000
39AD4573
0000009D
2048254B
0000009C
FB18F4BF
174C86CE
// vkCmdResetQueryPool[16]
00000081
00000000
635156F1
000000D9
EBD07031
0000002A
76A476AA
7D1AA1BD
// vkCmdResetQueryPool[17]
00000081
00000000
BA7F6F2F
00000036
2DD8E60B
000000E4
B8150512
5652202B
// vkCmdBeginQuery[0]
0000007F
00000000
9A1D2DE5
000000A4
A2E35765
00000058
A1257134
9C128AAC
// vkCmdBeginQuery[1]
0000007F
00000000
4C27E233
0000007A
17D8A2A7
000000F9
38EE6DC8
05FF79C7
// vkCmdBeginQuery[2]
0000007F
00000000
5D66047D
00000044
8DE8CA29
000000BB
9ECAF21E
B82F8CCE
// vkCmdBeginQuery[3]
0000007F
00000000
09EE3E4D
0000009E
1CB7F7CD
000000CA
3504A4B7
629E7542
// vkCmdBeginQuery[4]
0000007F
00000000
9FE473E1
000000DD
55CE5C91
000000B6
2E585F25
4CCABC03
// vkCmdBeginQuery[5]
0000007F
00000000
0EBAFA33
0000003F
972E059D
000000B0
DF6B27EB
34F25BF8
// vkCmdBeginQuery[6]
0000007F
00000000
BC03F985
00000048
27ADD80B
00000069
5142D6FF
511C1028
// vkCmdBeginQuery[7]
0000007F
00000000
13A3A935
000000F5
E03ACAEF
00000081
D0148A6A
365A0C5A
// vkCmdBeginQuery[8]
0000007F
00000000
E8E2F0F1
000000F3
F64F8091
0000000F
733C5CBE
6F271DB5
// vkCmdBeginQuery[9]
0000007F
00000000
1AE8DC51
0000005C
B33147D5
000000B5
1C2EED7A
718533A7
// vkCmdBeginQuery[10]
0000007F
00000000
CA694CDD
000000BE
2236D3A3
000000D3
53791A57
F81215AE
// vkCmdBeginQuery[11]
0000007F
00000000
6BFEAD4D
0000008B
97025DA9
00000028
00AB04BA
32E706C7
// vkCmdBeginQuery[12]
0000007F
00000000
24654BD7
000000D1
F6865A77
00000098
34D71B87
FB8AB89F
// vkCmdBeginQuery[13]
0000007F
00000000
80CC23D3
00000077
916A76EB
0000005B
661674FF
AE0F3079
// vkCmdBeginQuery[14]
0000007F
00000000
4BFC7EFF
0000009E
4296C041
00000007
371FCFE5
64489B1D
// vkCmdBeginQuery[15]
0000007F
00000000
599083F5
00000086
F3048E25
000000C5
C21C6EF6
E5B83377
// vkCmdBeginQuery[16]
0000007F
00000000
BFCCC913
0000007F
AAACB4FB
00000087
5C2A81B5
6A98A198
// vkCmdBeginQuery[17]
0000007F
00000000
F8EB913B
00000094
F2B28B67
00000029
EBB23987
6C1C1E64
// vkCmdEndQuery[0]
00000080
00000000
478E9133
0000005B
898B8F73
0000003A
ADE81855
// vkCmdEndQuery[1]
00000080
00000000
4004D159
00000000
F578C84D
00000009
7CBB0F25
// vkCmdEndQuery[2]
00000080
00000000
DC5B176D
00000010
ECADF321
000000BC
359275CC
// vkCmdEndQuery[3]
00000080
00000000
475C909D
000000B0
4186D875
00000052
E3B2A031
// vkCmdEndQuery[4]
00000080
00000000
AE466BE7
00000085
2106C0F9
000000C0
4F565C23
// vkCmdEndQuery[5]
00000080
00000000
BB026AFB
00000096
9CE11923
000000C2
2627AEBD
// vkCmdEndQuery[6]
00000080
00000000
0C948911
00000001
435745AB
0000003B
2A15846D
// vkCmdEndQuery[7]
00000080
00000000
3DE07991
0000003E
6F324BCD
000000B0
3ABA0A50
// vkCmdEndQuery[8]
00000080
00000000
4BC13777
0000006E
35C6D0A3
00000060
DED0C6D1
// vkCmdEndQuery[9]
00000080
00000000
E1168999
000000A1
30B0F9A1
0000002E
CA9E4CAB
// vkCmdEndQuery[10]
00000080
00000000
99BBB27D
00000022
BED458BB
00000060
19145D95
// vkCmdEndQuery[11]
00000080
00000000
5F858801
0000008C
9EEB2CD9
00000088
9658325C
// vkCmdEndQuery[12]
00000080
00000000
772508DF
0000002C
9C364829
0000001D
4289A415
// vkCmdEndQuery[13]
00000080
00000000
236F7BC3
00000070
042A4855
000000C8
768FF613
// vkCmdEndQuery[14]
00000080
00000000
F87E334B
00000088
79A98327
00000078
72E34F39
// vkCmdEndQuery[15]
00000080
00000000
39720E03
000000F2
9E0B4509
000000A7
57901AA9
// vkCmdEndQuery[16]
00000080
00000000
6F04F115
000000F3
C358D019
00000061
BF568E93
// vkCmdEndQuery[17]
00000080
00000000
627E46D1
00000061
C59DC9EF
000000B0
53C9584C
// vkCmdWriteTimestamp[0]
00000082
00000000
D775A867
00000097
72F5B049
635CCB65
00000099
BEB150C1
// vkCmdWriteTimestamp[1]
00000082
00000000
59D4461B
00000051
602C635A
2C9E5ABB
000000D9
AAA498A6
// vkCmdWriteTimestamp[2]
00000082
00000000
8CBC6777
00000055
A93B3579
2BFDA7DB
00000020
68732B29
// vkCmdWriteTimestamp[3]
00000082
00000000
D1354DC1
00000062
FFD53C1A
618D9CF3
00000022
6E13B58A
// vkCmdWriteTimestamp[4]
00000082
00000000
C67DB2E1
00000058
18895124
CED5E37B
00000040
6F01D207
// vkCmdWriteTimestamp[5]
00000082
00000000
26DADA71
0000000A
0640B731
FE14AD5F
000000E4
1FD2E4B9
// vkCmdWriteTimestamp[6]
00000082
00000000
BDE43331
000000FF
C8416C11
4B529209
00000074
5A0D28CE
// vkCmdWriteTimestamp[7]
00000082
00000000
F4847F31
00000088
B07350B1
6DCBD3FF
00000031
3DD1579C
// vkCmdWriteTimestamp[8]
00000082
00000000
D5D016A7
00000069
481AC341
A8885C85
00000025
E2D10BCC
// vkCmdWriteTimestamp[9]
00000082
00000000
BCDB61BB
000000D8
8F772A02
FED1A6A7
0000009B
873A9766
// vkCmdWriteTimestamp[10]
00000082
00000000
A11E0D83
00000066
89EAC768
3BE2E5B1
00000083
8BFAFFDB
// vkCmdWriteTimestamp[11]
00000082
00000000
54BCDFA1
000000EC
D3EB9E28
43B2BB2B
00000046
A3B4879E
// vkCmdWriteTimestamp[12]
00000082
00000000
19A597A1
000000E1
2E68318E
3658488F
0000009D
B9F6981C
// vkCmdWriteTimestamp[13]
00000082
00000000
4C5C423F
000000FF
B1B76A7C
2752E845
00000031
149F6D1F
// vkCmdWriteTimestamp[14]
00000082
00000000
88427A9B
000000AC
B4D24A7C
6A31B863
000000C5
471BBC97
// vkCmdWriteTimestamp[15]
00000082
00000000
DF6809E3
0000004B
0D13C398
CAA16537
000000C9
958166FC
// vkCmdWriteTimestamp[16]
00000082
00000000
2DE8B505
00000043
A5C1CC8A
2FB079E7
0000008F
D6D850EC
// vkCmdWriteTimestamp[17]
00000082
00000000
1DED067F
0000009D
377BFC77
C17CD297
00000009
CA1086A1
// vkGetQueryPoolResults[0]
00000031
00000000
EA9F85E5
0000007F
F6E333AB
00000096
EBC5CDE0
5F4F3CDC
00000001
00000000
00000001
00000000
BF5C551B
00000034
001AC443
// vkGetQueryPoolResults[1]
00000031
00000000
A2A73D7F
00000007
B154F3C7
0000005D
67F7F527
B9D8B302
00000002
00000000
00000002
00000000
355BA1E0
00000018
5756AE03
// vkGetQueryPoolResults[2]
00000031
00000000
D2B99C25
00000020
355B57CB
0000001F
2A7C2BE7
ED51FAB3
00000003
00000000
00000003
00000000
CA88CFC9
0000002B
B74C2F4D
// vkGetQueryPoolResults[3]
00000031
00000000
B88C5191
00000054
6956B569
000000FD
A5E8EBF4
576F82A0
00000004
00000000
00000004
00000000
9846FB17
00000027
3B0EAB92
// vkGetQueryPoolResults[4]
00000031
00000000
756C8035
000000AF
5626D1CF
0000007D
EBF01C7C
A5E8287D
00000002
00000000
00000002
00000000
B48BC99E
00000070
BE7BBDC0
// vkGetQueryPoolResults[5]
00000031
00000000
1FCD7457
00000058
5AD11879
000000C7
287444B8
98E40AC4
00000001
00000000
00000001
00000000
C22F1266
000000BC
E39CDAC4
// vkGetQueryPoolResults[6]
00000031
00000000
13B03B2B
0000002B
DA733AF9
0000004A
F9BED00B
4727C9F3
00000002
00000000
00000002
00000000
F788BE5C
0000002C
DCB85828
// vkGetQueryPoolResults[7]
00000031
00000000
9B7E1195
0000006A
F896451D
00000005
1D700BD7
40420D0D
00000002
00000000
00000002
00000000
B501F428
00000087
FE8A8F7A
// vkGetQueryPoolResults[8]
00000031
00000000
B5D50B91
0000004F
19BE428B
0000009E
010CC5FF
3DC2BA4E
00000001
00000000
00000001
00000000
8DFC8BBA
000000F0
4B0C5F23
// vkGetQueryPoolResults[9]
00000031
00000000
5DE7D567
00000017
4432E27D
0000005F
26327E93
5C018754
00000003
00000000
00000003
00000000
5069FD2B
0000003D
EE44208F
// vkGetQueryPoolResults[10]
00000031
00000000
694C60A1
000000E7
B0C8CF43
000000EA
CF94D5FC
B38852A8
00000002
00000000
00000002
00000000
374FD62E
000000EF
C946B9A6
// vkGetQueryPoolResults[11]
00000031
00000000
5F44FBE7
000000CE
5949833B
0000001A
99F7F5D7
604556C3
00000000
00000000
00000000
00000000
3D5F380D
0000005F
31EA1408
// vkGetQueryPoolResults[12]
00000031
00000000
6B2EE13B
000000D1
DBCADAC1
00000066
7714A0CF
CB4AE577
00000003
00000000
00000003
00000000
5722DDE3
0000006E
051D0730
// vkGetQueryPoolResults[13]
00000031
00000000
7E8201B9
0000003F
72B3E829
00000022
18F82642
DE708D31
00000003
00000000
00000003
00000000
B03376A9
00000006
3987EDA7
// vkGetQueryPoolResults[14]
00000031
00000000
F864368B
0000002E
496B67A7
00000002
AA1B2CF1
964545BC
00000000
00000000
00000000
00000000
01B00521
00000022
F6D342FC
// vkGetQueryPoolResults[15]
00000031
00000000
16323103
0000000A
EE06D9BB
000000C4
5C2233FC
D14108C8
00000001
00000000
00000001
00000000
E0DA623D
00000074
488AFB4F
// vkGetQueryPoolResults[16]
00000031
00000000
C80F14D7
000000E9
8AA9EA8D
000000D3
FA63CF77
252E7483
00000003
00000000
00000003
00000000
BD0CD14F
00000014
8AD8022E
// vkGetQueryPoolResults[17]
00000031
00000000
8A2B1FDD
00000069
EDFF0945
0000002B
C8D82299
1C666728
00000004
00000000
00000004
00000000
2E9CA05E
000000C5
DAAD38BE
// vkSetReplyCommandStreamMESA[0]
000000B2
00000000
00000000
00000000
// vkSetReplyCommandStreamMESA[1]
000000B2
00000000
00000001
00000000
84B49725
F7351946
00000046
032F1E60
000000B5
// vkSetReplyCommandStreamMESA[2]
000000B2
00000000
00000001
00000000
B3596EA7
20F830D5
00000073
81D364A3
00000085
// vkSetReplyCommandStreamMESA[3]
000000B2
00000000
00000001
00000000
EA19B8D9
21136B13
000000BB
84F50CB2
000000CB
// vkSetReplyCommandStreamMESA[4]
000000B2
00000000
00000000
00000000
// vkSetReplyCommandStreamMESA[5]
000000B2
00000000
00000001
00000000
88D3F60F
F05FC663
00000002
75BFF12B
0000008B
// vkSetReplyCommandStreamMESA[6]
000000B2
00000000
00000001
00000000
4F024BD1
A3BAF086
0000004A
DE4BE26D
00000037
// vkSetReplyCommandStreamMESA[7]
000000B2
00000000
00000000
00000000
// vkSetReplyCommandStreamMESA[8]
000000B2
00000000
00000001
00000000
A1844CFB
E4ED3A3F
0000001E
14EEEDD3
000000A8
// vkSetReplyCommandStreamMESA[9]
000000B2
00000000
00000001
00000000
DC484549
A3B224E6
00000095
376A8698
00000058
// vkSetReplyCommandStreamMESA[10]
000000B2
00000000
00000001
00000000
8F74A0D1
EE1BB9C3
0000003B
02153284
00000036
// vkSetReplyCommandStreamMESA[11]
000000B2
00000000
00000000
00000000
// vkSetReplyCommandStreamMESA[12]
000000B2
00000000
00000001
00000000
20722199
59FEA80B
000000ED
1B32E55F
00000098
// vkSetReplyCommandStreamMESA[13]
000000B2
00000000
00000001
00000000
B2A014EE
114DE758
0000003A
D3F37A32
000000EF
// vkSetReplyCommandStreamMESA[14]
000000B2
00000000
00000001
00000000
C631093E
45D56280
000000D6
C76B56A4
0000007B
// vkSetReplyCommandStreamMESA[15]
000000B2
00000000
00000000
00000000
// vkSetReplyCommandStreamMESA[16]
000000B2
00000000
00000001
00000000
662A4583
15D17419
0000007C
5E2F404A
000000CA
// vkSetReplyCommandStreamMESA[17]
000000B2
00000000
00000001
00000000
2E53334D
6CD8E8F2
0000000C
615A5F65
00000091
// vkSeekReplyCommandStreamMESA[0]
000000B3
00000000
27B32AC2
00000054
// vkSeekReplyCommandStreamMESA[1]
000000B3
00000000
300208BE
0000000B
// vkSeekReplyCommandStreamMESA[2]
000000B3
00000000
DAAD5D9F
0000008D
// vkSeekReplyCommandStreamMESA[3]
000000B3
00000000
820A860B
00000068
// vkSeekReplyCommandStreamMESA[4]
000000B3
00000000
6796DD3D
00000052
// vkSeekReplyCommandStreamMESA[5]
000000B3
00000000
AEE8565A
000000A3
// vkSeekReplyCommandStreamMESA[6]
000000B3
00000000
0C23238D
00000054
// vkSeekReplyCommandStreamMESA[7]
000000B3
00000000
28DC6AC1
000000CB
// vkSeekReplyCommandStreamMESA[8]
000000B3
00000000
56A1C6F4
000000F6
// vkSeekReplyCommandStreamMESA[9]
000000B3
00000000
B10A8296
00000018
// vkSeekReplyCommandStreamMESA[10]
000000B3
00000000
7BC814F1
0000001A
// vkSeekReplyCommandStreamMESA[11]
000000B3
00000000
ECA3FC05
0000003D
// vkSeekReplyCommandStreamMESA[12]
000000B3
00000000
3501B8D6
0000002A
// vkSeekReplyCommandStreamMESA[13]
000000B3
00000000
3911896D
00000016
// vkSeekReplyCommandStreamMESA[14]
000000B3
00000000
07040FBC
0000001D
// vkSeekReplyCommandStreamMESA[15]
000000B3
00000000
1B8AF86B
000000B2
// vkSeekReplyCommandStreamMESA[16]
000000B3
00000000
B48268DC
00000015
// vkSeekReplyCommandStreamMESA[17]
000000B3
00000000
D14B7694
00000064
// vkExecuteCommandStreamsMESA[0]
000000B4
00000000
00000003
00000003
00000000
F9624A13
0835ABAF
000000F8
0A11F955
000000AD
A42F7062
E45858F5
00000073
748380E2
000000F3
4D8A2AC3
E79F7C44
00000084
FCE672FF
000000D9
00000003
00000000
5E157D6A
000000A3
F49395E2
0000001A
3601DC81
000000F5
00000001
00000001
00000000
0EB56C5F
E2CE44F4
92C4AE3F
// vkExecuteCommandStreamsMESA[1]
000000B4
00000000
00000000
00000000
00000000
00000000
00000000
00000004
00000004
00000000
4DFCD88A
6E60A630
52390B53
306B6A9F
34402EEE
1E72BF92
6AE93B26
32D1CA5E
4131EA0A
// vkExecuteCommandStreamsMESA[2]
000000B4
00000000
00000004
00000004
00000000
835FAF94
662CD329
0000009E
0A984CA0
000000A1
98E6A3EC
10A88AC9
000000EE
B1EBFE27
00000040
21808263
779E110A
00000034
2E2F271D
0000000D
35F68754
CF5CF477
000000EF
7B4CC7AC
0000006C
00000004
00000000
939CF190
0000003F
D3FA3C39
00000053
EE2B4780
00000025
30210D37
000000CE
00000003
00000003
00000000
A552B499
5832A6E9
C8B6FB1E
61A204CF
9A91FDE4
5EE69C9B
E7E30A40
// vkExecuteCommandStreamsMESA[3]
000000B4
00000000
00000004
00000004
00000000
5175193C
3F0AFA36
00000025
EFC88C3E
0000004C
4D255602
1846342D
00000064
7F8DF53E
000000BE
75704C05
9B88353E
000000C0
5AC87C91
000000F5
316D730C
529E858B
000000EA
C66286E4
000000CE
00000004
00000000
1B0BC819
00000008
6FB23D83
00000078
BA220EE5
000000B1
BD9F959C
00000000
00000003
00000003
00000000
38D727C9
0BBC0042
759EE121
43A98106
8BBA2955
7D76F033
1A849207
// vkExecuteCommandStreamsMESA[4]
000000B4
00000000
00000000
00000000
00000000
00000000
00000000
00000003
00000003
00000000
951AE3F9
2203A18F
9B4B10A9
0E60D595
60BAA6C9
C3F2BF92
32F929F9
// vkExecuteCommandStreamsMESA[5]
000000B4
00000000
00000003
00000003
00000000
5430B400
25B71A56
00000029
0B9E84B2
000000DA
94751C40
5C39C1F1
000000B1
37D3F356
000000CE
980A8F96
1EC5C304
00000000
2E7EA087
0000001C
00000003
00000000
9F6C5AF6
0000002F
6EE6BB2D
000000F0
214F9FEF
000000FA
00000000
00000000
00000000
BA59C0E3
// vkExecuteCommandStreamsMESA[6]
000000B4
00000000
00000004
00000004
00000000
6EC4C895
4114355E
000000A8
4D5473C7
00000095
9BEE44E8
A63C4D80
0000003D
ADDB50ED
0000003A
59A89F32
FAF988C2
000000E4
4100249E
000000FE
24EEFCD2
C101F84C
0000006E
F71798A0
00000086
00000004
00000000
6EA681E9
0000003E
079A0C2E
000000DA
118C4145
000000CE
430D0D12
00000079
00000000
00000000
00000000
914E60F4
// vkExecuteCommandStreamsMESA[7]
000000B4
00000000
00000004
00000004
00000000
B13BFFDB
54844602
000000CC
38A9ED64
000000B0
40A58EC6
18085414
00000052
5E29D66E
0000003D
5299671A
56C18849
000000B2
AC2B67DD
000000A4
11EAF3F4
F37AC310
00000019
EF61695F
000000E9
00000004
00000000
C8C6922F
0000001D
0E8C9D72
0000008D
DAADF9B6
00000078
6B9965EF
000000D7
00000002
00000002
00000000
C0047306
5EF03F9A
5B83E4F5
061945D0
5B4AD569
// vkExecuteCommandStreamsMESA[8]
000000B4
00000000
00000003
00000003
00000000
71A58DAB
816A0CCF
0000008B
99D08B2E
0000001C
0DED278D
2EC74578
000000DB
52A6D9BD
00000055
88BC5C65
F3AE73D5
000000E1
DF6E6C2C
0000006D
00000003
00000000
B07B457A
00000024
13CF3373
0000006D
93671626
000000A9
00000003
00000003
00000000
0089DD8A
40D0BF9E
0B2230EE
4C82D843
43312976
1F517DA4
AF6943C2
// vkExecuteCommandStreamsMESA[9]
000000B4
00000000
00000003
00000003
00000000
D8CB3B18
3EB9FF01
00000042
EF42B5CA
000000CE
23244AFE
DBB71E3A
00000052
7B5932AF
000000FE
0746532A
C3D5F5C3
00000004
8701405C
00000026
00000003
00000000
FC86D182
000000ED
913C2B96
00000067
8C3CAB5A
00000093
00000003
00000003
00000000
33432A8D
E7FE5793
5DE7B0AB
95403ADE
17486AD6
674D203E
672EA1A9
// vkExecuteCommandStreamsMESA[10]
000000B4
00000000
00000001
00000001
00000000
7D7B9EAF
2E369067
000000F4
48F9F485
0000000F
00000001
00000000
0BCD27D5
00000080
00000002
00000002
00000000
0B246990
111B3D44
2468DA91
C47988BC
AE71E580
// vkExecuteCommandStreamsMESA[11]
000000B4
00000000
00000003
00000003
00000000
FAB7EADB
94992921
00000004
7ED626D7
00000092
439C44FE
DD9003F4
000000CE
2A2C29E6
0000005E
44F0C0A2
0AEA84AC
00000074
8787E8B5
000000F6
00000003
00000000
FEC5E332
000000DE
FE43F77B
00000034
2ACB5047
00000047
00000003
00000003
00000000
86A9D4F1
849F5B44
5470941D
EFCCB869
449B41EE
79BBE058
0D4FDC8D
// vkExecuteCommandStreamsMESA[12]
000000B4
00000000
00000004
00000004
00000000
A44FD2D6
726A6553
0000007B
22165509
00000001
3E127E39
82FE4525
000000F9
A9B37113
0000002B
57B6AC06
77F45C49
0000007A
FE3526FE
00000099
9BB6CCEC
4315671F
000000FB
EB95B01C
000000D5
00000004
00000000
7474C98F
000000DE
7A15FB89
00000004
1036A2ED
00000057
8B1929CB
00000067
00000004
00000004
00000000
03C4B809
DEBE54C3
7D54D2C6
AC305355
2682B10F
E9C734A2
11B7BDA3
6DB87B2B
D8D5AF64
// vkExecuteCommandStreamsMESA[13]
000000B4
00000000
00000004
00000004
00000000
B063ABE3
24C464EE
000000EE
443C7DC7
0000003D
CCC90ADD
4C60203B
000000A6
ED1CE8F0
0000008E
EC8B9EFC
7C3E62E9
0000006A
7C0B40E1
00000085
22336844
567CC791
0000000E
70308C8B
0000002B
00000004
00000000
716D2F59
0000009A
AB3929B6
0000009A
CF56C76C
00000077
87DA0FB6
000000D3
00000002
00000002
00000000
F5C305E1
C99B6388
B1277146
9BA0D5A1
93275178
// vkExecuteCommandStreamsMESA[14]
000000B4
00000000
00000003
00000003
00000000
5B1D1533
E8108CE0
000000BE
F4712953
00000074
D50CCBD4
CDA38A84
00000018
B71FDDD7
000000CB
2C3F4E13
06DD317A
00000056
DE72A6A3
0000001E
00000003
00000000
A7692C54
000000ED
836BE719
000000EA
2C5AD257
00000064
00000004
00000004
00000000
CE03EAD5
785EECAD
F339312D
5A6220AF
82DA0712
9AF1E8E1
B84145D1
ACC877F3
31036249
// vkExecuteCommandStreamsMESA[15]
000000B4
00000000
00000003
00000003
00000000
44960C95
BFE740A7
000000F6
5F4C541E
000000E5
ABD54231
571C1534
0000000A
7CC8665C
00000007
262E4024
9FB98670
000000C6
DC8A987C
0000005A
00000003
00000000
7BDA0664
000000F5
FE55751F
00000012
D529236C
000000F5
00000000
00000000
00000000
A6CFBA57
// vkExecuteCommandStreamsMESA[16]
000000B4
00000000
00000001
00000001
00000000
CD4429ED
E86C9CD9
000000E8
E49A8411
00000014
00000001
00000000
730EDA99
000000B4
00000003
00000003
00000000
0DAAF843
A0B9957C
40FF887F
F077A6B4
4FE745F5
577AF007
D81E4DA0
// vkExecuteCommandStreamsMESA[17]
000000B4
00000000
00000004
00000004
00000000
6E26449F
A8513CEE
00000020
A35E5C6A
00000073
BD748DAF
A325AB38
000000A6
0CEE0336
0000008C
C48989C8
317DF254
000000DA
5DE0BDDE
000000F0
DF74FD48
FE51859F
000000F1
C20282EE
00000051
00000004
00000000
D7C1E8F0
000000C8
D99AE878
000000B2
80A0F6DC
0000009C
65712189
000000CF
00000003
00000003
00000000
82C40810
21F68C34
E52E123C
A7710853
A0302CB6
2CC45408
97DE129B
// vkCreateRingMESA[0]
000000BC
00000000
7979E446
00000003
00000001
00000000
3BA0A600
00000001
00000000
3BA0A607
00000000
00000000
1DA0A70B
7EBC97D8
A5E82235
791709F5
0000003A
5CA9941E
0000003C
B56D6A01
000000DB
3F88DDE6
0000009C
D3384254
0000006A
2E71CC74
0000008E
4313D38A
00000067
EBA996F0
00000024
36C0436E
00000041
0D436666
000000CC
// vkCreateRingMESA[1]
000000BC
00000000
ED66FFF4
0000008A
00000001
00000000
3BA0A600
00000000
00000000
4277D500
302F4B2F
38C7C22A
00000010
5066038E
00000018
FFC6055A
000000E3
6DF61EC7
000000AB
6067D585
0000003F
348B07E2
00000023
5342BB07
000000BA
D0C7B0D2
000000B2
2619B89A
000000BB
886427C8
000000B2
// vkCreateRingMESA[2]
000000BC
00000000
4C8F9A24
0000006E
00000001
00000000
3BA0A600
00000000
00000000
262F0096
386649BA
3A6DD2BB
0000009B
45F286C5
00000011
D2BC9BAD
000000B3
CDFE02B4
0000005F
7C5D2179
00000055
C853E39B
000000F5
426038C8
0000000A
B3980726
0000003A
E5447E2B
00000060
95D28154
000000F7
// vkCreateRingMESA[3]
000000BC
00000000
96D4EF16
00000010
00000001
00000000
3BA0A600
00000000
00000000
0C3B30F8
55B606C3
3E648BA1
000000F1
956EDB30
00000074
2746463F
000000B5
F2D35CFB
00000031
C1BAC50C
000000E5
F496B654
00000057
1D899037
0000005B
645D0474
000000E3
E40214F8
00000050
507A4367
0000007C
// vkCreateRingMESA[4]
000000BC
00000000
7746F4D0
000000C8
00000001
00000000
3BA0A600
00000000
00000000
072DAF88
66C45BCB
59E52672
0000007D
16638F50
000000B5
97D86111
00000037
30D57CBB
00000037
95AC1EFD
00000033
E204268D
000000DA
87D1AE28
0000008B
880DDF71
0000004A
A76E32F7
00000000
1C686F8E
000000FF
// vkCreateRingMESA[5]
000000BC
00000000
7A156353
000000B5
00000001
00000000
3BA0A600
00000000
00000000
5978B49D
D302562D
A4BBAF83
000000D5
C928E9F5
000000B7
933A5AB9
00000057
763AC05F
0000004E
B99380B0
000000FC
04C8D8BA
0000009D
903645E4
00000099
F7EEBC43
0000001E
8C0872A4
00000080
77B3F18E
00000069
// vkCreateRingMESA[6]
000000BC
00000000
204BACBC
000000BE
00000001
00000000
3BA0A600
00000000
00000000
313FA2BE
313C4D6E
077CF446
0000008C
A3E443AE
000000F4
F3E4AE1F
00000011
54D3675F
00000022
8D6C6A07
000000E7
D810A55A
000000E2
506AE09B
000000C1
AFFCA51A
0000001B
AFB2F9AB
00000097
E1D7E1F1
000000E3
// vkCreateRingMESA[7]
000000BC
00000000
D49058BD
000000EA
00000001
00000000
3BA0A600
00000000
00000000
D61DFC82
EDADF990
72FE92C0
000000DF
7ECB2AC1
00000089
D62AF7BA
00000084
E797AD8D
000000BA
C79F9F25
0000003F
5CC892EB
000000D6
FDCFB461
000000BA
807F1C69
000000D4
08696383
000000A6
5AA7ED4E
000000AA
// vkCreateRingMESA[8]
000000BC
00000000
1CEE1F47
0000002B
00000000
00000000
// vkCreateRingMESA[9]
000000BC
00000000
CEB64D88
00000096
00000001
00000000
3BA0A600
00000000
00000000
F3EF3ECF
9259784D
0561AE99
00000075
069DC73A
00000075
EA8DCA15
00000015
71C8EBF2
000000E6
6D42A511
00000091
C1C88070
00000054
EE572121
00000008
0FFACCE2
00000037
2D2D41B5
0000007F
91C2C6DD
00000045
// vkCreateRingMESA[10]
000000BC
00000000
3D6A8F53
00000029
00000000
00000000
// vkCreateRingMESA[11]
000000BC
00000000
72BBCB2C
000000E8
00000001
00000000
3BA0A600
00000000
00000000
7783B5CF
5D64BD5E
322F29C5
00000003
8C52A85A
00000020
FB9A47A0
000000FF
C20FB0AD
0000006D
241A27D7
00000068
473CF4DB
000000BF
3FCEE389
000000A9
B1780331
00000046
645F4E63
0000009B
B17C78F6
00000064
// vkCreateRingMESA[12]
000000BC
00000000
6195604A
000000EA
00000001
00000000
3BA0A600
00000000
00000000
71ED00EE
53C6D073
A183A126
0000001C
627587DC
00000037
EE883F8F
0000001A
ACDF8A8F
00000043
50B49B27
00000058
6EAC8020
00000049
DC11FB15
0000002B
D2F1299F
00000021
80583038
000000D9
647F5B47
000000AB
// vkCreateRingMESA[13]
000000BC
00000000
F0A0E250
000000D0
00000000
00000000
// vkCreateRingMESA[14]
000000BC
00000000
4AF25640
00000013
00000001
00000000
3BA0A600
00000000
00000000
864FEA91
157FB415
1B237EA0
000000EA
F5FD7E66
000000AF
84CD9A1D
000000DE
42CEA214
00000038
3861F0D1
00000034
1B42C9D7
000000FC
5E26971B
0000004C
979A6CF5
000000FE
B9500BB1
00000079
17C38440
000000CF
// vkCreateRingMESA[15]
000000BC
00000000
4E1667E8
0000002F
00000001
00000000
3BA0A600
00000000
00000000
E06F3A9F
1581E3B1
C1C57642
000000F9
47253A52
00000070
5EC3B142
000000A2
247D24D3
00000082
419A3DFC
000000C6
44FF116B
000000F3
D78B37DE
000000B5
90ED5DF7
00000016
3B1E5F43
00000090
DF69BE36
000000FD
// vkCreateRingMESA[16]
000000BC
00000000
1A3DAB9B
0000007B
00000000
00000000
// vkCreateRingMESA[17]
000000BC
00000000
F054F5B6
00000075
00000001
00000000
3BA0A600
00000000
00000000
988221C9
E7256146
532199AA
00000023
04A51A9B
0000001F
D19ADE45
0000006C
2A2FEA17
00000001
6F2294C4
00000076
87290409
00000029
8A6C3384
00000057
78B333A9
00000002
BE8DC48B
00000016
00C9EA30
0000004A
// vkDestroyRingMESA[0]
000000BD
00000000
FCEB38C8
0000007A
// vkDestroyRingMESA[1]
000000BD
00000000
55D1BBB5
00000048
// vkDestroyRingMESA[2]
000000BD
00000000
B4D72FD4
00000094
// vkDestroyRingMESA[3]
000000BD
00000000
DCD935C2
000000BF
// vkDestroyRingMESA[4]
000000BD
00000000
6C9ED3D6
0000002E
// vkDestroyRingMESA[5]
000000BD
00000000
E5DEE8D6
0000004E
// vkDestroyRingMESA[6]
000000BD
00000000
C1CC3A63
000000C6
// vkDestroyRingMESA[7]
000000BD
00000000
D5E0ED83
00000040
// vkDestroyRingMESA[8]
000000BD
00000000
584743D9
00000066
// vkDestroyRingMESA[9]
000000BD
00000000
672B2B7C
000000B7
// vkDestroyRingMESA[10]
000000BD
00000000
18726628
000000E3
// vkDestroyRingMESA[11]
000000BD
00000000
97A074BA
0000004D
// vkDestroyRingMESA[12]
000000BD
00000000
85BA1414
000000D4
// vkDestroyRingMESA[13]
000000BD
00000000
69465B7D
000000D8
// vkDestroyRingMESA[14]
000000BD
00000000
0FC68CED
00000036
// vkDestroyRingMESA[15]
000000BD
00000000
D8432A5C
00000096
// vkDestroyRingMESA[16]
000000BD
00000000
845CB6B3
000000FB
// vkDestroyRingMESA[17]
000000BD
00000000
8419B86F
000000CF
// vkNotifyRingMESA[0]
000000BE
00000000
F5D61CF4
00000013
1B1BF4CD
2D7C09E9
// vkNotifyRingMESA[1]
000000BE
00000000
34FAAB3E
000000BF
A66C64A5
9CE1FA73
// vkNotifyRingMESA[2]
000000BE
00000000
7134D9A9
00000087
9002A41A
40F73C4E
// vkNotifyRingMESA[3]
000000BE
00000000
EBA039B4
0000003D
8F850950
8764B817
// vkNotifyRingMESA[4]
000000BE
00000000
DE2E300D
00000019
4781F0F5
EA596056
// vkNotifyRingMESA[5]
000000BE
00000000
DBF59D35
00000044
8E794C20
51ECE885
// vkNotifyRingMESA[6]
000000BE
00000000
7DE73A84
0000008B
989F1AFA
A1D54821
// vkNotifyRingMESA[7]
000000BE
00000000
97B6D1BF
00000076
E52D3BF7
4507C4B2
// vkNotifyRingMESA[8]
000000BE
00000000
0839608B
000000AD
74975656
6B262526
// vkNotifyRingMESA[9]
000000BE
00000000
AB21314D
000000E7
AF981D70
3244E5AA
// vkNotifyRingMESA[10]
000000BE
00000000
C1BFBA93
000000CB
8CCC39EA
53D27891
// vkNotifyRingMESA[11]
000000BE
00000000
DB36CED0
0000004A
A4C372BD
49D156A0
// vkNotifyRingMESA[12]
000000BE
00000000
6EE15344
000000B5
187465B3
3FACF179
// vkNotifyRingMESA[13]
000000BE
00000000
88C1AAC1
000000E4
BA30BC26
5B793A45
// vkNotifyRingMESA[14]
000000BE
00000000
41720ACD
000000B1
043EC3C2
1DD22E82
// vkNotifyRingMESA[15]
000000BE
00000000
01981843
00000088
BB65EBB4
E1807BD8
// vkNotifyRingMESA[16]
000000BE
00000000
FF272BA8
00000066
06BFA92A
BC8CCE38
// vkNotifyRingMESA[17]
000000BE
00000000
79B89DD5
00000048
419F6C07
FD516224
// vkWriteRingExtraMESA[0]
000000BF
00000000
64334B9C
00000037
E34464E9
00000026
10A9210D
// vkWriteRingExtraMESA[1]
000000BF
00000000
FC73428A
000000BC
C81182EB
000000E3
D297B75D
// vkWriteRingExtraMESA[2]
000000BF
00000000
0F8BB6F9
00000072
FE4C083D
000000E4
CB14936D
// vkWriteRingExtraMESA[3]
000000BF
00000000
30AF4B67
0000006C
E9A1B388
000000CC
589527B4
// vkWriteRingExtraMESA[4]
000000BF
00000000
50666F08
000000C6
5F05FD72
000000E8
480134AE
// vkWriteRingExtraMESA[5]
000000BF
00000000
72A186F9
00000007
52147094
00000028
DDC25AC8
// vkWriteRingExtraMESA[6]
000000BF
00000000
CC0F10A0
000000D6
7F0889A3
00000032
A9275B5A
// vkWriteRingExtraMESA[7]
000000BF
00000000
FB763E90
00000009
45001A9C
000000CA
D7FF6FCD
// vkWriteRingExtraMESA[8]
000000BF
00000000
EF900B79
000000B7
6D774F57
00000038
97FE5C8C
// vkWriteRingExtraMESA[9]
000000BF
00000000
BA134003
000000C5
A79CA861
00000014
E7215795
// vkWriteRingExtraMESA[10]
000000BF
00000000
596F3E41
00000012
F0BFEF0E
00000087
E78D9E53
// vkWriteRingExtraMESA[11]
000000BF
00000000
00039AA7
000000E2
042B4D3D
00000078
66D62E55
// vkWriteRingExtraMESA[12]
000000BF
00000000
301D8640
00000019
FB0B4102
00000065
8992E38D
// vkWriteRingExtraMESA[13]
000000BF
00000000
9471C36D
0000003E
7C96FB85
000000E6
59F19951
// vkWriteRingExtraMESA[14]
000000BF
00000000
326040CE
0000002F
6FE61E5F
000000BB
8AD8C35E
// vkWriteRingExtraMESA[15]
000000BF
00000000
E0069A9D
00000082
6C22D3B8
00000043
79FFD21A
// vkWriteRingExtraMESA[16]
000000BF
00000000
4294090B
000000D3
ABBDDFDA
00000078
5F65720F
// vkWriteRingExtraMESA[17]
000000BF
00000000
932ADF42
000000ED
DA739FC6
00000004
2FE1B34B
// vkGetMemoryResourcePropertiesMESA[0]
000000C0
00000000
BBCC54B9
00000089
6A1C8B39
00000000
00000000
// vkGetMemoryResourcePropertiesMESA[1]
000000C0
00000000
97203A77
000000E8
D2EF230A
00000001
00000000
3BA0A601
00000000
00000000
// vkGetMemoryResourcePropertiesMESA[2]
000000C0
00000000
D97018E3
000000CA
B32650A2
00000001
00000000
3BA0A601
00000000
00000000
// vkGetMemoryResourcePropertiesMESA[3]
000000C0
00000000
3FC42C7F
0000004D
F0C29D2F
00000000
00000000
// vkGetMemoryResourcePropertiesMESA[4]
000000C0
00000000
931F1F45
0000000B
18D09CD3
00000000
00000000
// vkGetMemoryResourcePropertiesMESA[5]
000000C0
00000000
3DE93A4F
000000D3
2CAFB9ED
00000001
00000000
3BA0A601
00000000
00000000
// vkGetMemoryResourcePropertiesMESA[6]
000000C0
00000000
B53DD6BD
0000000E
DB718293
00000001
00000000
3BA0A601
00000000
00000000
// vkGetMemoryResourcePropertiesMESA[7]
000000C0
00000000
CE1A73F7
0000001E
B96059E8
00000001
00000000
3BA0A601
00000000
00000000
// vkGetMemoryResourcePropertiesMESA[8]
000000C0
00000000
7B4931A3
000000CA
36EDD420
00000001
00000000
3BA0A601
00000000
00000000
// vkGetMemoryResourcePropertiesMESA[9]
000000C0
00000000
5D2D81DB
000000D9
8DF79F72
00000001
00000000
3BA0A601
00000000
00000000
// vkGetMemoryResourcePropertiesMESA[10]
000000C0
00000000
E1DEA627
000000A5
BBEBA384
00000001
00000000
3BA0A601
00000000
00000000
// vkGetMemoryResourcePropertiesMESA[11]
000000C0
00000000
238DCD2D
0000005F
7F0163B9
00000001
00000000
3BA0A601
00000000
00000000
// vkGetMemoryResourcePropertiesMESA[12]
000000C0
00000000
CFD91623
0000008F
726945A7
00000001
00000000
3BA0A601
00000000
00000000
// vkGetMemoryResourcePropertiesMESA[13]
000000C0
00000000
D1093B57
000000D8
6FD85A12
00000001
00000000
3BA0A601
00000000
00000000
// vkGetMemoryResourcePropertiesMESA[14]
000000C0
00000000
7F0697A5
00000028
4DE96059
00000001
00000000
3BA0A601
00000001
00000000
3BA0A603
00000000
00000000
// vkGetMemoryResourcePropertiesMESA[15]
000000C0
00000000
47CD619F
00000010
01879550
00000001
00000000
3BA0A601
00000000
00000000
// vkGetMemoryResourcePropertiesMESA[16]
000000C0
00000000
8179FDD1
000000F0
59814A49
00000001
00000000
3BA0A601
00000000
00000000
// vkGetMemoryResourcePropertiesMESA[17]
000000C0
00000000
5A786A8B
000000B7
39A3C5B5
00000001
00000000
3BA0A601
00000000
00000000
// vkSubmitVirtqueueSeqnoMESA[0]
000000FB
00000000
47157F91
000000DC
ED2C6B42
0000003F
// vkSubmitVirtqueueSeqnoMESA[1]
000000FB
00000000
81F3F6A4
0000007E
CC8B1461
000000C1
// vkSubmitVirtqueueSeqnoMESA[2]
000000FB
00000000
E557A3D5
000000EC
C90B8238
000000B7
// vkSubmitVirtqueueSeqnoMESA[3]
000000FB
00000000
B8CD7BAA
0000006D
15D98E8D
000000FA
// vkSubmitVirtqueueSeqnoMESA[4]
000000FB
00000000
93756B07
000000F8
AF8F6167
000000E3
// vkSubmitVirtqueueSeqnoMESA[5]
000000FB
00000000
F653EB61
00000051
235A9C4C
00000003
// vkSubmitVirtqueueSeqnoMESA[6]
000000FB
00000000
C333AE3E
000000A8
82F92E9A
0000005C
// vkSubmitVirtqueueSeqnoMESA[7]
000000FB
00000000
063C5A13
000000A9
41334865
00000024
// vkSubmitVirtqueueSeqnoMESA[8]
000000FB
00000000
301474D3
00000069
C90CDF2A
0000007B
// vkSubmitVirtqueueSeqnoMESA[9]
000000FB
00000000
97F259CA
00000087
CD950355
00000068
// vkSubmitVirtqueueSeqnoMESA[10]
000000FB
00000000
C2C75D89
000000F2
D9A339D7
00000092
// vkSubmitVirtqueueSeqnoMESA[11]
000000FB
00000000
570BAC03
000000D7
65449178
000000EA
// vkSubmitVirtqueueSeqnoMESA[12]
000000FB
00000000
F1707BA5
000000C3
04BEFB9B
0000006C
// vkSubmitVirtqueueSeqnoMESA[13]
000000FB
00000000
10A2FA1D
000000D4
6633A9CB
00000096
// vkSubmitVirtqueueSeqnoMESA[14]
000000FB
00000000
BFAFDF99
00000035
2CD21AA3
00000012
// vkSubmitVirtqueueSeqnoMESA[15]
000000FB
00000000
A99D3803
000000D4
18418E1C
0000004A
// vkSubmitVirtqueueSeqnoMESA[16]
000000FB
00000000
322FB5E8
00000046
BCAD89A2
000000E2
// vkSubmitVirtqueueSeqnoMESA[17]
000000FB
00000000
F4324669
00000023
4BDFC6FC
0000007F
// vkWaitVirtqueueSeqnoMESA[0]
000000FC
00000000
F6984D51
00000044
// vkWaitVirtqueueSeqnoMESA[1]
000000FC
00000000
8372EABC
00000058
// vkWaitVirtqueueSeqnoMESA[2]
000000FC
00000000
2651F830
00000038
// vkWaitVirtqueueSeqnoMESA[3]
000000FC
00000000
3D3D79D3
0000007C
// vkWaitVirtqueueSeqnoMESA[4]
000000FC
00000000
44A7B957
00000055
// vkWaitVirtqueueSeqnoMESA[5]
000000FC
00000000
DB09409D
0000000D
// vkWaitVirtqueueSeqnoMESA[6]
000000FC
00000000
47BB3FB4
00000075
// vkWaitVirtqueueSeqnoMESA[7]
000000FC
00000000
668CD71F
00000053
// vkWaitVirtqueueSeqnoMESA[8]
000000FC
00000000
06A3971A
000000F3
// vkWaitVirtqueueSeqnoMESA[9]
000000FC
00000000
7FB3B021
00000092
// vkWaitVirtqueueSeqnoMESA[10]
000000FC
00000000
CCC87A56
000000F9
// vkWaitVirtqueueSeqnoMESA[11]
000000FC
00000000
D9E6CD80
000000D5
// vkWaitVirtqueueSeqnoMESA[12]
000000FC
00000000
3E0D8D3C
000000C1
// vkWaitVirtqueueSeqnoMESA[13]
000000FC
00000000
FB6B8DCF
0000008F
// vkWaitVirtqueueSeqnoMESA[14]
000000FC
00000000
1927EC59
00000092
// vkWaitVirtqueueSeqnoMESA[15]
000000FC
00000000
833956E6
0000006F
// vkWaitVirtqueueSeqnoMESA[16]
000000FC
00000000
044C850B
000000A5
// vkWaitVirtqueueSeqnoMESA[17]
000000FC
00000000
74ADA109
0000009B
// vkWaitRingSeqnoMESA[0]
000000FD
00000000
DF834B09
0000001C
F5B740E0
0000007C
// vkWaitRingSeqnoMESA[1]
000000FD
00000000
177A75DC
000000D2
D2CD3471
000000BF
// vkWaitRingSeqnoMESA[2]
000000FD
00000000
4BFE66BB
00000090
8ABF3356
000000E8
// vkWaitRingSeqnoMESA[3]
000000FD
00000000
290FCF0B
000000E2
4F9D3DDB
00000015
// vkWaitRingSeqnoMESA[4]
000000FD
00000000
C3E9A5CA
00000078
26013E67
00000043
// vkWaitRingSeqnoMESA[5]
000000FD
00000000
747D0EAD
0000006B
9FEE350E
000000FC
// vkWaitRingSeqnoMESA[6]
000000FD
00000000
4D3014FE
0000004E
A5CE5B98
00000075
// vkWaitRingSeqnoMESA[7]
000000FD
00000000
7B9461E8
0000007A
742CB2B1
0000001E
// vkWaitRingSeqnoMESA[8]
000000FD
00000000
D39A0CBF
0000008E
0F32D90F
0000001F
// vkWaitRingSeqnoMESA[9]
000000FD
00000000
3C468C71
00000059
CB662D52
0000002D
// vkWaitRingSeqnoMESA[10]
000000FD
00000000
D9BD083A
0000006F
90C57D6D
000000E2
// vkWaitRingSeqnoMESA[11]
000000FD
00000000
7721F666
0000001C
AFF114C6
0000008B
// vkWaitRingSeqnoMESA[12]
000000FD
00000000
A1B24D1A
000000D0
3E814154
0000005C
// vkWaitRingSeqnoMESA[13]
000000FD
00000000
2FFCCC45
000000DB
37DE64EF
000000DD
// vkWaitRingSeqnoMESA[14]
000000FD
00000000
21CE4C6A
0000000E
2227D05C
00000042
// vkWaitRingSeqnoMESA[15]
000000FD
00000000
D704DDE2
00000086
87CD9CE2
000000B6
// vkWaitRingSeqnoMESA[16]
000000FD
00000000
62EF0C0A
000000CB
4F7D1E92
00000079
// vkWaitRingSeqnoMESA[17]
000000FD
00000000
26402E9B
000000A7
252E2C53
000000F2
// MUT vkCreateInstance type
0000FFFF
00000000
00000001
00000000
00000001
00000000
00000000
D2CD08F3
00000000
00000000
00000001
00000001
00000000
00000009
00000000
35747865
305F3434
00000000
00000002
00000002
00000000
00000009
00000000
34747865
305F3331
00000000
00000009
00000000
32747865
315F3431
00000000
00000000
00000000
00000001
00000000
8D4E70DF
0000003F
// MUT vkEnumeratePhysicalDeviceGroups stype
0000008F
00000000
F9C76D63
0000006B
00000001
00000000
00000001
00000001
00000000
BB64248F
00000000
00000000
00000020
00000000
7F63109F
000000BC
FEFDB183
00000092
D0DADD57
00000008
B5DA8DC0
0000008B
9DC90EF8
00000074
2981C103
000000E9
1FA57D5B
00000008
2A836C08
00000083
F815CAA4
0000003B
011C24DF
000000BE
F8D695DB
0000007A
704E7106
000000EB
090F3C88
000000C2
177D0D6C
00000038
401DB992
000000D5
9EA88A15
0000008B
9C1D85E2
000000FE
59114D97
00000043
CEB6C7B5
00000007
A0B447B8
0000009F
C53A403F
0000001C
C3DE5927
000000E2
A5316CFA
000000CA
E86F3FEE
000000AB
B61C37D3
0000002A
88729FFA
00000009
3C0DB593
0000008C
7F4DCD78
00000008
F95D537C
000000A5
D56D3F17
00000048
14CD3EF5
000000F0
AB73C35F
00000090
// MUT vkGetPhysicalDeviceMemoryProperties2 pnext
00000098
00000000
6A090ED7
000000D1
00000001
00000000
3B9BB07E
00000001
00000000
FEEDFACE
00000000
00000010
00000000
// MUT vkGetPhysicalDeviceExternalBufferProperties flags
000000A1
00000000
46F22A81
000000AB
00000001
00000000
3B9BDF5A
00000000
00000000
FB594994
F7079116
3353EAF0
00000001
00000000
3B9BDF5B
00000000
00000000
// MUT vkGetPhysicalDeviceExternalFenceProperties trunc
000000A2
00000000
60B0F72D
000000E4
// MUT vkGetPhysicalDeviceExternalSemaphoreProperties handle
000000A3
00000000
00000000
00000000
00000001
00000000
3B9BF2E0
00000000
00000000
6A68573E
00000000
00000000
// MUT vkGetPhysicalDeviceSparseImageFormatProperties2 bound
00000099
00000000
D7DD87F5
00000056
00000001
00000000
3B9BB080
00000000
00000000
A42AD99A
F98485C4
0564092E
0C2C2857
7198B0FB
00000001
00000000
00000004
00000101
00000000
3B9BB07F
00000000
00000000
3B9BB07F
00000000
00000000
3B9BB07F
00000000
00000000
3B9BB07F
00000000
00000000
// MUT vkEnumerateDeviceExtensionProperties type
0000FFFF
00000000
9A9BEDE9
000000D6
00000007
00000000
31727473
00003937
00000001
00000000
00000001
00000001
00000000
// MUT vkCreateDevice stype
0000000B
00000000
0110A6F3
0000000E
00000001
00000000
80FFFFFC
00000000
00000000
C20C233B
00000003
00000003
00000000
00000002
00000000
00000000
CA2FDD13
F4788422
00000003
00000003
00000000
A6B78E5C
356BFF81
1E170748
00000002
00000000
00000000
171BB4C6
030084FF
00000004
00000004
00000000
930BDA08
99B6776F
6E9FB91B
ACE16DCB
00000002
00000000
00000000
0968A539
7097DC9F
00000003
00000003
00000000
A5C0FFB5
3DC6C92A
412D2373
00000000
00000000
00000000
00000000
00000000
00000000
00000001
00000000
00000000
00000000
00000000
00000000
00000000
00000000
00000000
00000000
00000000
00000000
00000000
00000000
00000000
00000000
00000000
00000000
00000000
00000000
00000000
00000000
00000000
00000000
00000000
00000000
00000000
00000000
00000000
00000000
00000000
00000000
00000000
00000000
00000000
00000001
00000000
00000001
00000000
00000000
00000000
00000000
00000000
00000000
00000000
00000000
00000000
00000000
00000000
00000000
00000000
00000000
00000000
00000000
00000000
00000000
00000000
00000000
00000000
00000001
00000000
EE368517
00000081
// MUT vkGetDeviceQueue2 pnext
0000009B
00000000
B57BE047
000000E7
00000001
00000000
3B9D006B
00000001
00000000
FEEDFACE
7552AF55
55325B0E
00000001
00000000
D90DD4E5
000000B3
// MUT vkCreateImage flags
00000036
00000000
BBF72EE5
00000053
00000001
00000000
0000000E
00000000
00000000
EF9EB5E2
B53E78BB
13A51216
C373257A
217039A9
1C6CAC4D
17107736
2D229D1D
2DB67F47
0168F730
FD073B1F
9606FEA3
00000000
00000000
00000000
F9D1FE3E
00000000
00000000
00000001
00000000
ACEA68FD
00000013
// MUT vkDestroyImage trunc
00000037
00000000
// MUT vkGetImageSubresourceLayout handle
00000038
00000000
00000000
00000000
6C6E98C9
000000A7
00000001
00000000
CD9B024C
24B9B1F9
45EC0B03
00000001
00000000
// MUT vkCreateShaderModule bound
0000003B
00000000
65F6D3F5
0000005A
00000001
00000000
00000010
00000000
00000000
04907D4E
00000010
00000000
00010001
00000000
D8BD5B6B
889C2DB7
607C2187
F7BE4F5D
00000000
00000000
00000001
00000000
9C5622FF
0000009B
// MUT vkDestroyShaderModule type
0000FFFF
00000000
13052C55
0000001C
57A6733D
00000055
00000000
00000000
// MUT vkCreateDescriptorSetLayout stype
00000048
00000000
C8B1BB05
000000C0
00000001
00000000
80FFFFDF
00000000
00000000
EBE5611C
00000000
00000000
00000000
00000000
00000000
00000001
00000000
99CE2011
00000009
// MUT vkCreatePipelineLayout pnext
00000044
00000000
D34468F9
000000A1
00000001
00000000
0000001E
00000001
00000000
FEEDFACE
00000002
00000002
00000000
B6F6578D
000000D8
0900CCEB
0000005C
00000003
00000003
00000000
2406929A
59587340
D02E9DF3
9A247C33
7626937A
75224329
49A44997
D7B70FF9
11022DAD
00000000
00000000
00000001
00000000
D9573C13
00000058
// MUT vkGetPhysicalDeviceImageFormatProperties2 flags
00000096
00000000
555B50E5
00000096
00000001
00000000
3B9BB07C
00000000
00000000
7B5962AA
AAE535A7
FC33072C
FB939E07
8EDD6B10
00000001
00000000
3B9BB07B
00000000
00000000
// MUT vkGetPhysicalDeviceExternalBufferProperties trunc
000000A1
00000000
// MUT vkGetPhysicalDeviceExternalFenceProperties handle
000000A2
00000000
00000000
00000000
00000001
00000000
3B9C7F80
00000000
00000000
CD768486
00000001
00000000
3B9C7F81
00000000
00000000
// MUT vkGetPhysicalDeviceSparseImageFormatProperties2 bound
00000099
00000000
157AF571
000000FD
00000001
00000000
3B9BB080
00000000
00000000
079E8E84
C212D81D
0C850AB1
04F0A8EF
4EC8888A
00000001
00000000
00000004
00000101
00000000
3B9BB07F
00000000
00000000
3B9BB07F
00000000
00000000
3B9BB07F
00000000
00000000
3B9BB07F
00000000
00000000
