T 0 0 00000000
T 0 1 00000000
T 0 2 00000000
C 0 0 00000000
C 0 1 00000000
C 0 2 00000000
C 0 3 00000000
C 0 4 00000000
C 0 5 00000000
C 0 6 00000000
C 0 7 00000000
C 0 8 00000000
C 0 9 00000000
C 0 10 00000000
C 0 11 00000000
C 0 12 00000000
C 0 13 00000000
C 0 14 00000000
C 0 15 00000000
D 0 0 00000000
D 0 1 00000000
V 0 0 00000000
V 0 1 00000000
R 0 0 00000000
B 0 0 00000000
P 0 0 00000000
P 0 1 00000000
P 0 2 00000000
P 0 3 00000000
P 0 4 00000000
T 1 0 00000000
T 1 1 00000000
T 1 2 00000000
C 1 0 00000000
C 1 1 00000000
C 1 2 00000000
C 1 3 00000000
C 1 4 00000000
C 1 5 00000000
C 1 6 00000000
C 1 7 00000000
C 1 8 00000000
C 1 9 00000000
C 1 10 00000000
C 1 11 00000000
C 1 12 00000000
C 1 13 00000000
C 1 14 00000000
C 1 15 00000000
D 1 0 00000000
D 1 1 00000000
V 1 0 00000000
V 1 1 00000000
R 1 0 00000000
B 1 0 00000000
P 1 0 00000000
P 1 1 00000000
P 1 2 00000000
P 1 3 00000000
P 1 4 00000000
T 2 0 00000001
T 2 1 00000000
T 2 2 00000000
C 2 0 00000000
C 2 1 00000000
C 2 2 00000000
C 2 3 00000000
C 2 4 00000000
C 2 5 00000000
C 2 6 00000000
C 2 7 00000000
C 2 8 00000000
C 2 9 00000000
C 2 10 00000000
C 2 11 00000000
C 2 12 00000000
C 2 13 00000000
C 2 14 00000000
C 2 15 00000000
D 2 0 00000000
D 2 1 00000000
V 2 0 00000000
V 2 1 00000000
R 2 0 00000000
B 2 0 00000000
P 2 0 00000000
P 2 1 00000000
P 2 2 00000000
P 2 3 00000000
P 2 4 00000000
T 3 0 0000000b
T 3 1 00000000
T 3 2 00000000
C 3 0 00000000
C 3 1 00000000
C 3 2 00000000
C 3 3 00000000
C 3 4 00000000
C 3 5 00000000
C 3 6 00000000
C 3 7 00000000
C 3 8 00000000
C 3 9 00000000
C 3 10 00000000
C 3 11 00000000
C 3 12 00000000
C 3 13 00000000
C 3 14 00000000
C 3 15 00000000
D 3 0 00000000
D 3 1 00000000
V 3 0 00000000
V 3 1 00000000
R 3 0 00000000
B 3 0 00000000
P 3 0 00000000
P 3 1 00000000
P 3 2 00000000
P 3 3 00000000
P 3 4 00000000
T 4 0 00000000
T 4 1 00000000
T 4 2 00000000
C 4 0 00000000
C 4 1 00000000
C 4 2 00000000
C 4 3 00000000
C 4 4 00000000
C 4 5 00000000
C 4 6 00000000
C 4 7 00000000
C 4 8 00000000
C 4 9 00000000
C 4 10 00000000
C 4 11 00000000
C 4 12 00000000
C 4 13 00000000
C 4 14 00000000
C 4 15 00000000
D 4 0 00000000
D 4 1 00000000
V 4 0 00000000
V 4 1 00000000
R 4 0 00000000
B 4 0 00000000
P 4 0 00000000
P 4 1 00000000
P 4 2 00000000
P 4 3 00000000
P 4 4 00000000
T 5 0 00000000
T 5 1 00000000
T 5 2 00000000
C 5 0 00000000
C 5 1 00000000
C 5 2 00000000
C 5 3 00000000
C 5 4 00000000
C 5 5 00000000
C 5 6 00000000
C 5 7 00000000
C 5 8 00000000
C 5 9 00000000
C 5 10 00000000
C 5 11 00000000
C 5 12 00000000
C 5 13 00000000
C 5 14 00000000
C 5 15 00000000
D 5 0 00000000
D 5 1 00000000
V 5 0 00000000
V 5 1 00000000
R 5 0 00000000
B 5 0 000080ee
P 5 0 00000000
P 5 1 00000000
P 5 2 00000000
P 5 3 00000000
P 5 4 00000000
T 6 0 00000033
T 6 1 00000000
T 6 2 00000004
C 6 0 00000000
C 6 1 00000000
C 6 2 00000000
C 6 3 00000000
C 6 4 00000000
C 6 5 00000000
C 6 6 00000000
C 6 7 00000000
C 6 8 00000000
C 6 9 00000000
C 6 10 00000000
C 6 11 00000000
C 6 12 00000000
C 6 13 00000000
C 6 14 00000000
C 6 15 00000000
D 6 0 00000000
D 6 1 00000000
V 6 0 00000000
V 6 1 00000000
R 6 0 00000000
B 6 0 00000000
P 6 0 00000000
P 6 1 00000000
P 6 2 00000000
P 6 3 00000000
P 6 4 00000000
T 7 0 0003380a
T 7 1 00000000
T 7 2 00000010
C 7 0 00000000
C 7 1 00000000
C 7 2 00000000
C 7 3 00000000
C 7 4 00000000
C 7 5 00000000
C 7 6 00000000
C 7 7 00000000
C 7 8 00000000
C 7 9 00000000
C 7 10 00000000
C 7 11 00000000
C 7 12 00000000
C 7 13 00000000
C 7 14 00000000
C 7 15 00000000
D 7 0 00000000
D 7 1 00000000
V 7 0 00000000
V 7 1 00000000
R 7 0 00000000
B 7 0 00000000
P 7 0 00000000
P 7 1 00000000
P 7 2 00000000
P 7 3 00000000
P 7 4 00000000
T 8 0 00000000
T 8 1 00000000
T 8 2 00000000
C 8 0 00000000
C 8 1 00000000
C 8 2 00000000
C 8 3 00000000
C 8 4 00000000
C 8 5 00000000
C 8 6 00000000
C 8 7 00000000
C 8 8 00000000
C 8 9 00000000
C 8 10 00000000
C 8 11 00000000
C 8 12 00000000
C 8 13 00000000
C 8 14 00000000
C 8 15 00000000
D 8 0 00000000
D 8 1 00000000
V 8 0 0ff00007
V 8 1 00060000
R 8 0 00070003
B 8 0 00000000
P 8 0 00000000
P 8 1 00000000
P 8 2 00000000
P 8 3 00000000
P 8 4 00000000
T 9 0 00000023
T 9 1 00000000
T 9 2 00000004
C 9 0 00000000
C 9 1 00000000
C 9 2 00000000
C 9 3 00000000
C 9 4 00000000
C 9 5 00000000
C 9 6 00000000
C 9 7 00000000
C 9 8 00000000
C 9 9 00000000
C 9 10 00000000
C 9 11 00000000
C 9 12 00000000
C 9 13 00000000
C 9 14 00000000
C 9 15 00000000
D 9 0 00000000
D 9 1 00000000
V 9 0 00000000
V 9 1 00000000
R 9 0 00000000
B 9 0 00000000
P 9 0 00000000
P 9 1 00000000
P 9 2 00000000
P 9 3 00000000
P 9 4 00000000
T 10 0 00048065
T 10 1 00000000
T 10 2 0000000c
C 10 0 00000000
C 10 1 00000000
C 10 2 00000000
C 10 3 00000000
C 10 4 00000000
C 10 5 00000000
C 10 6 00000000
C 10 7 00000000
C 10 8 00000000
C 10 9 00000000
C 10 10 00000000
C 10 11 00000000
C 10 12 00000000
C 10 13 00000000
C 10 14 00000000
C 10 15 00000000
D 10 0 00000000
D 10 1 00000000
V 10 0 00000000
V 10 1 00000000
R 10 0 00000000
B 10 0 00000000
P 10 0 00000000
P 10 1 00000000
P 10 2 00000000
P 10 3 00000000
P 10 4 00000000
T 11 0 0005080a
T 11 1 00000000
T 11 2 00000010
C 11 0 00000000
C 11 1 00000000
C 11 2 00000000
C 11 3 00000000
C 11 4 00000000
C 11 5 00000000
C 11 6 00000000
C 11 7 00000000
C 11 8 00000000
C 11 9 00000000
C 11 10 00000000
C 11 11 00000000
C 11 12 00000000
C 11 13 00000000
C 11 14 00000000
C 11 15 00000000
D 11 0 00000000
D 11 1 00000000
V 11 0 00000000
V 11 1 00000000
R 11 0 00000000
B 11 0 00000000
P 11 0 00000000
P 11 1 00000000
P 11 2 00000000
P 11 3 00000000
P 11 4 00000000
T 12 0 00000000
T 12 1 00000000
T 12 2 00000000
C 12 0 00000000
C 12 1 00000000
C 12 2 00000000
C 12 3 00000000
C 12 4 00000000
C 12 5 00000000
C 12 6 00000000
C 12 7 00000000
C 12 8 00000000
C 12 9 00000000
C 12 10 00000000
C 12 11 00000000
C 12 12 00000000
C 12 13 00000000
C 12 14 00000000
C 12 15 00000000
D 12 0 001c0000
D 12 1 00000000
V 12 0 01c00001
V 12 1 000a0000
R 12 0 000b0000
B 12 0 00000000
P 12 0 00000000
P 12 1 00000000
P 12 2 00000000
P 12 3 00000000
P 12 4 00000000
T 13 0 00000000
T 13 1 00000000
T 13 2 00000000
C 13 0 00000000
C 13 1 00000000
C 13 2 00000000
C 13 3 00000000
C 13 4 00000000
C 13 5 00000000
C 13 6 00000000
C 13 7 00000000
C 13 8 00000000
C 13 9 00000000
C 13 10 00000000
C 13 11 00000000
C 13 12 00000000
C 13 13 00000000
C 13 14 00000000
C 13 15 00000000
D 13 0 00000000
D 13 1 00000000
V 13 0 00000000
V 13 1 00000000
R 13 0 4409000d
B 13 0 00000000
P 13 0 00000000
P 13 1 00000000
P 13 2 00000000
P 13 3 00000000
P 13 4 00000000
T 14 0 0004880a
T 14 1 00000000
T 14 2 00000010
C 14 0 00000000
C 14 1 00000000
C 14 2 00000000
C 14 3 00000000
C 14 4 00000000
C 14 5 00000000
C 14 6 00000000
C 14 7 00000000
C 14 8 00000000
C 14 9 00000000
C 14 10 00000000
C 14 11 00000000
C 14 12 00000000
C 14 13 00000000
C 14 14 00000000
C 14 15 00000000
D 14 0 00000000
D 14 1 00000000
V 14 0 00000000
V 14 1 00000000
R 14 0 00000000
B 14 0 00000000
P 14 0 00000000
P 14 1 00000000
P 14 2 00000000
P 14 3 00000000
P 14 4 00000000
T 15 0 00000000
T 15 1 00000000
T 15 2 00000000
C 15 0 00000000
C 15 1 00000000
C 15 2 00000000
C 15 3 00000000
C 15 4 00000000
C 15 5 00000000
C 15 6 00000000
C 15 7 00000000
C 15 8 00000000
C 15 9 00000000
C 15 10 00000000
C 15 11 00000000
C 15 12 00000000
C 15 13 00000000
C 15 14 00000000
C 15 15 00000000
D 15 0 00000000
D 15 1 00000000
V 15 0 00000000
V 15 1 00000000
R 15 0 000e0006
B 15 0 00000000
P 15 0 00000000
P 15 1 00000000
P 15 2 00000000
P 15 3 00000000
P 15 4 00000000
T 16 0 00000000
T 16 1 00000000
T 16 2 00000000
C 16 0 00000000
C 16 1 00000000
C 16 2 00000000
C 16 3 00000000
C 16 4 00000000
C 16 5 00000000
C 16 6 00000000
C 16 7 00000000
C 16 8 00000000
C 16 9 00000000
C 16 10 00000000
C 16 11 00000000
C 16 12 00000000
C 16 13 00000000
C 16 14 00000000
C 16 15 00000000
D 16 0 00000000
D 16 1 00000000
V 16 0 00000000
V 16 1 00000000
R 16 0 00090007
B 16 0 00000000
P 16 0 00000000
P 16 1 00000000
P 16 2 00000000
P 16 3 00000000
P 16 4 00000000
T 17 0 00000000
T 17 1 00000000
T 17 2 00000000
C 17 0 00000000
C 17 1 00000000
C 17 2 00000000
C 17 3 00000000
C 17 4 00000000
C 17 5 00000000
C 17 6 00000000
C 17 7 00000000
C 17 8 00000000
C 17 9 00000000
C 17 10 00000000
C 17 11 00000000
C 17 12 00000000
C 17 13 00000000
C 17 14 00000000
C 17 15 00000000
D 17 0 00000000
D 17 1 00000000
V 17 0 00000000
V 17 1 00000000
R 17 0 00060008
B 17 0 00000000
P 17 0 00000000
P 17 1 00000000
P 17 2 00000000
P 17 3 00000000
P 17 4 00000000
T 18 0 00000024
T 18 1 00000000
T 18 2 00000004
C 18 0 00000000
C 18 1 00000000
C 18 2 00000000
C 18 3 00000000
C 18 4 00000000
C 18 5 00000000
C 18 6 00000000
C 18 7 00000000
C 18 8 00000000
C 18 9 00000000
C 18 10 00000000
C 18 11 00000000
C 18 12 00000000
C 18 13 00000000
C 18 14 00000000
C 18 15 00000000
D 18 0 00000000
D 18 1 00000000
V 18 0 00000000
V 18 1 00000000
R 18 0 00000000
B 18 0 00000000
P 18 0 00000000
P 18 1 00000000
P 18 2 00000000
P 18 3 00000000
P 18 4 00000000
T 19 0 0009380a
T 19 1 00000000
T 19 2 00000010
C 19 0 00000000
C 19 1 00000000
C 19 2 00000000
C 19 3 00000000
C 19 4 00000000
C 19 5 00000000
C 19 6 00000000
C 19 7 00000000
C 19 8 00000000
C 19 9 00000000
C 19 10 00000000
C 19 11 00000000
C 19 12 00000000
C 19 13 00000000
C 19 14 00000000
C 19 15 00000000
D 19 0 00000000
D 19 1 00000000
V 19 0 00000000
V 19 1 00000000
R 19 0 00000000
B 19 0 00000000
P 19 0 00000000
P 19 1 00000000
P 19 2 00000000
P 19 3 00000000
P 19 4 00000000
T 20 0 00000000
T 20 1 00000000
T 20 2 00000000
C 20 0 00000000
C 20 1 00000000
C 20 2 00000000
C 20 3 00000000
C 20 4 00000000
C 20 5 00000000
C 20 6 00000000
C 20 7 00000000
C 20 8 00000000
C 20 9 00000000
C 20 10 00000000
C 20 11 00000000
C 20 12 00000000
C 20 13 00000000
C 20 14 00000000
C 20 15 00000000
D 20 0 00000000
D 20 1 00000000
V 20 0 0ff00007
V 20 1 00120010
R 20 0 00130004
B 20 0 00000000
P 20 0 00000000
P 20 1 00000000
P 20 2 00000000
P 20 3 00000000
P 20 4 00000000
T 21 0 00000000
T 21 1 00000000
T 21 2 00000000
C 21 0 00000000
C 21 1 00000000
C 21 2 00000000
C 21 3 00000000
C 21 4 00000000
C 21 5 00000000
C 21 6 00000000
C 21 7 00000000
C 21 8 00000000
C 21 9 00000000
C 21 10 00000000
C 21 11 00000000
C 21 12 00000000
C 21 13 00000000
C 21 14 00000000
C 21 15 00000000
D 21 0 00000000
D 21 1 00000000
V 21 0 00000000
V 21 1 00000000
R 21 0 00060009
B 21 0 00000000
P 21 0 00000000
P 21 1 00000000
P 21 2 00000000
P 21 3 00000000
P 21 4 00000000
T 22 0 00000000
T 22 1 00000000
T 22 2 00000000
C 22 0 00000000
C 22 1 00000000
C 22 2 00000000
C 22 3 00000000
C 22 4 00000000
C 22 5 00000000
C 22 6 00000000
C 22 7 00000000
C 22 8 00000000
C 22 9 00000000
C 22 10 00000000
C 22 11 00000000
C 22 12 00000000
C 22 13 00000000
C 22 14 00000000
C 22 15 00000000
D 22 0 00000000
D 22 1 00000000
V 22 0 00000000
V 22 1 00000000
R 22 0 0012000a
B 22 0 00000000
P 22 0 00000000
P 22 1 00000000
P 22 2 00000000
P 22 3 00000000
P 22 4 00000000
T 23 0 00000000
T 23 1 00000000
T 23 2 00000000
C 23 0 3e428f5c
C 23 1 00000000
C 23 2 00000000
C 23 3 00000000
C 23 4 00000000
C 23 5 00000000
C 23 6 00000000
C 23 7 00000000
C 23 8 00000000
C 23 9 00000000
C 23 10 00000000
C 23 11 00000000
C 23 12 00000000
C 23 13 00000000
C 23 14 00000000
C 23 15 00000000
D 23 0 00000000
D 23 1 00000000
V 23 0 00000000
V 23 1 00000000
R 23 0 44120017
B 23 0 00000000
P 23 0 00000000
P 23 1 00000000
P 23 2 00000000
P 23 3 00000000
P 23 4 00000000
T 24 0 00000000
T 24 1 00000000
T 24 2 00000000
C 24 0 00000000
C 24 1 00000000
C 24 2 00000000
C 24 3 00000000
C 24 4 00000000
C 24 5 00000000
C 24 6 00000000
C 24 7 00000000
C 24 8 00000000
C 24 9 00000000
C 24 10 00000000
C 24 11 00000000
C 24 12 00000000
C 24 13 00000000
C 24 14 00000000
C 24 15 00000000
D 24 0 00000000
D 24 1 00000000
V 24 0 00000000
V 24 1 00000000
R 24 0 0012000b
B 24 0 00000000
P 24 0 00000000
P 24 1 00000000
P 24 2 00000000
P 24 3 00000000
P 24 4 00000000
T 25 0 00000000
T 25 1 00000000
T 25 2 00000000
C 25 0 3d8f5c29
C 25 1 00000000
C 25 2 00000000
C 25 3 00000000
C 25 4 00000000
C 25 5 00000000
C 25 6 00000000
C 25 7 00000000
C 25 8 00000000
C 25 9 00000000
C 25 10 00000000
C 25 11 00000000
C 25 12 00000000
C 25 13 00000000
C 25 14 00000000
C 25 15 00000000
D 25 0 00000000
D 25 1 00000000
V 25 0 00000000
V 25 1 00000000
R 25 0 44120019
B 25 0 00000000
P 25 0 00000000
P 25 1 00000000
P 25 2 00000000
P 25 3 00000000
P 25 4 00000000
T 26 0 00000000
T 26 1 00000000
T 26 2 00000000
C 26 0 00000000
C 26 1 00000000
C 26 2 00000000
C 26 3 00000000
C 26 4 00000000
C 26 5 00000000
C 26 6 00000000
C 26 7 00000000
C 26 8 00000000
C 26 9 00000000
C 26 10 00000000
C 26 11 00000000
C 26 12 00000000
C 26 13 00000000
C 26 14 00000000
C 26 15 00000000
D 26 0 00000000
D 26 1 00000000
V 26 0 00000000
V 26 1 00000000
R 26 0 0012000c
B 26 0 00000000
P 26 0 00000000
P 26 1 00000000
P 26 2 00000000
P 26 3 00000000
P 26 4 00000000
T 27 0 00000000
T 27 1 00000000
T 27 2 00000000
C 27 0 00000000
C 27 1 00000000
C 27 2 00000000
C 27 3 00000000
C 27 4 00000000
C 27 5 00000000
C 27 6 00000000
C 27 7 00000000
C 27 8 00000000
C 27 9 00000000
C 27 10 00000000
C 27 11 00000000
C 27 12 00000000
C 27 13 00000000
C 27 14 00000000
C 27 15 00000000
D 27 0 00000000
D 27 1 00000000
V 27 0 0ff00007
V 27 1 00120020
R 27 0 00130005
B 27 0 00000000
P 27 0 00000000
P 27 1 00000000
P 27 2 00000000
P 27 3 00000000
P 27 4 00000000
T 28 0 00000000
T 28 1 00000000
T 28 2 00000000
C 28 0 3e051eb8
C 28 1 00000000
C 28 2 00000000
C 28 3 00000000
C 28 4 00000000
C 28 5 00000000
C 28 6 00000000
C 28 7 00000000
C 28 8 00000000
C 28 9 00000000
C 28 10 00000000
C 28 11 00000000
C 28 12 00000000
C 28 13 00000000
C 28 14 00000000
C 28 15 00000000
D 28 0 00000000
D 28 1 00000000
V 28 0 00000000
V 28 1 00000000
R 28 0 4412001c
B 28 0 00000000
P 28 0 00000000
P 28 1 00000000
P 28 2 00000000
P 28 3 00000000
P 28 4 00000000
T 29 0 00000000
T 29 1 00000000
T 29 2 00000000
C 29 0 00000000
C 29 1 00000000
C 29 2 00000000
C 29 3 00000000
C 29 4 00000000
C 29 5 00000000
C 29 6 00000000
C 29 7 00000000
C 29 8 00000000
C 29 9 00000000
C 29 10 00000000
C 29 11 00000000
C 29 12 00000000
C 29 13 00000000
C 29 14 00000000
C 29 15 00000000
D 29 0 00000000
D 29 1 00000000
V 29 0 00000000
V 29 1 00000000
R 29 0 0006000d
B 29 0 00000000
P 29 0 00000000
P 29 1 00000000
P 29 2 00000000
P 29 3 00000000
P 29 4 00000000
T 30 0 00000000
T 30 1 00000000
T 30 2 00000000
C 30 0 00000003
C 30 1 00000000
C 30 2 00000000
C 30 3 00000000
C 30 4 00000000
C 30 5 00000000
C 30 6 00000000
C 30 7 00000000
C 30 8 00000000
C 30 9 00000000
C 30 10 00000000
C 30 11 00000000
C 30 12 00000000
C 30 13 00000000
C 30 14 00000000
C 30 15 00000000
D 30 0 00000000
D 30 1 00000000
V 30 0 00000000
V 30 1 00000000
R 30 0 4406001e
B 30 0 00000000
P 30 0 00000000
P 30 1 00000000
P 30 2 00000000
P 30 3 00000000
P 30 4 00000000
T 31 0 00000000
T 31 1 00000000
T 31 2 00000000
C 31 0 00000000
C 31 1 00000000
C 31 2 00000000
C 31 3 00000000
C 31 4 00000000
C 31 5 00000000
C 31 6 00000000
C 31 7 00000000
C 31 8 00000000
C 31 9 00000000
C 31 10 00000000
C 31 11 00000000
C 31 12 00000000
C 31 13 00000000
C 31 14 00000000
C 31 15 00000000
D 31 0 00000000
D 31 1 00000000
V 31 0 00000000
V 31 1 00000000
R 31 0 0006000e
B 31 0 00000000
P 31 0 00000000
P 31 1 00000000
P 31 2 00000000
P 31 3 00000000
P 31 4 00000000
T 32 0 00000000
T 32 1 00000000
T 32 2 00000000
C 32 0 00000000
C 32 1 00000000
C 32 2 00000000
C 32 3 00000000
C 32 4 00000000
C 32 5 00000000
C 32 6 00000000
C 32 7 00000000
C 32 8 00000000
C 32 9 00000000
C 32 10 00000000
C 32 11 00000000
C 32 12 00000000
C 32 13 00000000
C 32 14 00000000
C 32 15 00000000
D 32 0 00000000
D 32 1 00000000
V 32 0 00000000
V 32 1 00000000
R 32 0 0012000f
B 32 0 00000000
P 32 0 00000000
P 32 1 00000000
P 32 2 00000000
P 32 3 00000000
P 32 4 00000000
T 33 0 00000000
T 33 1 00000000
T 33 2 00000000
C 33 0 3ebd70a4
C 33 1 00000000
C 33 2 00000000
C 33 3 00000000
C 33 4 00000000
C 33 5 00000000
C 33 6 00000000
C 33 7 00000000
C 33 8 00000000
C 33 9 00000000
C 33 10 00000000
C 33 11 00000000
C 33 12 00000000
C 33 13 00000000
C 33 14 00000000
C 33 15 00000000
D 33 0 00000000
D 33 1 00000000
V 33 0 00000000
V 33 1 00000000
R 33 0 44120021
B 33 0 00000000
P 33 0 00000000
P 33 1 00000000
P 33 2 00000000
P 33 3 00000000
P 33 4 00000000
T 34 0 00000000
T 34 1 00000000
T 34 2 00000000
C 34 0 00000000
C 34 1 00000000
C 34 2 00000000
C 34 3 00000000
C 34 4 00000000
C 34 5 00000000
C 34 6 00000000
C 34 7 00000000
C 34 8 00000000
C 34 9 00000000
C 34 10 00000000
C 34 11 00000000
C 34 12 00000000
C 34 13 00000000
C 34 14 00000000
C 34 15 00000000
D 34 0 00000000
D 34 1 00000000
V 34 0 00000000
V 34 1 00000000
R 34 0 00120010
B 34 0 00000000
P 34 0 00000000
P 34 1 00000000
P 34 2 00000000
P 34 3 00000000
P 34 4 00000000
T 35 0 00000000
T 35 1 00000000
T 35 2 00000000
C 35 0 00000000
C 35 1 00000000
C 35 2 00000000
C 35 3 00000000
C 35 4 00000000
C 35 5 00000000
C 35 6 00000000
C 35 7 00000000
C 35 8 00000000
C 35 9 00000000
C 35 10 00000000
C 35 11 00000000
C 35 12 00000000
C 35 13 00000000
C 35 14 00000000
C 35 15 00000000
D 35 0 00000000
D 35 1 00000000
V 35 0 00000000
V 35 1 00000000
R 35 0 00120011
B 35 0 00000000
P 35 0 00000000
P 35 1 00000000
P 35 2 00000000
P 35 3 00000000
P 35 4 00000000
T 36 0 00090085
T 36 1 00000000
T 36 2 00000010
C 36 0 00000000
C 36 1 00000000
C 36 2 00000000
C 36 3 00000000
C 36 4 00000000
C 36 5 00000000
C 36 6 00000000
C 36 7 00000000
C 36 8 00000000
C 36 9 00000000
C 36 10 00000000
C 36 11 00000000
C 36 12 00000000
C 36 13 00000000
C 36 14 00000000
C 36 15 00000000
D 36 0 00000000
D 36 1 00000000
V 36 0 00000000
V 36 1 00000000
R 36 0 00000000
B 36 0 00000000
P 36 0 00000000
P 36 1 00000000
P 36 2 00000000
P 36 3 00000000
P 36 4 00000000
T 37 0 00120008
T 37 1 00000000
T 37 2 00100000
C 37 0 00000000
C 37 1 00000000
C 37 2 00000000
C 37 3 00000000
C 37 4 00000000
C 37 5 00000000
C 37 6 00000000
C 37 7 00000000
C 37 8 00000000
C 37 9 00000000
C 37 10 00000000
C 37 11 00000000
C 37 12 00000000
C 37 13 00000000
C 37 14 00000000
C 37 15 00000000
D 37 0 00ff0000
D 37 1 00000010
V 37 0 00000000
V 37 1 00000000
R 37 0 00000000
B 37 0 00000000
P 37 0 00000000
P 37 1 00000000
P 37 2 00000000
P 37 3 00000000
P 37 4 00000000
T 38 0 02000009
T 38 1 00000000
T 38 2 00000000
C 38 0 00000000
C 38 1 00000000
C 38 2 00000000
C 38 3 00000000
C 38 4 00000000
C 38 5 00000000
C 38 6 00000000
C 38 7 00000000
C 38 8 00000000
C 38 9 00000000
C 38 10 00000000
C 38 11 00000000
C 38 12 00000000
C 38 13 00000000
C 38 14 00000000
C 38 15 00000000
D 38 0 04ff0000
D 38 1 00000000
V 38 0 00000000
V 38 1 00000000
R 38 0 00000000
B 38 0 00000000
P 38 0 00000000
P 38 1 00000000
P 38 2 00000000
P 38 3 00000000
P 38 4 00000000
T 39 0 0013600a
T 39 1 00000000
T 39 2 00000010
C 39 0 00000000
C 39 1 00000000
C 39 2 00000000
C 39 3 00000000
C 39 4 00000000
C 39 5 00000000
C 39 6 00000000
C 39 7 00000000
C 39 8 00000000
C 39 9 00000000
C 39 10 00000000
C 39 11 00000000
C 39 12 00000000
C 39 13 00000000
C 39 14 00000000
C 39 15 00000000
D 39 0 00000000
D 39 1 00000000
V 39 0 00000000
V 39 1 00000000
R 39 0 00000000
B 39 0 00000000
P 39 0 00000000
P 39 1 00000000
P 39 2 00000000
P 39 3 00000000
P 39 4 00000000
T 40 0 00000000
T 40 1 00000000
T 40 2 00000000
C 40 0 00000000
C 40 1 00000000
C 40 2 00000000
C 40 3 00000000
C 40 4 00000000
C 40 5 00000000
C 40 6 00000000
C 40 7 00000000
C 40 8 00000000
C 40 9 00000000
C 40 10 00000000
C 40 11 00000000
C 40 12 00000000
C 40 13 00000000
C 40 14 00000000
C 40 15 00000000
D 40 0 00ff0100
D 40 1 00000000
V 40 0 0ff0100c
V 40 1 00260000
R 40 0 00270001
B 40 0 00000000
P 40 0 00000000
P 40 1 00000000
P 40 2 00000000
P 40 3 00000000
P 40 4 00000000
T 41 0 00000000
T 41 1 00000000
T 41 2 00000000
C 41 0 00000000
C 41 1 00000000
C 41 2 00000000
C 41 3 00000000
C 41 4 00000000
C 41 5 00000000
C 41 6 00000000
C 41 7 00000000
C 41 8 00000000
C 41 9 00000000
C 41 10 00000000
C 41 11 00000000
C 41 12 00000000
C 41 13 00000000
C 41 14 00000000
C 41 15 00000000
D 41 0 00000000
D 41 1 00000000
V 41 0 00000000
V 41 1 00000000
R 41 0 44060029
B 41 0 00000000
P 41 0 00000000
P 41 1 00000000
P 41 2 00000000
P 41 3 00000000
P 41 4 00000000
T 42 0 00000000
T 42 1 00000000
T 42 2 00000000
C 42 0 00000000
C 42 1 00000000
C 42 2 00000000
C 42 3 00000000
C 42 4 00000000
C 42 5 00000000
C 42 6 00000000
C 42 7 00000000
C 42 8 00000000
C 42 9 00000000
C 42 10 00000000
C 42 11 00000000
C 42 12 00000000
C 42 13 00000000
C 42 14 00000000
C 42 15 00000000
D 42 0 00000000
D 42 1 00000000
V 42 0 00000000
V 42 1 00000000
R 42 0 00060012
B 42 0 00000000
P 42 0 00000000
P 42 1 00000000
P 42 2 00000000
P 42 3 00000000
P 42 4 00000000
T 43 0 0009010c
T 43 1 00000000
T 43 2 00000004
C 43 0 00000000
C 43 1 00000000
C 43 2 00000000
C 43 3 00000000
C 43 4 00000000
C 43 5 00000000
C 43 6 00000000
C 43 7 00000000
C 43 8 00000000
C 43 9 00000000
C 43 10 00000000
C 43 11 00000000
C 43 12 00000000
C 43 13 00000000
C 43 14 00000000
C 43 15 00000000
D 43 0 00000000
D 43 1 00000000
V 43 0 00000000
V 43 1 00000000
R 43 0 00000000
B 43 0 00000000
P 43 0 00000000
P 43 1 00000000
P 43 2 00000000
P 43 3 00000000
P 43 4 00000000
T 44 0 0015800e
T 44 1 00000000
T 44 2 00000004
C 44 0 00000000
C 44 1 00000000
C 44 2 00000000
C 44 3 00000000
C 44 4 00000000
C 44 5 00000000
C 44 6 00000000
C 44 7 00000000
C 44 8 00000000
C 44 9 00000000
C 44 10 00000000
C 44 11 00000000
C 44 12 00000000
C 44 13 00000000
C 44 14 00000000
C 44 15 00000000
D 44 0 00000000
D 44 1 00000000
V 44 0 00000000
V 44 1 00000000
R 44 0 00000000
B 44 0 00000000
P 44 0 00000000
P 44 1 00000000
P 44 2 00000000
P 44 3 00000000
P 44 4 00000000
T 45 0 0016000a
T 45 1 00000000
T 45 2 00000010
C 45 0 00000000
C 45 1 00000000
C 45 2 00000000
C 45 3 00000000
C 45 4 00000000
C 45 5 00000000
C 45 6 00000000
C 45 7 00000000
C 45 8 00000000
C 45 9 00000000
C 45 10 00000000
C 45 11 00000000
C 45 12 00000000
C 45 13 00000000
C 45 14 00000000
C 45 15 00000000
D 45 0 00000000
D 45 1 00000000
V 45 0 00000000
V 45 1 00000000
R 45 0 00000000
B 45 0 00000000
P 45 0 00000000
P 45 1 00000000
P 45 2 00000000
P 45 3 00000000
P 45 4 00000000
T 46 0 00000000
T 46 1 00000000
T 46 2 00000000
C 46 0 00000000
C 46 1 00000000
C 46 2 00000000
C 46 3 00000000
C 46 4 00000000
C 46 5 00000000
C 46 6 00000000
C 46 7 00000000
C 46 8 00000000
C 46 9 00000000
C 46 10 00000000
C 46 11 00000000
C 46 12 00000000
C 46 13 00000000
C 46 14 00000000
C 46 15 00000000
D 46 0 00ff0000
D 46 1 00000000
V 46 0 0ff00000
V 46 1 002c0000
R 46 0 002d0002
B 46 0 00000000
P 46 0 00000000
P 46 1 00000000
P 46 2 00000000
P 46 3 00000000
P 46 4 00000000
T 47 0 00000000
T 47 1 00000000
T 47 2 00000000
C 47 0 00000000
C 47 1 00000000
C 47 2 00000000
C 47 3 00000000
C 47 4 00000000
C 47 5 00000000
C 47 6 00000000
C 47 7 00000000
C 47 8 00000000
C 47 9 00000000
C 47 10 00000000
C 47 11 00000000
C 47 12 00000000
C 47 13 00000000
C 47 14 00000000
C 47 15 00000000
D 47 0 00000000
D 47 1 00000000
V 47 0 00000000
V 47 1 00000000
R 47 0 002c0013
B 47 0 00000000
P 47 0 00000000
P 47 1 00000000
P 47 2 00000000
P 47 3 00000000
P 47 4 00000000
T 48 0 00000000
T 48 1 00000000
T 48 2 00000000
C 48 0 00000000
C 48 1 00000000
C 48 2 00000000
C 48 3 00000000
C 48 4 00000000
C 48 5 00000000
C 48 6 00000000
C 48 7 00000000
C 48 8 00000000
C 48 9 00000000
C 48 10 00000000
C 48 11 00000000
C 48 12 00000000
C 48 13 00000000
C 48 14 00000000
C 48 15 00000000
D 48 0 00000000
D 48 1 00000000
V 48 0 00000000
V 48 1 00000000
R 48 0 00120014
B 48 0 00000000
P 48 0 00000000
P 48 1 00000000
P 48 2 00000000
P 48 3 00000000
P 48 4 00000000
T 49 0 00000000
T 49 1 00000000
T 49 2 00000000
C 49 0 00000000
C 49 1 00000000
C 49 2 00000000
C 49 3 00000000
C 49 4 00000000
C 49 5 00000000
C 49 6 00000000
C 49 7 00000000
C 49 8 00000000
C 49 9 00000000
C 49 10 00000000
C 49 11 00000000
C 49 12 00000000
C 49 13 00000000
C 49 14 00000000
C 49 15 00000000
D 49 0 00000000
D 49 1 00000000
V 49 0 00000000
V 49 1 00000000
R 49 0 00120015
B 49 0 00000000
P 49 0 00000000
P 49 1 00000000
P 49 2 00000000
P 49 3 00000000
P 49 4 00000000
T 50 0 00090045
T 50 1 00000000
T 50 2 00000008
C 50 0 00000000
C 50 1 00000000
C 50 2 00000000
C 50 3 00000000
C 50 4 00000000
C 50 5 00000000
C 50 6 00000000
C 50 7 00000000
C 50 8 00000000
C 50 9 00000000
C 50 10 00000000
C 50 11 00000000
C 50 12 00000000
C 50 13 00000000
C 50 14 00000000
C 50 15 00000000
D 50 0 00000000
D 50 1 00000000
V 50 0 00000000
V 50 1 00000000
R 50 0 00000000
B 50 0 00000000
P 50 0 00000000
P 50 1 00000000
P 50 2 00000000
P 50 3 00000000
P 50 4 00000000
T 51 0 00000000
T 51 1 00000000
T 51 2 00000000
C 51 0 00000000
C 51 1 00000000
C 51 2 00000000
C 51 3 00000000
C 51 4 00000000
C 51 5 00000000
C 51 6 00000000
C 51 7 00000000
C 51 8 00000000
C 51 9 00000000
C 51 10 00000000
C 51 11 00000000
C 51 12 00000000
C 51 13 00000000
C 51 14 00000000
C 51 15 00000000
D 51 0 00000000
D 51 1 00000000
V 51 0 00000000
V 51 1 00000000
R 51 0 00320016
B 51 0 00000000
P 51 0 00000000
P 51 1 00000000
P 51 2 00000000
P 51 3 00000000
P 51 4 00000000
T 52 0 00000000
T 52 1 00000000
T 52 2 00000000
C 52 0 00000000
C 52 1 00000000
C 52 2 00000000
C 52 3 00000000
C 52 4 00000000
C 52 5 00000000
C 52 6 00000000
C 52 7 00000000
C 52 8 00000000
C 52 9 00000000
C 52 10 00000000
C 52 11 00000000
C 52 12 00000000
C 52 13 00000000
C 52 14 00000000
C 52 15 00000000
D 52 0 00000000
D 52 1 00000000
V 52 0 00000000
V 52 1 00000000
R 52 0 44120034
B 52 0 00000000
P 52 0 00000000
P 52 1 00000000
P 52 2 00000000
P 52 3 00000000
P 52 4 00000000
T 53 0 00000000
T 53 1 00000000
T 53 2 00000000
C 53 0 00000000
C 53 1 00000000
C 53 2 00000000
C 53 3 00000000
C 53 4 00000000
C 53 5 00000000
C 53 6 00000000
C 53 7 00000000
C 53 8 00000000
C 53 9 00000000
C 53 10 00000000
C 53 11 00000000
C 53 12 00000000
C 53 13 00000000
C 53 14 00000000
C 53 15 00000000
D 53 0 00000000
D 53 1 00000000
V 53 0 00000000
V 53 1 00000000
R 53 0 00240017
B 53 0 00000000
P 53 0 00000000
P 53 1 00000000
P 53 2 00000000
P 53 3 00000000
P 53 4 00000000
T 54 0 0012600a
T 54 1 00000000
T 54 2 00000010
C 54 0 00000000
C 54 1 00000000
C 54 2 00000000
C 54 3 00000000
C 54 4 00000000
C 54 5 00000000
C 54 6 00000000
C 54 7 00000000
C 54 8 00000000
C 54 9 00000000
C 54 10 00000000
C 54 11 00000000
C 54 12 00000000
C 54 13 00000000
C 54 14 00000000
C 54 15 00000000
D 54 0 00000000
D 54 1 00000000
V 54 0 00000000
V 54 1 00000000
R 54 0 00000000
B 54 0 00000000
P 54 0 00000000
P 54 1 00000000
P 54 2 00000000
P 54 3 00000000
P 54 4 00000000
T 55 0 00000000
T 55 1 00000000
T 55 2 00000000
C 55 0 00000000
C 55 1 00000000
C 55 2 00000000
C 55 3 00000000
C 55 4 00000000
C 55 5 00000000
C 55 6 00000000
C 55 7 00000000
C 55 8 00000000
C 55 9 00000000
C 55 10 00000000
C 55 11 00000000
C 55 12 00000000
C 55 13 00000000
C 55 14 00000000
C 55 15 00000000
D 55 0 00000000
D 55 1 00000000
V 55 0 00000000
V 55 1 00000000
R 55 0 00360018
B 55 0 00000000
P 55 0 00000000
P 55 1 00000000
P 55 2 00000000
P 55 3 00000000
P 55 4 00000000
T 56 0 00000000
T 56 1 00000000
T 56 2 00000000
C 56 0 00000008
C 56 1 00000000
C 56 2 00000000
C 56 3 00000000
C 56 4 00000000
C 56 5 00000000
C 56 6 00000000
C 56 7 00000000
C 56 8 00000000
C 56 9 00000000
C 56 10 00000000
C 56 11 00000000
C 56 12 00000000
C 56 13 00000000
C 56 14 00000000
C 56 15 00000000
D 56 0 00000000
D 56 1 00000000
V 56 0 00000000
V 56 1 00000000
R 56 0 44090038
B 56 0 00000000
P 56 0 00000000
P 56 1 00000000
P 56 2 00000000
P 56 3 00000000
P 56 4 00000000
T 57 0 00000000
T 57 1 00000000
T 57 2 00000000
C 57 0 00000001
C 57 1 00000000
C 57 2 00000000
C 57 3 00000000
C 57 4 00000000
C 57 5 00000000
C 57 6 00000000
C 57 7 00000000
C 57 8 00000000
C 57 9 00000000
C 57 10 00000000
C 57 11 00000000
C 57 12 00000000
C 57 13 00000000
C 57 14 00000000
C 57 15 00000000
D 57 0 00000000
D 57 1 00000000
V 57 0 00000000
V 57 1 00000000
R 57 0 44090039
B 57 0 00000000
P 57 0 00000000
P 57 1 00000000
P 57 2 00000000
P 57 3 00000000
P 57 4 00000000
T 58 0 00000000
T 58 1 00000000
T 58 2 00000000
C 58 0 00000008
C 58 1 00000001
C 58 2 00000001
C 58 3 00000000
C 58 4 00000000
C 58 5 00000000
C 58 6 00000000
C 58 7 00000000
C 58 8 00000000
C 58 9 00000000
C 58 10 00000000
C 58 11 00000000
C 58 12 00000000
C 58 13 00000000
C 58 14 00000000
C 58 15 00000000
D 58 0 00190000
D 58 1 00000000
V 58 0 00000000
V 58 1 00000000
R 58 0 4c0a003a
B 58 0 00000000
P 58 0 00000000
P 58 1 00000000
P 58 2 00000000
P 58 3 00000000
P 58 4 00000000
T 59 0 00000000
T 59 1 00000000
T 59 2 00000000
C 59 0 00000000
C 59 1 00000000
C 59 2 00000000
C 59 3 00000000
C 59 4 00000000
C 59 5 00000000
C 59 6 00000000
C 59 7 00000000
C 59 8 00000000
C 59 9 00000000
C 59 10 00000000
C 59 11 00000000
C 59 12 00000000
C 59 13 00000000
C 59 14 00000000
C 59 15 00000000
D 59 0 00000000
D 59 1 00000000
V 59 0 00000000
V 59 1 00000000
R 59 0 00000000
B 59 0 00000000
P 59 0 00000000
P 59 1 00000000
P 59 2 00000000
P 59 3 00000000
P 59 4 00000000
T 60 0 00000000
T 60 1 00000000
T 60 2 00000000
C 60 0 00000000
C 60 1 00000000
C 60 2 00000000
C 60 3 00000000
C 60 4 00000000
C 60 5 00000000
C 60 6 00000000
C 60 7 00000000
C 60 8 00000000
C 60 9 00000000
C 60 10 00000000
C 60 11 00000000
C 60 12 00000000
C 60 13 00000000
C 60 14 00000000
C 60 15 00000000
D 60 0 00000000
D 60 1 00000000
V 60 0 00000000
V 60 1 00000000
R 60 0 00000000
B 60 0 00000000
P 60 0 00000000
P 60 1 00000000
P 60 2 00000000
P 60 3 00000000
P 60 4 00000000
T 61 0 00000000
T 61 1 00000000
T 61 2 00000000
C 61 0 00000000
C 61 1 00000000
C 61 2 00000000
C 61 3 00000000
C 61 4 00000000
C 61 5 00000000
C 61 6 00000000
C 61 7 00000000
C 61 8 00000000
C 61 9 00000000
C 61 10 00000000
C 61 11 00000000
C 61 12 00000000
C 61 13 00000000
C 61 14 00000000
C 61 15 00000000
D 61 0 00000000
D 61 1 00000000
V 61 0 00000000
V 61 1 00000000
R 61 0 00000000
B 61 0 00000000
P 61 0 00000000
P 61 1 00000000
P 61 2 00000000
P 61 3 00000000
P 61 4 00000000
T 62 0 00000000
T 62 1 00000000
T 62 2 00000000
C 62 0 00000000
C 62 1 00000000
C 62 2 00000000
C 62 3 00000000
C 62 4 00000000
C 62 5 00000000
C 62 6 00000000
C 62 7 00000000
C 62 8 00000000
C 62 9 00000000
C 62 10 00000000
C 62 11 00000000
C 62 12 00000000
C 62 13 00000000
C 62 14 00000000
C 62 15 00000000
D 62 0 00000000
D 62 1 00000000
V 62 0 00000000
V 62 1 00000000
R 62 0 00000000
B 62 0 00000000
P 62 0 00000000
P 62 1 00000000
P 62 2 00000000
P 62 3 00000000
P 62 4 00000000
T 63 0 00000000
T 63 1 00000000
T 63 2 00000000
C 63 0 00000000
C 63 1 00000000
C 63 2 00000000
C 63 3 00000000
C 63 4 00000000
C 63 5 00000000
C 63 6 00000000
C 63 7 00000000
C 63 8 00000000
C 63 9 00000000
C 63 10 00000000
C 63 11 00000000
C 63 12 00000000
C 63 13 00000000
C 63 14 00000000
C 63 15 00000000
D 63 0 00000000
D 63 1 00000000
V 63 0 00000000
V 63 1 00000000
R 63 0 00000000
B 63 0 00000000
P 63 0 00000000
P 63 1 00000000
P 63 2 00000000
P 63 3 00000000
P 63 4 00000000
T 64 0 00000000
T 64 1 00000000
T 64 2 00000000
C 64 0 00000000
C 64 1 00000000
C 64 2 00000000
C 64 3 00000000
C 64 4 00000000
C 64 5 00000000
C 64 6 00000000
C 64 7 00000000
C 64 8 00000000
C 64 9 00000000
C 64 10 00000000
C 64 11 00000000
C 64 12 00000000
C 64 13 00000000
C 64 14 00000000
C 64 15 00000000
D 64 0 00000000
D 64 1 00000000
V 64 0 00000000
V 64 1 00000000
R 64 0 00000000
B 64 0 00000000
P 64 0 00000000
P 64 1 00000000
P 64 2 00000000
P 64 3 00000000
P 64 4 00000000
T 65 0 00000000
T 65 1 00000000
T 65 2 00000000
C 65 0 00000000
C 65 1 00000000
C 65 2 00000000
C 65 3 00000000
C 65 4 00000000
C 65 5 00000000
C 65 6 00000000
C 65 7 00000000
C 65 8 00000000
C 65 9 00000000
C 65 10 00000000
C 65 11 00000000
C 65 12 00000000
C 65 13 00000000
C 65 14 00000000
C 65 15 00000000
D 65 0 00000000
D 65 1 00000000
V 65 0 00000000
V 65 1 00000000
R 65 0 00000000
B 65 0 00000000
P 65 0 00000000
P 65 1 00000000
P 65 2 00000000
P 65 3 00000000
P 65 4 00000000
T 66 0 00000000
T 66 1 00000000
T 66 2 00000000
C 66 0 00000000
C 66 1 00000000
C 66 2 00000000
C 66 3 00000000
C 66 4 00000000
C 66 5 00000000
C 66 6 00000000
C 66 7 00000000
C 66 8 00000000
C 66 9 00000000
C 66 10 00000000
C 66 11 00000000
C 66 12 00000000
C 66 13 00000000
C 66 14 00000000
C 66 15 00000000
D 66 0 00000000
D 66 1 00000000
V 66 0 00000000
V 66 1 00000000
R 66 0 00000000
B 66 0 00000000
P 66 0 00000000
P 66 1 00000000
P 66 2 00000000
P 66 3 00000000
P 66 4 00000000
T 67 0 00000000
T 67 1 00000000
T 67 2 00000000
C 67 0 00000000
C 67 1 00000000
C 67 2 00000000
C 67 3 00000000
C 67 4 00000000
C 67 5 00000000
C 67 6 00000000
C 67 7 00000000
C 67 8 00000000
C 67 9 00000000
C 67 10 00000000
C 67 11 00000000
C 67 12 00000000
C 67 13 00000000
C 67 14 00000000
C 67 15 00000000
D 67 0 00000000
D 67 1 00000000
V 67 0 00000000
V 67 1 00000000
R 67 0 00000000
B 67 0 00000000
P 67 0 00000000
P 67 1 00000000
P 67 2 00000000
P 67 3 00000000
P 67 4 00000000
T 68 0 00000000
T 68 1 00000000
T 68 2 00000000
C 68 0 00000000
C 68 1 00000000
C 68 2 00000000
C 68 3 00000000
C 68 4 00000000
C 68 5 00000000
C 68 6 00000000
C 68 7 00000000
C 68 8 00000000
C 68 9 00000000
C 68 10 00000000
C 68 11 00000000
C 68 12 00000000
C 68 13 00000000
C 68 14 00000000
C 68 15 00000000
D 68 0 00000000
D 68 1 00000000
V 68 0 00000000
V 68 1 00000000
R 68 0 00000000
B 68 0 00000000
P 68 0 00000000
P 68 1 00000000
P 68 2 00000000
P 68 3 00000000
P 68 4 00000000
T 69 0 00000000
T 69 1 00000000
T 69 2 00000000
C 69 0 00000000
C 69 1 00000000
C 69 2 00000000
C 69 3 00000000
C 69 4 00000000
C 69 5 00000000
C 69 6 00000000
C 69 7 00000000
C 69 8 00000000
C 69 9 00000000
C 69 10 00000000
C 69 11 00000000
C 69 12 00000000
C 69 13 00000000
C 69 14 00000000
C 69 15 00000000
D 69 0 00000000
D 69 1 00000000
V 69 0 00000000
V 69 1 00000000
R 69 0 00000000
B 69 0 00000000
P 69 0 00000000
P 69 1 00000000
P 69 2 00000000
P 69 3 00000000
P 69 4 00000000
T 70 0 00000000
T 70 1 00000000
T 70 2 00000000
C 70 0 00000000
C 70 1 00000000
C 70 2 00000000
C 70 3 00000000
C 70 4 00000000
C 70 5 00000000
C 70 6 00000000
C 70 7 00000000
C 70 8 00000000
C 70 9 00000000
C 70 10 00000000
C 70 11 00000000
C 70 12 00000000
C 70 13 00000000
C 70 14 00000000
C 70 15 00000000
D 70 0 00000000
D 70 1 00000000
V 70 0 00000000
V 70 1 00000000
R 70 0 00000000
B 70 0 00000000
P 70 0 00000000
P 70 1 00000000
P 70 2 00000000
P 70 3 00000000
P 70 4 00000000
T 71 0 00000000
T 71 1 00000000
T 71 2 00000000
C 71 0 00000000
C 71 1 00000000
C 71 2 00000000
C 71 3 00000000
C 71 4 00000000
C 71 5 00000000
C 71 6 00000000
C 71 7 00000000
C 71 8 00000000
C 71 9 00000000
C 71 10 00000000
C 71 11 00000000
C 71 12 00000000
C 71 13 00000000
C 71 14 00000000
C 71 15 00000000
D 71 0 00000000
D 71 1 00000000
V 71 0 00000000
V 71 1 00000000
R 71 0 00000000
B 71 0 00000000
P 71 0 00000000
P 71 1 00000000
P 71 2 00000000
P 71 3 00000000
P 71 4 00000000
T 72 0 00000000
T 72 1 00000000
T 72 2 00000000
C 72 0 00000000
C 72 1 00000000
C 72 2 00000000
C 72 3 00000000
C 72 4 00000000
C 72 5 00000000
C 72 6 00000000
C 72 7 00000000
C 72 8 00000000
C 72 9 00000000
C 72 10 00000000
C 72 11 00000000
C 72 12 00000000
C 72 13 00000000
C 72 14 00000000
C 72 15 00000000
D 72 0 00000000
D 72 1 00000000
V 72 0 00000000
V 72 1 00000000
R 72 0 00000000
B 72 0 00000000
P 72 0 00000000
P 72 1 00000000
P 72 2 00000000
P 72 3 00000000
P 72 4 00000000
T 73 0 00000000
T 73 1 00000000
T 73 2 00000000
C 73 0 00000000
C 73 1 00000000
C 73 2 00000000
C 73 3 00000000
C 73 4 00000000
C 73 5 00000000
C 73 6 00000000
C 73 7 00000000
C 73 8 00000000
C 73 9 00000000
C 73 10 00000000
C 73 11 00000000
C 73 12 00000000
C 73 13 00000000
C 73 14 00000000
C 73 15 00000000
D 73 0 00000000
D 73 1 00000000
V 73 0 00000000
V 73 1 00000000
R 73 0 00000000
B 73 0 00000000
P 73 0 00000000
P 73 1 00000000
P 73 2 00000000
P 73 3 00000000
P 73 4 00000000
T 74 0 00000000
T 74 1 00000000
T 74 2 00000000
C 74 0 00000000
C 74 1 00000000
C 74 2 00000000
C 74 3 00000000
C 74 4 00000000
C 74 5 00000000
C 74 6 00000000
C 74 7 00000000
C 74 8 00000000
C 74 9 00000000
C 74 10 00000000
C 74 11 00000000
C 74 12 00000000
C 74 13 00000000
C 74 14 00000000
C 74 15 00000000
D 74 0 00000000
D 74 1 00000000
V 74 0 00000000
V 74 1 00000000
R 74 0 00000000
B 74 0 00000000
P 74 0 00000000
P 74 1 00000000
P 74 2 00000000
P 74 3 00000000
P 74 4 00000000
T 75 0 00000000
T 75 1 00000000
T 75 2 00000000
C 75 0 00000000
C 75 1 00000000
C 75 2 00000000
C 75 3 00000000
C 75 4 00000000
C 75 5 00000000
C 75 6 00000000
C 75 7 00000000
C 75 8 00000000
C 75 9 00000000
C 75 10 00000000
C 75 11 00000000
C 75 12 00000000
C 75 13 00000000
C 75 14 00000000
C 75 15 00000000
D 75 0 00000000
D 75 1 00000000
V 75 0 00000000
V 75 1 00000000
R 75 0 00000000
B 75 0 00000000
P 75 0 00000000
P 75 1 00000000
P 75 2 00000000
P 75 3 00000000
P 75 4 00000000
T 76 0 00000000
T 76 1 00000000
T 76 2 00000000
C 76 0 00000000
C 76 1 00000000
C 76 2 00000000
C 76 3 00000000
C 76 4 00000000
C 76 5 00000000
C 76 6 00000000
C 76 7 00000000
C 76 8 00000000
C 76 9 00000000
C 76 10 00000000
C 76 11 00000000
C 76 12 00000000
C 76 13 00000000
C 76 14 00000000
C 76 15 00000000
D 76 0 00000000
D 76 1 00000000
V 76 0 00000000
V 76 1 00000000
R 76 0 00000000
B 76 0 00000000
P 76 0 00000000
P 76 1 00000000
P 76 2 00000000
P 76 3 00000000
P 76 4 00000000
T 77 0 00000000
T 77 1 00000000
T 77 2 00000000
C 77 0 00000000
C 77 1 00000000
C 77 2 00000000
C 77 3 00000000
C 77 4 00000000
C 77 5 00000000
C 77 6 00000000
C 77 7 00000000
C 77 8 00000000
C 77 9 00000000
C 77 10 00000000
C 77 11 00000000
C 77 12 00000000
C 77 13 00000000
C 77 14 00000000
C 77 15 00000000
D 77 0 00000000
D 77 1 00000000
V 77 0 00000000
V 77 1 00000000
R 77 0 00000000
B 77 0 00000000
P 77 0 00000000
P 77 1 00000000
P 77 2 00000000
P 77 3 00000000
P 77 4 00000000
T 78 0 00000000
T 78 1 00000000
T 78 2 00000000
C 78 0 00000000
C 78 1 00000000
C 78 2 00000000
C 78 3 00000000
C 78 4 00000000
C 78 5 00000000
C 78 6 00000000
C 78 7 00000000
C 78 8 00000000
C 78 9 00000000
C 78 10 00000000
C 78 11 00000000
C 78 12 00000000
C 78 13 00000000
C 78 14 00000000
C 78 15 00000000
D 78 0 00000000
D 78 1 00000000
V 78 0 00000000
V 78 1 00000000
R 78 0 00000000
B 78 0 00000000
P 78 0 00000000
P 78 1 00000000
P 78 2 00000000
P 78 3 00000000
P 78 4 00000000
T 79 0 00000000
T 79 1 00000000
T 79 2 00000000
C 79 0 00000000
C 79 1 00000000
C 79 2 00000000
C 79 3 00000000
C 79 4 00000000
C 79 5 00000000
C 79 6 00000000
C 79 7 00000000
C 79 8 00000000
C 79 9 00000000
C 79 10 00000000
C 79 11 00000000
C 79 12 00000000
C 79 13 00000000
C 79 14 00000000
C 79 15 00000000
D 79 0 00000000
D 79 1 00000000
V 79 0 00000000
V 79 1 00000000
R 79 0 00000000
B 79 0 00000000
P 79 0 00000000
P 79 1 00000000
P 79 2 00000000
P 79 3 00000000
P 79 4 00000000
T 80 0 00000000
T 80 1 00000000
T 80 2 00000000
C 80 0 00000000
C 80 1 00000000
C 80 2 00000000
C 80 3 00000000
C 80 4 00000000
C 80 5 00000000
C 80 6 00000000
C 80 7 00000000
C 80 8 00000000
C 80 9 00000000
C 80 10 00000000
C 80 11 00000000
C 80 12 00000000
C 80 13 00000000
C 80 14 00000000
C 80 15 00000000
D 80 0 00000000
D 80 1 00000000
V 80 0 00000000
V 80 1 00000000
R 80 0 00000000
B 80 0 00000000
P 80 0 00000000
P 80 1 00000000
P 80 2 00000000
P 80 3 00000000
P 80 4 00000000
T 81 0 00000000
T 81 1 00000000
T 81 2 00000000
C 81 0 00000000
C 81 1 00000000
C 81 2 00000000
C 81 3 00000000
C 81 4 00000000
C 81 5 00000000
C 81 6 00000000
C 81 7 00000000
C 81 8 00000000
C 81 9 00000000
C 81 10 00000000
C 81 11 00000000
C 81 12 00000000
C 81 13 00000000
C 81 14 00000000
C 81 15 00000000
D 81 0 00000000
D 81 1 00000000
V 81 0 00000000
V 81 1 00000000
R 81 0 00000000
B 81 0 00000000
P 81 0 00000000
P 81 1 00000000
P 81 2 00000000
P 81 3 00000000
P 81 4 00000000
T 82 0 00000000
T 82 1 00000000
T 82 2 00000000
C 82 0 00000000
C 82 1 00000000
C 82 2 00000000
C 82 3 00000000
C 82 4 00000000
C 82 5 00000000
C 82 6 00000000
C 82 7 00000000
C 82 8 00000000
C 82 9 00000000
C 82 10 00000000
C 82 11 00000000
C 82 12 00000000
C 82 13 00000000
C 82 14 00000000
C 82 15 00000000
D 82 0 00000000
D 82 1 00000000
V 82 0 00000000
V 82 1 00000000
R 82 0 00000000
B 82 0 00000000
P 82 0 00000000
P 82 1 00000000
P 82 2 00000000
P 82 3 00000000
P 82 4 00000000
T 83 0 00000000
T 83 1 00000000
T 83 2 00000000
C 83 0 00000000
C 83 1 00000000
C 83 2 00000000
C 83 3 00000000
C 83 4 00000000
C 83 5 00000000
C 83 6 00000000
C 83 7 00000000
C 83 8 00000000
C 83 9 00000000
C 83 10 00000000
C 83 11 00000000
C 83 12 00000000
C 83 13 00000000
C 83 14 00000000
C 83 15 00000000
D 83 0 00000000
D 83 1 00000000
V 83 0 00000000
V 83 1 00000000
R 83 0 00000000
B 83 0 00000000
P 83 0 00000000
P 83 1 00000000
P 83 2 00000000
P 83 3 00000000
P 83 4 00000000
T 84 0 00000000
T 84 1 00000000
T 84 2 00000000
C 84 0 00000000
C 84 1 00000000
C 84 2 00000000
C 84 3 00000000
C 84 4 00000000
C 84 5 00000000
C 84 6 00000000
C 84 7 00000000
C 84 8 00000000
C 84 9 00000000
C 84 10 00000000
C 84 11 00000000
C 84 12 00000000
C 84 13 00000000
C 84 14 00000000
C 84 15 00000000
D 84 0 00000000
D 84 1 00000000
V 84 0 00000000
V 84 1 00000000
R 84 0 00000000
B 84 0 00000000
P 84 0 00000000
P 84 1 00000000
P 84 2 00000000
P 84 3 00000000
P 84 4 00000000
T 85 0 00000000
T 85 1 00000000
T 85 2 00000000
C 85 0 00000000
C 85 1 00000000
C 85 2 00000000
C 85 3 00000000
C 85 4 00000000
C 85 5 00000000
C 85 6 00000000
C 85 7 00000000
C 85 8 00000000
C 85 9 00000000
C 85 10 00000000
C 85 11 00000000
C 85 12 00000000
C 85 13 00000000
C 85 14 00000000
C 85 15 00000000
D 85 0 00000000
D 85 1 00000000
V 85 0 00000000
V 85 1 00000000
R 85 0 00000000
B 85 0 00000000
P 85 0 00000000
P 85 1 00000000
P 85 2 00000000
P 85 3 00000000
P 85 4 00000000
T 86 0 00000000
T 86 1 00000000
T 86 2 00000000
C 86 0 00000000
C 86 1 00000000
C 86 2 00000000
C 86 3 00000000
C 86 4 00000000
C 86 5 00000000
C 86 6 00000000
C 86 7 00000000
C 86 8 00000000
C 86 9 00000000
C 86 10 00000000
C 86 11 00000000
C 86 12 00000000
C 86 13 00000000
C 86 14 00000000
C 86 15 00000000
D 86 0 00000000
D 86 1 00000000
V 86 0 00000000
V 86 1 00000000
R 86 0 00000000
B 86 0 00000000
P 86 0 00000000
P 86 1 00000000
P 86 2 00000000
P 86 3 00000000
P 86 4 00000000
T 87 0 00000000
T 87 1 00000000
T 87 2 00000000
C 87 0 00000000
C 87 1 00000000
C 87 2 00000000
C 87 3 00000000
C 87 4 00000000
C 87 5 00000000
C 87 6 00000000
C 87 7 00000000
C 87 8 00000000
C 87 9 00000000
C 87 10 00000000
C 87 11 00000000
C 87 12 00000000
C 87 13 00000000
C 87 14 00000000
C 87 15 00000000
D 87 0 00000000
D 87 1 00000000
V 87 0 00000000
V 87 1 00000000
R 87 0 00000000
B 87 0 00000000
P 87 0 00000000
P 87 1 00000000
P 87 2 00000000
P 87 3 00000000
P 87 4 00000000
T 88 0 00000000
T 88 1 00000000
T 88 2 00000000
C 88 0 00000000
C 88 1 00000000
C 88 2 00000000
C 88 3 00000000
C 88 4 00000000
C 88 5 00000000
C 88 6 00000000
C 88 7 00000000
C 88 8 00000000
C 88 9 00000000
C 88 10 00000000
C 88 11 00000000
C 88 12 00000000
C 88 13 00000000
C 88 14 00000000
C 88 15 00000000
D 88 0 00000000
D 88 1 00000000
V 88 0 00000000
V 88 1 00000000
R 88 0 00000000
B 88 0 00000000
P 88 0 00000000
P 88 1 00000000
P 88 2 00000000
P 88 3 00000000
P 88 4 00000000
T 89 0 00000000
T 89 1 00000000
T 89 2 00000000
C 89 0 00000000
C 89 1 00000000
C 89 2 00000000
C 89 3 00000000
C 89 4 00000000
C 89 5 00000000
C 89 6 00000000
C 89 7 00000000
C 89 8 00000000
C 89 9 00000000
C 89 10 00000000
C 89 11 00000000
C 89 12 00000000
C 89 13 00000000
C 89 14 00000000
C 89 15 00000000
D 89 0 00000000
D 89 1 00000000
V 89 0 00000000
V 89 1 00000000
R 89 0 00000000
B 89 0 00000000
P 89 0 00000000
P 89 1 00000000
P 89 2 00000000
P 89 3 00000000
P 89 4 00000000
T 90 0 00000000
T 90 1 00000000
T 90 2 00000000
C 90 0 00000000
C 90 1 00000000
C 90 2 00000000
C 90 3 00000000
C 90 4 00000000
C 90 5 00000000
C 90 6 00000000
C 90 7 00000000
C 90 8 00000000
C 90 9 00000000
C 90 10 00000000
C 90 11 00000000
C 90 12 00000000
C 90 13 00000000
C 90 14 00000000
C 90 15 00000000
D 90 0 00000000
D 90 1 00000000
V 90 0 00000000
V 90 1 00000000
R 90 0 00000000
B 90 0 00000000
P 90 0 00000000
P 90 1 00000000
P 90 2 00000000
P 90 3 00000000
P 90 4 00000000
T 91 0 00000000
T 91 1 00000000
T 91 2 00000000
C 91 0 00000000
C 91 1 00000000
C 91 2 00000000
C 91 3 00000000
C 91 4 00000000
C 91 5 00000000
C 91 6 00000000
C 91 7 00000000
C 91 8 00000000
C 91 9 00000000
C 91 10 00000000
C 91 11 00000000
C 91 12 00000000
C 91 13 00000000
C 91 14 00000000
C 91 15 00000000
D 91 0 00000000
D 91 1 00000000
V 91 0 00000000
V 91 1 00000000
R 91 0 00000000
B 91 0 00000000
P 91 0 00000000
P 91 1 00000000
P 91 2 00000000
P 91 3 00000000
P 91 4 00000000
T 92 0 00000000
T 92 1 00000000
T 92 2 00000000
C 92 0 00000000
C 92 1 00000000
C 92 2 00000000
C 92 3 00000000
C 92 4 00000000
C 92 5 00000000
C 92 6 00000000
C 92 7 00000000
C 92 8 00000000
C 92 9 00000000
C 92 10 00000000
C 92 11 00000000
C 92 12 00000000
C 92 13 00000000
C 92 14 00000000
C 92 15 00000000
D 92 0 00000000
D 92 1 00000000
V 92 0 00000000
V 92 1 00000000
R 92 0 00000000
B 92 0 00000000
P 92 0 00000000
P 92 1 00000000
P 92 2 00000000
P 92 3 00000000
P 92 4 00000000
T 93 0 00000000
T 93 1 00000000
T 93 2 00000000
C 93 0 00000000
C 93 1 00000000
C 93 2 00000000
C 93 3 00000000
C 93 4 00000000
C 93 5 00000000
C 93 6 00000000
C 93 7 00000000
C 93 8 00000000
C 93 9 00000000
C 93 10 00000000
C 93 11 00000000
C 93 12 00000000
C 93 13 00000000
C 93 14 00000000
C 93 15 00000000
D 93 0 00000000
D 93 1 00000000
V 93 0 00000000
V 93 1 00000000
R 93 0 00000000
B 93 0 00000000
P 93 0 00000000
P 93 1 00000000
P 93 2 00000000
P 93 3 00000000
P 93 4 00000000
T 94 0 00000000
T 94 1 00000000
T 94 2 00000000
C 94 0 00000000
C 94 1 00000000
C 94 2 00000000
C 94 3 00000000
C 94 4 00000000
C 94 5 00000000
C 94 6 00000000
C 94 7 00000000
C 94 8 00000000
C 94 9 00000000
C 94 10 00000000
C 94 11 00000000
C 94 12 00000000
C 94 13 00000000
C 94 14 00000000
C 94 15 00000000
D 94 0 00000000
D 94 1 00000000
V 94 0 00000000
V 94 1 00000000
R 94 0 00000000
B 94 0 00000000
P 94 0 00000000
P 94 1 00000000
P 94 2 00000000
P 94 3 00000000
P 94 4 00000000
T 95 0 00000000
T 95 1 00000000
T 95 2 00000000
C 95 0 00000000
C 95 1 00000000
C 95 2 00000000
C 95 3 00000000
C 95 4 00000000
C 95 5 00000000
C 95 6 00000000
C 95 7 00000000
C 95 8 00000000
C 95 9 00000000
C 95 10 00000000
C 95 11 00000000
C 95 12 00000000
C 95 13 00000000
C 95 14 00000000
C 95 15 00000000
D 95 0 00000000
D 95 1 00000000
V 95 0 00000000
V 95 1 00000000
R 95 0 00000000
B 95 0 00000000
P 95 0 00000000
P 95 1 00000000
P 95 2 00000000
P 95 3 00000000
P 95 4 00000000
T 96 0 00000000
T 96 1 00000000
T 96 2 00000000
C 96 0 00000000
C 96 1 00000000
C 96 2 00000000
C 96 3 00000000
C 96 4 00000000
C 96 5 00000000
C 96 6 00000000
C 96 7 00000000
C 96 8 00000000
C 96 9 00000000
C 96 10 00000000
C 96 11 00000000
C 96 12 00000000
C 96 13 00000000
C 96 14 00000000
C 96 15 00000000
D 96 0 00000000
D 96 1 00000000
V 96 0 00000000
V 96 1 00000000
R 96 0 00000000
B 96 0 00000000
P 96 0 00000000
P 96 1 00000000
P 96 2 00000000
P 96 3 00000000
P 96 4 00000000
T 97 0 00000000
T 97 1 00000000
T 97 2 00000000
C 97 0 00000000
C 97 1 00000000
C 97 2 00000000
C 97 3 00000000
C 97 4 00000000
C 97 5 00000000
C 97 6 00000000
C 97 7 00000000
C 97 8 00000000
C 97 9 00000000
C 97 10 00000000
C 97 11 00000000
C 97 12 00000000
C 97 13 00000000
C 97 14 00000000
C 97 15 00000000
D 97 0 00000000
D 97 1 00000000
V 97 0 00000000
V 97 1 00000000
R 97 0 00000000
B 97 0 00000000
P 97 0 00000000
P 97 1 00000000
P 97 2 00000000
P 97 3 00000000
P 97 4 00000000
T 98 0 00000000
T 98 1 00000000
T 98 2 00000000
C 98 0 00000000
C 98 1 00000000
C 98 2 00000000
C 98 3 00000000
C 98 4 00000000
C 98 5 00000000
C 98 6 00000000
C 98 7 00000000
C 98 8 00000000
C 98 9 00000000
C 98 10 00000000
C 98 11 00000000
C 98 12 00000000
C 98 13 00000000
C 98 14 00000000
C 98 15 00000000
D 98 0 00000000
D 98 1 00000000
V 98 0 00000000
V 98 1 00000000
R 98 0 00000000
B 98 0 00000000
P 98 0 00000000
P 98 1 00000000
P 98 2 00000000
P 98 3 00000000
P 98 4 00000000
T 99 0 00000000
T 99 1 00000000
T 99 2 00000000
C 99 0 00000000
C 99 1 00000000
C 99 2 00000000
C 99 3 00000000
C 99 4 00000000
C 99 5 00000000
C 99 6 00000000
C 99 7 00000000
C 99 8 00000000
C 99 9 00000000
C 99 10 00000000
C 99 11 00000000
C 99 12 00000000
C 99 13 00000000
C 99 14 00000000
C 99 15 00000000
D 99 0 00000000
D 99 1 00000000
V 99 0 00000000
V 99 1 00000000
R 99 0 00000000
B 99 0 00000000
P 99 0 00000000
P 99 1 00000000
P 99 2 00000000
P 99 3 00000000
P 99 4 00000000
T 100 0 00000000
T 100 1 00000000
T 100 2 00000000
C 100 0 00000000
C 100 1 00000000
C 100 2 00000000
C 100 3 00000000
C 100 4 00000000
C 100 5 00000000
C 100 6 00000000
C 100 7 00000000
C 100 8 00000000
C 100 9 00000000
C 100 10 00000000
C 100 11 00000000
C 100 12 00000000
C 100 13 00000000
C 100 14 00000000
C 100 15 00000000
D 100 0 00000000
D 100 1 00000000
V 100 0 00000000
V 100 1 00000000
R 100 0 00000000
B 100 0 00000000
P 100 0 00000000
P 100 1 00000000
P 100 2 00000000
P 100 3 00000000
P 100 4 00000000
T 101 0 00000000
T 101 1 00000000
T 101 2 00000000
C 101 0 00000000
C 101 1 00000000
C 101 2 00000000
C 101 3 00000000
C 101 4 00000000
C 101 5 00000000
C 101 6 00000000
C 101 7 00000000
C 101 8 00000000
C 101 9 00000000
C 101 10 00000000
C 101 11 00000000
C 101 12 00000000
C 101 13 00000000
C 101 14 00000000
C 101 15 00000000
D 101 0 00000000
D 101 1 00000000
V 101 0 00000000
V 101 1 00000000
R 101 0 00000000
B 101 0 00000000
P 101 0 00000000
P 101 1 00000000
P 101 2 00000000
P 101 3 00000000
P 101 4 00000000
T 102 0 00000000
T 102 1 00000000
T 102 2 00000000
C 102 0 00000000
C 102 1 00000000
C 102 2 00000000
C 102 3 00000000
C 102 4 00000000
C 102 5 00000000
C 102 6 00000000
C 102 7 00000000
C 102 8 00000000
C 102 9 00000000
C 102 10 00000000
C 102 11 00000000
C 102 12 00000000
C 102 13 00000000
C 102 14 00000000
C 102 15 00000000
D 102 0 00000000
D 102 1 00000000
V 102 0 00000000
V 102 1 00000000
R 102 0 00000000
B 102 0 00000000
P 102 0 00000000
P 102 1 00000000
P 102 2 00000000
P 102 3 00000000
P 102 4 00000000
T 103 0 00000000
T 103 1 00000000
T 103 2 00000000
C 103 0 00000000
C 103 1 00000000
C 103 2 00000000
C 103 3 00000000
C 103 4 00000000
C 103 5 00000000
C 103 6 00000000
C 103 7 00000000
C 103 8 00000000
C 103 9 00000000
C 103 10 00000000
C 103 11 00000000
C 103 12 00000000
C 103 13 00000000
C 103 14 00000000
C 103 15 00000000
D 103 0 00000000
D 103 1 00000000
V 103 0 00000000
V 103 1 00000000
R 103 0 00000000
B 103 0 00000000
P 103 0 00000000
P 103 1 00000000
P 103 2 00000000
P 103 3 00000000
P 103 4 00000000
T 104 0 00000000
T 104 1 00000000
T 104 2 00000000
C 104 0 00000000
C 104 1 00000000
C 104 2 00000000
C 104 3 00000000
C 104 4 00000000
C 104 5 00000000
C 104 6 00000000
C 104 7 00000000
C 104 8 00000000
C 104 9 00000000
C 104 10 00000000
C 104 11 00000000
C 104 12 00000000
C 104 13 00000000
C 104 14 00000000
C 104 15 00000000
D 104 0 00000000
D 104 1 00000000
V 104 0 00000000
V 104 1 00000000
R 104 0 00000000
B 104 0 00000000
P 104 0 00000000
P 104 1 00000000
P 104 2 00000000
P 104 3 00000000
P 104 4 00000000
T 105 0 00000000
T 105 1 00000000
T 105 2 00000000
C 105 0 00000000
C 105 1 00000000
C 105 2 00000000
C 105 3 00000000
C 105 4 00000000
C 105 5 00000000
C 105 6 00000000
C 105 7 00000000
C 105 8 00000000
C 105 9 00000000
C 105 10 00000000
C 105 11 00000000
C 105 12 00000000
C 105 13 00000000
C 105 14 00000000
C 105 15 00000000
D 105 0 00000000
D 105 1 00000000
V 105 0 00000000
V 105 1 00000000
R 105 0 00000000
B 105 0 00000000
P 105 0 00000000
P 105 1 00000000
P 105 2 00000000
P 105 3 00000000
P 105 4 00000000
T 106 0 00000000
T 106 1 00000000
T 106 2 00000000
C 106 0 00000000
C 106 1 00000000
C 106 2 00000000
C 106 3 00000000
C 106 4 00000000
C 106 5 00000000
C 106 6 00000000
C 106 7 00000000
C 106 8 00000000
C 106 9 00000000
C 106 10 00000000
C 106 11 00000000
C 106 12 00000000
C 106 13 00000000
C 106 14 00000000
C 106 15 00000000
D 106 0 00000000
D 106 1 00000000
V 106 0 00000000
V 106 1 00000000
R 106 0 00000000
B 106 0 00000000
P 106 0 00000000
P 106 1 00000000
P 106 2 00000000
P 106 3 00000000
P 106 4 00000000
T 107 0 00000000
T 107 1 00000000
T 107 2 00000000
C 107 0 00000000
C 107 1 00000000
C 107 2 00000000
C 107 3 00000000
C 107 4 00000000
C 107 5 00000000
C 107 6 00000000
C 107 7 00000000
C 107 8 00000000
C 107 9 00000000
C 107 10 00000000
C 107 11 00000000
C 107 12 00000000
C 107 13 00000000
C 107 14 00000000
C 107 15 00000000
D 107 0 00000000
D 107 1 00000000
V 107 0 00000000
V 107 1 00000000
R 107 0 00000000
B 107 0 00000000
P 107 0 00000000
P 107 1 00000000
P 107 2 00000000
P 107 3 00000000
P 107 4 00000000
T 108 0 00000000
T 108 1 00000000
T 108 2 00000000
C 108 0 00000000
C 108 1 00000000
C 108 2 00000000
C 108 3 00000000
C 108 4 00000000
C 108 5 00000000
C 108 6 00000000
C 108 7 00000000
C 108 8 00000000
C 108 9 00000000
C 108 10 00000000
C 108 11 00000000
C 108 12 00000000
C 108 13 00000000
C 108 14 00000000
C 108 15 00000000
D 108 0 00000000
D 108 1 00000000
V 108 0 00000000
V 108 1 00000000
R 108 0 00000000
B 108 0 00000000
P 108 0 00000000
P 108 1 00000000
P 108 2 00000000
P 108 3 00000000
P 108 4 00000000
T 109 0 00000000
T 109 1 00000000
T 109 2 00000000
C 109 0 00000000
C 109 1 00000000
C 109 2 00000000
C 109 3 00000000
C 109 4 00000000
C 109 5 00000000
C 109 6 00000000
C 109 7 00000000
C 109 8 00000000
C 109 9 00000000
C 109 10 00000000
C 109 11 00000000
C 109 12 00000000
C 109 13 00000000
C 109 14 00000000
C 109 15 00000000
D 109 0 00000000
D 109 1 00000000
V 109 0 00000000
V 109 1 00000000
R 109 0 00000000
B 109 0 00000000
P 109 0 00000000
P 109 1 00000000
P 109 2 00000000
P 109 3 00000000
P 109 4 00000000
T 110 0 00000000
T 110 1 00000000
T 110 2 00000000
C 110 0 00000000
C 110 1 00000000
C 110 2 00000000
C 110 3 00000000
C 110 4 00000000
C 110 5 00000000
C 110 6 00000000
C 110 7 00000000
C 110 8 00000000
C 110 9 00000000
C 110 10 00000000
C 110 11 00000000
C 110 12 00000000
C 110 13 00000000
C 110 14 00000000
C 110 15 00000000
D 110 0 00000000
D 110 1 00000000
V 110 0 00000000
V 110 1 00000000
R 110 0 00000000
B 110 0 00000000
P 110 0 00000000
P 110 1 00000000
P 110 2 00000000
P 110 3 00000000
P 110 4 00000000
T 111 0 00000000
T 111 1 00000000
T 111 2 00000000
C 111 0 00000000
C 111 1 00000000
C 111 2 00000000
C 111 3 00000000
C 111 4 00000000
C 111 5 00000000
C 111 6 00000000
C 111 7 00000000
C 111 8 00000000
C 111 9 00000000
C 111 10 00000000
C 111 11 00000000
C 111 12 00000000
C 111 13 00000000
C 111 14 00000000
C 111 15 00000000
D 111 0 00000000
D 111 1 00000000
V 111 0 00000000
V 111 1 00000000
R 111 0 00000000
B 111 0 00000000
P 111 0 00000000
P 111 1 00000000
P 111 2 00000000
P 111 3 00000000
P 111 4 00000000
T 112 0 00000000
T 112 1 00000000
T 112 2 00000000
C 112 0 00000000
C 112 1 00000000
C 112 2 00000000
C 112 3 00000000
C 112 4 00000000
C 112 5 00000000
C 112 6 00000000
C 112 7 00000000
C 112 8 00000000
C 112 9 00000000
C 112 10 00000000
C 112 11 00000000
C 112 12 00000000
C 112 13 00000000
C 112 14 00000000
C 112 15 00000000
D 112 0 00000000
D 112 1 00000000
V 112 0 00000000
V 112 1 00000000
R 112 0 00000000
B 112 0 00000000
P 112 0 00000000
P 112 1 00000000
P 112 2 00000000
P 112 3 00000000
P 112 4 00000000
T 113 0 00000000
T 113 1 00000000
T 113 2 00000000
C 113 0 00000000
C 113 1 00000000
C 113 2 00000000
C 113 3 00000000
C 113 4 00000000
C 113 5 00000000
C 113 6 00000000
C 113 7 00000000
C 113 8 00000000
C 113 9 00000000
C 113 10 00000000
C 113 11 00000000
C 113 12 00000000
C 113 13 00000000
C 113 14 00000000
C 113 15 00000000
D 113 0 00000000
D 113 1 00000000
V 113 0 00000000
V 113 1 00000000
R 113 0 00000000
B 113 0 00000000
P 113 0 00000000
P 113 1 00000000
P 113 2 00000000
P 113 3 00000000
P 113 4 00000000
T 114 0 00000000
T 114 1 00000000
T 114 2 00000000
C 114 0 00000000
C 114 1 00000000
C 114 2 00000000
C 114 3 00000000
C 114 4 00000000
C 114 5 00000000
C 114 6 00000000
C 114 7 00000000
C 114 8 00000000
C 114 9 00000000
C 114 10 00000000
C 114 11 00000000
C 114 12 00000000
C 114 13 00000000
C 114 14 00000000
C 114 15 00000000
D 114 0 00000000
D 114 1 00000000
V 114 0 00000000
V 114 1 00000000
R 114 0 00000000
B 114 0 00000000
P 114 0 00000000
P 114 1 00000000
P 114 2 00000000
P 114 3 00000000
P 114 4 00000000
T 115 0 00000000
T 115 1 00000000
T 115 2 00000000
C 115 0 00000000
C 115 1 00000000
C 115 2 00000000
C 115 3 00000000
C 115 4 00000000
C 115 5 00000000
C 115 6 00000000
C 115 7 00000000
C 115 8 00000000
C 115 9 00000000
C 115 10 00000000
C 115 11 00000000
C 115 12 00000000
C 115 13 00000000
C 115 14 00000000
C 115 15 00000000
D 115 0 00000000
D 115 1 00000000
V 115 0 00000000
V 115 1 00000000
R 115 0 00000000
B 115 0 00000000
P 115 0 00000000
P 115 1 00000000
P 115 2 00000000
P 115 3 00000000
P 115 4 00000000
T 116 0 00000000
T 116 1 00000000
T 116 2 00000000
C 116 0 00000000
C 116 1 00000000
C 116 2 00000000
C 116 3 00000000
C 116 4 00000000
C 116 5 00000000
C 116 6 00000000
C 116 7 00000000
C 116 8 00000000
C 116 9 00000000
C 116 10 00000000
C 116 11 00000000
C 116 12 00000000
C 116 13 00000000
C 116 14 00000000
C 116 15 00000000
D 116 0 00000000
D 116 1 00000000
V 116 0 00000000
V 116 1 00000000
R 116 0 00000000
B 116 0 00000000
P 116 0 00000000
P 116 1 00000000
P 116 2 00000000
P 116 3 00000000
P 116 4 00000000
T 117 0 00000000
T 117 1 00000000
T 117 2 00000000
C 117 0 00000000
C 117 1 00000000
C 117 2 00000000
C 117 3 00000000
C 117 4 00000000
C 117 5 00000000
C 117 6 00000000
C 117 7 00000000
C 117 8 00000000
C 117 9 00000000
C 117 10 00000000
C 117 11 00000000
C 117 12 00000000
C 117 13 00000000
C 117 14 00000000
C 117 15 00000000
D 117 0 00000000
D 117 1 00000000
V 117 0 00000000
V 117 1 00000000
R 117 0 00000000
B 117 0 00000000
P 117 0 00000000
P 117 1 00000000
P 117 2 00000000
P 117 3 00000000
P 117 4 00000000
T 118 0 00000000
T 118 1 00000000
T 118 2 00000000
C 118 0 00000000
C 118 1 00000000
C 118 2 00000000
C 118 3 00000000
C 118 4 00000000
C 118 5 00000000
C 118 6 00000000
C 118 7 00000000
C 118 8 00000000
C 118 9 00000000
C 118 10 00000000
C 118 11 00000000
C 118 12 00000000
C 118 13 00000000
C 118 14 00000000
C 118 15 00000000
D 118 0 00000000
D 118 1 00000000
V 118 0 00000000
V 118 1 00000000
R 118 0 00000000
B 118 0 00000000
P 118 0 00000000
P 118 1 00000000
P 118 2 00000000
P 118 3 00000000
P 118 4 00000000
T 119 0 00000000
T 119 1 00000000
T 119 2 00000000
C 119 0 00000000
C 119 1 00000000
C 119 2 00000000
C 119 3 00000000
C 119 4 00000000
C 119 5 00000000
C 119 6 00000000
C 119 7 00000000
C 119 8 00000000
C 119 9 00000000
C 119 10 00000000
C 119 11 00000000
C 119 12 00000000
C 119 13 00000000
C 119 14 00000000
C 119 15 00000000
D 119 0 00000000
D 119 1 00000000
V 119 0 00000000
V 119 1 00000000
R 119 0 00000000
B 119 0 00000000
P 119 0 00000000
P 119 1 00000000
P 119 2 00000000
P 119 3 00000000
P 119 4 00000000
T 120 0 00000000
T 120 1 00000000
T 120 2 00000000
C 120 0 00000000
C 120 1 00000000
C 120 2 00000000
C 120 3 00000000
C 120 4 00000000
C 120 5 00000000
C 120 6 00000000
C 120 7 00000000
C 120 8 00000000
C 120 9 00000000
C 120 10 00000000
C 120 11 00000000
C 120 12 00000000
C 120 13 00000000
C 120 14 00000000
C 120 15 00000000
D 120 0 00000000
D 120 1 00000000
V 120 0 00000000
V 120 1 00000000
R 120 0 00000000
B 120 0 00000000
P 120 0 00000000
P 120 1 00000000
P 120 2 00000000
P 120 3 00000000
P 120 4 00000000
T 121 0 00000000
T 121 1 00000000
T 121 2 00000000
C 121 0 00000000
C 121 1 00000000
C 121 2 00000000
C 121 3 00000000
C 121 4 00000000
C 121 5 00000000
C 121 6 00000000
C 121 7 00000000
C 121 8 00000000
C 121 9 00000000
C 121 10 00000000
C 121 11 00000000
C 121 12 00000000
C 121 13 00000000
C 121 14 00000000
C 121 15 00000000
D 121 0 00000000
D 121 1 00000000
V 121 0 00000000
V 121 1 00000000
R 121 0 00000000
B 121 0 00000000
P 121 0 00000000
P 121 1 00000000
P 121 2 00000000
P 121 3 00000000
P 121 4 00000000
T 122 0 00000000
T 122 1 00000000
T 122 2 00000000
C 122 0 00000000
C 122 1 00000000
C 122 2 00000000
C 122 3 00000000
C 122 4 00000000
C 122 5 00000000
C 122 6 00000000
C 122 7 00000000
C 122 8 00000000
C 122 9 00000000
C 122 10 00000000
C 122 11 00000000
C 122 12 00000000
C 122 13 00000000
C 122 14 00000000
C 122 15 00000000
D 122 0 00000000
D 122 1 00000000
V 122 0 00000000
V 122 1 00000000
R 122 0 00000000
B 122 0 00000000
P 122 0 00000000
P 122 1 00000000
P 122 2 00000000
P 122 3 00000000
P 122 4 00000000
T 123 0 00000000
T 123 1 00000000
T 123 2 00000000
C 123 0 00000000
C 123 1 00000000
C 123 2 00000000
C 123 3 00000000
C 123 4 00000000
C 123 5 00000000
C 123 6 00000000
C 123 7 00000000
C 123 8 00000000
C 123 9 00000000
C 123 10 00000000
C 123 11 00000000
C 123 12 00000000
C 123 13 00000000
C 123 14 00000000
C 123 15 00000000
D 123 0 00000000
D 123 1 00000000
V 123 0 00000000
V 123 1 00000000
R 123 0 00000000
B 123 0 00000000
P 123 0 00000000
P 123 1 00000000
P 123 2 00000000
P 123 3 00000000
P 123 4 00000000
T 124 0 00000000
T 124 1 00000000
T 124 2 00000000
C 124 0 00000000
C 124 1 00000000
C 124 2 00000000
C 124 3 00000000
C 124 4 00000000
C 124 5 00000000
C 124 6 00000000
C 124 7 00000000
C 124 8 00000000
C 124 9 00000000
C 124 10 00000000
C 124 11 00000000
C 124 12 00000000
C 124 13 00000000
C 124 14 00000000
C 124 15 00000000
D 124 0 00000000
D 124 1 00000000
V 124 0 00000000
V 124 1 00000000
R 124 0 00000000
B 124 0 00000000
P 124 0 00000000
P 124 1 00000000
P 124 2 00000000
P 124 3 00000000
P 124 4 00000000
T 125 0 00000000
T 125 1 00000000
T 125 2 00000000
C 125 0 00000000
C 125 1 00000000
C 125 2 00000000
C 125 3 00000000
C 125 4 00000000
C 125 5 00000000
C 125 6 00000000
C 125 7 00000000
C 125 8 00000000
C 125 9 00000000
C 125 10 00000000
C 125 11 00000000
C 125 12 00000000
C 125 13 00000000
C 125 14 00000000
C 125 15 00000000
D 125 0 00000000
D 125 1 00000000
V 125 0 00000000
V 125 1 00000000
R 125 0 00000000
B 125 0 00000000
P 125 0 00000000
P 125 1 00000000
P 125 2 00000000
P 125 3 00000000
P 125 4 00000000
T 126 0 00000000
T 126 1 00000000
T 126 2 00000000
C 126 0 00000000
C 126 1 00000000
C 126 2 00000000
C 126 3 00000000
C 126 4 00000000
C 126 5 00000000
C 126 6 00000000
C 126 7 00000000
C 126 8 00000000
C 126 9 00000000
C 126 10 00000000
C 126 11 00000000
C 126 12 00000000
C 126 13 00000000
C 126 14 00000000
C 126 15 00000000
D 126 0 00000000
D 126 1 00000000
V 126 0 00000000
V 126 1 00000000
R 126 0 00000000
B 126 0 00000000
P 126 0 00000000
P 126 1 00000000
P 126 2 00000000
P 126 3 00000000
P 126 4 00000000
T 127 0 00000000
T 127 1 00000000
T 127 2 00000000
C 127 0 00000000
C 127 1 00000000
C 127 2 00000000
C 127 3 00000000
C 127 4 00000000
C 127 5 00000000
C 127 6 00000000
C 127 7 00000000
C 127 8 00000000
C 127 9 00000000
C 127 10 00000000
C 127 11 00000000
C 127 12 00000000
C 127 13 00000000
C 127 14 00000000
C 127 15 00000000
D 127 0 00000000
D 127 1 00000000
V 127 0 00000000
V 127 1 00000000
R 127 0 00000000
B 127 0 00000000
P 127 0 00000000
P 127 1 00000000
P 127 2 00000000
P 127 3 00000000
P 127 4 00000000
T 128 0 00000000
T 128 1 00000000
T 128 2 00000000
C 128 0 00000000
C 128 1 00000000
C 128 2 00000000
C 128 3 00000000
C 128 4 00000000
C 128 5 00000000
C 128 6 00000000
C 128 7 00000000
C 128 8 00000000
C 128 9 00000000
C 128 10 00000000
C 128 11 00000000
C 128 12 00000000
C 128 13 00000000
C 128 14 00000000
C 128 15 00000000
D 128 0 00000000
D 128 1 00000000
V 128 0 00000000
V 128 1 00000000
R 128 0 00000000
B 128 0 00000000
P 128 0 00000000
P 128 1 00000000
P 128 2 00000000
P 128 3 00000000
P 128 4 00000000
T 129 0 00000000
T 129 1 00000000
T 129 2 00000000
C 129 0 00000000
C 129 1 00000000
C 129 2 00000000
C 129 3 00000000
C 129 4 00000000
C 129 5 00000000
C 129 6 00000000
C 129 7 00000000
C 129 8 00000000
C 129 9 00000000
C 129 10 00000000
C 129 11 00000000
C 129 12 00000000
C 129 13 00000000
C 129 14 00000000
C 129 15 00000000
D 129 0 00000000
D 129 1 00000000
V 129 0 00000000
V 129 1 00000000
R 129 0 00000000
B 129 0 00000000
P 129 0 00000000
P 129 1 00000000
P 129 2 00000000
P 129 3 00000000
P 129 4 00000000
T 130 0 00000000
T 130 1 00000000
T 130 2 00000000
C 130 0 00000000
C 130 1 00000000
C 130 2 00000000
C 130 3 00000000
C 130 4 00000000
C 130 5 00000000
C 130 6 00000000
C 130 7 00000000
C 130 8 00000000
C 130 9 00000000
C 130 10 00000000
C 130 11 00000000
C 130 12 00000000
C 130 13 00000000
C 130 14 00000000
C 130 15 00000000
D 130 0 00000000
D 130 1 00000000
V 130 0 00000000
V 130 1 00000000
R 130 0 00000000
B 130 0 00000000
P 130 0 00000000
P 130 1 00000000
P 130 2 00000000
P 130 3 00000000
P 130 4 00000000
T 131 0 00000000
T 131 1 00000000
T 131 2 00000000
C 131 0 00000000
C 131 1 00000000
C 131 2 00000000
C 131 3 00000000
C 131 4 00000000
C 131 5 00000000
C 131 6 00000000
C 131 7 00000000
C 131 8 00000000
C 131 9 00000000
C 131 10 00000000
C 131 11 00000000
C 131 12 00000000
C 131 13 00000000
C 131 14 00000000
C 131 15 00000000
D 131 0 00000000
D 131 1 00000000
V 131 0 00000000
V 131 1 00000000
R 131 0 00000000
B 131 0 00000000
P 131 0 00000000
P 131 1 00000000
P 131 2 00000000
P 131 3 00000000
P 131 4 00000000
T 132 0 00000000
T 132 1 00000000
T 132 2 00000000
C 132 0 00000000
C 132 1 00000000
C 132 2 00000000
C 132 3 00000000
C 132 4 00000000
C 132 5 00000000
C 132 6 00000000
C 132 7 00000000
C 132 8 00000000
C 132 9 00000000
C 132 10 00000000
C 132 11 00000000
C 132 12 00000000
C 132 13 00000000
C 132 14 00000000
C 132 15 00000000
D 132 0 00000000
D 132 1 00000000
V 132 0 00000000
V 132 1 00000000
R 132 0 00000000
B 132 0 00000000
P 132 0 00000000
P 132 1 00000000
P 132 2 00000000
P 132 3 00000000
P 132 4 00000000
T 133 0 00000000
T 133 1 00000000
T 133 2 00000000
C 133 0 00000000
C 133 1 00000000
C 133 2 00000000
C 133 3 00000000
C 133 4 00000000
C 133 5 00000000
C 133 6 00000000
C 133 7 00000000
C 133 8 00000000
C 133 9 00000000
C 133 10 00000000
C 133 11 00000000
C 133 12 00000000
C 133 13 00000000
C 133 14 00000000
C 133 15 00000000
D 133 0 00000000
D 133 1 00000000
V 133 0 00000000
V 133 1 00000000
R 133 0 00000000
B 133 0 00000000
P 133 0 00000000
P 133 1 00000000
P 133 2 00000000
P 133 3 00000000
P 133 4 00000000
T 134 0 00000000
T 134 1 00000000
T 134 2 00000000
C 134 0 00000000
C 134 1 00000000
C 134 2 00000000
C 134 3 00000000
C 134 4 00000000
C 134 5 00000000
C 134 6 00000000
C 134 7 00000000
C 134 8 00000000
C 134 9 00000000
C 134 10 00000000
C 134 11 00000000
C 134 12 00000000
C 134 13 00000000
C 134 14 00000000
C 134 15 00000000
D 134 0 00000000
D 134 1 00000000
V 134 0 00000000
V 134 1 00000000
R 134 0 00000000
B 134 0 00000000
P 134 0 00000000
P 134 1 00000000
P 134 2 00000000
P 134 3 00000000
P 134 4 00000000
T 135 0 00000000
T 135 1 00000000
T 135 2 00000000
C 135 0 00000000
C 135 1 00000000
C 135 2 00000000
C 135 3 00000000
C 135 4 00000000
C 135 5 00000000
C 135 6 00000000
C 135 7 00000000
C 135 8 00000000
C 135 9 00000000
C 135 10 00000000
C 135 11 00000000
C 135 12 00000000
C 135 13 00000000
C 135 14 00000000
C 135 15 00000000
D 135 0 00000000
D 135 1 00000000
V 135 0 00000000
V 135 1 00000000
R 135 0 00000000
B 135 0 00000000
P 135 0 00000000
P 135 1 00000000
P 135 2 00000000
P 135 3 00000000
P 135 4 00000000
T 136 0 00000000
T 136 1 00000000
T 136 2 00000000
C 136 0 00000000
C 136 1 00000000
C 136 2 00000000
C 136 3 00000000
C 136 4 00000000
C 136 5 00000000
C 136 6 00000000
C 136 7 00000000
C 136 8 00000000
C 136 9 00000000
C 136 10 00000000
C 136 11 00000000
C 136 12 00000000
C 136 13 00000000
C 136 14 00000000
C 136 15 00000000
D 136 0 00000000
D 136 1 00000000
V 136 0 00000000
V 136 1 00000000
R 136 0 00000000
B 136 0 00000000
P 136 0 00000000
P 136 1 00000000
P 136 2 00000000
P 136 3 00000000
P 136 4 00000000
T 137 0 00000000
T 137 1 00000000
T 137 2 00000000
C 137 0 00000000
C 137 1 00000000
C 137 2 00000000
C 137 3 00000000
C 137 4 00000000
C 137 5 00000000
C 137 6 00000000
C 137 7 00000000
C 137 8 00000000
C 137 9 00000000
C 137 10 00000000
C 137 11 00000000
C 137 12 00000000
C 137 13 00000000
C 137 14 00000000
C 137 15 00000000
D 137 0 00000000
D 137 1 00000000
V 137 0 00000000
V 137 1 00000000
R 137 0 00000000
B 137 0 00000000
P 137 0 00000000
P 137 1 00000000
P 137 2 00000000
P 137 3 00000000
P 137 4 00000000
T 138 0 00000000
T 138 1 00000000
T 138 2 00000000
C 138 0 00000000
C 138 1 00000000
C 138 2 00000000
C 138 3 00000000
C 138 4 00000000
C 138 5 00000000
C 138 6 00000000
C 138 7 00000000
C 138 8 00000000
C 138 9 00000000
C 138 10 00000000
C 138 11 00000000
C 138 12 00000000
C 138 13 00000000
C 138 14 00000000
C 138 15 00000000
D 138 0 00000000
D 138 1 00000000
V 138 0 00000000
V 138 1 00000000
R 138 0 00000000
B 138 0 00000000
P 138 0 00000000
P 138 1 00000000
P 138 2 00000000
P 138 3 00000000
P 138 4 00000000
T 139 0 00000000
T 139 1 00000000
T 139 2 00000000
C 139 0 00000000
C 139 1 00000000
C 139 2 00000000
C 139 3 00000000
C 139 4 00000000
C 139 5 00000000
C 139 6 00000000
C 139 7 00000000
C 139 8 00000000
C 139 9 00000000
C 139 10 00000000
C 139 11 00000000
C 139 12 00000000
C 139 13 00000000
C 139 14 00000000
C 139 15 00000000
D 139 0 00000000
D 139 1 00000000
V 139 0 00000000
V 139 1 00000000
R 139 0 00000000
B 139 0 00000000
P 139 0 00000000
P 139 1 00000000
P 139 2 00000000
P 139 3 00000000
P 139 4 00000000
T 140 0 00000000
T 140 1 00000000
T 140 2 00000000
C 140 0 00000000
C 140 1 00000000
C 140 2 00000000
C 140 3 00000000
C 140 4 00000000
C 140 5 00000000
C 140 6 00000000
C 140 7 00000000
C 140 8 00000000
C 140 9 00000000
C 140 10 00000000
C 140 11 00000000
C 140 12 00000000
C 140 13 00000000
C 140 14 00000000
C 140 15 00000000
D 140 0 00000000
D 140 1 00000000
V 140 0 00000000
V 140 1 00000000
R 140 0 00000000
B 140 0 00000000
P 140 0 00000000
P 140 1 00000000
P 140 2 00000000
P 140 3 00000000
P 140 4 00000000
T 141 0 00000000
T 141 1 00000000
T 141 2 00000000
C 141 0 00000000
C 141 1 00000000
C 141 2 00000000
C 141 3 00000000
C 141 4 00000000
C 141 5 00000000
C 141 6 00000000
C 141 7 00000000
C 141 8 00000000
C 141 9 00000000
C 141 10 00000000
C 141 11 00000000
C 141 12 00000000
C 141 13 00000000
C 141 14 00000000
C 141 15 00000000
D 141 0 00000000
D 141 1 00000000
V 141 0 00000000
V 141 1 00000000
R 141 0 00000000
B 141 0 00000000
P 141 0 00000000
P 141 1 00000000
P 141 2 00000000
P 141 3 00000000
P 141 4 00000000
T 142 0 00000000
T 142 1 00000000
T 142 2 00000000
C 142 0 00000000
C 142 1 00000000
C 142 2 00000000
C 142 3 00000000
C 142 4 00000000
C 142 5 00000000
C 142 6 00000000
C 142 7 00000000
C 142 8 00000000
C 142 9 00000000
C 142 10 00000000
C 142 11 00000000
C 142 12 00000000
C 142 13 00000000
C 142 14 00000000
C 142 15 00000000
D 142 0 00000000
D 142 1 00000000
V 142 0 00000000
V 142 1 00000000
R 142 0 00000000
B 142 0 00000000
P 142 0 00000000
P 142 1 00000000
P 142 2 00000000
P 142 3 00000000
P 142 4 00000000
T 143 0 00000000
T 143 1 00000000
T 143 2 00000000
C 143 0 00000000
C 143 1 00000000
C 143 2 00000000
C 143 3 00000000
C 143 4 00000000
C 143 5 00000000
C 143 6 00000000
C 143 7 00000000
C 143 8 00000000
C 143 9 00000000
C 143 10 00000000
C 143 11 00000000
C 143 12 00000000
C 143 13 00000000
C 143 14 00000000
C 143 15 00000000
D 143 0 00000000
D 143 1 00000000
V 143 0 00000000
V 143 1 00000000
R 143 0 00000000
B 143 0 00000000
P 143 0 00000000
P 143 1 00000000
P 143 2 00000000
P 143 3 00000000
P 143 4 00000000
T 144 0 00000000
T 144 1 00000000
T 144 2 00000000
C 144 0 00000000
C 144 1 00000000
C 144 2 00000000
C 144 3 00000000
C 144 4 00000000
C 144 5 00000000
C 144 6 00000000
C 144 7 00000000
C 144 8 00000000
C 144 9 00000000
C 144 10 00000000
C 144 11 00000000
C 144 12 00000000
C 144 13 00000000
C 144 14 00000000
C 144 15 00000000
D 144 0 00000000
D 144 1 00000000
V 144 0 00000000
V 144 1 00000000
R 144 0 00000000
B 144 0 00000000
P 144 0 00000000
P 144 1 00000000
P 144 2 00000000
P 144 3 00000000
P 144 4 00000000
T 145 0 00000000
T 145 1 00000000
T 145 2 00000000
C 145 0 00000000
C 145 1 00000000
C 145 2 00000000
C 145 3 00000000
C 145 4 00000000
C 145 5 00000000
C 145 6 00000000
C 145 7 00000000
C 145 8 00000000
C 145 9 00000000
C 145 10 00000000
C 145 11 00000000
C 145 12 00000000
C 145 13 00000000
C 145 14 00000000
C 145 15 00000000
D 145 0 00000000
D 145 1 00000000
V 145 0 00000000
V 145 1 00000000
R 145 0 00000000
B 145 0 00000000
P 145 0 00000000
P 145 1 00000000
P 145 2 00000000
P 145 3 00000000
P 145 4 00000000
T 146 0 00000000
T 146 1 00000000
T 146 2 00000000
C 146 0 00000000
C 146 1 00000000
C 146 2 00000000
C 146 3 00000000
C 146 4 00000000
C 146 5 00000000
C 146 6 00000000
C 146 7 00000000
C 146 8 00000000
C 146 9 00000000
C 146 10 00000000
C 146 11 00000000
C 146 12 00000000
C 146 13 00000000
C 146 14 00000000
C 146 15 00000000
D 146 0 00000000
D 146 1 00000000
V 146 0 00000000
V 146 1 00000000
R 146 0 00000000
B 146 0 00000000
P 146 0 00000000
P 146 1 00000000
P 146 2 00000000
P 146 3 00000000
P 146 4 00000000
T 147 0 00000000
T 147 1 00000000
T 147 2 00000000
C 147 0 00000000
C 147 1 00000000
C 147 2 00000000
C 147 3 00000000
C 147 4 00000000
C 147 5 00000000
C 147 6 00000000
C 147 7 00000000
C 147 8 00000000
C 147 9 00000000
C 147 10 00000000
C 147 11 00000000
C 147 12 00000000
C 147 13 00000000
C 147 14 00000000
C 147 15 00000000
D 147 0 00000000
D 147 1 00000000
V 147 0 00000000
V 147 1 00000000
R 147 0 00000000
B 147 0 00000000
P 147 0 00000000
P 147 1 00000000
P 147 2 00000000
P 147 3 00000000
P 147 4 00000000
T 148 0 00000000
T 148 1 00000000
T 148 2 00000000
C 148 0 00000000
C 148 1 00000000
C 148 2 00000000
C 148 3 00000000
C 148 4 00000000
C 148 5 00000000
C 148 6 00000000
C 148 7 00000000
C 148 8 00000000
C 148 9 00000000
C 148 10 00000000
C 148 11 00000000
C 148 12 00000000
C 148 13 00000000
C 148 14 00000000
C 148 15 00000000
D 148 0 00000000
D 148 1 00000000
V 148 0 00000000
V 148 1 00000000
R 148 0 00000000
B 148 0 00000000
P 148 0 00000000
P 148 1 00000000
P 148 2 00000000
P 148 3 00000000
P 148 4 00000000
T 149 0 00000000
T 149 1 00000000
T 149 2 00000000
C 149 0 00000000
C 149 1 00000000
C 149 2 00000000
C 149 3 00000000
C 149 4 00000000
C 149 5 00000000
C 149 6 00000000
C 149 7 00000000
C 149 8 00000000
C 149 9 00000000
C 149 10 00000000
C 149 11 00000000
C 149 12 00000000
C 149 13 00000000
C 149 14 00000000
C 149 15 00000000
D 149 0 00000000
D 149 1 00000000
V 149 0 00000000
V 149 1 00000000
R 149 0 00000000
B 149 0 00000000
P 149 0 00000000
P 149 1 00000000
P 149 2 00000000
P 149 3 00000000
P 149 4 00000000
T 150 0 00000000
T 150 1 00000000
T 150 2 00000000
C 150 0 00000000
C 150 1 00000000
C 150 2 00000000
C 150 3 00000000
C 150 4 00000000
C 150 5 00000000
C 150 6 00000000
C 150 7 00000000
C 150 8 00000000
C 150 9 00000000
C 150 10 00000000
C 150 11 00000000
C 150 12 00000000
C 150 13 00000000
C 150 14 00000000
C 150 15 00000000
D 150 0 00000000
D 150 1 00000000
V 150 0 00000000
V 150 1 00000000
R 150 0 00000000
B 150 0 00000000
P 150 0 00000000
P 150 1 00000000
P 150 2 00000000
P 150 3 00000000
P 150 4 00000000
T 151 0 00000000
T 151 1 00000000
T 151 2 00000000
C 151 0 00000000
C 151 1 00000000
C 151 2 00000000
C 151 3 00000000
C 151 4 00000000
C 151 5 00000000
C 151 6 00000000
C 151 7 00000000
C 151 8 00000000
C 151 9 00000000
C 151 10 00000000
C 151 11 00000000
C 151 12 00000000
C 151 13 00000000
C 151 14 00000000
C 151 15 00000000
D 151 0 00000000
D 151 1 00000000
V 151 0 00000000
V 151 1 00000000
R 151 0 00000000
B 151 0 00000000
P 151 0 00000000
P 151 1 00000000
P 151 2 00000000
P 151 3 00000000
P 151 4 00000000
T 152 0 00000000
T 152 1 00000000
T 152 2 00000000
C 152 0 00000000
C 152 1 00000000
C 152 2 00000000
C 152 3 00000000
C 152 4 00000000
C 152 5 00000000
C 152 6 00000000
C 152 7 00000000
C 152 8 00000000
C 152 9 00000000
C 152 10 00000000
C 152 11 00000000
C 152 12 00000000
C 152 13 00000000
C 152 14 00000000
C 152 15 00000000
D 152 0 00000000
D 152 1 00000000
V 152 0 00000000
V 152 1 00000000
R 152 0 00000000
B 152 0 00000000
P 152 0 00000000
P 152 1 00000000
P 152 2 00000000
P 152 3 00000000
P 152 4 00000000
T 153 0 00000000
T 153 1 00000000
T 153 2 00000000
C 153 0 00000000
C 153 1 00000000
C 153 2 00000000
C 153 3 00000000
C 153 4 00000000
C 153 5 00000000
C 153 6 00000000
C 153 7 00000000
C 153 8 00000000
C 153 9 00000000
C 153 10 00000000
C 153 11 00000000
C 153 12 00000000
C 153 13 00000000
C 153 14 00000000
C 153 15 00000000
D 153 0 00000000
D 153 1 00000000
V 153 0 00000000
V 153 1 00000000
R 153 0 00000000
B 153 0 00000000
P 153 0 00000000
P 153 1 00000000
P 153 2 00000000
P 153 3 00000000
P 153 4 00000000
T 154 0 00000000
T 154 1 00000000
T 154 2 00000000
C 154 0 00000000
C 154 1 00000000
C 154 2 00000000
C 154 3 00000000
C 154 4 00000000
C 154 5 00000000
C 154 6 00000000
C 154 7 00000000
C 154 8 00000000
C 154 9 00000000
C 154 10 00000000
C 154 11 00000000
C 154 12 00000000
C 154 13 00000000
C 154 14 00000000
C 154 15 00000000
D 154 0 00000000
D 154 1 00000000
V 154 0 00000000
V 154 1 00000000
R 154 0 00000000
B 154 0 00000000
P 154 0 00000000
P 154 1 00000000
P 154 2 00000000
P 154 3 00000000
P 154 4 00000000
T 155 0 00000000
T 155 1 00000000
T 155 2 00000000
C 155 0 00000000
C 155 1 00000000
C 155 2 00000000
C 155 3 00000000
C 155 4 00000000
C 155 5 00000000
C 155 6 00000000
C 155 7 00000000
C 155 8 00000000
C 155 9 00000000
C 155 10 00000000
C 155 11 00000000
C 155 12 00000000
C 155 13 00000000
C 155 14 00000000
C 155 15 00000000
D 155 0 00000000
D 155 1 00000000
V 155 0 00000000
V 155 1 00000000
R 155 0 00000000
B 155 0 00000000
P 155 0 00000000
P 155 1 00000000
P 155 2 00000000
P 155 3 00000000
P 155 4 00000000
T 156 0 00000000
T 156 1 00000000
T 156 2 00000000
C 156 0 00000000
C 156 1 00000000
C 156 2 00000000
C 156 3 00000000
C 156 4 00000000
C 156 5 00000000
C 156 6 00000000
C 156 7 00000000
C 156 8 00000000
C 156 9 00000000
C 156 10 00000000
C 156 11 00000000
C 156 12 00000000
C 156 13 00000000
C 156 14 00000000
C 156 15 00000000
D 156 0 00000000
D 156 1 00000000
V 156 0 00000000
V 156 1 00000000
R 156 0 00000000
B 156 0 00000000
P 156 0 00000000
P 156 1 00000000
P 156 2 00000000
P 156 3 00000000
P 156 4 00000000
T 157 0 00000000
T 157 1 00000000
T 157 2 00000000
C 157 0 00000000
C 157 1 00000000
C 157 2 00000000
C 157 3 00000000
C 157 4 00000000
C 157 5 00000000
C 157 6 00000000
C 157 7 00000000
C 157 8 00000000
C 157 9 00000000
C 157 10 00000000
C 157 11 00000000
C 157 12 00000000
C 157 13 00000000
C 157 14 00000000
C 157 15 00000000
D 157 0 00000000
D 157 1 00000000
V 157 0 00000000
V 157 1 00000000
R 157 0 00000000
B 157 0 00000000
P 157 0 00000000
P 157 1 00000000
P 157 2 00000000
P 157 3 00000000
P 157 4 00000000
T 158 0 00000000
T 158 1 00000000
T 158 2 00000000
C 158 0 00000000
C 158 1 00000000
C 158 2 00000000
C 158 3 00000000
C 158 4 00000000
C 158 5 00000000
C 158 6 00000000
C 158 7 00000000
C 158 8 00000000
C 158 9 00000000
C 158 10 00000000
C 158 11 00000000
C 158 12 00000000
C 158 13 00000000
C 158 14 00000000
C 158 15 00000000
D 158 0 00000000
D 158 1 00000000
V 158 0 00000000
V 158 1 00000000
R 158 0 00000000
B 158 0 00000000
P 158 0 00000000
P 158 1 00000000
P 158 2 00000000
P 158 3 00000000
P 158 4 00000000
T 159 0 00000000
T 159 1 00000000
T 159 2 00000000
C 159 0 00000000
C 159 1 00000000
C 159 2 00000000
C 159 3 00000000
C 159 4 00000000
C 159 5 00000000
C 159 6 00000000
C 159 7 00000000
C 159 8 00000000
C 159 9 00000000
C 159 10 00000000
C 159 11 00000000
C 159 12 00000000
C 159 13 00000000
C 159 14 00000000
C 159 15 00000000
D 159 0 00000000
D 159 1 00000000
V 159 0 00000000
V 159 1 00000000
R 159 0 00000000
B 159 0 00000000
P 159 0 00000000
P 159 1 00000000
P 159 2 00000000
P 159 3 00000000
P 159 4 00000000
T 160 0 00000000
T 160 1 00000000
T 160 2 00000000
C 160 0 00000000
C 160 1 00000000
C 160 2 00000000
C 160 3 00000000
C 160 4 00000000
C 160 5 00000000
C 160 6 00000000
C 160 7 00000000
C 160 8 00000000
C 160 9 00000000
C 160 10 00000000
C 160 11 00000000
C 160 12 00000000
C 160 13 00000000
C 160 14 00000000
C 160 15 00000000
D 160 0 00000000
D 160 1 00000000
V 160 0 00000000
V 160 1 00000000
R 160 0 00000000
B 160 0 00000000
P 160 0 00000000
P 160 1 00000000
P 160 2 00000000
P 160 3 00000000
P 160 4 00000000
T 161 0 00000000
T 161 1 00000000
T 161 2 00000000
C 161 0 00000000
C 161 1 00000000
C 161 2 00000000
C 161 3 00000000
C 161 4 00000000
C 161 5 00000000
C 161 6 00000000
C 161 7 00000000
C 161 8 00000000
C 161 9 00000000
C 161 10 00000000
C 161 11 00000000
C 161 12 00000000
C 161 13 00000000
C 161 14 00000000
C 161 15 00000000
D 161 0 00000000
D 161 1 00000000
V 161 0 00000000
V 161 1 00000000
R 161 0 00000000
B 161 0 00000000
P 161 0 00000000
P 161 1 00000000
P 161 2 00000000
P 161 3 00000000
P 161 4 00000000
T 162 0 00000000
T 162 1 00000000
T 162 2 00000000
C 162 0 00000000
C 162 1 00000000
C 162 2 00000000
C 162 3 00000000
C 162 4 00000000
C 162 5 00000000
C 162 6 00000000
C 162 7 00000000
C 162 8 00000000
C 162 9 00000000
C 162 10 00000000
C 162 11 00000000
C 162 12 00000000
C 162 13 00000000
C 162 14 00000000
C 162 15 00000000
D 162 0 00000000
D 162 1 00000000
V 162 0 00000000
V 162 1 00000000
R 162 0 00000000
B 162 0 00000000
P 162 0 00000000
P 162 1 00000000
P 162 2 00000000
P 162 3 00000000
P 162 4 00000000
T 163 0 00000000
T 163 1 00000000
T 163 2 00000000
C 163 0 00000000
C 163 1 00000000
C 163 2 00000000
C 163 3 00000000
C 163 4 00000000
C 163 5 00000000
C 163 6 00000000
C 163 7 00000000
C 163 8 00000000
C 163 9 00000000
C 163 10 00000000
C 163 11 00000000
C 163 12 00000000
C 163 13 00000000
C 163 14 00000000
C 163 15 00000000
D 163 0 00000000
D 163 1 00000000
V 163 0 00000000
V 163 1 00000000
R 163 0 00000000
B 163 0 00000000
P 163 0 00000000
P 163 1 00000000
P 163 2 00000000
P 163 3 00000000
P 163 4 00000000
T 164 0 00000000
T 164 1 00000000
T 164 2 00000000
C 164 0 00000000
C 164 1 00000000
C 164 2 00000000
C 164 3 00000000
C 164 4 00000000
C 164 5 00000000
C 164 6 00000000
C 164 7 00000000
C 164 8 00000000
C 164 9 00000000
C 164 10 00000000
C 164 11 00000000
C 164 12 00000000
C 164 13 00000000
C 164 14 00000000
C 164 15 00000000
D 164 0 00000000
D 164 1 00000000
V 164 0 00000000
V 164 1 00000000
R 164 0 00000000
B 164 0 00000000
P 164 0 00000000
P 164 1 00000000
P 164 2 00000000
P 164 3 00000000
P 164 4 00000000
T 165 0 00000000
T 165 1 00000000
T 165 2 00000000
C 165 0 00000000
C 165 1 00000000
C 165 2 00000000
C 165 3 00000000
C 165 4 00000000
C 165 5 00000000
C 165 6 00000000
C 165 7 00000000
C 165 8 00000000
C 165 9 00000000
C 165 10 00000000
C 165 11 00000000
C 165 12 00000000
C 165 13 00000000
C 165 14 00000000
C 165 15 00000000
D 165 0 00000000
D 165 1 00000000
V 165 0 00000000
V 165 1 00000000
R 165 0 00000000
B 165 0 00000000
P 165 0 00000000
P 165 1 00000000
P 165 2 00000000
P 165 3 00000000
P 165 4 00000000
T 166 0 00000000
T 166 1 00000000
T 166 2 00000000
C 166 0 00000000
C 166 1 00000000
C 166 2 00000000
C 166 3 00000000
C 166 4 00000000
C 166 5 00000000
C 166 6 00000000
C 166 7 00000000
C 166 8 00000000
C 166 9 00000000
C 166 10 00000000
C 166 11 00000000
C 166 12 00000000
C 166 13 00000000
C 166 14 00000000
C 166 15 00000000
D 166 0 00000000
D 166 1 00000000
V 166 0 00000000
V 166 1 00000000
R 166 0 00000000
B 166 0 00000000
P 166 0 00000000
P 166 1 00000000
P 166 2 00000000
P 166 3 00000000
P 166 4 00000000
T 167 0 00000000
T 167 1 00000000
T 167 2 00000000
C 167 0 00000000
C 167 1 00000000
C 167 2 00000000
C 167 3 00000000
C 167 4 00000000
C 167 5 00000000
C 167 6 00000000
C 167 7 00000000
C 167 8 00000000
C 167 9 00000000
C 167 10 00000000
C 167 11 00000000
C 167 12 00000000
C 167 13 00000000
C 167 14 00000000
C 167 15 00000000
D 167 0 00000000
D 167 1 00000000
V 167 0 00000000
V 167 1 00000000
R 167 0 00000000
B 167 0 00000000
P 167 0 00000000
P 167 1 00000000
P 167 2 00000000
P 167 3 00000000
P 167 4 00000000
T 168 0 00000000
T 168 1 00000000
T 168 2 00000000
C 168 0 00000000
C 168 1 00000000
C 168 2 00000000
C 168 3 00000000
C 168 4 00000000
C 168 5 00000000
C 168 6 00000000
C 168 7 00000000
C 168 8 00000000
C 168 9 00000000
C 168 10 00000000
C 168 11 00000000
C 168 12 00000000
C 168 13 00000000
C 168 14 00000000
C 168 15 00000000
D 168 0 00000000
D 168 1 00000000
V 168 0 00000000
V 168 1 00000000
R 168 0 00000000
B 168 0 00000000
P 168 0 00000000
P 168 1 00000000
P 168 2 00000000
P 168 3 00000000
P 168 4 00000000
T 169 0 00000000
T 169 1 00000000
T 169 2 00000000
C 169 0 00000000
C 169 1 00000000
C 169 2 00000000
C 169 3 00000000
C 169 4 00000000
C 169 5 00000000
C 169 6 00000000
C 169 7 00000000
C 169 8 00000000
C 169 9 00000000
C 169 10 00000000
C 169 11 00000000
C 169 12 00000000
C 169 13 00000000
C 169 14 00000000
C 169 15 00000000
D 169 0 00000000
D 169 1 00000000
V 169 0 00000000
V 169 1 00000000
R 169 0 00000000
B 169 0 00000000
P 169 0 00000000
P 169 1 00000000
P 169 2 00000000
P 169 3 00000000
P 169 4 00000000
T 170 0 00000000
T 170 1 00000000
T 170 2 00000000
C 170 0 00000000
C 170 1 00000000
C 170 2 00000000
C 170 3 00000000
C 170 4 00000000
C 170 5 00000000
C 170 6 00000000
C 170 7 00000000
C 170 8 00000000
C 170 9 00000000
C 170 10 00000000
C 170 11 00000000
C 170 12 00000000
C 170 13 00000000
C 170 14 00000000
C 170 15 00000000
D 170 0 00000000
D 170 1 00000000
V 170 0 00000000
V 170 1 00000000
R 170 0 00000000
B 170 0 00000000
P 170 0 00000000
P 170 1 00000000
P 170 2 00000000
P 170 3 00000000
P 170 4 00000000
T 171 0 00000000
T 171 1 00000000
T 171 2 00000000
C 171 0 00000000
C 171 1 00000000
C 171 2 00000000
C 171 3 00000000
C 171 4 00000000
C 171 5 00000000
C 171 6 00000000
C 171 7 00000000
C 171 8 00000000
C 171 9 00000000
C 171 10 00000000
C 171 11 00000000
C 171 12 00000000
C 171 13 00000000
C 171 14 00000000
C 171 15 00000000
D 171 0 00000000
D 171 1 00000000
V 171 0 00000000
V 171 1 00000000
R 171 0 00000000
B 171 0 00000000
P 171 0 00000000
P 171 1 00000000
P 171 2 00000000
P 171 3 00000000
P 171 4 00000000
T 172 0 00000000
T 172 1 00000000
T 172 2 00000000
C 172 0 00000000
C 172 1 00000000
C 172 2 00000000
C 172 3 00000000
C 172 4 00000000
C 172 5 00000000
C 172 6 00000000
C 172 7 00000000
C 172 8 00000000
C 172 9 00000000
C 172 10 00000000
C 172 11 00000000
C 172 12 00000000
C 172 13 00000000
C 172 14 00000000
C 172 15 00000000
D 172 0 00000000
D 172 1 00000000
V 172 0 00000000
V 172 1 00000000
R 172 0 00000000
B 172 0 00000000
P 172 0 00000000
P 172 1 00000000
P 172 2 00000000
P 172 3 00000000
P 172 4 00000000
T 173 0 00000000
T 173 1 00000000
T 173 2 00000000
C 173 0 00000000
C 173 1 00000000
C 173 2 00000000
C 173 3 00000000
C 173 4 00000000
C 173 5 00000000
C 173 6 00000000
C 173 7 00000000
C 173 8 00000000
C 173 9 00000000
C 173 10 00000000
C 173 11 00000000
C 173 12 00000000
C 173 13 00000000
C 173 14 00000000
C 173 15 00000000
D 173 0 00000000
D 173 1 00000000
V 173 0 00000000
V 173 1 00000000
R 173 0 00000000
B 173 0 00000000
P 173 0 00000000
P 173 1 00000000
P 173 2 00000000
P 173 3 00000000
P 173 4 00000000
T 174 0 00000000
T 174 1 00000000
T 174 2 00000000
C 174 0 00000000
C 174 1 00000000
C 174 2 00000000
C 174 3 00000000
C 174 4 00000000
C 174 5 00000000
C 174 6 00000000
C 174 7 00000000
C 174 8 00000000
C 174 9 00000000
C 174 10 00000000
C 174 11 00000000
C 174 12 00000000
C 174 13 00000000
C 174 14 00000000
C 174 15 00000000
D 174 0 00000000
D 174 1 00000000
V 174 0 00000000
V 174 1 00000000
R 174 0 00000000
B 174 0 00000000
P 174 0 00000000
P 174 1 00000000
P 174 2 00000000
P 174 3 00000000
P 174 4 00000000
T 175 0 00000000
T 175 1 00000000
T 175 2 00000000
C 175 0 00000000
C 175 1 00000000
C 175 2 00000000
C 175 3 00000000
C 175 4 00000000
C 175 5 00000000
C 175 6 00000000
C 175 7 00000000
C 175 8 00000000
C 175 9 00000000
C 175 10 00000000
C 175 11 00000000
C 175 12 00000000
C 175 13 00000000
C 175 14 00000000
C 175 15 00000000
D 175 0 00000000
D 175 1 00000000
V 175 0 00000000
V 175 1 00000000
R 175 0 00000000
B 175 0 00000000
P 175 0 00000000
P 175 1 00000000
P 175 2 00000000
P 175 3 00000000
P 175 4 00000000
T 176 0 00000000
T 176 1 00000000
T 176 2 00000000
C 176 0 00000000
C 176 1 00000000
C 176 2 00000000
C 176 3 00000000
C 176 4 00000000
C 176 5 00000000
C 176 6 00000000
C 176 7 00000000
C 176 8 00000000
C 176 9 00000000
C 176 10 00000000
C 176 11 00000000
C 176 12 00000000
C 176 13 00000000
C 176 14 00000000
C 176 15 00000000
D 176 0 00000000
D 176 1 00000000
V 176 0 00000000
V 176 1 00000000
R 176 0 00000000
B 176 0 00000000
P 176 0 00000000
P 176 1 00000000
P 176 2 00000000
P 176 3 00000000
P 176 4 00000000
T 177 0 00000000
T 177 1 00000000
T 177 2 00000000
C 177 0 00000000
C 177 1 00000000
C 177 2 00000000
C 177 3 00000000
C 177 4 00000000
C 177 5 00000000
C 177 6 00000000
C 177 7 00000000
C 177 8 00000000
C 177 9 00000000
C 177 10 00000000
C 177 11 00000000
C 177 12 00000000
C 177 13 00000000
C 177 14 00000000
C 177 15 00000000
D 177 0 00000000
D 177 1 00000000
V 177 0 00000000
V 177 1 00000000
R 177 0 00000000
B 177 0 00000000
P 177 0 00000000
P 177 1 00000000
P 177 2 00000000
P 177 3 00000000
P 177 4 00000000
T 178 0 00000000
T 178 1 00000000
T 178 2 00000000
C 178 0 00000000
C 178 1 00000000
C 178 2 00000000
C 178 3 00000000
C 178 4 00000000
C 178 5 00000000
C 178 6 00000000
C 178 7 00000000
C 178 8 00000000
C 178 9 00000000
C 178 10 00000000
C 178 11 00000000
C 178 12 00000000
C 178 13 00000000
C 178 14 00000000
C 178 15 00000000
D 178 0 00000000
D 178 1 00000000
V 178 0 00000000
V 178 1 00000000
R 178 0 00000000
B 178 0 00000000
P 178 0 00000000
P 178 1 00000000
P 178 2 00000000
P 178 3 00000000
P 178 4 00000000
T 179 0 00000000
T 179 1 00000000
T 179 2 00000000
C 179 0 00000000
C 179 1 00000000
C 179 2 00000000
C 179 3 00000000
C 179 4 00000000
C 179 5 00000000
C 179 6 00000000
C 179 7 00000000
C 179 8 00000000
C 179 9 00000000
C 179 10 00000000
C 179 11 00000000
C 179 12 00000000
C 179 13 00000000
C 179 14 00000000
C 179 15 00000000
D 179 0 00000000
D 179 1 00000000
V 179 0 00000000
V 179 1 00000000
R 179 0 00000000
B 179 0 00000000
P 179 0 00000000
P 179 1 00000000
P 179 2 00000000
P 179 3 00000000
P 179 4 00000000
T 180 0 00000000
T 180 1 00000000
T 180 2 00000000
C 180 0 00000000
C 180 1 00000000
C 180 2 00000000
C 180 3 00000000
C 180 4 00000000
C 180 5 00000000
C 180 6 00000000
C 180 7 00000000
C 180 8 00000000
C 180 9 00000000
C 180 10 00000000
C 180 11 00000000
C 180 12 00000000
C 180 13 00000000
C 180 14 00000000
C 180 15 00000000
D 180 0 00000000
D 180 1 00000000
V 180 0 00000000
V 180 1 00000000
R 180 0 00000000
B 180 0 00000000
P 180 0 00000000
P 180 1 00000000
P 180 2 00000000
P 180 3 00000000
P 180 4 00000000
T 181 0 00000000
T 181 1 00000000
T 181 2 00000000
C 181 0 00000000
C 181 1 00000000
C 181 2 00000000
C 181 3 00000000
C 181 4 00000000
C 181 5 00000000
C 181 6 00000000
C 181 7 00000000
C 181 8 00000000
C 181 9 00000000
C 181 10 00000000
C 181 11 00000000
C 181 12 00000000
C 181 13 00000000
C 181 14 00000000
C 181 15 00000000
D 181 0 00000000
D 181 1 00000000
V 181 0 00000000
V 181 1 00000000
R 181 0 00000000
B 181 0 00000000
P 181 0 00000000
P 181 1 00000000
P 181 2 00000000
P 181 3 00000000
P 181 4 00000000
T 182 0 00000000
T 182 1 00000000
T 182 2 00000000
C 182 0 00000000
C 182 1 00000000
C 182 2 00000000
C 182 3 00000000
C 182 4 00000000
C 182 5 00000000
C 182 6 00000000
C 182 7 00000000
C 182 8 00000000
C 182 9 00000000
C 182 10 00000000
C 182 11 00000000
C 182 12 00000000
C 182 13 00000000
C 182 14 00000000
C 182 15 00000000
D 182 0 00000000
D 182 1 00000000
V 182 0 00000000
V 182 1 00000000
R 182 0 00000000
B 182 0 00000000
P 182 0 00000000
P 182 1 00000000
P 182 2 00000000
P 182 3 00000000
P 182 4 00000000
T 183 0 00000000
T 183 1 00000000
T 183 2 00000000
C 183 0 00000000
C 183 1 00000000
C 183 2 00000000
C 183 3 00000000
C 183 4 00000000
C 183 5 00000000
C 183 6 00000000
C 183 7 00000000
C 183 8 00000000
C 183 9 00000000
C 183 10 00000000
C 183 11 00000000
C 183 12 00000000
C 183 13 00000000
C 183 14 00000000
C 183 15 00000000
D 183 0 00000000
D 183 1 00000000
V 183 0 00000000
V 183 1 00000000
R 183 0 00000000
B 183 0 00000000
P 183 0 00000000
P 183 1 00000000
P 183 2 00000000
P 183 3 00000000
P 183 4 00000000
T 184 0 00000000
T 184 1 00000000
T 184 2 00000000
C 184 0 00000000
C 184 1 00000000
C 184 2 00000000
C 184 3 00000000
C 184 4 00000000
C 184 5 00000000
C 184 6 00000000
C 184 7 00000000
C 184 8 00000000
C 184 9 00000000
C 184 10 00000000
C 184 11 00000000
C 184 12 00000000
C 184 13 00000000
C 184 14 00000000
C 184 15 00000000
D 184 0 00000000
D 184 1 00000000
V 184 0 00000000
V 184 1 00000000
R 184 0 00000000
B 184 0 00000000
P 184 0 00000000
P 184 1 00000000
P 184 2 00000000
P 184 3 00000000
P 184 4 00000000
T 185 0 00000000
T 185 1 00000000
T 185 2 00000000
C 185 0 00000000
C 185 1 00000000
C 185 2 00000000
C 185 3 00000000
C 185 4 00000000
C 185 5 00000000
C 185 6 00000000
C 185 7 00000000
C 185 8 00000000
C 185 9 00000000
C 185 10 00000000
C 185 11 00000000
C 185 12 00000000
C 185 13 00000000
C 185 14 00000000
C 185 15 00000000
D 185 0 00000000
D 185 1 00000000
V 185 0 00000000
V 185 1 00000000
R 185 0 00000000
B 185 0 00000000
P 185 0 00000000
P 185 1 00000000
P 185 2 00000000
P 185 3 00000000
P 185 4 00000000
T 186 0 00000000
T 186 1 00000000
T 186 2 00000000
C 186 0 00000000
C 186 1 00000000
C 186 2 00000000
C 186 3 00000000
C 186 4 00000000
C 186 5 00000000
C 186 6 00000000
C 186 7 00000000
C 186 8 00000000
C 186 9 00000000
C 186 10 00000000
C 186 11 00000000
C 186 12 00000000
C 186 13 00000000
C 186 14 00000000
C 186 15 00000000
D 186 0 00000000
D 186 1 00000000
V 186 0 00000000
V 186 1 00000000
R 186 0 00000000
B 186 0 00000000
P 186 0 00000000
P 186 1 00000000
P 186 2 00000000
P 186 3 00000000
P 186 4 00000000
T 187 0 00000000
T 187 1 00000000
T 187 2 00000000
C 187 0 00000000
C 187 1 00000000
C 187 2 00000000
C 187 3 00000000
C 187 4 00000000
C 187 5 00000000
C 187 6 00000000
C 187 7 00000000
C 187 8 00000000
C 187 9 00000000
C 187 10 00000000
C 187 11 00000000
C 187 12 00000000
C 187 13 00000000
C 187 14 00000000
C 187 15 00000000
D 187 0 00000000
D 187 1 00000000
V 187 0 00000000
V 187 1 00000000
R 187 0 00000000
B 187 0 00000000
P 187 0 00000000
P 187 1 00000000
P 187 2 00000000
P 187 3 00000000
P 187 4 00000000
T 188 0 00000000
T 188 1 00000000
T 188 2 00000000
C 188 0 00000000
C 188 1 00000000
C 188 2 00000000
C 188 3 00000000
C 188 4 00000000
C 188 5 00000000
C 188 6 00000000
C 188 7 00000000
C 188 8 00000000
C 188 9 00000000
C 188 10 00000000
C 188 11 00000000
C 188 12 00000000
C 188 13 00000000
C 188 14 00000000
C 188 15 00000000
D 188 0 00000000
D 188 1 00000000
V 188 0 00000000
V 188 1 00000000
R 188 0 00000000
B 188 0 00000000
P 188 0 00000000
P 188 1 00000000
P 188 2 00000000
P 188 3 00000000
P 188 4 00000000
T 189 0 00000000
T 189 1 00000000
T 189 2 00000000
C 189 0 00000000
C 189 1 00000000
C 189 2 00000000
C 189 3 00000000
C 189 4 00000000
C 189 5 00000000
C 189 6 00000000
C 189 7 00000000
C 189 8 00000000
C 189 9 00000000
C 189 10 00000000
C 189 11 00000000
C 189 12 00000000
C 189 13 00000000
C 189 14 00000000
C 189 15 00000000
D 189 0 00000000
D 189 1 00000000
V 189 0 00000000
V 189 1 00000000
R 189 0 00000000
B 189 0 00000000
P 189 0 00000000
P 189 1 00000000
P 189 2 00000000
P 189 3 00000000
P 189 4 00000000
T 190 0 00000000
T 190 1 00000000
T 190 2 00000000
C 190 0 00000000
C 190 1 00000000
C 190 2 00000000
C 190 3 00000000
C 190 4 00000000
C 190 5 00000000
C 190 6 00000000
C 190 7 00000000
C 190 8 00000000
C 190 9 00000000
C 190 10 00000000
C 190 11 00000000
C 190 12 00000000
C 190 13 00000000
C 190 14 00000000
C 190 15 00000000
D 190 0 00000000
D 190 1 00000000
V 190 0 00000000
V 190 1 00000000
R 190 0 00000000
B 190 0 00000000
P 190 0 00000000
P 190 1 00000000
P 190 2 00000000
P 190 3 00000000
P 190 4 00000000
T 191 0 00000000
T 191 1 00000000
T 191 2 00000000
C 191 0 00000000
C 191 1 00000000
C 191 2 00000000
C 191 3 00000000
C 191 4 00000000
C 191 5 00000000
C 191 6 00000000
C 191 7 00000000
C 191 8 00000000
C 191 9 00000000
C 191 10 00000000
C 191 11 00000000
C 191 12 00000000
C 191 13 00000000
C 191 14 00000000
C 191 15 00000000
D 191 0 00000000
D 191 1 00000000
V 191 0 00000000
V 191 1 00000000
R 191 0 00000000
B 191 0 00000000
P 191 0 00000000
P 191 1 00000000
P 191 2 00000000
P 191 3 00000000
P 191 4 00000000
T 192 0 00000000
T 192 1 00000000
T 192 2 00000000
C 192 0 00000000
C 192 1 00000000
C 192 2 00000000
C 192 3 00000000
C 192 4 00000000
C 192 5 00000000
C 192 6 00000000
C 192 7 00000000
C 192 8 00000000
C 192 9 00000000
C 192 10 00000000
C 192 11 00000000
C 192 12 00000000
C 192 13 00000000
C 192 14 00000000
C 192 15 00000000
D 192 0 00000000
D 192 1 00000000
V 192 0 00000000
V 192 1 00000000
R 192 0 00000000
B 192 0 00000000
P 192 0 00000000
P 192 1 00000000
P 192 2 00000000
P 192 3 00000000
P 192 4 00000000
T 193 0 00000000
T 193 1 00000000
T 193 2 00000000
C 193 0 00000000
C 193 1 00000000
C 193 2 00000000
C 193 3 00000000
C 193 4 00000000
C 193 5 00000000
C 193 6 00000000
C 193 7 00000000
C 193 8 00000000
C 193 9 00000000
C 193 10 00000000
C 193 11 00000000
C 193 12 00000000
C 193 13 00000000
C 193 14 00000000
C 193 15 00000000
D 193 0 00000000
D 193 1 00000000
V 193 0 00000000
V 193 1 00000000
R 193 0 00000000
B 193 0 00000000
P 193 0 00000000
P 193 1 00000000
P 193 2 00000000
P 193 3 00000000
P 193 4 00000000
T 194 0 00000000
T 194 1 00000000
T 194 2 00000000
C 194 0 00000000
C 194 1 00000000
C 194 2 00000000
C 194 3 00000000
C 194 4 00000000
C 194 5 00000000
C 194 6 00000000
C 194 7 00000000
C 194 8 00000000
C 194 9 00000000
C 194 10 00000000
C 194 11 00000000
C 194 12 00000000
C 194 13 00000000
C 194 14 00000000
C 194 15 00000000
D 194 0 00000000
D 194 1 00000000
V 194 0 00000000
V 194 1 00000000
R 194 0 00000000
B 194 0 00000000
P 194 0 00000000
P 194 1 00000000
P 194 2 00000000
P 194 3 00000000
P 194 4 00000000
T 195 0 00000000
T 195 1 00000000
T 195 2 00000000
C 195 0 00000000
C 195 1 00000000
C 195 2 00000000
C 195 3 00000000
C 195 4 00000000
C 195 5 00000000
C 195 6 00000000
C 195 7 00000000
C 195 8 00000000
C 195 9 00000000
C 195 10 00000000
C 195 11 00000000
C 195 12 00000000
C 195 13 00000000
C 195 14 00000000
C 195 15 00000000
D 195 0 00000000
D 195 1 00000000
V 195 0 00000000
V 195 1 00000000
R 195 0 00000000
B 195 0 00000000
P 195 0 00000000
P 195 1 00000000
P 195 2 00000000
P 195 3 00000000
P 195 4 00000000
T 196 0 00000000
T 196 1 00000000
T 196 2 00000000
C 196 0 00000000
C 196 1 00000000
C 196 2 00000000
C 196 3 00000000
C 196 4 00000000
C 196 5 00000000
C 196 6 00000000
C 196 7 00000000
C 196 8 00000000
C 196 9 00000000
C 196 10 00000000
C 196 11 00000000
C 196 12 00000000
C 196 13 00000000
C 196 14 00000000
C 196 15 00000000
D 196 0 00000000
D 196 1 00000000
V 196 0 00000000
V 196 1 00000000
R 196 0 00000000
B 196 0 00000000
P 196 0 00000000
P 196 1 00000000
P 196 2 00000000
P 196 3 00000000
P 196 4 00000000
T 197 0 00000000
T 197 1 00000000
T 197 2 00000000
C 197 0 00000000
C 197 1 00000000
C 197 2 00000000
C 197 3 00000000
C 197 4 00000000
C 197 5 00000000
C 197 6 00000000
C 197 7 00000000
C 197 8 00000000
C 197 9 00000000
C 197 10 00000000
C 197 11 00000000
C 197 12 00000000
C 197 13 00000000
C 197 14 00000000
C 197 15 00000000
D 197 0 00000000
D 197 1 00000000
V 197 0 00000000
V 197 1 00000000
R 197 0 00000000
B 197 0 00000000
P 197 0 00000000
P 197 1 00000000
P 197 2 00000000
P 197 3 00000000
P 197 4 00000000
T 198 0 00000000
T 198 1 00000000
T 198 2 00000000
C 198 0 00000000
C 198 1 00000000
C 198 2 00000000
C 198 3 00000000
C 198 4 00000000
C 198 5 00000000
C 198 6 00000000
C 198 7 00000000
C 198 8 00000000
C 198 9 00000000
C 198 10 00000000
C 198 11 00000000
C 198 12 00000000
C 198 13 00000000
C 198 14 00000000
C 198 15 00000000
D 198 0 00000000
D 198 1 00000000
V 198 0 00000000
V 198 1 00000000
R 198 0 00000000
B 198 0 00000000
P 198 0 00000000
P 198 1 00000000
P 198 2 00000000
P 198 3 00000000
P 198 4 00000000
T 199 0 00000000
T 199 1 00000000
T 199 2 00000000
C 199 0 00000000
C 199 1 00000000
C 199 2 00000000
C 199 3 00000000
C 199 4 00000000
C 199 5 00000000
C 199 6 00000000
C 199 7 00000000
C 199 8 00000000
C 199 9 00000000
C 199 10 00000000
C 199 11 00000000
C 199 12 00000000
C 199 13 00000000
C 199 14 00000000
C 199 15 00000000
D 199 0 00000000
D 199 1 00000000
V 199 0 00000000
V 199 1 00000000
R 199 0 00000000
B 199 0 00000000
P 199 0 00000000
P 199 1 00000000
P 199 2 00000000
P 199 3 00000000
P 199 4 00000000
T 200 0 00000000
T 200 1 00000000
T 200 2 00000000
C 200 0 00000000
C 200 1 00000000
C 200 2 00000000
C 200 3 00000000
C 200 4 00000000
C 200 5 00000000
C 200 6 00000000
C 200 7 00000000
C 200 8 00000000
C 200 9 00000000
C 200 10 00000000
C 200 11 00000000
C 200 12 00000000
C 200 13 00000000
C 200 14 00000000
C 200 15 00000000
D 200 0 00000000
D 200 1 00000000
V 200 0 00000000
V 200 1 00000000
R 200 0 00000000
B 200 0 00000000
P 200 0 00000000
P 200 1 00000000
P 200 2 00000000
P 200 3 00000000
P 200 4 00000000
T 201 0 00000000
T 201 1 00000000
T 201 2 00000000
C 201 0 00000000
C 201 1 00000000
C 201 2 00000000
C 201 3 00000000
C 201 4 00000000
C 201 5 00000000
C 201 6 00000000
C 201 7 00000000
C 201 8 00000000
C 201 9 00000000
C 201 10 00000000
C 201 11 00000000
C 201 12 00000000
C 201 13 00000000
C 201 14 00000000
C 201 15 00000000
D 201 0 00000000
D 201 1 00000000
V 201 0 00000000
V 201 1 00000000
R 201 0 00000000
B 201 0 00000000
P 201 0 00000000
P 201 1 00000000
P 201 2 00000000
P 201 3 00000000
P 201 4 00000000
T 202 0 00000000
T 202 1 00000000
T 202 2 00000000
C 202 0 00000000
C 202 1 00000000
C 202 2 00000000
C 202 3 00000000
C 202 4 00000000
C 202 5 00000000
C 202 6 00000000
C 202 7 00000000
C 202 8 00000000
C 202 9 00000000
C 202 10 00000000
C 202 11 00000000
C 202 12 00000000
C 202 13 00000000
C 202 14 00000000
C 202 15 00000000
D 202 0 00000000
D 202 1 00000000
V 202 0 00000000
V 202 1 00000000
R 202 0 00000000
B 202 0 00000000
P 202 0 00000000
P 202 1 00000000
P 202 2 00000000
P 202 3 00000000
P 202 4 00000000
T 203 0 00000000
T 203 1 00000000
T 203 2 00000000
C 203 0 00000000
C 203 1 00000000
C 203 2 00000000
C 203 3 00000000
C 203 4 00000000
C 203 5 00000000
C 203 6 00000000
C 203 7 00000000
C 203 8 00000000
C 203 9 00000000
C 203 10 00000000
C 203 11 00000000
C 203 12 00000000
C 203 13 00000000
C 203 14 00000000
C 203 15 00000000
D 203 0 00000000
D 203 1 00000000
V 203 0 00000000
V 203 1 00000000
R 203 0 00000000
B 203 0 00000000
P 203 0 00000000
P 203 1 00000000
P 203 2 00000000
P 203 3 00000000
P 203 4 00000000
T 204 0 00000000
T 204 1 00000000
T 204 2 00000000
C 204 0 00000000
C 204 1 00000000
C 204 2 00000000
C 204 3 00000000
C 204 4 00000000
C 204 5 00000000
C 204 6 00000000
C 204 7 00000000
C 204 8 00000000
C 204 9 00000000
C 204 10 00000000
C 204 11 00000000
C 204 12 00000000
C 204 13 00000000
C 204 14 00000000
C 204 15 00000000
D 204 0 00000000
D 204 1 00000000
V 204 0 00000000
V 204 1 00000000
R 204 0 00000000
B 204 0 00000000
P 204 0 00000000
P 204 1 00000000
P 204 2 00000000
P 204 3 00000000
P 204 4 00000000
T 205 0 00000000
T 205 1 00000000
T 205 2 00000000
C 205 0 00000000
C 205 1 00000000
C 205 2 00000000
C 205 3 00000000
C 205 4 00000000
C 205 5 00000000
C 205 6 00000000
C 205 7 00000000
C 205 8 00000000
C 205 9 00000000
C 205 10 00000000
C 205 11 00000000
C 205 12 00000000
C 205 13 00000000
C 205 14 00000000
C 205 15 00000000
D 205 0 00000000
D 205 1 00000000
V 205 0 00000000
V 205 1 00000000
R 205 0 00000000
B 205 0 00000000
P 205 0 00000000
P 205 1 00000000
P 205 2 00000000
P 205 3 00000000
P 205 4 00000000
T 206 0 00000000
T 206 1 00000000
T 206 2 00000000
C 206 0 00000000
C 206 1 00000000
C 206 2 00000000
C 206 3 00000000
C 206 4 00000000
C 206 5 00000000
C 206 6 00000000
C 206 7 00000000
C 206 8 00000000
C 206 9 00000000
C 206 10 00000000
C 206 11 00000000
C 206 12 00000000
C 206 13 00000000
C 206 14 00000000
C 206 15 00000000
D 206 0 00000000
D 206 1 00000000
V 206 0 00000000
V 206 1 00000000
R 206 0 00000000
B 206 0 00000000
P 206 0 00000000
P 206 1 00000000
P 206 2 00000000
P 206 3 00000000
P 206 4 00000000
T 207 0 00000000
T 207 1 00000000
T 207 2 00000000
C 207 0 00000000
C 207 1 00000000
C 207 2 00000000
C 207 3 00000000
C 207 4 00000000
C 207 5 00000000
C 207 6 00000000
C 207 7 00000000
C 207 8 00000000
C 207 9 00000000
C 207 10 00000000
C 207 11 00000000
C 207 12 00000000
C 207 13 00000000
C 207 14 00000000
C 207 15 00000000
D 207 0 00000000
D 207 1 00000000
V 207 0 00000000
V 207 1 00000000
R 207 0 00000000
B 207 0 00000000
P 207 0 00000000
P 207 1 00000000
P 207 2 00000000
P 207 3 00000000
P 207 4 00000000
T 208 0 00000000
T 208 1 00000000
T 208 2 00000000
C 208 0 00000000
C 208 1 00000000
C 208 2 00000000
C 208 3 00000000
C 208 4 00000000
C 208 5 00000000
C 208 6 00000000
C 208 7 00000000
C 208 8 00000000
C 208 9 00000000
C 208 10 00000000
C 208 11 00000000
C 208 12 00000000
C 208 13 00000000
C 208 14 00000000
C 208 15 00000000
D 208 0 00000000
D 208 1 00000000
V 208 0 00000000
V 208 1 00000000
R 208 0 00000000
B 208 0 00000000
P 208 0 00000000
P 208 1 00000000
P 208 2 00000000
P 208 3 00000000
P 208 4 00000000
T 209 0 00000000
T 209 1 00000000
T 209 2 00000000
C 209 0 00000000
C 209 1 00000000
C 209 2 00000000
C 209 3 00000000
C 209 4 00000000
C 209 5 00000000
C 209 6 00000000
C 209 7 00000000
C 209 8 00000000
C 209 9 00000000
C 209 10 00000000
C 209 11 00000000
C 209 12 00000000
C 209 13 00000000
C 209 14 00000000
C 209 15 00000000
D 209 0 00000000
D 209 1 00000000
V 209 0 00000000
V 209 1 00000000
R 209 0 00000000
B 209 0 00000000
P 209 0 00000000
P 209 1 00000000
P 209 2 00000000
P 209 3 00000000
P 209 4 00000000
T 210 0 00000000
T 210 1 00000000
T 210 2 00000000
C 210 0 00000000
C 210 1 00000000
C 210 2 00000000
C 210 3 00000000
C 210 4 00000000
C 210 5 00000000
C 210 6 00000000
C 210 7 00000000
C 210 8 00000000
C 210 9 00000000
C 210 10 00000000
C 210 11 00000000
C 210 12 00000000
C 210 13 00000000
C 210 14 00000000
C 210 15 00000000
D 210 0 00000000
D 210 1 00000000
V 210 0 00000000
V 210 1 00000000
R 210 0 00000000
B 210 0 00000000
P 210 0 00000000
P 210 1 00000000
P 210 2 00000000
P 210 3 00000000
P 210 4 00000000
T 211 0 00000000
T 211 1 00000000
T 211 2 00000000
C 211 0 00000000
C 211 1 00000000
C 211 2 00000000
C 211 3 00000000
C 211 4 00000000
C 211 5 00000000
C 211 6 00000000
C 211 7 00000000
C 211 8 00000000
C 211 9 00000000
C 211 10 00000000
C 211 11 00000000
C 211 12 00000000
C 211 13 00000000
C 211 14 00000000
C 211 15 00000000
D 211 0 00000000
D 211 1 00000000
V 211 0 00000000
V 211 1 00000000
R 211 0 00000000
B 211 0 00000000
P 211 0 00000000
P 211 1 00000000
P 211 2 00000000
P 211 3 00000000
P 211 4 00000000
T 212 0 00000000
T 212 1 00000000
T 212 2 00000000
C 212 0 00000000
C 212 1 00000000
C 212 2 00000000
C 212 3 00000000
C 212 4 00000000
C 212 5 00000000
C 212 6 00000000
C 212 7 00000000
C 212 8 00000000
C 212 9 00000000
C 212 10 00000000
C 212 11 00000000
C 212 12 00000000
C 212 13 00000000
C 212 14 00000000
C 212 15 00000000
D 212 0 00000000
D 212 1 00000000
V 212 0 00000000
V 212 1 00000000
R 212 0 00000000
B 212 0 00000000
P 212 0 00000000
P 212 1 00000000
P 212 2 00000000
P 212 3 00000000
P 212 4 00000000
T 213 0 00000000
T 213 1 00000000
T 213 2 00000000
C 213 0 00000000
C 213 1 00000000
C 213 2 00000000
C 213 3 00000000
C 213 4 00000000
C 213 5 00000000
C 213 6 00000000
C 213 7 00000000
C 213 8 00000000
C 213 9 00000000
C 213 10 00000000
C 213 11 00000000
C 213 12 00000000
C 213 13 00000000
C 213 14 00000000
C 213 15 00000000
D 213 0 00000000
D 213 1 00000000
V 213 0 00000000
V 213 1 00000000
R 213 0 00000000
B 213 0 00000000
P 213 0 00000000
P 213 1 00000000
P 213 2 00000000
P 213 3 00000000
P 213 4 00000000
T 214 0 00000000
T 214 1 00000000
T 214 2 00000000
C 214 0 00000000
C 214 1 00000000
C 214 2 00000000
C 214 3 00000000
C 214 4 00000000
C 214 5 00000000
C 214 6 00000000
C 214 7 00000000
C 214 8 00000000
C 214 9 00000000
C 214 10 00000000
C 214 11 00000000
C 214 12 00000000
C 214 13 00000000
C 214 14 00000000
C 214 15 00000000
D 214 0 00000000
D 214 1 00000000
V 214 0 00000000
V 214 1 00000000
R 214 0 00000000
B 214 0 00000000
P 214 0 00000000
P 214 1 00000000
P 214 2 00000000
P 214 3 00000000
P 214 4 00000000
T 215 0 00000000
T 215 1 00000000
T 215 2 00000000
C 215 0 00000000
C 215 1 00000000
C 215 2 00000000
C 215 3 00000000
C 215 4 00000000
C 215 5 00000000
C 215 6 00000000
C 215 7 00000000
C 215 8 00000000
C 215 9 00000000
C 215 10 00000000
C 215 11 00000000
C 215 12 00000000
C 215 13 00000000
C 215 14 00000000
C 215 15 00000000
D 215 0 00000000
D 215 1 00000000
V 215 0 00000000
V 215 1 00000000
R 215 0 00000000
B 215 0 00000000
P 215 0 00000000
P 215 1 00000000
P 215 2 00000000
P 215 3 00000000
P 215 4 00000000
T 216 0 00000000
T 216 1 00000000
T 216 2 00000000
C 216 0 00000000
C 216 1 00000000
C 216 2 00000000
C 216 3 00000000
C 216 4 00000000
C 216 5 00000000
C 216 6 00000000
C 216 7 00000000
C 216 8 00000000
C 216 9 00000000
C 216 10 00000000
C 216 11 00000000
C 216 12 00000000
C 216 13 00000000
C 216 14 00000000
C 216 15 00000000
D 216 0 00000000
D 216 1 00000000
V 216 0 00000000
V 216 1 00000000
R 216 0 00000000
B 216 0 00000000
P 216 0 00000000
P 216 1 00000000
P 216 2 00000000
P 216 3 00000000
P 216 4 00000000
T 217 0 00000000
T 217 1 00000000
T 217 2 00000000
C 217 0 00000000
C 217 1 00000000
C 217 2 00000000
C 217 3 00000000
C 217 4 00000000
C 217 5 00000000
C 217 6 00000000
C 217 7 00000000
C 217 8 00000000
C 217 9 00000000
C 217 10 00000000
C 217 11 00000000
C 217 12 00000000
C 217 13 00000000
C 217 14 00000000
C 217 15 00000000
D 217 0 00000000
D 217 1 00000000
V 217 0 00000000
V 217 1 00000000
R 217 0 00000000
B 217 0 00000000
P 217 0 00000000
P 217 1 00000000
P 217 2 00000000
P 217 3 00000000
P 217 4 00000000
T 218 0 00000000
T 218 1 00000000
T 218 2 00000000
C 218 0 00000000
C 218 1 00000000
C 218 2 00000000
C 218 3 00000000
C 218 4 00000000
C 218 5 00000000
C 218 6 00000000
C 218 7 00000000
C 218 8 00000000
C 218 9 00000000
C 218 10 00000000
C 218 11 00000000
C 218 12 00000000
C 218 13 00000000
C 218 14 00000000
C 218 15 00000000
D 218 0 00000000
D 218 1 00000000
V 218 0 00000000
V 218 1 00000000
R 218 0 00000000
B 218 0 00000000
P 218 0 00000000
P 218 1 00000000
P 218 2 00000000
P 218 3 00000000
P 218 4 00000000
T 219 0 00000000
T 219 1 00000000
T 219 2 00000000
C 219 0 00000000
C 219 1 00000000
C 219 2 00000000
C 219 3 00000000
C 219 4 00000000
C 219 5 00000000
C 219 6 00000000
C 219 7 00000000
C 219 8 00000000
C 219 9 00000000
C 219 10 00000000
C 219 11 00000000
C 219 12 00000000
C 219 13 00000000
C 219 14 00000000
C 219 15 00000000
D 219 0 00000000
D 219 1 00000000
V 219 0 00000000
V 219 1 00000000
R 219 0 00000000
B 219 0 00000000
P 219 0 00000000
P 219 1 00000000
P 219 2 00000000
P 219 3 00000000
P 219 4 00000000
T 220 0 00000000
T 220 1 00000000
T 220 2 00000000
C 220 0 00000000
C 220 1 00000000
C 220 2 00000000
C 220 3 00000000
C 220 4 00000000
C 220 5 00000000
C 220 6 00000000
C 220 7 00000000
C 220 8 00000000
C 220 9 00000000
C 220 10 00000000
C 220 11 00000000
C 220 12 00000000
C 220 13 00000000
C 220 14 00000000
C 220 15 00000000
D 220 0 00000000
D 220 1 00000000
V 220 0 00000000
V 220 1 00000000
R 220 0 00000000
B 220 0 00000000
P 220 0 00000000
P 220 1 00000000
P 220 2 00000000
P 220 3 00000000
P 220 4 00000000
T 221 0 00000000
T 221 1 00000000
T 221 2 00000000
C 221 0 00000000
C 221 1 00000000
C 221 2 00000000
C 221 3 00000000
C 221 4 00000000
C 221 5 00000000
C 221 6 00000000
C 221 7 00000000
C 221 8 00000000
C 221 9 00000000
C 221 10 00000000
C 221 11 00000000
C 221 12 00000000
C 221 13 00000000
C 221 14 00000000
C 221 15 00000000
D 221 0 00000000
D 221 1 00000000
V 221 0 00000000
V 221 1 00000000
R 221 0 00000000
B 221 0 00000000
P 221 0 00000000
P 221 1 00000000
P 221 2 00000000
P 221 3 00000000
P 221 4 00000000
T 222 0 00000000
T 222 1 00000000
T 222 2 00000000
C 222 0 00000000
C 222 1 00000000
C 222 2 00000000
C 222 3 00000000
C 222 4 00000000
C 222 5 00000000
C 222 6 00000000
C 222 7 00000000
C 222 8 00000000
C 222 9 00000000
C 222 10 00000000
C 222 11 00000000
C 222 12 00000000
C 222 13 00000000
C 222 14 00000000
C 222 15 00000000
D 222 0 00000000
D 222 1 00000000
V 222 0 00000000
V 222 1 00000000
R 222 0 00000000
B 222 0 00000000
P 222 0 00000000
P 222 1 00000000
P 222 2 00000000
P 222 3 00000000
P 222 4 00000000
T 223 0 00000000
T 223 1 00000000
T 223 2 00000000
C 223 0 00000000
C 223 1 00000000
C 223 2 00000000
C 223 3 00000000
C 223 4 00000000
C 223 5 00000000
C 223 6 00000000
C 223 7 00000000
C 223 8 00000000
C 223 9 00000000
C 223 10 00000000
C 223 11 00000000
C 223 12 00000000
C 223 13 00000000
C 223 14 00000000
C 223 15 00000000
D 223 0 00000000
D 223 1 00000000
V 223 0 00000000
V 223 1 00000000
R 223 0 00000000
B 223 0 00000000
P 223 0 00000000
P 223 1 00000000
P 223 2 00000000
P 223 3 00000000
P 223 4 00000000
T 224 0 00000000
T 224 1 00000000
T 224 2 00000000
C 224 0 00000000
C 224 1 00000000
C 224 2 00000000
C 224 3 00000000
C 224 4 00000000
C 224 5 00000000
C 224 6 00000000
C 224 7 00000000
C 224 8 00000000
C 224 9 00000000
C 224 10 00000000
C 224 11 00000000
C 224 12 00000000
C 224 13 00000000
C 224 14 00000000
C 224 15 00000000
D 224 0 00000000
D 224 1 00000000
V 224 0 00000000
V 224 1 00000000
R 224 0 00000000
B 224 0 00000000
P 224 0 00000000
P 224 1 00000000
P 224 2 00000000
P 224 3 00000000
P 224 4 00000000
T 225 0 00000000
T 225 1 00000000
T 225 2 00000000
C 225 0 00000000
C 225 1 00000000
C 225 2 00000000
C 225 3 00000000
C 225 4 00000000
C 225 5 00000000
C 225 6 00000000
C 225 7 00000000
C 225 8 00000000
C 225 9 00000000
C 225 10 00000000
C 225 11 00000000
C 225 12 00000000
C 225 13 00000000
C 225 14 00000000
C 225 15 00000000
D 225 0 00000000
D 225 1 00000000
V 225 0 00000000
V 225 1 00000000
R 225 0 00000000
B 225 0 00000000
P 225 0 00000000
P 225 1 00000000
P 225 2 00000000
P 225 3 00000000
P 225 4 00000000
T 226 0 00000000
T 226 1 00000000
T 226 2 00000000
C 226 0 00000000
C 226 1 00000000
C 226 2 00000000
C 226 3 00000000
C 226 4 00000000
C 226 5 00000000
C 226 6 00000000
C 226 7 00000000
C 226 8 00000000
C 226 9 00000000
C 226 10 00000000
C 226 11 00000000
C 226 12 00000000
C 226 13 00000000
C 226 14 00000000
C 226 15 00000000
D 226 0 00000000
D 226 1 00000000
V 226 0 00000000
V 226 1 00000000
R 226 0 00000000
B 226 0 00000000
P 226 0 00000000
P 226 1 00000000
P 226 2 00000000
P 226 3 00000000
P 226 4 00000000
T 227 0 00000000
T 227 1 00000000
T 227 2 00000000
C 227 0 00000000
C 227 1 00000000
C 227 2 00000000
C 227 3 00000000
C 227 4 00000000
C 227 5 00000000
C 227 6 00000000
C 227 7 00000000
C 227 8 00000000
C 227 9 00000000
C 227 10 00000000
C 227 11 00000000
C 227 12 00000000
C 227 13 00000000
C 227 14 00000000
C 227 15 00000000
D 227 0 00000000
D 227 1 00000000
V 227 0 00000000
V 227 1 00000000
R 227 0 00000000
B 227 0 00000000
P 227 0 00000000
P 227 1 00000000
P 227 2 00000000
P 227 3 00000000
P 227 4 00000000
T 228 0 00000000
T 228 1 00000000
T 228 2 00000000
C 228 0 00000000
C 228 1 00000000
C 228 2 00000000
C 228 3 00000000
C 228 4 00000000
C 228 5 00000000
C 228 6 00000000
C 228 7 00000000
C 228 8 00000000
C 228 9 00000000
C 228 10 00000000
C 228 11 00000000
C 228 12 00000000
C 228 13 00000000
C 228 14 00000000
C 228 15 00000000
D 228 0 00000000
D 228 1 00000000
V 228 0 00000000
V 228 1 00000000
R 228 0 00000000
B 228 0 00000000
P 228 0 00000000
P 228 1 00000000
P 228 2 00000000
P 228 3 00000000
P 228 4 00000000
T 229 0 00000000
T 229 1 00000000
T 229 2 00000000
C 229 0 00000000
C 229 1 00000000
C 229 2 00000000
C 229 3 00000000
C 229 4 00000000
C 229 5 00000000
C 229 6 00000000
C 229 7 00000000
C 229 8 00000000
C 229 9 00000000
C 229 10 00000000
C 229 11 00000000
C 229 12 00000000
C 229 13 00000000
C 229 14 00000000
C 229 15 00000000
D 229 0 00000000
D 229 1 00000000
V 229 0 00000000
V 229 1 00000000
R 229 0 00000000
B 229 0 00000000
P 229 0 00000000
P 229 1 00000000
P 229 2 00000000
P 229 3 00000000
P 229 4 00000000
T 230 0 00000000
T 230 1 00000000
T 230 2 00000000
C 230 0 00000000
C 230 1 00000000
C 230 2 00000000
C 230 3 00000000
C 230 4 00000000
C 230 5 00000000
C 230 6 00000000
C 230 7 00000000
C 230 8 00000000
C 230 9 00000000
C 230 10 00000000
C 230 11 00000000
C 230 12 00000000
C 230 13 00000000
C 230 14 00000000
C 230 15 00000000
D 230 0 00000000
D 230 1 00000000
V 230 0 00000000
V 230 1 00000000
R 230 0 00000000
B 230 0 00000000
P 230 0 00000000
P 230 1 00000000
P 230 2 00000000
P 230 3 00000000
P 230 4 00000000
T 231 0 00000000
T 231 1 00000000
T 231 2 00000000
C 231 0 00000000
C 231 1 00000000
C 231 2 00000000
C 231 3 00000000
C 231 4 00000000
C 231 5 00000000
C 231 6 00000000
C 231 7 00000000
C 231 8 00000000
C 231 9 00000000
C 231 10 00000000
C 231 11 00000000
C 231 12 00000000
C 231 13 00000000
C 231 14 00000000
C 231 15 00000000
D 231 0 00000000
D 231 1 00000000
V 231 0 00000000
V 231 1 00000000
R 231 0 00000000
B 231 0 00000000
P 231 0 00000000
P 231 1 00000000
P 231 2 00000000
P 231 3 00000000
P 231 4 00000000
T 232 0 00000000
T 232 1 00000000
T 232 2 00000000
C 232 0 00000000
C 232 1 00000000
C 232 2 00000000
C 232 3 00000000
C 232 4 00000000
C 232 5 00000000
C 232 6 00000000
C 232 7 00000000
C 232 8 00000000
C 232 9 00000000
C 232 10 00000000
C 232 11 00000000
C 232 12 00000000
C 232 13 00000000
C 232 14 00000000
C 232 15 00000000
D 232 0 00000000
D 232 1 00000000
V 232 0 00000000
V 232 1 00000000
R 232 0 00000000
B 232 0 00000000
P 232 0 00000000
P 232 1 00000000
P 232 2 00000000
P 232 3 00000000
P 232 4 00000000
T 233 0 00000000
T 233 1 00000000
T 233 2 00000000
C 233 0 00000000
C 233 1 00000000
C 233 2 00000000
C 233 3 00000000
C 233 4 00000000
C 233 5 00000000
C 233 6 00000000
C 233 7 00000000
C 233 8 00000000
C 233 9 00000000
C 233 10 00000000
C 233 11 00000000
C 233 12 00000000
C 233 13 00000000
C 233 14 00000000
C 233 15 00000000
D 233 0 00000000
D 233 1 00000000
V 233 0 00000000
V 233 1 00000000
R 233 0 00000000
B 233 0 00000000
P 233 0 00000000
P 233 1 00000000
P 233 2 00000000
P 233 3 00000000
P 233 4 00000000
T 234 0 00000000
T 234 1 00000000
T 234 2 00000000
C 234 0 00000000
C 234 1 00000000
C 234 2 00000000
C 234 3 00000000
C 234 4 00000000
C 234 5 00000000
C 234 6 00000000
C 234 7 00000000
C 234 8 00000000
C 234 9 00000000
C 234 10 00000000
C 234 11 00000000
C 234 12 00000000
C 234 13 00000000
C 234 14 00000000
C 234 15 00000000
D 234 0 00000000
D 234 1 00000000
V 234 0 00000000
V 234 1 00000000
R 234 0 00000000
B 234 0 00000000
P 234 0 00000000
P 234 1 00000000
P 234 2 00000000
P 234 3 00000000
P 234 4 00000000
T 235 0 00000000
T 235 1 00000000
T 235 2 00000000
C 235 0 00000000
C 235 1 00000000
C 235 2 00000000
C 235 3 00000000
C 235 4 00000000
C 235 5 00000000
C 235 6 00000000
C 235 7 00000000
C 235 8 00000000
C 235 9 00000000
C 235 10 00000000
C 235 11 00000000
C 235 12 00000000
C 235 13 00000000
C 235 14 00000000
C 235 15 00000000
D 235 0 00000000
D 235 1 00000000
V 235 0 00000000
V 235 1 00000000
R 235 0 00000000
B 235 0 00000000
P 235 0 00000000
P 235 1 00000000
P 235 2 00000000
P 235 3 00000000
P 235 4 00000000
T 236 0 00000000
T 236 1 00000000
T 236 2 00000000
C 236 0 00000000
C 236 1 00000000
C 236 2 00000000
C 236 3 00000000
C 236 4 00000000
C 236 5 00000000
C 236 6 00000000
C 236 7 00000000
C 236 8 00000000
C 236 9 00000000
C 236 10 00000000
C 236 11 00000000
C 236 12 00000000
C 236 13 00000000
C 236 14 00000000
C 236 15 00000000
D 236 0 00000000
D 236 1 00000000
V 236 0 00000000
V 236 1 00000000
R 236 0 00000000
B 236 0 00000000
P 236 0 00000000
P 236 1 00000000
P 236 2 00000000
P 236 3 00000000
P 236 4 00000000
T 237 0 00000000
T 237 1 00000000
T 237 2 00000000
C 237 0 00000000
C 237 1 00000000
C 237 2 00000000
C 237 3 00000000
C 237 4 00000000
C 237 5 00000000
C 237 6 00000000
C 237 7 00000000
C 237 8 00000000
C 237 9 00000000
C 237 10 00000000
C 237 11 00000000
C 237 12 00000000
C 237 13 00000000
C 237 14 00000000
C 237 15 00000000
D 237 0 00000000
D 237 1 00000000
V 237 0 00000000
V 237 1 00000000
R 237 0 00000000
B 237 0 00000000
P 237 0 00000000
P 237 1 00000000
P 237 2 00000000
P 237 3 00000000
P 237 4 00000000
T 238 0 00000000
T 238 1 00000000
T 238 2 00000000
C 238 0 00000000
C 238 1 00000000
C 238 2 00000000
C 238 3 00000000
C 238 4 00000000
C 238 5 00000000
C 238 6 00000000
C 238 7 00000000
C 238 8 00000000
C 238 9 00000000
C 238 10 00000000
C 238 11 00000000
C 238 12 00000000
C 238 13 00000000
C 238 14 00000000
C 238 15 00000000
D 238 0 00000000
D 238 1 00000000
V 238 0 00000000
V 238 1 00000000
R 238 0 00000000
B 238 0 00000000
P 238 0 00000000
P 238 1 00000000
P 238 2 00000000
P 238 3 00000000
P 238 4 00000000
T 239 0 00000000
T 239 1 00000000
T 239 2 00000000
C 239 0 00000000
C 239 1 00000000
C 239 2 00000000
C 239 3 00000000
C 239 4 00000000
C 239 5 00000000
C 239 6 00000000
C 239 7 00000000
C 239 8 00000000
C 239 9 00000000
C 239 10 00000000
C 239 11 00000000
C 239 12 00000000
C 239 13 00000000
C 239 14 00000000
C 239 15 00000000
D 239 0 00000000
D 239 1 00000000
V 239 0 00000000
V 239 1 00000000
R 239 0 00000000
B 239 0 00000000
P 239 0 00000000
P 239 1 00000000
P 239 2 00000000
P 239 3 00000000
P 239 4 00000000
T 240 0 00000000
T 240 1 00000000
T 240 2 00000000
C 240 0 00000000
C 240 1 00000000
C 240 2 00000000
C 240 3 00000000
C 240 4 00000000
C 240 5 00000000
C 240 6 00000000
C 240 7 00000000
C 240 8 00000000
C 240 9 00000000
C 240 10 00000000
C 240 11 00000000
C 240 12 00000000
C 240 13 00000000
C 240 14 00000000
C 240 15 00000000
D 240 0 00000000
D 240 1 00000000
V 240 0 00000000
V 240 1 00000000
R 240 0 00000000
B 240 0 00000000
P 240 0 00000000
P 240 1 00000000
P 240 2 00000000
P 240 3 00000000
P 240 4 00000000
T 241 0 00000000
T 241 1 00000000
T 241 2 00000000
C 241 0 00000000
C 241 1 00000000
C 241 2 00000000
C 241 3 00000000
C 241 4 00000000
C 241 5 00000000
C 241 6 00000000
C 241 7 00000000
C 241 8 00000000
C 241 9 00000000
C 241 10 00000000
C 241 11 00000000
C 241 12 00000000
C 241 13 00000000
C 241 14 00000000
C 241 15 00000000
D 241 0 00000000
D 241 1 00000000
V 241 0 00000000
V 241 1 00000000
R 241 0 00000000
B 241 0 00000000
P 241 0 00000000
P 241 1 00000000
P 241 2 00000000
P 241 3 00000000
P 241 4 00000000
T 242 0 00000000
T 242 1 00000000
T 242 2 00000000
C 242 0 00000000
C 242 1 00000000
C 242 2 00000000
C 242 3 00000000
C 242 4 00000000
C 242 5 00000000
C 242 6 00000000
C 242 7 00000000
C 242 8 00000000
C 242 9 00000000
C 242 10 00000000
C 242 11 00000000
C 242 12 00000000
C 242 13 00000000
C 242 14 00000000
C 242 15 00000000
D 242 0 00000000
D 242 1 00000000
V 242 0 00000000
V 242 1 00000000
R 242 0 00000000
B 242 0 00000000
P 242 0 00000000
P 242 1 00000000
P 242 2 00000000
P 242 3 00000000
P 242 4 00000000
T 243 0 00000000
T 243 1 00000000
T 243 2 00000000
C 243 0 00000000
C 243 1 00000000
C 243 2 00000000
C 243 3 00000000
C 243 4 00000000
C 243 5 00000000
C 243 6 00000000
C 243 7 00000000
C 243 8 00000000
C 243 9 00000000
C 243 10 00000000
C 243 11 00000000
C 243 12 00000000
C 243 13 00000000
C 243 14 00000000
C 243 15 00000000
D 243 0 00000000
D 243 1 00000000
V 243 0 00000000
V 243 1 00000000
R 243 0 00000000
B 243 0 00000000
P 243 0 00000000
P 243 1 00000000
P 243 2 00000000
P 243 3 00000000
P 243 4 00000000
T 244 0 00000000
T 244 1 00000000
T 244 2 00000000
C 244 0 00000000
C 244 1 00000000
C 244 2 00000000
C 244 3 00000000
C 244 4 00000000
C 244 5 00000000
C 244 6 00000000
C 244 7 00000000
C 244 8 00000000
C 244 9 00000000
C 244 10 00000000
C 244 11 00000000
C 244 12 00000000
C 244 13 00000000
C 244 14 00000000
C 244 15 00000000
D 244 0 00000000
D 244 1 00000000
V 244 0 00000000
V 244 1 00000000
R 244 0 00000000
B 244 0 00000000
P 244 0 00000000
P 244 1 00000000
P 244 2 00000000
P 244 3 00000000
P 244 4 00000000
T 245 0 00000000
T 245 1 00000000
T 245 2 00000000
C 245 0 00000000
C 245 1 00000000
C 245 2 00000000
C 245 3 00000000
C 245 4 00000000
C 245 5 00000000
C 245 6 00000000
C 245 7 00000000
C 245 8 00000000
C 245 9 00000000
C 245 10 00000000
C 245 11 00000000
C 245 12 00000000
C 245 13 00000000
C 245 14 00000000
C 245 15 00000000
D 245 0 00000000
D 245 1 00000000
V 245 0 00000000
V 245 1 00000000
R 245 0 00000000
B 245 0 00000000
P 245 0 00000000
P 245 1 00000000
P 245 2 00000000
P 245 3 00000000
P 245 4 00000000
T 246 0 00000000
T 246 1 00000000
T 246 2 00000000
C 246 0 00000000
C 246 1 00000000
C 246 2 00000000
C 246 3 00000000
C 246 4 00000000
C 246 5 00000000
C 246 6 00000000
C 246 7 00000000
C 246 8 00000000
C 246 9 00000000
C 246 10 00000000
C 246 11 00000000
C 246 12 00000000
C 246 13 00000000
C 246 14 00000000
C 246 15 00000000
D 246 0 00000000
D 246 1 00000000
V 246 0 00000000
V 246 1 00000000
R 246 0 00000000
B 246 0 00000000
P 246 0 00000000
P 246 1 00000000
P 246 2 00000000
P 246 3 00000000
P 246 4 00000000
T 247 0 00000000
T 247 1 00000000
T 247 2 00000000
C 247 0 00000000
C 247 1 00000000
C 247 2 00000000
C 247 3 00000000
C 247 4 00000000
C 247 5 00000000
C 247 6 00000000
C 247 7 00000000
C 247 8 00000000
C 247 9 00000000
C 247 10 00000000
C 247 11 00000000
C 247 12 00000000
C 247 13 00000000
C 247 14 00000000
C 247 15 00000000
D 247 0 00000000
D 247 1 00000000
V 247 0 00000000
V 247 1 00000000
R 247 0 00000000
B 247 0 00000000
P 247 0 00000000
P 247 1 00000000
P 247 2 00000000
P 247 3 00000000
P 247 4 00000000
T 248 0 00000000
T 248 1 00000000
T 248 2 00000000
C 248 0 00000000
C 248 1 00000000
C 248 2 00000000
C 248 3 00000000
C 248 4 00000000
C 248 5 00000000
C 248 6 00000000
C 248 7 00000000
C 248 8 00000000
C 248 9 00000000
C 248 10 00000000
C 248 11 00000000
C 248 12 00000000
C 248 13 00000000
C 248 14 00000000
C 248 15 00000000
D 248 0 00000000
D 248 1 00000000
V 248 0 00000000
V 248 1 00000000
R 248 0 00000000
B 248 0 00000000
P 248 0 00000000
P 248 1 00000000
P 248 2 00000000
P 248 3 00000000
P 248 4 00000000
T 249 0 00000000
T 249 1 00000000
T 249 2 00000000
C 249 0 00000000
C 249 1 00000000
C 249 2 00000000
C 249 3 00000000
C 249 4 00000000
C 249 5 00000000
C 249 6 00000000
C 249 7 00000000
C 249 8 00000000
C 249 9 00000000
C 249 10 00000000
C 249 11 00000000
C 249 12 00000000
C 249 13 00000000
C 249 14 00000000
C 249 15 00000000
D 249 0 00000000
D 249 1 00000000
V 249 0 00000000
V 249 1 00000000
R 249 0 00000000
B 249 0 00000000
P 249 0 00000000
P 249 1 00000000
P 249 2 00000000
P 249 3 00000000
P 249 4 00000000
T 250 0 00000000
T 250 1 00000000
T 250 2 00000000
C 250 0 00000000
C 250 1 00000000
C 250 2 00000000
C 250 3 00000000
C 250 4 00000000
C 250 5 00000000
C 250 6 00000000
C 250 7 00000000
C 250 8 00000000
C 250 9 00000000
C 250 10 00000000
C 250 11 00000000
C 250 12 00000000
C 250 13 00000000
C 250 14 00000000
C 250 15 00000000
D 250 0 00000000
D 250 1 00000000
V 250 0 00000000
V 250 1 00000000
R 250 0 00000000
B 250 0 00000000
P 250 0 00000000
P 250 1 00000000
P 250 2 00000000
P 250 3 00000000
P 250 4 00000000
T 251 0 00000000
T 251 1 00000000
T 251 2 00000000
C 251 0 00000000
C 251 1 00000000
C 251 2 00000000
C 251 3 00000000
C 251 4 00000000
C 251 5 00000000
C 251 6 00000000
C 251 7 00000000
C 251 8 00000000
C 251 9 00000000
C 251 10 00000000
C 251 11 00000000
C 251 12 00000000
C 251 13 00000000
C 251 14 00000000
C 251 15 00000000
D 251 0 00000000
D 251 1 00000000
V 251 0 00000000
V 251 1 00000000
R 251 0 00000000
B 251 0 00000000
P 251 0 00000000
P 251 1 00000000
P 251 2 00000000
P 251 3 00000000
P 251 4 00000000
T 252 0 00000000
T 252 1 00000000
T 252 2 00000000
C 252 0 00000000
C 252 1 00000000
C 252 2 00000000
C 252 3 00000000
C 252 4 00000000
C 252 5 00000000
C 252 6 00000000
C 252 7 00000000
C 252 8 00000000
C 252 9 00000000
C 252 10 00000000
C 252 11 00000000
C 252 12 00000000
C 252 13 00000000
C 252 14 00000000
C 252 15 00000000
D 252 0 00000000
D 252 1 00000000
V 252 0 00000000
V 252 1 00000000
R 252 0 00000000
B 252 0 00000000
P 252 0 00000000
P 252 1 00000000
P 252 2 00000000
P 252 3 00000000
P 252 4 00000000
T 253 0 00000000
T 253 1 00000000
T 253 2 00000000
C 253 0 00000000
C 253 1 00000000
C 253 2 00000000
C 253 3 00000000
C 253 4 00000000
C 253 5 00000000
C 253 6 00000000
C 253 7 00000000
C 253 8 00000000
C 253 9 00000000
C 253 10 00000000
C 253 11 00000000
C 253 12 00000000
C 253 13 00000000
C 253 14 00000000
C 253 15 00000000
D 253 0 00000000
D 253 1 00000000
V 253 0 00000000
V 253 1 00000000
R 253 0 00000000
B 253 0 00000000
P 253 0 00000000
P 253 1 00000000
P 253 2 00000000
P 253 3 00000000
P 253 4 00000000
T 254 0 00000000
T 254 1 00000000
T 254 2 00000000
C 254 0 00000000
C 254 1 00000000
C 254 2 00000000
C 254 3 00000000
C 254 4 00000000
C 254 5 00000000
C 254 6 00000000
C 254 7 00000000
C 254 8 00000000
C 254 9 00000000
C 254 10 00000000
C 254 11 00000000
C 254 12 00000000
C 254 13 00000000
C 254 14 00000000
C 254 15 00000000
D 254 0 00000000
D 254 1 00000000
V 254 0 00000000
V 254 1 00000000
R 254 0 00000000
B 254 0 00000000
P 254 0 00000000
P 254 1 00000000
P 254 2 00000000
P 254 3 00000000
P 254 4 00000000
T 255 0 00000000
T 255 1 00000000
T 255 2 00000000
C 255 0 00000000
C 255 1 00000000
C 255 2 00000000
C 255 3 00000000
C 255 4 00000000
C 255 5 00000000
C 255 6 00000000
C 255 7 00000000
C 255 8 00000000
C 255 9 00000000
C 255 10 00000000
C 255 11 00000000
C 255 12 00000000
C 255 13 00000000
C 255 14 00000000
C 255 15 00000000
D 255 0 00000000
D 255 1 00000000
V 255 0 00000000
V 255 1 00000000
R 255 0 00000000
B 255 0 00000000
P 255 0 00000000
P 255 1 00000000
P 255 2 00000000
P 255 3 00000000
P 255 4 00000000
T 256 0 00000000
T 256 1 00000000
T 256 2 00000000
C 256 0 00000000
C 256 1 00000000
C 256 2 00000000
C 256 3 00000000
C 256 4 00000000
C 256 5 00000000
C 256 6 00000000
C 256 7 00000000
C 256 8 00000000
C 256 9 00000000
C 256 10 00000000
C 256 11 00000000
C 256 12 00000000
C 256 13 00000000
C 256 14 00000000
C 256 15 00000000
D 256 0 00000000
D 256 1 00000000
V 256 0 00000000
V 256 1 00000000
R 256 0 00000000
B 256 0 00000000
P 256 0 00000000
P 256 1 00000000
P 256 2 00000000
P 256 3 00000000
P 256 4 00000000
T 257 0 00000000
T 257 1 00000000
T 257 2 00000000
C 257 0 00000000
C 257 1 00000000
C 257 2 00000000
C 257 3 00000000
C 257 4 00000000
C 257 5 00000000
C 257 6 00000000
C 257 7 00000000
C 257 8 00000000
C 257 9 00000000
C 257 10 00000000
C 257 11 00000000
C 257 12 00000000
C 257 13 00000000
C 257 14 00000000
C 257 15 00000000
D 257 0 00000000
D 257 1 00000000
V 257 0 00000000
V 257 1 00000000
R 257 0 00000000
B 257 0 00000000
P 257 0 00000000
P 257 1 00000000
P 257 2 00000000
P 257 3 00000000
P 257 4 00000000
T 258 0 00000000
T 258 1 00000000
T 258 2 00000000
C 258 0 00000000
C 258 1 00000000
C 258 2 00000000
C 258 3 00000000
C 258 4 00000000
C 258 5 00000000
C 258 6 00000000
C 258 7 00000000
C 258 8 00000000
C 258 9 00000000
C 258 10 00000000
C 258 11 00000000
C 258 12 00000000
C 258 13 00000000
C 258 14 00000000
C 258 15 00000000
D 258 0 00000000
D 258 1 00000000
V 258 0 00000000
V 258 1 00000000
R 258 0 00000000
B 258 0 00000000
P 258 0 00000000
P 258 1 00000000
P 258 2 00000000
P 258 3 00000000
P 258 4 00000000
T 259 0 00000000
T 259 1 00000000
T 259 2 00000000
C 259 0 00000000
C 259 1 00000000
C 259 2 00000000
C 259 3 00000000
C 259 4 00000000
C 259 5 00000000
C 259 6 00000000
C 259 7 00000000
C 259 8 00000000
C 259 9 00000000
C 259 10 00000000
C 259 11 00000000
C 259 12 00000000
C 259 13 00000000
C 259 14 00000000
C 259 15 00000000
D 259 0 00000000
D 259 1 00000000
V 259 0 00000000
V 259 1 00000000
R 259 0 00000000
B 259 0 00000000
P 259 0 00000000
P 259 1 00000000
P 259 2 00000000
P 259 3 00000000
P 259 4 00000000
T 260 0 00000000
T 260 1 00000000
T 260 2 00000000
C 260 0 00000000
C 260 1 00000000
C 260 2 00000000
C 260 3 00000000
C 260 4 00000000
C 260 5 00000000
C 260 6 00000000
C 260 7 00000000
C 260 8 00000000
C 260 9 00000000
C 260 10 00000000
C 260 11 00000000
C 260 12 00000000
C 260 13 00000000
C 260 14 00000000
C 260 15 00000000
D 260 0 00000000
D 260 1 00000000
V 260 0 00000000
V 260 1 00000000
R 260 0 00000000
B 260 0 00000000
P 260 0 00000000
P 260 1 00000000
P 260 2 00000000
P 260 3 00000000
P 260 4 00000000
T 261 0 00000000
T 261 1 00000000
T 261 2 00000000
C 261 0 00000000
C 261 1 00000000
C 261 2 00000000
C 261 3 00000000
C 261 4 00000000
C 261 5 00000000
C 261 6 00000000
C 261 7 00000000
C 261 8 00000000
C 261 9 00000000
C 261 10 00000000
C 261 11 00000000
C 261 12 00000000
C 261 13 00000000
C 261 14 00000000
C 261 15 00000000
D 261 0 00000000
D 261 1 00000000
V 261 0 00000000
V 261 1 00000000
R 261 0 00000000
B 261 0 00000000
P 261 0 00000000
P 261 1 00000000
P 261 2 00000000
P 261 3 00000000
P 261 4 00000000
T 262 0 00000000
T 262 1 00000000
T 262 2 00000000
C 262 0 00000000
C 262 1 00000000
C 262 2 00000000
C 262 3 00000000
C 262 4 00000000
C 262 5 00000000
C 262 6 00000000
C 262 7 00000000
C 262 8 00000000
C 262 9 00000000
C 262 10 00000000
C 262 11 00000000
C 262 12 00000000
C 262 13 00000000
C 262 14 00000000
C 262 15 00000000
D 262 0 00000000
D 262 1 00000000
V 262 0 00000000
V 262 1 00000000
R 262 0 00000000
B 262 0 00000000
P 262 0 00000000
P 262 1 00000000
P 262 2 00000000
P 262 3 00000000
P 262 4 00000000
T 263 0 00000000
T 263 1 00000000
T 263 2 00000000
C 263 0 00000000
C 263 1 00000000
C 263 2 00000000
C 263 3 00000000
C 263 4 00000000
C 263 5 00000000
C 263 6 00000000
C 263 7 00000000
C 263 8 00000000
C 263 9 00000000
C 263 10 00000000
C 263 11 00000000
C 263 12 00000000
C 263 13 00000000
C 263 14 00000000
C 263 15 00000000
D 263 0 00000000
D 263 1 00000000
V 263 0 00000000
V 263 1 00000000
R 263 0 00000000
B 263 0 00000000
P 263 0 00000000
P 263 1 00000000
P 263 2 00000000
P 263 3 00000000
P 263 4 00000000
T 264 0 00000000
T 264 1 00000000
T 264 2 00000000
C 264 0 00000000
C 264 1 00000000
C 264 2 00000000
C 264 3 00000000
C 264 4 00000000
C 264 5 00000000
C 264 6 00000000
C 264 7 00000000
C 264 8 00000000
C 264 9 00000000
C 264 10 00000000
C 264 11 00000000
C 264 12 00000000
C 264 13 00000000
C 264 14 00000000
C 264 15 00000000
D 264 0 00000000
D 264 1 00000000
V 264 0 00000000
V 264 1 00000000
R 264 0 00000000
B 264 0 00000000
P 264 0 00000000
P 264 1 00000000
P 264 2 00000000
P 264 3 00000000
P 264 4 00000000
T 265 0 00000000
T 265 1 00000000
T 265 2 00000000
C 265 0 00000000
C 265 1 00000000
C 265 2 00000000
C 265 3 00000000
C 265 4 00000000
C 265 5 00000000
C 265 6 00000000
C 265 7 00000000
C 265 8 00000000
C 265 9 00000000
C 265 10 00000000
C 265 11 00000000
C 265 12 00000000
C 265 13 00000000
C 265 14 00000000
C 265 15 00000000
D 265 0 00000000
D 265 1 00000000
V 265 0 00000000
V 265 1 00000000
R 265 0 00000000
B 265 0 00000000
P 265 0 00000000
P 265 1 00000000
P 265 2 00000000
P 265 3 00000000
P 265 4 00000000
T 266 0 00000000
T 266 1 00000000
T 266 2 00000000
C 266 0 00000000
C 266 1 00000000
C 266 2 00000000
C 266 3 00000000
C 266 4 00000000
C 266 5 00000000
C 266 6 00000000
C 266 7 00000000
C 266 8 00000000
C 266 9 00000000
C 266 10 00000000
C 266 11 00000000
C 266 12 00000000
C 266 13 00000000
C 266 14 00000000
C 266 15 00000000
D 266 0 00000000
D 266 1 00000000
V 266 0 00000000
V 266 1 00000000
R 266 0 00000000
B 266 0 00000000
P 266 0 00000000
P 266 1 00000000
P 266 2 00000000
P 266 3 00000000
P 266 4 00000000
T 267 0 00000000
T 267 1 00000000
T 267 2 00000000
C 267 0 00000000
C 267 1 00000000
C 267 2 00000000
C 267 3 00000000
C 267 4 00000000
C 267 5 00000000
C 267 6 00000000
C 267 7 00000000
C 267 8 00000000
C 267 9 00000000
C 267 10 00000000
C 267 11 00000000
C 267 12 00000000
C 267 13 00000000
C 267 14 00000000
C 267 15 00000000
D 267 0 00000000
D 267 1 00000000
V 267 0 00000000
V 267 1 00000000
R 267 0 00000000
B 267 0 00000000
P 267 0 00000000
P 267 1 00000000
P 267 2 00000000
P 267 3 00000000
P 267 4 00000000
T 268 0 00000000
T 268 1 00000000
T 268 2 00000000
C 268 0 00000000
C 268 1 00000000
C 268 2 00000000
C 268 3 00000000
C 268 4 00000000
C 268 5 00000000
C 268 6 00000000
C 268 7 00000000
C 268 8 00000000
C 268 9 00000000
C 268 10 00000000
C 268 11 00000000
C 268 12 00000000
C 268 13 00000000
C 268 14 00000000
C 268 15 00000000
D 268 0 00000000
D 268 1 00000000
V 268 0 00000000
V 268 1 00000000
R 268 0 00000000
B 268 0 00000000
P 268 0 00000000
P 268 1 00000000
P 268 2 00000000
P 268 3 00000000
P 268 4 00000000
T 269 0 00000000
T 269 1 00000000
T 269 2 00000000
C 269 0 00000000
C 269 1 00000000
C 269 2 00000000
C 269 3 00000000
C 269 4 00000000
C 269 5 00000000
C 269 6 00000000
C 269 7 00000000
C 269 8 00000000
C 269 9 00000000
C 269 10 00000000
C 269 11 00000000
C 269 12 00000000
C 269 13 00000000
C 269 14 00000000
C 269 15 00000000
D 269 0 00000000
D 269 1 00000000
V 269 0 00000000
V 269 1 00000000
R 269 0 00000000
B 269 0 00000000
P 269 0 00000000
P 269 1 00000000
P 269 2 00000000
P 269 3 00000000
P 269 4 00000000
T 270 0 00000000
T 270 1 00000000
T 270 2 00000000
C 270 0 00000000
C 270 1 00000000
C 270 2 00000000
C 270 3 00000000
C 270 4 00000000
C 270 5 00000000
C 270 6 00000000
C 270 7 00000000
C 270 8 00000000
C 270 9 00000000
C 270 10 00000000
C 270 11 00000000
C 270 12 00000000
C 270 13 00000000
C 270 14 00000000
C 270 15 00000000
D 270 0 00000000
D 270 1 00000000
V 270 0 00000000
V 270 1 00000000
R 270 0 00000000
B 270 0 00000000
P 270 0 00000000
P 270 1 00000000
P 270 2 00000000
P 270 3 00000000
P 270 4 00000000
T 271 0 00000000
T 271 1 00000000
T 271 2 00000000
C 271 0 00000000
C 271 1 00000000
C 271 2 00000000
C 271 3 00000000
C 271 4 00000000
C 271 5 00000000
C 271 6 00000000
C 271 7 00000000
C 271 8 00000000
C 271 9 00000000
C 271 10 00000000
C 271 11 00000000
C 271 12 00000000
C 271 13 00000000
C 271 14 00000000
C 271 15 00000000
D 271 0 00000000
D 271 1 00000000
V 271 0 00000000
V 271 1 00000000
R 271 0 00000000
B 271 0 00000000
P 271 0 00000000
P 271 1 00000000
P 271 2 00000000
P 271 3 00000000
P 271 4 00000000
T 272 0 00000000
T 272 1 00000000
T 272 2 00000000
C 272 0 00000000
C 272 1 00000000
C 272 2 00000000
C 272 3 00000000
C 272 4 00000000
C 272 5 00000000
C 272 6 00000000
C 272 7 00000000
C 272 8 00000000
C 272 9 00000000
C 272 10 00000000
C 272 11 00000000
C 272 12 00000000
C 272 13 00000000
C 272 14 00000000
C 272 15 00000000
D 272 0 00000000
D 272 1 00000000
V 272 0 00000000
V 272 1 00000000
R 272 0 00000000
B 272 0 00000000
P 272 0 00000000
P 272 1 00000000
P 272 2 00000000
P 272 3 00000000
P 272 4 00000000
T 273 0 00000000
T 273 1 00000000
T 273 2 00000000
C 273 0 00000000
C 273 1 00000000
C 273 2 00000000
C 273 3 00000000
C 273 4 00000000
C 273 5 00000000
C 273 6 00000000
C 273 7 00000000
C 273 8 00000000
C 273 9 00000000
C 273 10 00000000
C 273 11 00000000
C 273 12 00000000
C 273 13 00000000
C 273 14 00000000
C 273 15 00000000
D 273 0 00000000
D 273 1 00000000
V 273 0 00000000
V 273 1 00000000
R 273 0 00000000
B 273 0 00000000
P 273 0 00000000
P 273 1 00000000
P 273 2 00000000
P 273 3 00000000
P 273 4 00000000
T 274 0 00000000
T 274 1 00000000
T 274 2 00000000
C 274 0 00000000
C 274 1 00000000
C 274 2 00000000
C 274 3 00000000
C 274 4 00000000
C 274 5 00000000
C 274 6 00000000
C 274 7 00000000
C 274 8 00000000
C 274 9 00000000
C 274 10 00000000
C 274 11 00000000
C 274 12 00000000
C 274 13 00000000
C 274 14 00000000
C 274 15 00000000
D 274 0 00000000
D 274 1 00000000
V 274 0 00000000
V 274 1 00000000
R 274 0 00000000
B 274 0 00000000
P 274 0 00000000
P 274 1 00000000
P 274 2 00000000
P 274 3 00000000
P 274 4 00000000
T 275 0 00000000
T 275 1 00000000
T 275 2 00000000
C 275 0 00000000
C 275 1 00000000
C 275 2 00000000
C 275 3 00000000
C 275 4 00000000
C 275 5 00000000
C 275 6 00000000
C 275 7 00000000
C 275 8 00000000
C 275 9 00000000
C 275 10 00000000
C 275 11 00000000
C 275 12 00000000
C 275 13 00000000
C 275 14 00000000
C 275 15 00000000
D 275 0 00000000
D 275 1 00000000
V 275 0 00000000
V 275 1 00000000
R 275 0 00000000
B 275 0 00000000
P 275 0 00000000
P 275 1 00000000
P 275 2 00000000
P 275 3 00000000
P 275 4 00000000
T 276 0 00000000
T 276 1 00000000
T 276 2 00000000
C 276 0 00000000
C 276 1 00000000
C 276 2 00000000
C 276 3 00000000
C 276 4 00000000
C 276 5 00000000
C 276 6 00000000
C 276 7 00000000
C 276 8 00000000
C 276 9 00000000
C 276 10 00000000
C 276 11 00000000
C 276 12 00000000
C 276 13 00000000
C 276 14 00000000
C 276 15 00000000
D 276 0 00000000
D 276 1 00000000
V 276 0 00000000
V 276 1 00000000
R 276 0 00000000
B 276 0 00000000
P 276 0 00000000
P 276 1 00000000
P 276 2 00000000
P 276 3 00000000
P 276 4 00000000
T 277 0 00000000
T 277 1 00000000
T 277 2 00000000
C 277 0 00000000
C 277 1 00000000
C 277 2 00000000
C 277 3 00000000
C 277 4 00000000
C 277 5 00000000
C 277 6 00000000
C 277 7 00000000
C 277 8 00000000
C 277 9 00000000
C 277 10 00000000
C 277 11 00000000
C 277 12 00000000
C 277 13 00000000
C 277 14 00000000
C 277 15 00000000
D 277 0 00000000
D 277 1 00000000
V 277 0 00000000
V 277 1 00000000
R 277 0 00000000
B 277 0 00000000
P 277 0 00000000
P 277 1 00000000
P 277 2 00000000
P 277 3 00000000
P 277 4 00000000
T 278 0 00000000
T 278 1 00000000
T 278 2 00000000
C 278 0 00000000
C 278 1 00000000
C 278 2 00000000
C 278 3 00000000
C 278 4 00000000
C 278 5 00000000
C 278 6 00000000
C 278 7 00000000
C 278 8 00000000
C 278 9 00000000
C 278 10 00000000
C 278 11 00000000
C 278 12 00000000
C 278 13 00000000
C 278 14 00000000
C 278 15 00000000
D 278 0 00000000
D 278 1 00000000
V 278 0 00000000
V 278 1 00000000
R 278 0 00000000
B 278 0 00000000
P 278 0 00000000
P 278 1 00000000
P 278 2 00000000
P 278 3 00000000
P 278 4 00000000
T 279 0 00000000
T 279 1 00000000
T 279 2 00000000
C 279 0 00000000
C 279 1 00000000
C 279 2 00000000
C 279 3 00000000
C 279 4 00000000
C 279 5 00000000
C 279 6 00000000
C 279 7 00000000
C 279 8 00000000
C 279 9 00000000
C 279 10 00000000
C 279 11 00000000
C 279 12 00000000
C 279 13 00000000
C 279 14 00000000
C 279 15 00000000
D 279 0 00000000
D 279 1 00000000
V 279 0 00000000
V 279 1 00000000
R 279 0 00000000
B 279 0 00000000
P 279 0 00000000
P 279 1 00000000
P 279 2 00000000
P 279 3 00000000
P 279 4 00000000
T 280 0 00000000
T 280 1 00000000
T 280 2 00000000
C 280 0 00000000
C 280 1 00000000
C 280 2 00000000
C 280 3 00000000
C 280 4 00000000
C 280 5 00000000
C 280 6 00000000
C 280 7 00000000
C 280 8 00000000
C 280 9 00000000
C 280 10 00000000
C 280 11 00000000
C 280 12 00000000
C 280 13 00000000
C 280 14 00000000
C 280 15 00000000
D 280 0 00000000
D 280 1 00000000
V 280 0 00000000
V 280 1 00000000
R 280 0 00000000
B 280 0 00000000
P 280 0 00000000
P 280 1 00000000
P 280 2 00000000
P 280 3 00000000
P 280 4 00000000
T 281 0 00000000
T 281 1 00000000
T 281 2 00000000
C 281 0 00000000
C 281 1 00000000
C 281 2 00000000
C 281 3 00000000
C 281 4 00000000
C 281 5 00000000
C 281 6 00000000
C 281 7 00000000
C 281 8 00000000
C 281 9 00000000
C 281 10 00000000
C 281 11 00000000
C 281 12 00000000
C 281 13 00000000
C 281 14 00000000
C 281 15 00000000
D 281 0 00000000
D 281 1 00000000
V 281 0 00000000
V 281 1 00000000
R 281 0 00000000
B 281 0 00000000
P 281 0 00000000
P 281 1 00000000
P 281 2 00000000
P 281 3 00000000
P 281 4 00000000
T 282 0 00000000
T 282 1 00000000
T 282 2 00000000
C 282 0 00000000
C 282 1 00000000
C 282 2 00000000
C 282 3 00000000
C 282 4 00000000
C 282 5 00000000
C 282 6 00000000
C 282 7 00000000
C 282 8 00000000
C 282 9 00000000
C 282 10 00000000
C 282 11 00000000
C 282 12 00000000
C 282 13 00000000
C 282 14 00000000
C 282 15 00000000
D 282 0 00000000
D 282 1 00000000
V 282 0 00000000
V 282 1 00000000
R 282 0 00000000
B 282 0 00000000
P 282 0 00000000
P 282 1 00000000
P 282 2 00000000
P 282 3 00000000
P 282 4 00000000
T 283 0 00000000
T 283 1 00000000
T 283 2 00000000
C 283 0 00000000
C 283 1 00000000
C 283 2 00000000
C 283 3 00000000
C 283 4 00000000
C 283 5 00000000
C 283 6 00000000
C 283 7 00000000
C 283 8 00000000
C 283 9 00000000
C 283 10 00000000
C 283 11 00000000
C 283 12 00000000
C 283 13 00000000
C 283 14 00000000
C 283 15 00000000
D 283 0 00000000
D 283 1 00000000
V 283 0 00000000
V 283 1 00000000
R 283 0 00000000
B 283 0 00000000
P 283 0 00000000
P 283 1 00000000
P 283 2 00000000
P 283 3 00000000
P 283 4 00000000
T 284 0 00000000
T 284 1 00000000
T 284 2 00000000
C 284 0 00000000
C 284 1 00000000
C 284 2 00000000
C 284 3 00000000
C 284 4 00000000
C 284 5 00000000
C 284 6 00000000
C 284 7 00000000
C 284 8 00000000
C 284 9 00000000
C 284 10 00000000
C 284 11 00000000
C 284 12 00000000
C 284 13 00000000
C 284 14 00000000
C 284 15 00000000
D 284 0 00000000
D 284 1 00000000
V 284 0 00000000
V 284 1 00000000
R 284 0 00000000
B 284 0 00000000
P 284 0 00000000
P 284 1 00000000
P 284 2 00000000
P 284 3 00000000
P 284 4 00000000
T 285 0 00000000
T 285 1 00000000
T 285 2 00000000
C 285 0 00000000
C 285 1 00000000
C 285 2 00000000
C 285 3 00000000
C 285 4 00000000
C 285 5 00000000
C 285 6 00000000
C 285 7 00000000
C 285 8 00000000
C 285 9 00000000
C 285 10 00000000
C 285 11 00000000
C 285 12 00000000
C 285 13 00000000
C 285 14 00000000
C 285 15 00000000
D 285 0 00000000
D 285 1 00000000
V 285 0 00000000
V 285 1 00000000
R 285 0 00000000
B 285 0 00000000
P 285 0 00000000
P 285 1 00000000
P 285 2 00000000
P 285 3 00000000
P 285 4 00000000
T 286 0 00000000
T 286 1 00000000
T 286 2 00000000
C 286 0 00000000
C 286 1 00000000
C 286 2 00000000
C 286 3 00000000
C 286 4 00000000
C 286 5 00000000
C 286 6 00000000
C 286 7 00000000
C 286 8 00000000
C 286 9 00000000
C 286 10 00000000
C 286 11 00000000
C 286 12 00000000
C 286 13 00000000
C 286 14 00000000
C 286 15 00000000
D 286 0 00000000
D 286 1 00000000
V 286 0 00000000
V 286 1 00000000
R 286 0 00000000
B 286 0 00000000
P 286 0 00000000
P 286 1 00000000
P 286 2 00000000
P 286 3 00000000
P 286 4 00000000
T 287 0 00000000
T 287 1 00000000
T 287 2 00000000
C 287 0 00000000
C 287 1 00000000
C 287 2 00000000
C 287 3 00000000
C 287 4 00000000
C 287 5 00000000
C 287 6 00000000
C 287 7 00000000
C 287 8 00000000
C 287 9 00000000
C 287 10 00000000
C 287 11 00000000
C 287 12 00000000
C 287 13 00000000
C 287 14 00000000
C 287 15 00000000
D 287 0 00000000
D 287 1 00000000
V 287 0 00000000
V 287 1 00000000
R 287 0 00000000
B 287 0 00000000
P 287 0 00000000
P 287 1 00000000
P 287 2 00000000
P 287 3 00000000
P 287 4 00000000
T 288 0 00000000
T 288 1 00000000
T 288 2 00000000
C 288 0 00000000
C 288 1 00000000
C 288 2 00000000
C 288 3 00000000
C 288 4 00000000
C 288 5 00000000
C 288 6 00000000
C 288 7 00000000
C 288 8 00000000
C 288 9 00000000
C 288 10 00000000
C 288 11 00000000
C 288 12 00000000
C 288 13 00000000
C 288 14 00000000
C 288 15 00000000
D 288 0 00000000
D 288 1 00000000
V 288 0 00000000
V 288 1 00000000
R 288 0 00000000
B 288 0 00000000
P 288 0 00000000
P 288 1 00000000
P 288 2 00000000
P 288 3 00000000
P 288 4 00000000
T 289 0 00000000
T 289 1 00000000
T 289 2 00000000
C 289 0 00000000
C 289 1 00000000
C 289 2 00000000
C 289 3 00000000
C 289 4 00000000
C 289 5 00000000
C 289 6 00000000
C 289 7 00000000
C 289 8 00000000
C 289 9 00000000
C 289 10 00000000
C 289 11 00000000
C 289 12 00000000
C 289 13 00000000
C 289 14 00000000
C 289 15 00000000
D 289 0 00000000
D 289 1 00000000
V 289 0 00000000
V 289 1 00000000
R 289 0 00000000
B 289 0 00000000
P 289 0 00000000
P 289 1 00000000
P 289 2 00000000
P 289 3 00000000
P 289 4 00000000
T 290 0 00000000
T 290 1 00000000
T 290 2 00000000
C 290 0 00000000
C 290 1 00000000
C 290 2 00000000
C 290 3 00000000
C 290 4 00000000
C 290 5 00000000
C 290 6 00000000
C 290 7 00000000
C 290 8 00000000
C 290 9 00000000
C 290 10 00000000
C 290 11 00000000
C 290 12 00000000
C 290 13 00000000
C 290 14 00000000
C 290 15 00000000
D 290 0 00000000
D 290 1 00000000
V 290 0 00000000
V 290 1 00000000
R 290 0 00000000
B 290 0 00000000
P 290 0 00000000
P 290 1 00000000
P 290 2 00000000
P 290 3 00000000
P 290 4 00000000
T 291 0 00000000
T 291 1 00000000
T 291 2 00000000
C 291 0 00000000
C 291 1 00000000
C 291 2 00000000
C 291 3 00000000
C 291 4 00000000
C 291 5 00000000
C 291 6 00000000
C 291 7 00000000
C 291 8 00000000
C 291 9 00000000
C 291 10 00000000
C 291 11 00000000
C 291 12 00000000
C 291 13 00000000
C 291 14 00000000
C 291 15 00000000
D 291 0 00000000
D 291 1 00000000
V 291 0 00000000
V 291 1 00000000
R 291 0 00000000
B 291 0 00000000
P 291 0 00000000
P 291 1 00000000
P 291 2 00000000
P 291 3 00000000
P 291 4 00000000
T 292 0 00000000
T 292 1 00000000
T 292 2 00000000
C 292 0 00000000
C 292 1 00000000
C 292 2 00000000
C 292 3 00000000
C 292 4 00000000
C 292 5 00000000
C 292 6 00000000
C 292 7 00000000
C 292 8 00000000
C 292 9 00000000
C 292 10 00000000
C 292 11 00000000
C 292 12 00000000
C 292 13 00000000
C 292 14 00000000
C 292 15 00000000
D 292 0 00000000
D 292 1 00000000
V 292 0 00000000
V 292 1 00000000
R 292 0 00000000
B 292 0 00000000
P 292 0 00000000
P 292 1 00000000
P 292 2 00000000
P 292 3 00000000
P 292 4 00000000
T 293 0 00000000
T 293 1 00000000
T 293 2 00000000
C 293 0 00000000
C 293 1 00000000
C 293 2 00000000
C 293 3 00000000
C 293 4 00000000
C 293 5 00000000
C 293 6 00000000
C 293 7 00000000
C 293 8 00000000
C 293 9 00000000
C 293 10 00000000
C 293 11 00000000
C 293 12 00000000
C 293 13 00000000
C 293 14 00000000
C 293 15 00000000
D 293 0 00000000
D 293 1 00000000
V 293 0 00000000
V 293 1 00000000
R 293 0 00000000
B 293 0 00000000
P 293 0 00000000
P 293 1 00000000
P 293 2 00000000
P 293 3 00000000
P 293 4 00000000
T 294 0 00000000
T 294 1 00000000
T 294 2 00000000
C 294 0 00000000
C 294 1 00000000
C 294 2 00000000
C 294 3 00000000
C 294 4 00000000
C 294 5 00000000
C 294 6 00000000
C 294 7 00000000
C 294 8 00000000
C 294 9 00000000
C 294 10 00000000
C 294 11 00000000
C 294 12 00000000
C 294 13 00000000
C 294 14 00000000
C 294 15 00000000
D 294 0 00000000
D 294 1 00000000
V 294 0 00000000
V 294 1 00000000
R 294 0 00000000
B 294 0 00000000
P 294 0 00000000
P 294 1 00000000
P 294 2 00000000
P 294 3 00000000
P 294 4 00000000
T 295 0 00000000
T 295 1 00000000
T 295 2 00000000
C 295 0 00000000
C 295 1 00000000
C 295 2 00000000
C 295 3 00000000
C 295 4 00000000
C 295 5 00000000
C 295 6 00000000
C 295 7 00000000
C 295 8 00000000
C 295 9 00000000
C 295 10 00000000
C 295 11 00000000
C 295 12 00000000
C 295 13 00000000
C 295 14 00000000
C 295 15 00000000
D 295 0 00000000
D 295 1 00000000
V 295 0 00000000
V 295 1 00000000
R 295 0 00000000
B 295 0 00000000
P 295 0 00000000
P 295 1 00000000
P 295 2 00000000
P 295 3 00000000
P 295 4 00000000
T 296 0 00000000
T 296 1 00000000
T 296 2 00000000
C 296 0 00000000
C 296 1 00000000
C 296 2 00000000
C 296 3 00000000
C 296 4 00000000
C 296 5 00000000
C 296 6 00000000
C 296 7 00000000
C 296 8 00000000
C 296 9 00000000
C 296 10 00000000
C 296 11 00000000
C 296 12 00000000
C 296 13 00000000
C 296 14 00000000
C 296 15 00000000
D 296 0 00000000
D 296 1 00000000
V 296 0 00000000
V 296 1 00000000
R 296 0 00000000
B 296 0 00000000
P 296 0 00000000
P 296 1 00000000
P 296 2 00000000
P 296 3 00000000
P 296 4 00000000
T 297 0 00000000
T 297 1 00000000
T 297 2 00000000
C 297 0 00000000
C 297 1 00000000
C 297 2 00000000
C 297 3 00000000
C 297 4 00000000
C 297 5 00000000
C 297 6 00000000
C 297 7 00000000
C 297 8 00000000
C 297 9 00000000
C 297 10 00000000
C 297 11 00000000
C 297 12 00000000
C 297 13 00000000
C 297 14 00000000
C 297 15 00000000
D 297 0 00000000
D 297 1 00000000
V 297 0 00000000
V 297 1 00000000
R 297 0 00000000
B 297 0 00000000
P 297 0 00000000
P 297 1 00000000
P 297 2 00000000
P 297 3 00000000
P 297 4 00000000
T 298 0 00000000
T 298 1 00000000
T 298 2 00000000
C 298 0 00000000
C 298 1 00000000
C 298 2 00000000
C 298 3 00000000
C 298 4 00000000
C 298 5 00000000
C 298 6 00000000
C 298 7 00000000
C 298 8 00000000
C 298 9 00000000
C 298 10 00000000
C 298 11 00000000
C 298 12 00000000
C 298 13 00000000
C 298 14 00000000
C 298 15 00000000
D 298 0 00000000
D 298 1 00000000
V 298 0 00000000
V 298 1 00000000
R 298 0 00000000
B 298 0 00000000
P 298 0 00000000
P 298 1 00000000
P 298 2 00000000
P 298 3 00000000
P 298 4 00000000
T 299 0 00000000
T 299 1 00000000
T 299 2 00000000
C 299 0 00000000
C 299 1 00000000
C 299 2 00000000
C 299 3 00000000
C 299 4 00000000
C 299 5 00000000
C 299 6 00000000
C 299 7 00000000
C 299 8 00000000
C 299 9 00000000
C 299 10 00000000
C 299 11 00000000
C 299 12 00000000
C 299 13 00000000
C 299 14 00000000
C 299 15 00000000
D 299 0 00000000
D 299 1 00000000
V 299 0 00000000
V 299 1 00000000
R 299 0 00000000
B 299 0 00000000
P 299 0 00000000
P 299 1 00000000
P 299 2 00000000
P 299 3 00000000
P 299 4 00000000
T 300 0 00000000
T 300 1 00000000
T 300 2 00000000
C 300 0 00000000
C 300 1 00000000
C 300 2 00000000
C 300 3 00000000
C 300 4 00000000
C 300 5 00000000
C 300 6 00000000
C 300 7 00000000
C 300 8 00000000
C 300 9 00000000
C 300 10 00000000
C 300 11 00000000
C 300 12 00000000
C 300 13 00000000
C 300 14 00000000
C 300 15 00000000
D 300 0 00000000
D 300 1 00000000
V 300 0 00000000
V 300 1 00000000
R 300 0 00000000
B 300 0 00000000
P 300 0 00000000
P 300 1 00000000
P 300 2 00000000
P 300 3 00000000
P 300 4 00000000
T 301 0 00000000
T 301 1 00000000
T 301 2 00000000
C 301 0 00000000
C 301 1 00000000
C 301 2 00000000
C 301 3 00000000
C 301 4 00000000
C 301 5 00000000
C 301 6 00000000
C 301 7 00000000
C 301 8 00000000
C 301 9 00000000
C 301 10 00000000
C 301 11 00000000
C 301 12 00000000
C 301 13 00000000
C 301 14 00000000
C 301 15 00000000
D 301 0 00000000
D 301 1 00000000
V 301 0 00000000
V 301 1 00000000
R 301 0 00000000
B 301 0 00000000
P 301 0 00000000
P 301 1 00000000
P 301 2 00000000
P 301 3 00000000
P 301 4 00000000
T 302 0 00000000
T 302 1 00000000
T 302 2 00000000
C 302 0 00000000
C 302 1 00000000
C 302 2 00000000
C 302 3 00000000
C 302 4 00000000
C 302 5 00000000
C 302 6 00000000
C 302 7 00000000
C 302 8 00000000
C 302 9 00000000
C 302 10 00000000
C 302 11 00000000
C 302 12 00000000
C 302 13 00000000
C 302 14 00000000
C 302 15 00000000
D 302 0 00000000
D 302 1 00000000
V 302 0 00000000
V 302 1 00000000
R 302 0 00000000
B 302 0 00000000
P 302 0 00000000
P 302 1 00000000
P 302 2 00000000
P 302 3 00000000
P 302 4 00000000
T 303 0 00000000
T 303 1 00000000
T 303 2 00000000
C 303 0 00000000
C 303 1 00000000
C 303 2 00000000
C 303 3 00000000
C 303 4 00000000
C 303 5 00000000
C 303 6 00000000
C 303 7 00000000
C 303 8 00000000
C 303 9 00000000
C 303 10 00000000
C 303 11 00000000
C 303 12 00000000
C 303 13 00000000
C 303 14 00000000
C 303 15 00000000
D 303 0 00000000
D 303 1 00000000
V 303 0 00000000
V 303 1 00000000
R 303 0 00000000
B 303 0 00000000
P 303 0 00000000
P 303 1 00000000
P 303 2 00000000
P 303 3 00000000
P 303 4 00000000
T 304 0 00000000
T 304 1 00000000
T 304 2 00000000
C 304 0 00000000
C 304 1 00000000
C 304 2 00000000
C 304 3 00000000
C 304 4 00000000
C 304 5 00000000
C 304 6 00000000
C 304 7 00000000
C 304 8 00000000
C 304 9 00000000
C 304 10 00000000
C 304 11 00000000
C 304 12 00000000
C 304 13 00000000
C 304 14 00000000
C 304 15 00000000
D 304 0 00000000
D 304 1 00000000
V 304 0 00000000
V 304 1 00000000
R 304 0 00000000
B 304 0 00000000
P 304 0 00000000
P 304 1 00000000
P 304 2 00000000
P 304 3 00000000
P 304 4 00000000
T 305 0 00000000
T 305 1 00000000
T 305 2 00000000
C 305 0 00000000
C 305 1 00000000
C 305 2 00000000
C 305 3 00000000
C 305 4 00000000
C 305 5 00000000
C 305 6 00000000
C 305 7 00000000
C 305 8 00000000
C 305 9 00000000
C 305 10 00000000
C 305 11 00000000
C 305 12 00000000
C 305 13 00000000
C 305 14 00000000
C 305 15 00000000
D 305 0 00000000
D 305 1 00000000
V 305 0 00000000
V 305 1 00000000
R 305 0 00000000
B 305 0 00000000
P 305 0 00000000
P 305 1 00000000
P 305 2 00000000
P 305 3 00000000
P 305 4 00000000
T 306 0 00000000
T 306 1 00000000
T 306 2 00000000
C 306 0 00000000
C 306 1 00000000
C 306 2 00000000
C 306 3 00000000
C 306 4 00000000
C 306 5 00000000
C 306 6 00000000
C 306 7 00000000
C 306 8 00000000
C 306 9 00000000
C 306 10 00000000
C 306 11 00000000
C 306 12 00000000
C 306 13 00000000
C 306 14 00000000
C 306 15 00000000
D 306 0 00000000
D 306 1 00000000
V 306 0 00000000
V 306 1 00000000
R 306 0 00000000
B 306 0 00000000
P 306 0 00000000
P 306 1 00000000
P 306 2 00000000
P 306 3 00000000
P 306 4 00000000
T 307 0 00000000
T 307 1 00000000
T 307 2 00000000
C 307 0 00000000
C 307 1 00000000
C 307 2 00000000
C 307 3 00000000
C 307 4 00000000
C 307 5 00000000
C 307 6 00000000
C 307 7 00000000
C 307 8 00000000
C 307 9 00000000
C 307 10 00000000
C 307 11 00000000
C 307 12 00000000
C 307 13 00000000
C 307 14 00000000
C 307 15 00000000
D 307 0 00000000
D 307 1 00000000
V 307 0 00000000
V 307 1 00000000
R 307 0 00000000
B 307 0 00000000
P 307 0 00000000
P 307 1 00000000
P 307 2 00000000
P 307 3 00000000
P 307 4 00000000
T 308 0 00000000
T 308 1 00000000
T 308 2 00000000
C 308 0 00000000
C 308 1 00000000
C 308 2 00000000
C 308 3 00000000
C 308 4 00000000
C 308 5 00000000
C 308 6 00000000
C 308 7 00000000
C 308 8 00000000
C 308 9 00000000
C 308 10 00000000
C 308 11 00000000
C 308 12 00000000
C 308 13 00000000
C 308 14 00000000
C 308 15 00000000
D 308 0 00000000
D 308 1 00000000
V 308 0 00000000
V 308 1 00000000
R 308 0 00000000
B 308 0 00000000
P 308 0 00000000
P 308 1 00000000
P 308 2 00000000
P 308 3 00000000
P 308 4 00000000
T 309 0 00000000
T 309 1 00000000
T 309 2 00000000
C 309 0 00000000
C 309 1 00000000
C 309 2 00000000
C 309 3 00000000
C 309 4 00000000
C 309 5 00000000
C 309 6 00000000
C 309 7 00000000
C 309 8 00000000
C 309 9 00000000
C 309 10 00000000
C 309 11 00000000
C 309 12 00000000
C 309 13 00000000
C 309 14 00000000
C 309 15 00000000
D 309 0 00000000
D 309 1 00000000
V 309 0 00000000
V 309 1 00000000
R 309 0 00000000
B 309 0 00000000
P 309 0 00000000
P 309 1 00000000
P 309 2 00000000
P 309 3 00000000
P 309 4 00000000
T 310 0 00000000
T 310 1 00000000
T 310 2 00000000
C 310 0 00000000
C 310 1 00000000
C 310 2 00000000
C 310 3 00000000
C 310 4 00000000
C 310 5 00000000
C 310 6 00000000
C 310 7 00000000
C 310 8 00000000
C 310 9 00000000
C 310 10 00000000
C 310 11 00000000
C 310 12 00000000
C 310 13 00000000
C 310 14 00000000
C 310 15 00000000
D 310 0 00000000
D 310 1 00000000
V 310 0 00000000
V 310 1 00000000
R 310 0 00000000
B 310 0 00000000
P 310 0 00000000
P 310 1 00000000
P 310 2 00000000
P 310 3 00000000
P 310 4 00000000
T 311 0 00000000
T 311 1 00000000
T 311 2 00000000
C 311 0 00000000
C 311 1 00000000
C 311 2 00000000
C 311 3 00000000
C 311 4 00000000
C 311 5 00000000
C 311 6 00000000
C 311 7 00000000
C 311 8 00000000
C 311 9 00000000
C 311 10 00000000
C 311 11 00000000
C 311 12 00000000
C 311 13 00000000
C 311 14 00000000
C 311 15 00000000
D 311 0 00000000
D 311 1 00000000
V 311 0 00000000
V 311 1 00000000
R 311 0 00000000
B 311 0 00000000
P 311 0 00000000
P 311 1 00000000
P 311 2 00000000
P 311 3 00000000
P 311 4 00000000
T 312 0 00000000
T 312 1 00000000
T 312 2 00000000
C 312 0 00000000
C 312 1 00000000
C 312 2 00000000
C 312 3 00000000
C 312 4 00000000
C 312 5 00000000
C 312 6 00000000
C 312 7 00000000
C 312 8 00000000
C 312 9 00000000
C 312 10 00000000
C 312 11 00000000
C 312 12 00000000
C 312 13 00000000
C 312 14 00000000
C 312 15 00000000
D 312 0 00000000
D 312 1 00000000
V 312 0 00000000
V 312 1 00000000
R 312 0 00000000
B 312 0 00000000
P 312 0 00000000
P 312 1 00000000
P 312 2 00000000
P 312 3 00000000
P 312 4 00000000
T 313 0 00000000
T 313 1 00000000
T 313 2 00000000
C 313 0 00000000
C 313 1 00000000
C 313 2 00000000
C 313 3 00000000
C 313 4 00000000
C 313 5 00000000
C 313 6 00000000
C 313 7 00000000
C 313 8 00000000
C 313 9 00000000
C 313 10 00000000
C 313 11 00000000
C 313 12 00000000
C 313 13 00000000
C 313 14 00000000
C 313 15 00000000
D 313 0 00000000
D 313 1 00000000
V 313 0 00000000
V 313 1 00000000
R 313 0 00000000
B 313 0 00000000
P 313 0 00000000
P 313 1 00000000
P 313 2 00000000
P 313 3 00000000
P 313 4 00000000
T 314 0 00000000
T 314 1 00000000
T 314 2 00000000
C 314 0 00000000
C 314 1 00000000
C 314 2 00000000
C 314 3 00000000
C 314 4 00000000
C 314 5 00000000
C 314 6 00000000
C 314 7 00000000
C 314 8 00000000
C 314 9 00000000
C 314 10 00000000
C 314 11 00000000
C 314 12 00000000
C 314 13 00000000
C 314 14 00000000
C 314 15 00000000
D 314 0 00000000
D 314 1 00000000
V 314 0 00000000
V 314 1 00000000
R 314 0 00000000
B 314 0 00000000
P 314 0 00000000
P 314 1 00000000
P 314 2 00000000
P 314 3 00000000
P 314 4 00000000
T 315 0 00000000
T 315 1 00000000
T 315 2 00000000
C 315 0 00000000
C 315 1 00000000
C 315 2 00000000
C 315 3 00000000
C 315 4 00000000
C 315 5 00000000
C 315 6 00000000
C 315 7 00000000
C 315 8 00000000
C 315 9 00000000
C 315 10 00000000
C 315 11 00000000
C 315 12 00000000
C 315 13 00000000
C 315 14 00000000
C 315 15 00000000
D 315 0 00000000
D 315 1 00000000
V 315 0 00000000
V 315 1 00000000
R 315 0 00000000
B 315 0 00000000
P 315 0 00000000
P 315 1 00000000
P 315 2 00000000
P 315 3 00000000
P 315 4 00000000
T 316 0 00000000
T 316 1 00000000
T 316 2 00000000
C 316 0 00000000
C 316 1 00000000
C 316 2 00000000
C 316 3 00000000
C 316 4 00000000
C 316 5 00000000
C 316 6 00000000
C 316 7 00000000
C 316 8 00000000
C 316 9 00000000
C 316 10 00000000
C 316 11 00000000
C 316 12 00000000
C 316 13 00000000
C 316 14 00000000
C 316 15 00000000
D 316 0 00000000
D 316 1 00000000
V 316 0 00000000
V 316 1 00000000
R 316 0 00000000
B 316 0 00000000
P 316 0 00000000
P 316 1 00000000
P 316 2 00000000
P 316 3 00000000
P 316 4 00000000
T 317 0 00000000
T 317 1 00000000
T 317 2 00000000
C 317 0 00000000
C 317 1 00000000
C 317 2 00000000
C 317 3 00000000
C 317 4 00000000
C 317 5 00000000
C 317 6 00000000
C 317 7 00000000
C 317 8 00000000
C 317 9 00000000
C 317 10 00000000
C 317 11 00000000
C 317 12 00000000
C 317 13 00000000
C 317 14 00000000
C 317 15 00000000
D 317 0 00000000
D 317 1 00000000
V 317 0 00000000
V 317 1 00000000
R 317 0 00000000
B 317 0 00000000
P 317 0 00000000
P 317 1 00000000
P 317 2 00000000
P 317 3 00000000
P 317 4 00000000
T 318 0 00000000
T 318 1 00000000
T 318 2 00000000
C 318 0 00000000
C 318 1 00000000
C 318 2 00000000
C 318 3 00000000
C 318 4 00000000
C 318 5 00000000
C 318 6 00000000
C 318 7 00000000
C 318 8 00000000
C 318 9 00000000
C 318 10 00000000
C 318 11 00000000
C 318 12 00000000
C 318 13 00000000
C 318 14 00000000
C 318 15 00000000
D 318 0 00000000
D 318 1 00000000
V 318 0 00000000
V 318 1 00000000
R 318 0 00000000
B 318 0 00000000
P 318 0 00000000
P 318 1 00000000
P 318 2 00000000
P 318 3 00000000
P 318 4 00000000
T 319 0 00000000
T 319 1 00000000
T 319 2 00000000
C 319 0 00000000
C 319 1 00000000
C 319 2 00000000
C 319 3 00000000
C 319 4 00000000
C 319 5 00000000
C 319 6 00000000
C 319 7 00000000
C 319 8 00000000
C 319 9 00000000
C 319 10 00000000
C 319 11 00000000
C 319 12 00000000
C 319 13 00000000
C 319 14 00000000
C 319 15 00000000
D 319 0 00000000
D 319 1 00000000
V 319 0 00000000
V 319 1 00000000
R 319 0 00000000
B 319 0 00000000
P 319 0 00000000
P 319 1 00000000
P 319 2 00000000
P 319 3 00000000
P 319 4 00000000
T 320 0 00000000
T 320 1 00000000
T 320 2 00000000
C 320 0 00000000
C 320 1 00000000
C 320 2 00000000
C 320 3 00000000
C 320 4 00000000
C 320 5 00000000
C 320 6 00000000
C 320 7 00000000
C 320 8 00000000
C 320 9 00000000
C 320 10 00000000
C 320 11 00000000
C 320 12 00000000
C 320 13 00000000
C 320 14 00000000
C 320 15 00000000
D 320 0 00000000
D 320 1 00000000
V 320 0 00000000
V 320 1 00000000
R 320 0 00000000
B 320 0 00000000
P 320 0 00000000
P 320 1 00000000
P 320 2 00000000
P 320 3 00000000
P 320 4 00000000
T 321 0 00000000
T 321 1 00000000
T 321 2 00000000
C 321 0 00000000
C 321 1 00000000
C 321 2 00000000
C 321 3 00000000
C 321 4 00000000
C 321 5 00000000
C 321 6 00000000
C 321 7 00000000
C 321 8 00000000
C 321 9 00000000
C 321 10 00000000
C 321 11 00000000
C 321 12 00000000
C 321 13 00000000
C 321 14 00000000
C 321 15 00000000
D 321 0 00000000
D 321 1 00000000
V 321 0 00000000
V 321 1 00000000
R 321 0 00000000
B 321 0 00000000
P 321 0 00000000
P 321 1 00000000
P 321 2 00000000
P 321 3 00000000
P 321 4 00000000
T 322 0 00000000
T 322 1 00000000
T 322 2 00000000
C 322 0 00000000
C 322 1 00000000
C 322 2 00000000
C 322 3 00000000
C 322 4 00000000
C 322 5 00000000
C 322 6 00000000
C 322 7 00000000
C 322 8 00000000
C 322 9 00000000
C 322 10 00000000
C 322 11 00000000
C 322 12 00000000
C 322 13 00000000
C 322 14 00000000
C 322 15 00000000
D 322 0 00000000
D 322 1 00000000
V 322 0 00000000
V 322 1 00000000
R 322 0 00000000
B 322 0 00000000
P 322 0 00000000
P 322 1 00000000
P 322 2 00000000
P 322 3 00000000
P 322 4 00000000
T 323 0 00000000
T 323 1 00000000
T 323 2 00000000
C 323 0 00000000
C 323 1 00000000
C 323 2 00000000
C 323 3 00000000
C 323 4 00000000
C 323 5 00000000
C 323 6 00000000
C 323 7 00000000
C 323 8 00000000
C 323 9 00000000
C 323 10 00000000
C 323 11 00000000
C 323 12 00000000
C 323 13 00000000
C 323 14 00000000
C 323 15 00000000
D 323 0 00000000
D 323 1 00000000
V 323 0 00000000
V 323 1 00000000
R 323 0 00000000
B 323 0 00000000
P 323 0 00000000
P 323 1 00000000
P 323 2 00000000
P 323 3 00000000
P 323 4 00000000
T 324 0 00000000
T 324 1 00000000
T 324 2 00000000
C 324 0 00000000
C 324 1 00000000
C 324 2 00000000
C 324 3 00000000
C 324 4 00000000
C 324 5 00000000
C 324 6 00000000
C 324 7 00000000
C 324 8 00000000
C 324 9 00000000
C 324 10 00000000
C 324 11 00000000
C 324 12 00000000
C 324 13 00000000
C 324 14 00000000
C 324 15 00000000
D 324 0 00000000
D 324 1 00000000
V 324 0 00000000
V 324 1 00000000
R 324 0 00000000
B 324 0 00000000
P 324 0 00000000
P 324 1 00000000
P 324 2 00000000
P 324 3 00000000
P 324 4 00000000
T 325 0 00000000
T 325 1 00000000
T 325 2 00000000
C 325 0 00000000
C 325 1 00000000
C 325 2 00000000
C 325 3 00000000
C 325 4 00000000
C 325 5 00000000
C 325 6 00000000
C 325 7 00000000
C 325 8 00000000
C 325 9 00000000
C 325 10 00000000
C 325 11 00000000
C 325 12 00000000
C 325 13 00000000
C 325 14 00000000
C 325 15 00000000
D 325 0 00000000
D 325 1 00000000
V 325 0 00000000
V 325 1 00000000
R 325 0 00000000
B 325 0 00000000
P 325 0 00000000
P 325 1 00000000
P 325 2 00000000
P 325 3 00000000
P 325 4 00000000
T 326 0 00000000
T 326 1 00000000
T 326 2 00000000
C 326 0 00000000
C 326 1 00000000
C 326 2 00000000
C 326 3 00000000
C 326 4 00000000
C 326 5 00000000
C 326 6 00000000
C 326 7 00000000
C 326 8 00000000
C 326 9 00000000
C 326 10 00000000
C 326 11 00000000
C 326 12 00000000
C 326 13 00000000
C 326 14 00000000
C 326 15 00000000
D 326 0 00000000
D 326 1 00000000
V 326 0 00000000
V 326 1 00000000
R 326 0 00000000
B 326 0 00000000
P 326 0 00000000
P 326 1 00000000
P 326 2 00000000
P 326 3 00000000
P 326 4 00000000
T 327 0 00000000
T 327 1 00000000
T 327 2 00000000
C 327 0 00000000
C 327 1 00000000
C 327 2 00000000
C 327 3 00000000
C 327 4 00000000
C 327 5 00000000
C 327 6 00000000
C 327 7 00000000
C 327 8 00000000
C 327 9 00000000
C 327 10 00000000
C 327 11 00000000
C 327 12 00000000
C 327 13 00000000
C 327 14 00000000
C 327 15 00000000
D 327 0 00000000
D 327 1 00000000
V 327 0 00000000
V 327 1 00000000
R 327 0 00000000
B 327 0 00000000
P 327 0 00000000
P 327 1 00000000
P 327 2 00000000
P 327 3 00000000
P 327 4 00000000
T 328 0 00000000
T 328 1 00000000
T 328 2 00000000
C 328 0 00000000
C 328 1 00000000
C 328 2 00000000
C 328 3 00000000
C 328 4 00000000
C 328 5 00000000
C 328 6 00000000
C 328 7 00000000
C 328 8 00000000
C 328 9 00000000
C 328 10 00000000
C 328 11 00000000
C 328 12 00000000
C 328 13 00000000
C 328 14 00000000
C 328 15 00000000
D 328 0 00000000
D 328 1 00000000
V 328 0 00000000
V 328 1 00000000
R 328 0 00000000
B 328 0 00000000
P 328 0 00000000
P 328 1 00000000
P 328 2 00000000
P 328 3 00000000
P 328 4 00000000
T 329 0 00000000
T 329 1 00000000
T 329 2 00000000
C 329 0 00000000
C 329 1 00000000
C 329 2 00000000
C 329 3 00000000
C 329 4 00000000
C 329 5 00000000
C 329 6 00000000
C 329 7 00000000
C 329 8 00000000
C 329 9 00000000
C 329 10 00000000
C 329 11 00000000
C 329 12 00000000
C 329 13 00000000
C 329 14 00000000
C 329 15 00000000
D 329 0 00000000
D 329 1 00000000
V 329 0 00000000
V 329 1 00000000
R 329 0 00000000
B 329 0 00000000
P 329 0 00000000
P 329 1 00000000
P 329 2 00000000
P 329 3 00000000
P 329 4 00000000
T 330 0 00000000
T 330 1 00000000
T 330 2 00000000
C 330 0 00000000
C 330 1 00000000
C 330 2 00000000
C 330 3 00000000
C 330 4 00000000
C 330 5 00000000
C 330 6 00000000
C 330 7 00000000
C 330 8 00000000
C 330 9 00000000
C 330 10 00000000
C 330 11 00000000
C 330 12 00000000
C 330 13 00000000
C 330 14 00000000
C 330 15 00000000
D 330 0 00000000
D 330 1 00000000
V 330 0 00000000
V 330 1 00000000
R 330 0 00000000
B 330 0 00000000
P 330 0 00000000
P 330 1 00000000
P 330 2 00000000
P 330 3 00000000
P 330 4 00000000
T 331 0 00000000
T 331 1 00000000
T 331 2 00000000
C 331 0 00000000
C 331 1 00000000
C 331 2 00000000
C 331 3 00000000
C 331 4 00000000
C 331 5 00000000
C 331 6 00000000
C 331 7 00000000
C 331 8 00000000
C 331 9 00000000
C 331 10 00000000
C 331 11 00000000
C 331 12 00000000
C 331 13 00000000
C 331 14 00000000
C 331 15 00000000
D 331 0 00000000
D 331 1 00000000
V 331 0 00000000
V 331 1 00000000
R 331 0 00000000
B 331 0 00000000
P 331 0 00000000
P 331 1 00000000
P 331 2 00000000
P 331 3 00000000
P 331 4 00000000
T 332 0 00000000
T 332 1 00000000
T 332 2 00000000
C 332 0 00000000
C 332 1 00000000
C 332 2 00000000
C 332 3 00000000
C 332 4 00000000
C 332 5 00000000
C 332 6 00000000
C 332 7 00000000
C 332 8 00000000
C 332 9 00000000
C 332 10 00000000
C 332 11 00000000
C 332 12 00000000
C 332 13 00000000
C 332 14 00000000
C 332 15 00000000
D 332 0 00000000
D 332 1 00000000
V 332 0 00000000
V 332 1 00000000
R 332 0 00000000
B 332 0 00000000
P 332 0 00000000
P 332 1 00000000
P 332 2 00000000
P 332 3 00000000
P 332 4 00000000
T 333 0 00000000
T 333 1 00000000
T 333 2 00000000
C 333 0 00000000
C 333 1 00000000
C 333 2 00000000
C 333 3 00000000
C 333 4 00000000
C 333 5 00000000
C 333 6 00000000
C 333 7 00000000
C 333 8 00000000
C 333 9 00000000
C 333 10 00000000
C 333 11 00000000
C 333 12 00000000
C 333 13 00000000
C 333 14 00000000
C 333 15 00000000
D 333 0 00000000
D 333 1 00000000
V 333 0 00000000
V 333 1 00000000
R 333 0 00000000
B 333 0 00000000
P 333 0 00000000
P 333 1 00000000
P 333 2 00000000
P 333 3 00000000
P 333 4 00000000
T 334 0 00000000
T 334 1 00000000
T 334 2 00000000
C 334 0 00000000
C 334 1 00000000
C 334 2 00000000
C 334 3 00000000
C 334 4 00000000
C 334 5 00000000
C 334 6 00000000
C 334 7 00000000
C 334 8 00000000
C 334 9 00000000
C 334 10 00000000
C 334 11 00000000
C 334 12 00000000
C 334 13 00000000
C 334 14 00000000
C 334 15 00000000
D 334 0 00000000
D 334 1 00000000
V 334 0 00000000
V 334 1 00000000
R 334 0 00000000
B 334 0 00000000
P 334 0 00000000
P 334 1 00000000
P 334 2 00000000
P 334 3 00000000
P 334 4 00000000
T 335 0 00000000
T 335 1 00000000
T 335 2 00000000
C 335 0 00000000
C 335 1 00000000
C 335 2 00000000
C 335 3 00000000
C 335 4 00000000
C 335 5 00000000
C 335 6 00000000
C 335 7 00000000
C 335 8 00000000
C 335 9 00000000
C 335 10 00000000
C 335 11 00000000
C 335 12 00000000
C 335 13 00000000
C 335 14 00000000
C 335 15 00000000
D 335 0 00000000
D 335 1 00000000
V 335 0 00000000
V 335 1 00000000
R 335 0 00000000
B 335 0 00000000
P 335 0 00000000
P 335 1 00000000
P 335 2 00000000
P 335 3 00000000
P 335 4 00000000
T 336 0 00000000
T 336 1 00000000
T 336 2 00000000
C 336 0 00000000
C 336 1 00000000
C 336 2 00000000
C 336 3 00000000
C 336 4 00000000
C 336 5 00000000
C 336 6 00000000
C 336 7 00000000
C 336 8 00000000
C 336 9 00000000
C 336 10 00000000
C 336 11 00000000
C 336 12 00000000
C 336 13 00000000
C 336 14 00000000
C 336 15 00000000
D 336 0 00000000
D 336 1 00000000
V 336 0 00000000
V 336 1 00000000
R 336 0 00000000
B 336 0 00000000
P 336 0 00000000
P 336 1 00000000
P 336 2 00000000
P 336 3 00000000
P 336 4 00000000
T 337 0 00000000
T 337 1 00000000
T 337 2 00000000
C 337 0 00000000
C 337 1 00000000
C 337 2 00000000
C 337 3 00000000
C 337 4 00000000
C 337 5 00000000
C 337 6 00000000
C 337 7 00000000
C 337 8 00000000
C 337 9 00000000
C 337 10 00000000
C 337 11 00000000
C 337 12 00000000
C 337 13 00000000
C 337 14 00000000
C 337 15 00000000
D 337 0 00000000
D 337 1 00000000
V 337 0 00000000
V 337 1 00000000
R 337 0 00000000
B 337 0 00000000
P 337 0 00000000
P 337 1 00000000
P 337 2 00000000
P 337 3 00000000
P 337 4 00000000
T 338 0 00000000
T 338 1 00000000
T 338 2 00000000
C 338 0 00000000
C 338 1 00000000
C 338 2 00000000
C 338 3 00000000
C 338 4 00000000
C 338 5 00000000
C 338 6 00000000
C 338 7 00000000
C 338 8 00000000
C 338 9 00000000
C 338 10 00000000
C 338 11 00000000
C 338 12 00000000
C 338 13 00000000
C 338 14 00000000
C 338 15 00000000
D 338 0 00000000
D 338 1 00000000
V 338 0 00000000
V 338 1 00000000
R 338 0 00000000
B 338 0 00000000
P 338 0 00000000
P 338 1 00000000
P 338 2 00000000
P 338 3 00000000
P 338 4 00000000
T 339 0 00000000
T 339 1 00000000
T 339 2 00000000
C 339 0 00000000
C 339 1 00000000
C 339 2 00000000
C 339 3 00000000
C 339 4 00000000
C 339 5 00000000
C 339 6 00000000
C 339 7 00000000
C 339 8 00000000
C 339 9 00000000
C 339 10 00000000
C 339 11 00000000
C 339 12 00000000
C 339 13 00000000
C 339 14 00000000
C 339 15 00000000
D 339 0 00000000
D 339 1 00000000
V 339 0 00000000
V 339 1 00000000
R 339 0 00000000
B 339 0 00000000
P 339 0 00000000
P 339 1 00000000
P 339 2 00000000
P 339 3 00000000
P 339 4 00000000
T 340 0 00000000
T 340 1 00000000
T 340 2 00000000
C 340 0 00000000
C 340 1 00000000
C 340 2 00000000
C 340 3 00000000
C 340 4 00000000
C 340 5 00000000
C 340 6 00000000
C 340 7 00000000
C 340 8 00000000
C 340 9 00000000
C 340 10 00000000
C 340 11 00000000
C 340 12 00000000
C 340 13 00000000
C 340 14 00000000
C 340 15 00000000
D 340 0 00000000
D 340 1 00000000
V 340 0 00000000
V 340 1 00000000
R 340 0 00000000
B 340 0 00000000
P 340 0 00000000
P 340 1 00000000
P 340 2 00000000
P 340 3 00000000
P 340 4 00000000
T 341 0 00000000
T 341 1 00000000
T 341 2 00000000
C 341 0 00000000
C 341 1 00000000
C 341 2 00000000
C 341 3 00000000
C 341 4 00000000
C 341 5 00000000
C 341 6 00000000
C 341 7 00000000
C 341 8 00000000
C 341 9 00000000
C 341 10 00000000
C 341 11 00000000
C 341 12 00000000
C 341 13 00000000
C 341 14 00000000
C 341 15 00000000
D 341 0 00000000
D 341 1 00000000
V 341 0 00000000
V 341 1 00000000
R 341 0 00000000
B 341 0 00000000
P 341 0 00000000
P 341 1 00000000
P 341 2 00000000
P 341 3 00000000
P 341 4 00000000
T 342 0 00000000
T 342 1 00000000
T 342 2 00000000
C 342 0 00000000
C 342 1 00000000
C 342 2 00000000
C 342 3 00000000
C 342 4 00000000
C 342 5 00000000
C 342 6 00000000
C 342 7 00000000
C 342 8 00000000
C 342 9 00000000
C 342 10 00000000
C 342 11 00000000
C 342 12 00000000
C 342 13 00000000
C 342 14 00000000
C 342 15 00000000
D 342 0 00000000
D 342 1 00000000
V 342 0 00000000
V 342 1 00000000
R 342 0 00000000
B 342 0 00000000
P 342 0 00000000
P 342 1 00000000
P 342 2 00000000
P 342 3 00000000
P 342 4 00000000
T 343 0 00000000
T 343 1 00000000
T 343 2 00000000
C 343 0 00000000
C 343 1 00000000
C 343 2 00000000
C 343 3 00000000
C 343 4 00000000
C 343 5 00000000
C 343 6 00000000
C 343 7 00000000
C 343 8 00000000
C 343 9 00000000
C 343 10 00000000
C 343 11 00000000
C 343 12 00000000
C 343 13 00000000
C 343 14 00000000
C 343 15 00000000
D 343 0 00000000
D 343 1 00000000
V 343 0 00000000
V 343 1 00000000
R 343 0 00000000
B 343 0 00000000
P 343 0 00000000
P 343 1 00000000
P 343 2 00000000
P 343 3 00000000
P 343 4 00000000
T 344 0 00000000
T 344 1 00000000
T 344 2 00000000
C 344 0 00000000
C 344 1 00000000
C 344 2 00000000
C 344 3 00000000
C 344 4 00000000
C 344 5 00000000
C 344 6 00000000
C 344 7 00000000
C 344 8 00000000
C 344 9 00000000
C 344 10 00000000
C 344 11 00000000
C 344 12 00000000
C 344 13 00000000
C 344 14 00000000
C 344 15 00000000
D 344 0 00000000
D 344 1 00000000
V 344 0 00000000
V 344 1 00000000
R 344 0 00000000
B 344 0 00000000
P 344 0 00000000
P 344 1 00000000
P 344 2 00000000
P 344 3 00000000
P 344 4 00000000
T 345 0 00000000
T 345 1 00000000
T 345 2 00000000
C 345 0 00000000
C 345 1 00000000
C 345 2 00000000
C 345 3 00000000
C 345 4 00000000
C 345 5 00000000
C 345 6 00000000
C 345 7 00000000
C 345 8 00000000
C 345 9 00000000
C 345 10 00000000
C 345 11 00000000
C 345 12 00000000
C 345 13 00000000
C 345 14 00000000
C 345 15 00000000
D 345 0 00000000
D 345 1 00000000
V 345 0 00000000
V 345 1 00000000
R 345 0 00000000
B 345 0 00000000
P 345 0 00000000
P 345 1 00000000
P 345 2 00000000
P 345 3 00000000
P 345 4 00000000
T 346 0 00000000
T 346 1 00000000
T 346 2 00000000
C 346 0 00000000
C 346 1 00000000
C 346 2 00000000
C 346 3 00000000
C 346 4 00000000
C 346 5 00000000
C 346 6 00000000
C 346 7 00000000
C 346 8 00000000
C 346 9 00000000
C 346 10 00000000
C 346 11 00000000
C 346 12 00000000
C 346 13 00000000
C 346 14 00000000
C 346 15 00000000
D 346 0 00000000
D 346 1 00000000
V 346 0 00000000
V 346 1 00000000
R 346 0 00000000
B 346 0 00000000
P 346 0 00000000
P 346 1 00000000
P 346 2 00000000
P 346 3 00000000
P 346 4 00000000
T 347 0 00000000
T 347 1 00000000
T 347 2 00000000
C 347 0 00000000
C 347 1 00000000
C 347 2 00000000
C 347 3 00000000
C 347 4 00000000
C 347 5 00000000
C 347 6 00000000
C 347 7 00000000
C 347 8 00000000
C 347 9 00000000
C 347 10 00000000
C 347 11 00000000
C 347 12 00000000
C 347 13 00000000
C 347 14 00000000
C 347 15 00000000
D 347 0 00000000
D 347 1 00000000
V 347 0 00000000
V 347 1 00000000
R 347 0 00000000
B 347 0 00000000
P 347 0 00000000
P 347 1 00000000
P 347 2 00000000
P 347 3 00000000
P 347 4 00000000
T 348 0 00000000
T 348 1 00000000
T 348 2 00000000
C 348 0 00000000
C 348 1 00000000
C 348 2 00000000
C 348 3 00000000
C 348 4 00000000
C 348 5 00000000
C 348 6 00000000
C 348 7 00000000
C 348 8 00000000
C 348 9 00000000
C 348 10 00000000
C 348 11 00000000
C 348 12 00000000
C 348 13 00000000
C 348 14 00000000
C 348 15 00000000
D 348 0 00000000
D 348 1 00000000
V 348 0 00000000
V 348 1 00000000
R 348 0 00000000
B 348 0 00000000
P 348 0 00000000
P 348 1 00000000
P 348 2 00000000
P 348 3 00000000
P 348 4 00000000
T 349 0 00000000
T 349 1 00000000
T 349 2 00000000
C 349 0 00000000
C 349 1 00000000
C 349 2 00000000
C 349 3 00000000
C 349 4 00000000
C 349 5 00000000
C 349 6 00000000
C 349 7 00000000
C 349 8 00000000
C 349 9 00000000
C 349 10 00000000
C 349 11 00000000
C 349 12 00000000
C 349 13 00000000
C 349 14 00000000
C 349 15 00000000
D 349 0 00000000
D 349 1 00000000
V 349 0 00000000
V 349 1 00000000
R 349 0 00000000
B 349 0 00000000
P 349 0 00000000
P 349 1 00000000
P 349 2 00000000
P 349 3 00000000
P 349 4 00000000
T 350 0 00000000
T 350 1 00000000
T 350 2 00000000
C 350 0 00000000
C 350 1 00000000
C 350 2 00000000
C 350 3 00000000
C 350 4 00000000
C 350 5 00000000
C 350 6 00000000
C 350 7 00000000
C 350 8 00000000
C 350 9 00000000
C 350 10 00000000
C 350 11 00000000
C 350 12 00000000
C 350 13 00000000
C 350 14 00000000
C 350 15 00000000
D 350 0 00000000
D 350 1 00000000
V 350 0 00000000
V 350 1 00000000
R 350 0 00000000
B 350 0 00000000
P 350 0 00000000
P 350 1 00000000
P 350 2 00000000
P 350 3 00000000
P 350 4 00000000
T 351 0 00000000
T 351 1 00000000
T 351 2 00000000
C 351 0 00000000
C 351 1 00000000
C 351 2 00000000
C 351 3 00000000
C 351 4 00000000
C 351 5 00000000
C 351 6 00000000
C 351 7 00000000
C 351 8 00000000
C 351 9 00000000
C 351 10 00000000
C 351 11 00000000
C 351 12 00000000
C 351 13 00000000
C 351 14 00000000
C 351 15 00000000
D 351 0 00000000
D 351 1 00000000
V 351 0 00000000
V 351 1 00000000
R 351 0 00000000
B 351 0 00000000
P 351 0 00000000
P 351 1 00000000
P 351 2 00000000
P 351 3 00000000
P 351 4 00000000
T 352 0 00000000
T 352 1 00000000
T 352 2 00000000
C 352 0 00000000
C 352 1 00000000
C 352 2 00000000
C 352 3 00000000
C 352 4 00000000
C 352 5 00000000
C 352 6 00000000
C 352 7 00000000
C 352 8 00000000
C 352 9 00000000
C 352 10 00000000
C 352 11 00000000
C 352 12 00000000
C 352 13 00000000
C 352 14 00000000
C 352 15 00000000
D 352 0 00000000
D 352 1 00000000
V 352 0 00000000
V 352 1 00000000
R 352 0 00000000
B 352 0 00000000
P 352 0 00000000
P 352 1 00000000
P 352 2 00000000
P 352 3 00000000
P 352 4 00000000
T 353 0 00000000
T 353 1 00000000
T 353 2 00000000
C 353 0 00000000
C 353 1 00000000
C 353 2 00000000
C 353 3 00000000
C 353 4 00000000
C 353 5 00000000
C 353 6 00000000
C 353 7 00000000
C 353 8 00000000
C 353 9 00000000
C 353 10 00000000
C 353 11 00000000
C 353 12 00000000
C 353 13 00000000
C 353 14 00000000
C 353 15 00000000
D 353 0 00000000
D 353 1 00000000
V 353 0 00000000
V 353 1 00000000
R 353 0 00000000
B 353 0 00000000
P 353 0 00000000
P 353 1 00000000
P 353 2 00000000
P 353 3 00000000
P 353 4 00000000
T 354 0 00000000
T 354 1 00000000
T 354 2 00000000
C 354 0 00000000
C 354 1 00000000
C 354 2 00000000
C 354 3 00000000
C 354 4 00000000
C 354 5 00000000
C 354 6 00000000
C 354 7 00000000
C 354 8 00000000
C 354 9 00000000
C 354 10 00000000
C 354 11 00000000
C 354 12 00000000
C 354 13 00000000
C 354 14 00000000
C 354 15 00000000
D 354 0 00000000
D 354 1 00000000
V 354 0 00000000
V 354 1 00000000
R 354 0 00000000
B 354 0 00000000
P 354 0 00000000
P 354 1 00000000
P 354 2 00000000
P 354 3 00000000
P 354 4 00000000
T 355 0 00000000
T 355 1 00000000
T 355 2 00000000
C 355 0 00000000
C 355 1 00000000
C 355 2 00000000
C 355 3 00000000
C 355 4 00000000
C 355 5 00000000
C 355 6 00000000
C 355 7 00000000
C 355 8 00000000
C 355 9 00000000
C 355 10 00000000
C 355 11 00000000
C 355 12 00000000
C 355 13 00000000
C 355 14 00000000
C 355 15 00000000
D 355 0 00000000
D 355 1 00000000
V 355 0 00000000
V 355 1 00000000
R 355 0 00000000
B 355 0 00000000
P 355 0 00000000
P 355 1 00000000
P 355 2 00000000
P 355 3 00000000
P 355 4 00000000
T 356 0 00000000
T 356 1 00000000
T 356 2 00000000
C 356 0 00000000
C 356 1 00000000
C 356 2 00000000
C 356 3 00000000
C 356 4 00000000
C 356 5 00000000
C 356 6 00000000
C 356 7 00000000
C 356 8 00000000
C 356 9 00000000
C 356 10 00000000
C 356 11 00000000
C 356 12 00000000
C 356 13 00000000
C 356 14 00000000
C 356 15 00000000
D 356 0 00000000
D 356 1 00000000
V 356 0 00000000
V 356 1 00000000
R 356 0 00000000
B 356 0 00000000
P 356 0 00000000
P 356 1 00000000
P 356 2 00000000
P 356 3 00000000
P 356 4 00000000
T 357 0 00000000
T 357 1 00000000
T 357 2 00000000
C 357 0 00000000
C 357 1 00000000
C 357 2 00000000
C 357 3 00000000
C 357 4 00000000
C 357 5 00000000
C 357 6 00000000
C 357 7 00000000
C 357 8 00000000
C 357 9 00000000
C 357 10 00000000
C 357 11 00000000
C 357 12 00000000
C 357 13 00000000
C 357 14 00000000
C 357 15 00000000
D 357 0 00000000
D 357 1 00000000
V 357 0 00000000
V 357 1 00000000
R 357 0 00000000
B 357 0 00000000
P 357 0 00000000
P 357 1 00000000
P 357 2 00000000
P 357 3 00000000
P 357 4 00000000
T 358 0 00000000
T 358 1 00000000
T 358 2 00000000
C 358 0 00000000
C 358 1 00000000
C 358 2 00000000
C 358 3 00000000
C 358 4 00000000
C 358 5 00000000
C 358 6 00000000
C 358 7 00000000
C 358 8 00000000
C 358 9 00000000
C 358 10 00000000
C 358 11 00000000
C 358 12 00000000
C 358 13 00000000
C 358 14 00000000
C 358 15 00000000
D 358 0 00000000
D 358 1 00000000
V 358 0 00000000
V 358 1 00000000
R 358 0 00000000
B 358 0 00000000
P 358 0 00000000
P 358 1 00000000
P 358 2 00000000
P 358 3 00000000
P 358 4 00000000
T 359 0 00000000
T 359 1 00000000
T 359 2 00000000
C 359 0 00000000
C 359 1 00000000
C 359 2 00000000
C 359 3 00000000
C 359 4 00000000
C 359 5 00000000
C 359 6 00000000
C 359 7 00000000
C 359 8 00000000
C 359 9 00000000
C 359 10 00000000
C 359 11 00000000
C 359 12 00000000
C 359 13 00000000
C 359 14 00000000
C 359 15 00000000
D 359 0 00000000
D 359 1 00000000
V 359 0 00000000
V 359 1 00000000
R 359 0 00000000
B 359 0 00000000
P 359 0 00000000
P 359 1 00000000
P 359 2 00000000
P 359 3 00000000
P 359 4 00000000
T 360 0 00000000
T 360 1 00000000
T 360 2 00000000
C 360 0 00000000
C 360 1 00000000
C 360 2 00000000
C 360 3 00000000
C 360 4 00000000
C 360 5 00000000
C 360 6 00000000
C 360 7 00000000
C 360 8 00000000
C 360 9 00000000
C 360 10 00000000
C 360 11 00000000
C 360 12 00000000
C 360 13 00000000
C 360 14 00000000
C 360 15 00000000
D 360 0 00000000
D 360 1 00000000
V 360 0 00000000
V 360 1 00000000
R 360 0 00000000
B 360 0 00000000
P 360 0 00000000
P 360 1 00000000
P 360 2 00000000
P 360 3 00000000
P 360 4 00000000
T 361 0 00000000
T 361 1 00000000
T 361 2 00000000
C 361 0 00000000
C 361 1 00000000
C 361 2 00000000
C 361 3 00000000
C 361 4 00000000
C 361 5 00000000
C 361 6 00000000
C 361 7 00000000
C 361 8 00000000
C 361 9 00000000
C 361 10 00000000
C 361 11 00000000
C 361 12 00000000
C 361 13 00000000
C 361 14 00000000
C 361 15 00000000
D 361 0 00000000
D 361 1 00000000
V 361 0 00000000
V 361 1 00000000
R 361 0 00000000
B 361 0 00000000
P 361 0 00000000
P 361 1 00000000
P 361 2 00000000
P 361 3 00000000
P 361 4 00000000
T 362 0 00000000
T 362 1 00000000
T 362 2 00000000
C 362 0 00000000
C 362 1 00000000
C 362 2 00000000
C 362 3 00000000
C 362 4 00000000
C 362 5 00000000
C 362 6 00000000
C 362 7 00000000
C 362 8 00000000
C 362 9 00000000
C 362 10 00000000
C 362 11 00000000
C 362 12 00000000
C 362 13 00000000
C 362 14 00000000
C 362 15 00000000
D 362 0 00000000
D 362 1 00000000
V 362 0 00000000
V 362 1 00000000
R 362 0 00000000
B 362 0 00000000
P 362 0 00000000
P 362 1 00000000
P 362 2 00000000
P 362 3 00000000
P 362 4 00000000
T 363 0 00000000
T 363 1 00000000
T 363 2 00000000
C 363 0 00000000
C 363 1 00000000
C 363 2 00000000
C 363 3 00000000
C 363 4 00000000
C 363 5 00000000
C 363 6 00000000
C 363 7 00000000
C 363 8 00000000
C 363 9 00000000
C 363 10 00000000
C 363 11 00000000
C 363 12 00000000
C 363 13 00000000
C 363 14 00000000
C 363 15 00000000
D 363 0 00000000
D 363 1 00000000
V 363 0 00000000
V 363 1 00000000
R 363 0 00000000
B 363 0 00000000
P 363 0 00000000
P 363 1 00000000
P 363 2 00000000
P 363 3 00000000
P 363 4 00000000
T 364 0 00000000
T 364 1 00000000
T 364 2 00000000
C 364 0 00000000
C 364 1 00000000
C 364 2 00000000
C 364 3 00000000
C 364 4 00000000
C 364 5 00000000
C 364 6 00000000
C 364 7 00000000
C 364 8 00000000
C 364 9 00000000
C 364 10 00000000
C 364 11 00000000
C 364 12 00000000
C 364 13 00000000
C 364 14 00000000
C 364 15 00000000
D 364 0 00000000
D 364 1 00000000
V 364 0 00000000
V 364 1 00000000
R 364 0 00000000
B 364 0 00000000
P 364 0 00000000
P 364 1 00000000
P 364 2 00000000
P 364 3 00000000
P 364 4 00000000
T 365 0 00000000
T 365 1 00000000
T 365 2 00000000
C 365 0 00000000
C 365 1 00000000
C 365 2 00000000
C 365 3 00000000
C 365 4 00000000
C 365 5 00000000
C 365 6 00000000
C 365 7 00000000
C 365 8 00000000
C 365 9 00000000
C 365 10 00000000
C 365 11 00000000
C 365 12 00000000
C 365 13 00000000
C 365 14 00000000
C 365 15 00000000
D 365 0 00000000
D 365 1 00000000
V 365 0 00000000
V 365 1 00000000
R 365 0 00000000
B 365 0 00000000
P 365 0 00000000
P 365 1 00000000
P 365 2 00000000
P 365 3 00000000
P 365 4 00000000
T 366 0 00000000
T 366 1 00000000
T 366 2 00000000
C 366 0 00000000
C 366 1 00000000
C 366 2 00000000
C 366 3 00000000
C 366 4 00000000
C 366 5 00000000
C 366 6 00000000
C 366 7 00000000
C 366 8 00000000
C 366 9 00000000
C 366 10 00000000
C 366 11 00000000
C 366 12 00000000
C 366 13 00000000
C 366 14 00000000
C 366 15 00000000
D 366 0 00000000
D 366 1 00000000
V 366 0 00000000
V 366 1 00000000
R 366 0 00000000
B 366 0 00000000
P 366 0 00000000
P 366 1 00000000
P 366 2 00000000
P 366 3 00000000
P 366 4 00000000
T 367 0 00000000
T 367 1 00000000
T 367 2 00000000
C 367 0 00000000
C 367 1 00000000
C 367 2 00000000
C 367 3 00000000
C 367 4 00000000
C 367 5 00000000
C 367 6 00000000
C 367 7 00000000
C 367 8 00000000
C 367 9 00000000
C 367 10 00000000
C 367 11 00000000
C 367 12 00000000
C 367 13 00000000
C 367 14 00000000
C 367 15 00000000
D 367 0 00000000
D 367 1 00000000
V 367 0 00000000
V 367 1 00000000
R 367 0 00000000
B 367 0 00000000
P 367 0 00000000
P 367 1 00000000
P 367 2 00000000
P 367 3 00000000
P 367 4 00000000
T 368 0 00000000
T 368 1 00000000
T 368 2 00000000
C 368 0 00000000
C 368 1 00000000
C 368 2 00000000
C 368 3 00000000
C 368 4 00000000
C 368 5 00000000
C 368 6 00000000
C 368 7 00000000
C 368 8 00000000
C 368 9 00000000
C 368 10 00000000
C 368 11 00000000
C 368 12 00000000
C 368 13 00000000
C 368 14 00000000
C 368 15 00000000
D 368 0 00000000
D 368 1 00000000
V 368 0 00000000
V 368 1 00000000
R 368 0 00000000
B 368 0 00000000
P 368 0 00000000
P 368 1 00000000
P 368 2 00000000
P 368 3 00000000
P 368 4 00000000
T 369 0 00000000
T 369 1 00000000
T 369 2 00000000
C 369 0 00000000
C 369 1 00000000
C 369 2 00000000
C 369 3 00000000
C 369 4 00000000
C 369 5 00000000
C 369 6 00000000
C 369 7 00000000
C 369 8 00000000
C 369 9 00000000
C 369 10 00000000
C 369 11 00000000
C 369 12 00000000
C 369 13 00000000
C 369 14 00000000
C 369 15 00000000
D 369 0 00000000
D 369 1 00000000
V 369 0 00000000
V 369 1 00000000
R 369 0 00000000
B 369 0 00000000
P 369 0 00000000
P 369 1 00000000
P 369 2 00000000
P 369 3 00000000
P 369 4 00000000
T 370 0 00000000
T 370 1 00000000
T 370 2 00000000
C 370 0 00000000
C 370 1 00000000
C 370 2 00000000
C 370 3 00000000
C 370 4 00000000
C 370 5 00000000
C 370 6 00000000
C 370 7 00000000
C 370 8 00000000
C 370 9 00000000
C 370 10 00000000
C 370 11 00000000
C 370 12 00000000
C 370 13 00000000
C 370 14 00000000
C 370 15 00000000
D 370 0 00000000
D 370 1 00000000
V 370 0 00000000
V 370 1 00000000
R 370 0 00000000
B 370 0 00000000
P 370 0 00000000
P 370 1 00000000
P 370 2 00000000
P 370 3 00000000
P 370 4 00000000
T 371 0 00000000
T 371 1 00000000
T 371 2 00000000
C 371 0 00000000
C 371 1 00000000
C 371 2 00000000
C 371 3 00000000
C 371 4 00000000
C 371 5 00000000
C 371 6 00000000
C 371 7 00000000
C 371 8 00000000
C 371 9 00000000
C 371 10 00000000
C 371 11 00000000
C 371 12 00000000
C 371 13 00000000
C 371 14 00000000
C 371 15 00000000
D 371 0 00000000
D 371 1 00000000
V 371 0 00000000
V 371 1 00000000
R 371 0 00000000
B 371 0 00000000
P 371 0 00000000
P 371 1 00000000
P 371 2 00000000
P 371 3 00000000
P 371 4 00000000
T 372 0 00000000
T 372 1 00000000
T 372 2 00000000
C 372 0 00000000
C 372 1 00000000
C 372 2 00000000
C 372 3 00000000
C 372 4 00000000
C 372 5 00000000
C 372 6 00000000
C 372 7 00000000
C 372 8 00000000
C 372 9 00000000
C 372 10 00000000
C 372 11 00000000
C 372 12 00000000
C 372 13 00000000
C 372 14 00000000
C 372 15 00000000
D 372 0 00000000
D 372 1 00000000
V 372 0 00000000
V 372 1 00000000
R 372 0 00000000
B 372 0 00000000
P 372 0 00000000
P 372 1 00000000
P 372 2 00000000
P 372 3 00000000
P 372 4 00000000
T 373 0 00000000
T 373 1 00000000
T 373 2 00000000
C 373 0 00000000
C 373 1 00000000
C 373 2 00000000
C 373 3 00000000
C 373 4 00000000
C 373 5 00000000
C 373 6 00000000
C 373 7 00000000
C 373 8 00000000
C 373 9 00000000
C 373 10 00000000
C 373 11 00000000
C 373 12 00000000
C 373 13 00000000
C 373 14 00000000
C 373 15 00000000
D 373 0 00000000
D 373 1 00000000
V 373 0 00000000
V 373 1 00000000
R 373 0 00000000
B 373 0 00000000
P 373 0 00000000
P 373 1 00000000
P 373 2 00000000
P 373 3 00000000
P 373 4 00000000
T 374 0 00000000
T 374 1 00000000
T 374 2 00000000
C 374 0 00000000
C 374 1 00000000
C 374 2 00000000
C 374 3 00000000
C 374 4 00000000
C 374 5 00000000
C 374 6 00000000
C 374 7 00000000
C 374 8 00000000
C 374 9 00000000
C 374 10 00000000
C 374 11 00000000
C 374 12 00000000
C 374 13 00000000
C 374 14 00000000
C 374 15 00000000
D 374 0 00000000
D 374 1 00000000
V 374 0 00000000
V 374 1 00000000
R 374 0 00000000
B 374 0 00000000
P 374 0 00000000
P 374 1 00000000
P 374 2 00000000
P 374 3 00000000
P 374 4 00000000
T 375 0 00000000
T 375 1 00000000
T 375 2 00000000
C 375 0 00000000
C 375 1 00000000
C 375 2 00000000
C 375 3 00000000
C 375 4 00000000
C 375 5 00000000
C 375 6 00000000
C 375 7 00000000
C 375 8 00000000
C 375 9 00000000
C 375 10 00000000
C 375 11 00000000
C 375 12 00000000
C 375 13 00000000
C 375 14 00000000
C 375 15 00000000
D 375 0 00000000
D 375 1 00000000
V 375 0 00000000
V 375 1 00000000
R 375 0 00000000
B 375 0 00000000
P 375 0 00000000
P 375 1 00000000
P 375 2 00000000
P 375 3 00000000
P 375 4 00000000
T 376 0 00000000
T 376 1 00000000
T 376 2 00000000
C 376 0 00000000
C 376 1 00000000
C 376 2 00000000
C 376 3 00000000
C 376 4 00000000
C 376 5 00000000
C 376 6 00000000
C 376 7 00000000
C 376 8 00000000
C 376 9 00000000
C 376 10 00000000
C 376 11 00000000
C 376 12 00000000
C 376 13 00000000
C 376 14 00000000
C 376 15 00000000
D 376 0 00000000
D 376 1 00000000
V 376 0 00000000
V 376 1 00000000
R 376 0 00000000
B 376 0 00000000
P 376 0 00000000
P 376 1 00000000
P 376 2 00000000
P 376 3 00000000
P 376 4 00000000
T 377 0 00000000
T 377 1 00000000
T 377 2 00000000
C 377 0 00000000
C 377 1 00000000
C 377 2 00000000
C 377 3 00000000
C 377 4 00000000
C 377 5 00000000
C 377 6 00000000
C 377 7 00000000
C 377 8 00000000
C 377 9 00000000
C 377 10 00000000
C 377 11 00000000
C 377 12 00000000
C 377 13 00000000
C 377 14 00000000
C 377 15 00000000
D 377 0 00000000
D 377 1 00000000
V 377 0 00000000
V 377 1 00000000
R 377 0 00000000
B 377 0 00000000
P 377 0 00000000
P 377 1 00000000
P 377 2 00000000
P 377 3 00000000
P 377 4 00000000
T 378 0 00000000
T 378 1 00000000
T 378 2 00000000
C 378 0 00000000
C 378 1 00000000
C 378 2 00000000
C 378 3 00000000
C 378 4 00000000
C 378 5 00000000
C 378 6 00000000
C 378 7 00000000
C 378 8 00000000
C 378 9 00000000
C 378 10 00000000
C 378 11 00000000
C 378 12 00000000
C 378 13 00000000
C 378 14 00000000
C 378 15 00000000
D 378 0 00000000
D 378 1 00000000
V 378 0 00000000
V 378 1 00000000
R 378 0 00000000
B 378 0 00000000
P 378 0 00000000
P 378 1 00000000
P 378 2 00000000
P 378 3 00000000
P 378 4 00000000
T 379 0 00000000
T 379 1 00000000
T 379 2 00000000
C 379 0 00000000
C 379 1 00000000
C 379 2 00000000
C 379 3 00000000
C 379 4 00000000
C 379 5 00000000
C 379 6 00000000
C 379 7 00000000
C 379 8 00000000
C 379 9 00000000
C 379 10 00000000
C 379 11 00000000
C 379 12 00000000
C 379 13 00000000
C 379 14 00000000
C 379 15 00000000
D 379 0 00000000
D 379 1 00000000
V 379 0 00000000
V 379 1 00000000
R 379 0 00000000
B 379 0 00000000
P 379 0 00000000
P 379 1 00000000
P 379 2 00000000
P 379 3 00000000
P 379 4 00000000
T 380 0 00000000
T 380 1 00000000
T 380 2 00000000
C 380 0 00000000
C 380 1 00000000
C 380 2 00000000
C 380 3 00000000
C 380 4 00000000
C 380 5 00000000
C 380 6 00000000
C 380 7 00000000
C 380 8 00000000
C 380 9 00000000
C 380 10 00000000
C 380 11 00000000
C 380 12 00000000
C 380 13 00000000
C 380 14 00000000
C 380 15 00000000
D 380 0 00000000
D 380 1 00000000
V 380 0 00000000
V 380 1 00000000
R 380 0 00000000
B 380 0 00000000
P 380 0 00000000
P 380 1 00000000
P 380 2 00000000
P 380 3 00000000
P 380 4 00000000
T 381 0 00000000
T 381 1 00000000
T 381 2 00000000
C 381 0 00000000
C 381 1 00000000
C 381 2 00000000
C 381 3 00000000
C 381 4 00000000
C 381 5 00000000
C 381 6 00000000
C 381 7 00000000
C 381 8 00000000
C 381 9 00000000
C 381 10 00000000
C 381 11 00000000
C 381 12 00000000
C 381 13 00000000
C 381 14 00000000
C 381 15 00000000
D 381 0 00000000
D 381 1 00000000
V 381 0 00000000
V 381 1 00000000
R 381 0 00000000
B 381 0 00000000
P 381 0 00000000
P 381 1 00000000
P 381 2 00000000
P 381 3 00000000
P 381 4 00000000
T 382 0 00000000
T 382 1 00000000
T 382 2 00000000
C 382 0 00000000
C 382 1 00000000
C 382 2 00000000
C 382 3 00000000
C 382 4 00000000
C 382 5 00000000
C 382 6 00000000
C 382 7 00000000
C 382 8 00000000
C 382 9 00000000
C 382 10 00000000
C 382 11 00000000
C 382 12 00000000
C 382 13 00000000
C 382 14 00000000
C 382 15 00000000
D 382 0 00000000
D 382 1 00000000
V 382 0 00000000
V 382 1 00000000
R 382 0 00000000
B 382 0 00000000
P 382 0 00000000
P 382 1 00000000
P 382 2 00000000
P 382 3 00000000
P 382 4 00000000
T 383 0 00000000
T 383 1 00000000
T 383 2 00000000
C 383 0 00000000
C 383 1 00000000
C 383 2 00000000
C 383 3 00000000
C 383 4 00000000
C 383 5 00000000
C 383 6 00000000
C 383 7 00000000
C 383 8 00000000
C 383 9 00000000
C 383 10 00000000
C 383 11 00000000
C 383 12 00000000
C 383 13 00000000
C 383 14 00000000
C 383 15 00000000
D 383 0 00000000
D 383 1 00000000
V 383 0 00000000
V 383 1 00000000
R 383 0 00000000
B 383 0 00000000
P 383 0 00000000
P 383 1 00000000
P 383 2 00000000
P 383 3 00000000
P 383 4 00000000
T 384 0 00000000
T 384 1 00000000
T 384 2 00000000
C 384 0 00000000
C 384 1 00000000
C 384 2 00000000
C 384 3 00000000
C 384 4 00000000
C 384 5 00000000
C 384 6 00000000
C 384 7 00000000
C 384 8 00000000
C 384 9 00000000
C 384 10 00000000
C 384 11 00000000
C 384 12 00000000
C 384 13 00000000
C 384 14 00000000
C 384 15 00000000
D 384 0 00000000
D 384 1 00000000
V 384 0 00000000
V 384 1 00000000
R 384 0 00000000
B 384 0 00000000
P 384 0 00000000
P 384 1 00000000
P 384 2 00000000
P 384 3 00000000
P 384 4 00000000
T 385 0 00000000
T 385 1 00000000
T 385 2 00000000
C 385 0 00000000
C 385 1 00000000
C 385 2 00000000
C 385 3 00000000
C 385 4 00000000
C 385 5 00000000
C 385 6 00000000
C 385 7 00000000
C 385 8 00000000
C 385 9 00000000
C 385 10 00000000
C 385 11 00000000
C 385 12 00000000
C 385 13 00000000
C 385 14 00000000
C 385 15 00000000
D 385 0 00000000
D 385 1 00000000
V 385 0 00000000
V 385 1 00000000
R 385 0 00000000
B 385 0 00000000
P 385 0 00000000
P 385 1 00000000
P 385 2 00000000
P 385 3 00000000
P 385 4 00000000
T 386 0 00000000
T 386 1 00000000
T 386 2 00000000
C 386 0 00000000
C 386 1 00000000
C 386 2 00000000
C 386 3 00000000
C 386 4 00000000
C 386 5 00000000
C 386 6 00000000
C 386 7 00000000
C 386 8 00000000
C 386 9 00000000
C 386 10 00000000
C 386 11 00000000
C 386 12 00000000
C 386 13 00000000
C 386 14 00000000
C 386 15 00000000
D 386 0 00000000
D 386 1 00000000
V 386 0 00000000
V 386 1 00000000
R 386 0 00000000
B 386 0 00000000
P 386 0 00000000
P 386 1 00000000
P 386 2 00000000
P 386 3 00000000
P 386 4 00000000
T 387 0 00000000
T 387 1 00000000
T 387 2 00000000
C 387 0 00000000
C 387 1 00000000
C 387 2 00000000
C 387 3 00000000
C 387 4 00000000
C 387 5 00000000
C 387 6 00000000
C 387 7 00000000
C 387 8 00000000
C 387 9 00000000
C 387 10 00000000
C 387 11 00000000
C 387 12 00000000
C 387 13 00000000
C 387 14 00000000
C 387 15 00000000
D 387 0 00000000
D 387 1 00000000
V 387 0 00000000
V 387 1 00000000
R 387 0 00000000
B 387 0 00000000
P 387 0 00000000
P 387 1 00000000
P 387 2 00000000
P 387 3 00000000
P 387 4 00000000
T 388 0 00000000
T 388 1 00000000
T 388 2 00000000
C 388 0 00000000
C 388 1 00000000
C 388 2 00000000
C 388 3 00000000
C 388 4 00000000
C 388 5 00000000
C 388 6 00000000
C 388 7 00000000
C 388 8 00000000
C 388 9 00000000
C 388 10 00000000
C 388 11 00000000
C 388 12 00000000
C 388 13 00000000
C 388 14 00000000
C 388 15 00000000
D 388 0 00000000
D 388 1 00000000
V 388 0 00000000
V 388 1 00000000
R 388 0 00000000
B 388 0 00000000
P 388 0 00000000
P 388 1 00000000
P 388 2 00000000
P 388 3 00000000
P 388 4 00000000
T 389 0 00000000
T 389 1 00000000
T 389 2 00000000
C 389 0 00000000
C 389 1 00000000
C 389 2 00000000
C 389 3 00000000
C 389 4 00000000
C 389 5 00000000
C 389 6 00000000
C 389 7 00000000
C 389 8 00000000
C 389 9 00000000
C 389 10 00000000
C 389 11 00000000
C 389 12 00000000
C 389 13 00000000
C 389 14 00000000
C 389 15 00000000
D 389 0 00000000
D 389 1 00000000
V 389 0 00000000
V 389 1 00000000
R 389 0 00000000
B 389 0 00000000
P 389 0 00000000
P 389 1 00000000
P 389 2 00000000
P 389 3 00000000
P 389 4 00000000
T 390 0 00000000
T 390 1 00000000
T 390 2 00000000
C 390 0 00000000
C 390 1 00000000
C 390 2 00000000
C 390 3 00000000
C 390 4 00000000
C 390 5 00000000
C 390 6 00000000
C 390 7 00000000
C 390 8 00000000
C 390 9 00000000
C 390 10 00000000
C 390 11 00000000
C 390 12 00000000
C 390 13 00000000
C 390 14 00000000
C 390 15 00000000
D 390 0 00000000
D 390 1 00000000
V 390 0 00000000
V 390 1 00000000
R 390 0 00000000
B 390 0 00000000
P 390 0 00000000
P 390 1 00000000
P 390 2 00000000
P 390 3 00000000
P 390 4 00000000
T 391 0 00000000
T 391 1 00000000
T 391 2 00000000
C 391 0 00000000
C 391 1 00000000
C 391 2 00000000
C 391 3 00000000
C 391 4 00000000
C 391 5 00000000
C 391 6 00000000
C 391 7 00000000
C 391 8 00000000
C 391 9 00000000
C 391 10 00000000
C 391 11 00000000
C 391 12 00000000
C 391 13 00000000
C 391 14 00000000
C 391 15 00000000
D 391 0 00000000
D 391 1 00000000
V 391 0 00000000
V 391 1 00000000
R 391 0 00000000
B 391 0 00000000
P 391 0 00000000
P 391 1 00000000
P 391 2 00000000
P 391 3 00000000
P 391 4 00000000
T 392 0 00000000
T 392 1 00000000
T 392 2 00000000
C 392 0 00000000
C 392 1 00000000
C 392 2 00000000
C 392 3 00000000
C 392 4 00000000
C 392 5 00000000
C 392 6 00000000
C 392 7 00000000
C 392 8 00000000
C 392 9 00000000
C 392 10 00000000
C 392 11 00000000
C 392 12 00000000
C 392 13 00000000
C 392 14 00000000
C 392 15 00000000
D 392 0 00000000
D 392 1 00000000
V 392 0 00000000
V 392 1 00000000
R 392 0 00000000
B 392 0 00000000
P 392 0 00000000
P 392 1 00000000
P 392 2 00000000
P 392 3 00000000
P 392 4 00000000
T 393 0 00000000
T 393 1 00000000
T 393 2 00000000
C 393 0 00000000
C 393 1 00000000
C 393 2 00000000
C 393 3 00000000
C 393 4 00000000
C 393 5 00000000
C 393 6 00000000
C 393 7 00000000
C 393 8 00000000
C 393 9 00000000
C 393 10 00000000
C 393 11 00000000
C 393 12 00000000
C 393 13 00000000
C 393 14 00000000
C 393 15 00000000
D 393 0 00000000
D 393 1 00000000
V 393 0 00000000
V 393 1 00000000
R 393 0 00000000
B 393 0 00000000
P 393 0 00000000
P 393 1 00000000
P 393 2 00000000
P 393 3 00000000
P 393 4 00000000
T 394 0 00000000
T 394 1 00000000
T 394 2 00000000
C 394 0 00000000
C 394 1 00000000
C 394 2 00000000
C 394 3 00000000
C 394 4 00000000
C 394 5 00000000
C 394 6 00000000
C 394 7 00000000
C 394 8 00000000
C 394 9 00000000
C 394 10 00000000
C 394 11 00000000
C 394 12 00000000
C 394 13 00000000
C 394 14 00000000
C 394 15 00000000
D 394 0 00000000
D 394 1 00000000
V 394 0 00000000
V 394 1 00000000
R 394 0 00000000
B 394 0 00000000
P 394 0 00000000
P 394 1 00000000
P 394 2 00000000
P 394 3 00000000
P 394 4 00000000
T 395 0 00000000
T 395 1 00000000
T 395 2 00000000
C 395 0 00000000
C 395 1 00000000
C 395 2 00000000
C 395 3 00000000
C 395 4 00000000
C 395 5 00000000
C 395 6 00000000
C 395 7 00000000
C 395 8 00000000
C 395 9 00000000
C 395 10 00000000
C 395 11 00000000
C 395 12 00000000
C 395 13 00000000
C 395 14 00000000
C 395 15 00000000
D 395 0 00000000
D 395 1 00000000
V 395 0 00000000
V 395 1 00000000
R 395 0 00000000
B 395 0 00000000
P 395 0 00000000
P 395 1 00000000
P 395 2 00000000
P 395 3 00000000
P 395 4 00000000
T 396 0 00000000
T 396 1 00000000
T 396 2 00000000
C 396 0 00000000
C 396 1 00000000
C 396 2 00000000
C 396 3 00000000
C 396 4 00000000
C 396 5 00000000
C 396 6 00000000
C 396 7 00000000
C 396 8 00000000
C 396 9 00000000
C 396 10 00000000
C 396 11 00000000
C 396 12 00000000
C 396 13 00000000
C 396 14 00000000
C 396 15 00000000
D 396 0 00000000
D 396 1 00000000
V 396 0 00000000
V 396 1 00000000
R 396 0 00000000
B 396 0 00000000
P 396 0 00000000
P 396 1 00000000
P 396 2 00000000
P 396 3 00000000
P 396 4 00000000
T 397 0 00000000
T 397 1 00000000
T 397 2 00000000
C 397 0 00000000
C 397 1 00000000
C 397 2 00000000
C 397 3 00000000
C 397 4 00000000
C 397 5 00000000
C 397 6 00000000
C 397 7 00000000
C 397 8 00000000
C 397 9 00000000
C 397 10 00000000
C 397 11 00000000
C 397 12 00000000
C 397 13 00000000
C 397 14 00000000
C 397 15 00000000
D 397 0 00000000
D 397 1 00000000
V 397 0 00000000
V 397 1 00000000
R 397 0 00000000
B 397 0 00000000
P 397 0 00000000
P 397 1 00000000
P 397 2 00000000
P 397 3 00000000
P 397 4 00000000
T 398 0 00000000
T 398 1 00000000
T 398 2 00000000
C 398 0 00000000
C 398 1 00000000
C 398 2 00000000
C 398 3 00000000
C 398 4 00000000
C 398 5 00000000
C 398 6 00000000
C 398 7 00000000
C 398 8 00000000
C 398 9 00000000
C 398 10 00000000
C 398 11 00000000
C 398 12 00000000
C 398 13 00000000
C 398 14 00000000
C 398 15 00000000
D 398 0 00000000
D 398 1 00000000
V 398 0 00000000
V 398 1 00000000
R 398 0 00000000
B 398 0 00000000
P 398 0 00000000
P 398 1 00000000
P 398 2 00000000
P 398 3 00000000
P 398 4 00000000
T 399 0 00000000
T 399 1 00000000
T 399 2 00000000
C 399 0 00000000
C 399 1 00000000
C 399 2 00000000
C 399 3 00000000
C 399 4 00000000
C 399 5 00000000
C 399 6 00000000
C 399 7 00000000
C 399 8 00000000
C 399 9 00000000
C 399 10 00000000
C 399 11 00000000
C 399 12 00000000
C 399 13 00000000
C 399 14 00000000
C 399 15 00000000
D 399 0 00000000
D 399 1 00000000
V 399 0 00000000
V 399 1 00000000
R 399 0 00000000
B 399 0 00000000
P 399 0 00000000
P 399 1 00000000
P 399 2 00000000
P 399 3 00000000
P 399 4 00000000
T 400 0 00000000
T 400 1 00000000
T 400 2 00000000
C 400 0 00000000
C 400 1 00000000
C 400 2 00000000
C 400 3 00000000
C 400 4 00000000
C 400 5 00000000
C 400 6 00000000
C 400 7 00000000
C 400 8 00000000
C 400 9 00000000
C 400 10 00000000
C 400 11 00000000
C 400 12 00000000
C 400 13 00000000
C 400 14 00000000
C 400 15 00000000
D 400 0 00000000
D 400 1 00000000
V 400 0 00000000
V 400 1 00000000
R 400 0 00000000
B 400 0 00000000
P 400 0 00000000
P 400 1 00000000
P 400 2 00000000
P 400 3 00000000
P 400 4 00000000
T 401 0 00000000
T 401 1 00000000
T 401 2 00000000
C 401 0 00000000
C 401 1 00000000
C 401 2 00000000
C 401 3 00000000
C 401 4 00000000
C 401 5 00000000
C 401 6 00000000
C 401 7 00000000
C 401 8 00000000
C 401 9 00000000
C 401 10 00000000
C 401 11 00000000
C 401 12 00000000
C 401 13 00000000
C 401 14 00000000
C 401 15 00000000
D 401 0 00000000
D 401 1 00000000
V 401 0 00000000
V 401 1 00000000
R 401 0 00000000
B 401 0 00000000
P 401 0 00000000
P 401 1 00000000
P 401 2 00000000
P 401 3 00000000
P 401 4 00000000
T 402 0 00000000
T 402 1 00000000
T 402 2 00000000
C 402 0 00000000
C 402 1 00000000
C 402 2 00000000
C 402 3 00000000
C 402 4 00000000
C 402 5 00000000
C 402 6 00000000
C 402 7 00000000
C 402 8 00000000
C 402 9 00000000
C 402 10 00000000
C 402 11 00000000
C 402 12 00000000
C 402 13 00000000
C 402 14 00000000
C 402 15 00000000
D 402 0 00000000
D 402 1 00000000
V 402 0 00000000
V 402 1 00000000
R 402 0 00000000
B 402 0 00000000
P 402 0 00000000
P 402 1 00000000
P 402 2 00000000
P 402 3 00000000
P 402 4 00000000
T 403 0 00000000
T 403 1 00000000
T 403 2 00000000
C 403 0 00000000
C 403 1 00000000
C 403 2 00000000
C 403 3 00000000
C 403 4 00000000
C 403 5 00000000
C 403 6 00000000
C 403 7 00000000
C 403 8 00000000
C 403 9 00000000
C 403 10 00000000
C 403 11 00000000
C 403 12 00000000
C 403 13 00000000
C 403 14 00000000
C 403 15 00000000
D 403 0 00000000
D 403 1 00000000
V 403 0 00000000
V 403 1 00000000
R 403 0 00000000
B 403 0 00000000
P 403 0 00000000
P 403 1 00000000
P 403 2 00000000
P 403 3 00000000
P 403 4 00000000
T 404 0 00000000
T 404 1 00000000
T 404 2 00000000
C 404 0 00000000
C 404 1 00000000
C 404 2 00000000
C 404 3 00000000
C 404 4 00000000
C 404 5 00000000
C 404 6 00000000
C 404 7 00000000
C 404 8 00000000
C 404 9 00000000
C 404 10 00000000
C 404 11 00000000
C 404 12 00000000
C 404 13 00000000
C 404 14 00000000
C 404 15 00000000
D 404 0 00000000
D 404 1 00000000
V 404 0 00000000
V 404 1 00000000
R 404 0 00000000
B 404 0 00000000
P 404 0 00000000
P 404 1 00000000
P 404 2 00000000
P 404 3 00000000
P 404 4 00000000
T 405 0 00000000
T 405 1 00000000
T 405 2 00000000
C 405 0 00000000
C 405 1 00000000
C 405 2 00000000
C 405 3 00000000
C 405 4 00000000
C 405 5 00000000
C 405 6 00000000
C 405 7 00000000
C 405 8 00000000
C 405 9 00000000
C 405 10 00000000
C 405 11 00000000
C 405 12 00000000
C 405 13 00000000
C 405 14 00000000
C 405 15 00000000
D 405 0 00000000
D 405 1 00000000
V 405 0 00000000
V 405 1 00000000
R 405 0 00000000
B 405 0 00000000
P 405 0 00000000
P 405 1 00000000
P 405 2 00000000
P 405 3 00000000
P 405 4 00000000
T 406 0 00000000
T 406 1 00000000
T 406 2 00000000
C 406 0 00000000
C 406 1 00000000
C 406 2 00000000
C 406 3 00000000
C 406 4 00000000
C 406 5 00000000
C 406 6 00000000
C 406 7 00000000
C 406 8 00000000
C 406 9 00000000
C 406 10 00000000
C 406 11 00000000
C 406 12 00000000
C 406 13 00000000
C 406 14 00000000
C 406 15 00000000
D 406 0 00000000
D 406 1 00000000
V 406 0 00000000
V 406 1 00000000
R 406 0 00000000
B 406 0 00000000
P 406 0 00000000
P 406 1 00000000
P 406 2 00000000
P 406 3 00000000
P 406 4 00000000
T 407 0 00000000
T 407 1 00000000
T 407 2 00000000
C 407 0 00000000
C 407 1 00000000
C 407 2 00000000
C 407 3 00000000
C 407 4 00000000
C 407 5 00000000
C 407 6 00000000
C 407 7 00000000
C 407 8 00000000
C 407 9 00000000
C 407 10 00000000
C 407 11 00000000
C 407 12 00000000
C 407 13 00000000
C 407 14 00000000
C 407 15 00000000
D 407 0 00000000
D 407 1 00000000
V 407 0 00000000
V 407 1 00000000
R 407 0 00000000
B 407 0 00000000
P 407 0 00000000
P 407 1 00000000
P 407 2 00000000
P 407 3 00000000
P 407 4 00000000
T 408 0 00000000
T 408 1 00000000
T 408 2 00000000
C 408 0 00000000
C 408 1 00000000
C 408 2 00000000
C 408 3 00000000
C 408 4 00000000
C 408 5 00000000
C 408 6 00000000
C 408 7 00000000
C 408 8 00000000
C 408 9 00000000
C 408 10 00000000
C 408 11 00000000
C 408 12 00000000
C 408 13 00000000
C 408 14 00000000
C 408 15 00000000
D 408 0 00000000
D 408 1 00000000
V 408 0 00000000
V 408 1 00000000
R 408 0 00000000
B 408 0 00000000
P 408 0 00000000
P 408 1 00000000
P 408 2 00000000
P 408 3 00000000
P 408 4 00000000
T 409 0 00000000
T 409 1 00000000
T 409 2 00000000
C 409 0 00000000
C 409 1 00000000
C 409 2 00000000
C 409 3 00000000
C 409 4 00000000
C 409 5 00000000
C 409 6 00000000
C 409 7 00000000
C 409 8 00000000
C 409 9 00000000
C 409 10 00000000
C 409 11 00000000
C 409 12 00000000
C 409 13 00000000
C 409 14 00000000
C 409 15 00000000
D 409 0 00000000
D 409 1 00000000
V 409 0 00000000
V 409 1 00000000
R 409 0 00000000
B 409 0 00000000
P 409 0 00000000
P 409 1 00000000
P 409 2 00000000
P 409 3 00000000
P 409 4 00000000
T 410 0 00000000
T 410 1 00000000
T 410 2 00000000
C 410 0 00000000
C 410 1 00000000
C 410 2 00000000
C 410 3 00000000
C 410 4 00000000
C 410 5 00000000
C 410 6 00000000
C 410 7 00000000
C 410 8 00000000
C 410 9 00000000
C 410 10 00000000
C 410 11 00000000
C 410 12 00000000
C 410 13 00000000
C 410 14 00000000
C 410 15 00000000
D 410 0 00000000
D 410 1 00000000
V 410 0 00000000
V 410 1 00000000
R 410 0 00000000
B 410 0 00000000
P 410 0 00000000
P 410 1 00000000
P 410 2 00000000
P 410 3 00000000
P 410 4 00000000
T 411 0 00000000
T 411 1 00000000
T 411 2 00000000
C 411 0 00000000
C 411 1 00000000
C 411 2 00000000
C 411 3 00000000
C 411 4 00000000
C 411 5 00000000
C 411 6 00000000
C 411 7 00000000
C 411 8 00000000
C 411 9 00000000
C 411 10 00000000
C 411 11 00000000
C 411 12 00000000
C 411 13 00000000
C 411 14 00000000
C 411 15 00000000
D 411 0 00000000
D 411 1 00000000
V 411 0 00000000
V 411 1 00000000
R 411 0 00000000
B 411 0 00000000
P 411 0 00000000
P 411 1 00000000
P 411 2 00000000
P 411 3 00000000
P 411 4 00000000
T 412 0 00000000
T 412 1 00000000
T 412 2 00000000
C 412 0 00000000
C 412 1 00000000
C 412 2 00000000
C 412 3 00000000
C 412 4 00000000
C 412 5 00000000
C 412 6 00000000
C 412 7 00000000
C 412 8 00000000
C 412 9 00000000
C 412 10 00000000
C 412 11 00000000
C 412 12 00000000
C 412 13 00000000
C 412 14 00000000
C 412 15 00000000
D 412 0 00000000
D 412 1 00000000
V 412 0 00000000
V 412 1 00000000
R 412 0 00000000
B 412 0 00000000
P 412 0 00000000
P 412 1 00000000
P 412 2 00000000
P 412 3 00000000
P 412 4 00000000
T 413 0 00000000
T 413 1 00000000
T 413 2 00000000
C 413 0 00000000
C 413 1 00000000
C 413 2 00000000
C 413 3 00000000
C 413 4 00000000
C 413 5 00000000
C 413 6 00000000
C 413 7 00000000
C 413 8 00000000
C 413 9 00000000
C 413 10 00000000
C 413 11 00000000
C 413 12 00000000
C 413 13 00000000
C 413 14 00000000
C 413 15 00000000
D 413 0 00000000
D 413 1 00000000
V 413 0 00000000
V 413 1 00000000
R 413 0 00000000
B 413 0 00000000
P 413 0 00000000
P 413 1 00000000
P 413 2 00000000
P 413 3 00000000
P 413 4 00000000
T 414 0 00000000
T 414 1 00000000
T 414 2 00000000
C 414 0 00000000
C 414 1 00000000
C 414 2 00000000
C 414 3 00000000
C 414 4 00000000
C 414 5 00000000
C 414 6 00000000
C 414 7 00000000
C 414 8 00000000
C 414 9 00000000
C 414 10 00000000
C 414 11 00000000
C 414 12 00000000
C 414 13 00000000
C 414 14 00000000
C 414 15 00000000
D 414 0 00000000
D 414 1 00000000
V 414 0 00000000
V 414 1 00000000
R 414 0 00000000
B 414 0 00000000
P 414 0 00000000
P 414 1 00000000
P 414 2 00000000
P 414 3 00000000
P 414 4 00000000
T 415 0 00000000
T 415 1 00000000
T 415 2 00000000
C 415 0 00000000
C 415 1 00000000
C 415 2 00000000
C 415 3 00000000
C 415 4 00000000
C 415 5 00000000
C 415 6 00000000
C 415 7 00000000
C 415 8 00000000
C 415 9 00000000
C 415 10 00000000
C 415 11 00000000
C 415 12 00000000
C 415 13 00000000
C 415 14 00000000
C 415 15 00000000
D 415 0 00000000
D 415 1 00000000
V 415 0 00000000
V 415 1 00000000
R 415 0 00000000
B 415 0 00000000
P 415 0 00000000
P 415 1 00000000
P 415 2 00000000
P 415 3 00000000
P 415 4 00000000
T 416 0 00000000
T 416 1 00000000
T 416 2 00000000
C 416 0 00000000
C 416 1 00000000
C 416 2 00000000
C 416 3 00000000
C 416 4 00000000
C 416 5 00000000
C 416 6 00000000
C 416 7 00000000
C 416 8 00000000
C 416 9 00000000
C 416 10 00000000
C 416 11 00000000
C 416 12 00000000
C 416 13 00000000
C 416 14 00000000
C 416 15 00000000
D 416 0 00000000
D 416 1 00000000
V 416 0 00000000
V 416 1 00000000
R 416 0 00000000
B 416 0 00000000
P 416 0 00000000
P 416 1 00000000
P 416 2 00000000
P 416 3 00000000
P 416 4 00000000
T 417 0 00000000
T 417 1 00000000
T 417 2 00000000
C 417 0 00000000
C 417 1 00000000
C 417 2 00000000
C 417 3 00000000
C 417 4 00000000
C 417 5 00000000
C 417 6 00000000
C 417 7 00000000
C 417 8 00000000
C 417 9 00000000
C 417 10 00000000
C 417 11 00000000
C 417 12 00000000
C 417 13 00000000
C 417 14 00000000
C 417 15 00000000
D 417 0 00000000
D 417 1 00000000
V 417 0 00000000
V 417 1 00000000
R 417 0 00000000
B 417 0 00000000
P 417 0 00000000
P 417 1 00000000
P 417 2 00000000
P 417 3 00000000
P 417 4 00000000
T 418 0 00000000
T 418 1 00000000
T 418 2 00000000
C 418 0 00000000
C 418 1 00000000
C 418 2 00000000
C 418 3 00000000
C 418 4 00000000
C 418 5 00000000
C 418 6 00000000
C 418 7 00000000
C 418 8 00000000
C 418 9 00000000
C 418 10 00000000
C 418 11 00000000
C 418 12 00000000
C 418 13 00000000
C 418 14 00000000
C 418 15 00000000
D 418 0 00000000
D 418 1 00000000
V 418 0 00000000
V 418 1 00000000
R 418 0 00000000
B 418 0 00000000
P 418 0 00000000
P 418 1 00000000
P 418 2 00000000
P 418 3 00000000
P 418 4 00000000
T 419 0 00000000
T 419 1 00000000
T 419 2 00000000
C 419 0 00000000
C 419 1 00000000
C 419 2 00000000
C 419 3 00000000
C 419 4 00000000
C 419 5 00000000
C 419 6 00000000
C 419 7 00000000
C 419 8 00000000
C 419 9 00000000
C 419 10 00000000
C 419 11 00000000
C 419 12 00000000
C 419 13 00000000
C 419 14 00000000
C 419 15 00000000
D 419 0 00000000
D 419 1 00000000
V 419 0 00000000
V 419 1 00000000
R 419 0 00000000
B 419 0 00000000
P 419 0 00000000
P 419 1 00000000
P 419 2 00000000
P 419 3 00000000
P 419 4 00000000
T 420 0 00000000
T 420 1 00000000
T 420 2 00000000
C 420 0 00000000
C 420 1 00000000
C 420 2 00000000
C 420 3 00000000
C 420 4 00000000
C 420 5 00000000
C 420 6 00000000
C 420 7 00000000
C 420 8 00000000
C 420 9 00000000
C 420 10 00000000
C 420 11 00000000
C 420 12 00000000
C 420 13 00000000
C 420 14 00000000
C 420 15 00000000
D 420 0 00000000
D 420 1 00000000
V 420 0 00000000
V 420 1 00000000
R 420 0 00000000
B 420 0 00000000
P 420 0 00000000
P 420 1 00000000
P 420 2 00000000
P 420 3 00000000
P 420 4 00000000
T 421 0 00000000
T 421 1 00000000
T 421 2 00000000
C 421 0 00000000
C 421 1 00000000
C 421 2 00000000
C 421 3 00000000
C 421 4 00000000
C 421 5 00000000
C 421 6 00000000
C 421 7 00000000
C 421 8 00000000
C 421 9 00000000
C 421 10 00000000
C 421 11 00000000
C 421 12 00000000
C 421 13 00000000
C 421 14 00000000
C 421 15 00000000
D 421 0 00000000
D 421 1 00000000
V 421 0 00000000
V 421 1 00000000
R 421 0 00000000
B 421 0 00000000
P 421 0 00000000
P 421 1 00000000
P 421 2 00000000
P 421 3 00000000
P 421 4 00000000
T 422 0 00000000
T 422 1 00000000
T 422 2 00000000
C 422 0 00000000
C 422 1 00000000
C 422 2 00000000
C 422 3 00000000
C 422 4 00000000
C 422 5 00000000
C 422 6 00000000
C 422 7 00000000
C 422 8 00000000
C 422 9 00000000
C 422 10 00000000
C 422 11 00000000
C 422 12 00000000
C 422 13 00000000
C 422 14 00000000
C 422 15 00000000
D 422 0 00000000
D 422 1 00000000
V 422 0 00000000
V 422 1 00000000
R 422 0 00000000
B 422 0 00000000
P 422 0 00000000
P 422 1 00000000
P 422 2 00000000
P 422 3 00000000
P 422 4 00000000
T 423 0 00000000
T 423 1 00000000
T 423 2 00000000
C 423 0 00000000
C 423 1 00000000
C 423 2 00000000
C 423 3 00000000
C 423 4 00000000
C 423 5 00000000
C 423 6 00000000
C 423 7 00000000
C 423 8 00000000
C 423 9 00000000
C 423 10 00000000
C 423 11 00000000
C 423 12 00000000
C 423 13 00000000
C 423 14 00000000
C 423 15 00000000
D 423 0 00000000
D 423 1 00000000
V 423 0 00000000
V 423 1 00000000
R 423 0 00000000
B 423 0 00000000
P 423 0 00000000
P 423 1 00000000
P 423 2 00000000
P 423 3 00000000
P 423 4 00000000
T 424 0 00000000
T 424 1 00000000
T 424 2 00000000
C 424 0 00000000
C 424 1 00000000
C 424 2 00000000
C 424 3 00000000
C 424 4 00000000
C 424 5 00000000
C 424 6 00000000
C 424 7 00000000
C 424 8 00000000
C 424 9 00000000
C 424 10 00000000
C 424 11 00000000
C 424 12 00000000
C 424 13 00000000
C 424 14 00000000
C 424 15 00000000
D 424 0 00000000
D 424 1 00000000
V 424 0 00000000
V 424 1 00000000
R 424 0 00000000
B 424 0 00000000
P 424 0 00000000
P 424 1 00000000
P 424 2 00000000
P 424 3 00000000
P 424 4 00000000
T 425 0 00000000
T 425 1 00000000
T 425 2 00000000
C 425 0 00000000
C 425 1 00000000
C 425 2 00000000
C 425 3 00000000
C 425 4 00000000
C 425 5 00000000
C 425 6 00000000
C 425 7 00000000
C 425 8 00000000
C 425 9 00000000
C 425 10 00000000
C 425 11 00000000
C 425 12 00000000
C 425 13 00000000
C 425 14 00000000
C 425 15 00000000
D 425 0 00000000
D 425 1 00000000
V 425 0 00000000
V 425 1 00000000
R 425 0 00000000
B 425 0 00000000
P 425 0 00000000
P 425 1 00000000
P 425 2 00000000
P 425 3 00000000
P 425 4 00000000
T 426 0 00000000
T 426 1 00000000
T 426 2 00000000
C 426 0 00000000
C 426 1 00000000
C 426 2 00000000
C 426 3 00000000
C 426 4 00000000
C 426 5 00000000
C 426 6 00000000
C 426 7 00000000
C 426 8 00000000
C 426 9 00000000
C 426 10 00000000
C 426 11 00000000
C 426 12 00000000
C 426 13 00000000
C 426 14 00000000
C 426 15 00000000
D 426 0 00000000
D 426 1 00000000
V 426 0 00000000
V 426 1 00000000
R 426 0 00000000
B 426 0 00000000
P 426 0 00000000
P 426 1 00000000
P 426 2 00000000
P 426 3 00000000
P 426 4 00000000
T 427 0 00000000
T 427 1 00000000
T 427 2 00000000
C 427 0 00000000
C 427 1 00000000
C 427 2 00000000
C 427 3 00000000
C 427 4 00000000
C 427 5 00000000
C 427 6 00000000
C 427 7 00000000
C 427 8 00000000
C 427 9 00000000
C 427 10 00000000
C 427 11 00000000
C 427 12 00000000
C 427 13 00000000
C 427 14 00000000
C 427 15 00000000
D 427 0 00000000
D 427 1 00000000
V 427 0 00000000
V 427 1 00000000
R 427 0 00000000
B 427 0 00000000
P 427 0 00000000
P 427 1 00000000
P 427 2 00000000
P 427 3 00000000
P 427 4 00000000
T 428 0 00000000
T 428 1 00000000
T 428 2 00000000
C 428 0 00000000
C 428 1 00000000
C 428 2 00000000
C 428 3 00000000
C 428 4 00000000
C 428 5 00000000
C 428 6 00000000
C 428 7 00000000
C 428 8 00000000
C 428 9 00000000
C 428 10 00000000
C 428 11 00000000
C 428 12 00000000
C 428 13 00000000
C 428 14 00000000
C 428 15 00000000
D 428 0 00000000
D 428 1 00000000
V 428 0 00000000
V 428 1 00000000
R 428 0 00000000
B 428 0 00000000
P 428 0 00000000
P 428 1 00000000
P 428 2 00000000
P 428 3 00000000
P 428 4 00000000
T 429 0 00000000
T 429 1 00000000
T 429 2 00000000
C 429 0 00000000
C 429 1 00000000
C 429 2 00000000
C 429 3 00000000
C 429 4 00000000
C 429 5 00000000
C 429 6 00000000
C 429 7 00000000
C 429 8 00000000
C 429 9 00000000
C 429 10 00000000
C 429 11 00000000
C 429 12 00000000
C 429 13 00000000
C 429 14 00000000
C 429 15 00000000
D 429 0 00000000
D 429 1 00000000
V 429 0 00000000
V 429 1 00000000
R 429 0 00000000
B 429 0 00000000
P 429 0 00000000
P 429 1 00000000
P 429 2 00000000
P 429 3 00000000
P 429 4 00000000
T 430 0 00000000
T 430 1 00000000
T 430 2 00000000
C 430 0 00000000
C 430 1 00000000
C 430 2 00000000
C 430 3 00000000
C 430 4 00000000
C 430 5 00000000
C 430 6 00000000
C 430 7 00000000
C 430 8 00000000
C 430 9 00000000
C 430 10 00000000
C 430 11 00000000
C 430 12 00000000
C 430 13 00000000
C 430 14 00000000
C 430 15 00000000
D 430 0 00000000
D 430 1 00000000
V 430 0 00000000
V 430 1 00000000
R 430 0 00000000
B 430 0 00000000
P 430 0 00000000
P 430 1 00000000
P 430 2 00000000
P 430 3 00000000
P 430 4 00000000
T 431 0 00000000
T 431 1 00000000
T 431 2 00000000
C 431 0 00000000
C 431 1 00000000
C 431 2 00000000
C 431 3 00000000
C 431 4 00000000
C 431 5 00000000
C 431 6 00000000
C 431 7 00000000
C 431 8 00000000
C 431 9 00000000
C 431 10 00000000
C 431 11 00000000
C 431 12 00000000
C 431 13 00000000
C 431 14 00000000
C 431 15 00000000
D 431 0 00000000
D 431 1 00000000
V 431 0 00000000
V 431 1 00000000
R 431 0 00000000
B 431 0 00000000
P 431 0 00000000
P 431 1 00000000
P 431 2 00000000
P 431 3 00000000
P 431 4 00000000
T 432 0 00000000
T 432 1 00000000
T 432 2 00000000
C 432 0 00000000
C 432 1 00000000
C 432 2 00000000
C 432 3 00000000
C 432 4 00000000
C 432 5 00000000
C 432 6 00000000
C 432 7 00000000
C 432 8 00000000
C 432 9 00000000
C 432 10 00000000
C 432 11 00000000
C 432 12 00000000
C 432 13 00000000
C 432 14 00000000
C 432 15 00000000
D 432 0 00000000
D 432 1 00000000
V 432 0 00000000
V 432 1 00000000
R 432 0 00000000
B 432 0 00000000
P 432 0 00000000
P 432 1 00000000
P 432 2 00000000
P 432 3 00000000
P 432 4 00000000
T 433 0 00000000
T 433 1 00000000
T 433 2 00000000
C 433 0 00000000
C 433 1 00000000
C 433 2 00000000
C 433 3 00000000
C 433 4 00000000
C 433 5 00000000
C 433 6 00000000
C 433 7 00000000
C 433 8 00000000
C 433 9 00000000
C 433 10 00000000
C 433 11 00000000
C 433 12 00000000
C 433 13 00000000
C 433 14 00000000
C 433 15 00000000
D 433 0 00000000
D 433 1 00000000
V 433 0 00000000
V 433 1 00000000
R 433 0 00000000
B 433 0 00000000
P 433 0 00000000
P 433 1 00000000
P 433 2 00000000
P 433 3 00000000
P 433 4 00000000
T 434 0 00000000
T 434 1 00000000
T 434 2 00000000
C 434 0 00000000
C 434 1 00000000
C 434 2 00000000
C 434 3 00000000
C 434 4 00000000
C 434 5 00000000
C 434 6 00000000
C 434 7 00000000
C 434 8 00000000
C 434 9 00000000
C 434 10 00000000
C 434 11 00000000
C 434 12 00000000
C 434 13 00000000
C 434 14 00000000
C 434 15 00000000
D 434 0 00000000
D 434 1 00000000
V 434 0 00000000
V 434 1 00000000
R 434 0 00000000
B 434 0 00000000
P 434 0 00000000
P 434 1 00000000
P 434 2 00000000
P 434 3 00000000
P 434 4 00000000
T 435 0 00000000
T 435 1 00000000
T 435 2 00000000
C 435 0 00000000
C 435 1 00000000
C 435 2 00000000
C 435 3 00000000
C 435 4 00000000
C 435 5 00000000
C 435 6 00000000
C 435 7 00000000
C 435 8 00000000
C 435 9 00000000
C 435 10 00000000
C 435 11 00000000
C 435 12 00000000
C 435 13 00000000
C 435 14 00000000
C 435 15 00000000
D 435 0 00000000
D 435 1 00000000
V 435 0 00000000
V 435 1 00000000
R 435 0 00000000
B 435 0 00000000
P 435 0 00000000
P 435 1 00000000
P 435 2 00000000
P 435 3 00000000
P 435 4 00000000
T 436 0 00000000
T 436 1 00000000
T 436 2 00000000
C 436 0 00000000
C 436 1 00000000
C 436 2 00000000
C 436 3 00000000
C 436 4 00000000
C 436 5 00000000
C 436 6 00000000
C 436 7 00000000
C 436 8 00000000
C 436 9 00000000
C 436 10 00000000
C 436 11 00000000
C 436 12 00000000
C 436 13 00000000
C 436 14 00000000
C 436 15 00000000
D 436 0 00000000
D 436 1 00000000
V 436 0 00000000
V 436 1 00000000
R 436 0 00000000
B 436 0 00000000
P 436 0 00000000
P 436 1 00000000
P 436 2 00000000
P 436 3 00000000
P 436 4 00000000
T 437 0 00000000
T 437 1 00000000
T 437 2 00000000
C 437 0 00000000
C 437 1 00000000
C 437 2 00000000
C 437 3 00000000
C 437 4 00000000
C 437 5 00000000
C 437 6 00000000
C 437 7 00000000
C 437 8 00000000
C 437 9 00000000
C 437 10 00000000
C 437 11 00000000
C 437 12 00000000
C 437 13 00000000
C 437 14 00000000
C 437 15 00000000
D 437 0 00000000
D 437 1 00000000
V 437 0 00000000
V 437 1 00000000
R 437 0 00000000
B 437 0 00000000
P 437 0 00000000
P 437 1 00000000
P 437 2 00000000
P 437 3 00000000
P 437 4 00000000
T 438 0 00000000
T 438 1 00000000
T 438 2 00000000
C 438 0 00000000
C 438 1 00000000
C 438 2 00000000
C 438 3 00000000
C 438 4 00000000
C 438 5 00000000
C 438 6 00000000
C 438 7 00000000
C 438 8 00000000
C 438 9 00000000
C 438 10 00000000
C 438 11 00000000
C 438 12 00000000
C 438 13 00000000
C 438 14 00000000
C 438 15 00000000
D 438 0 00000000
D 438 1 00000000
V 438 0 00000000
V 438 1 00000000
R 438 0 00000000
B 438 0 00000000
P 438 0 00000000
P 438 1 00000000
P 438 2 00000000
P 438 3 00000000
P 438 4 00000000
T 439 0 00000000
T 439 1 00000000
T 439 2 00000000
C 439 0 00000000
C 439 1 00000000
C 439 2 00000000
C 439 3 00000000
C 439 4 00000000
C 439 5 00000000
C 439 6 00000000
C 439 7 00000000
C 439 8 00000000
C 439 9 00000000
C 439 10 00000000
C 439 11 00000000
C 439 12 00000000
C 439 13 00000000
C 439 14 00000000
C 439 15 00000000
D 439 0 00000000
D 439 1 00000000
V 439 0 00000000
V 439 1 00000000
R 439 0 00000000
B 439 0 00000000
P 439 0 00000000
P 439 1 00000000
P 439 2 00000000
P 439 3 00000000
P 439 4 00000000
T 440 0 00000000
T 440 1 00000000
T 440 2 00000000
C 440 0 00000000
C 440 1 00000000
C 440 2 00000000
C 440 3 00000000
C 440 4 00000000
C 440 5 00000000
C 440 6 00000000
C 440 7 00000000
C 440 8 00000000
C 440 9 00000000
C 440 10 00000000
C 440 11 00000000
C 440 12 00000000
C 440 13 00000000
C 440 14 00000000
C 440 15 00000000
D 440 0 00000000
D 440 1 00000000
V 440 0 00000000
V 440 1 00000000
R 440 0 00000000
B 440 0 00000000
P 440 0 00000000
P 440 1 00000000
P 440 2 00000000
P 440 3 00000000
P 440 4 00000000
T 441 0 00000000
T 441 1 00000000
T 441 2 00000000
C 441 0 00000000
C 441 1 00000000
C 441 2 00000000
C 441 3 00000000
C 441 4 00000000
C 441 5 00000000
C 441 6 00000000
C 441 7 00000000
C 441 8 00000000
C 441 9 00000000
C 441 10 00000000
C 441 11 00000000
C 441 12 00000000
C 441 13 00000000
C 441 14 00000000
C 441 15 00000000
D 441 0 00000000
D 441 1 00000000
V 441 0 00000000
V 441 1 00000000
R 441 0 00000000
B 441 0 00000000
P 441 0 00000000
P 441 1 00000000
P 441 2 00000000
P 441 3 00000000
P 441 4 00000000
T 442 0 00000000
T 442 1 00000000
T 442 2 00000000
C 442 0 00000000
C 442 1 00000000
C 442 2 00000000
C 442 3 00000000
C 442 4 00000000
C 442 5 00000000
C 442 6 00000000
C 442 7 00000000
C 442 8 00000000
C 442 9 00000000
C 442 10 00000000
C 442 11 00000000
C 442 12 00000000
C 442 13 00000000
C 442 14 00000000
C 442 15 00000000
D 442 0 00000000
D 442 1 00000000
V 442 0 00000000
V 442 1 00000000
R 442 0 00000000
B 442 0 00000000
P 442 0 00000000
P 442 1 00000000
P 442 2 00000000
P 442 3 00000000
P 442 4 00000000
T 443 0 00000000
T 443 1 00000000
T 443 2 00000000
C 443 0 00000000
C 443 1 00000000
C 443 2 00000000
C 443 3 00000000
C 443 4 00000000
C 443 5 00000000
C 443 6 00000000
C 443 7 00000000
C 443 8 00000000
C 443 9 00000000
C 443 10 00000000
C 443 11 00000000
C 443 12 00000000
C 443 13 00000000
C 443 14 00000000
C 443 15 00000000
D 443 0 00000000
D 443 1 00000000
V 443 0 00000000
V 443 1 00000000
R 443 0 00000000
B 443 0 00000000
P 443 0 00000000
P 443 1 00000000
P 443 2 00000000
P 443 3 00000000
P 443 4 00000000
T 444 0 00000000
T 444 1 00000000
T 444 2 00000000
C 444 0 00000000
C 444 1 00000000
C 444 2 00000000
C 444 3 00000000
C 444 4 00000000
C 444 5 00000000
C 444 6 00000000
C 444 7 00000000
C 444 8 00000000
C 444 9 00000000
C 444 10 00000000
C 444 11 00000000
C 444 12 00000000
C 444 13 00000000
C 444 14 00000000
C 444 15 00000000
D 444 0 00000000
D 444 1 00000000
V 444 0 00000000
V 444 1 00000000
R 444 0 00000000
B 444 0 00000000
P 444 0 00000000
P 444 1 00000000
P 444 2 00000000
P 444 3 00000000
P 444 4 00000000
T 445 0 00000000
T 445 1 00000000
T 445 2 00000000
C 445 0 00000000
C 445 1 00000000
C 445 2 00000000
C 445 3 00000000
C 445 4 00000000
C 445 5 00000000
C 445 6 00000000
C 445 7 00000000
C 445 8 00000000
C 445 9 00000000
C 445 10 00000000
C 445 11 00000000
C 445 12 00000000
C 445 13 00000000
C 445 14 00000000
C 445 15 00000000
D 445 0 00000000
D 445 1 00000000
V 445 0 00000000
V 445 1 00000000
R 445 0 00000000
B 445 0 00000000
P 445 0 00000000
P 445 1 00000000
P 445 2 00000000
P 445 3 00000000
P 445 4 00000000
T 446 0 00000000
T 446 1 00000000
T 446 2 00000000
C 446 0 00000000
C 446 1 00000000
C 446 2 00000000
C 446 3 00000000
C 446 4 00000000
C 446 5 00000000
C 446 6 00000000
C 446 7 00000000
C 446 8 00000000
C 446 9 00000000
C 446 10 00000000
C 446 11 00000000
C 446 12 00000000
C 446 13 00000000
C 446 14 00000000
C 446 15 00000000
D 446 0 00000000
D 446 1 00000000
V 446 0 00000000
V 446 1 00000000
R 446 0 00000000
B 446 0 00000000
P 446 0 00000000
P 446 1 00000000
P 446 2 00000000
P 446 3 00000000
P 446 4 00000000
T 447 0 00000000
T 447 1 00000000
T 447 2 00000000
C 447 0 00000000
C 447 1 00000000
C 447 2 00000000
C 447 3 00000000
C 447 4 00000000
C 447 5 00000000
C 447 6 00000000
C 447 7 00000000
C 447 8 00000000
C 447 9 00000000
C 447 10 00000000
C 447 11 00000000
C 447 12 00000000
C 447 13 00000000
C 447 14 00000000
C 447 15 00000000
D 447 0 00000000
D 447 1 00000000
V 447 0 00000000
V 447 1 00000000
R 447 0 00000000
B 447 0 00000000
P 447 0 00000000
P 447 1 00000000
P 447 2 00000000
P 447 3 00000000
P 447 4 00000000
T 448 0 00000000
T 448 1 00000000
T 448 2 00000000
C 448 0 00000000
C 448 1 00000000
C 448 2 00000000
C 448 3 00000000
C 448 4 00000000
C 448 5 00000000
C 448 6 00000000
C 448 7 00000000
C 448 8 00000000
C 448 9 00000000
C 448 10 00000000
C 448 11 00000000
C 448 12 00000000
C 448 13 00000000
C 448 14 00000000
C 448 15 00000000
D 448 0 00000000
D 448 1 00000000
V 448 0 00000000
V 448 1 00000000
R 448 0 00000000
B 448 0 00000000
P 448 0 00000000
P 448 1 00000000
P 448 2 00000000
P 448 3 00000000
P 448 4 00000000
T 449 0 00000000
T 449 1 00000000
T 449 2 00000000
C 449 0 00000000
C 449 1 00000000
C 449 2 00000000
C 449 3 00000000
C 449 4 00000000
C 449 5 00000000
C 449 6 00000000
C 449 7 00000000
C 449 8 00000000
C 449 9 00000000
C 449 10 00000000
C 449 11 00000000
C 449 12 00000000
C 449 13 00000000
C 449 14 00000000
C 449 15 00000000
D 449 0 00000000
D 449 1 00000000
V 449 0 00000000
V 449 1 00000000
R 449 0 00000000
B 449 0 00000000
P 449 0 00000000
P 449 1 00000000
P 449 2 00000000
P 449 3 00000000
P 449 4 00000000
T 450 0 00000000
T 450 1 00000000
T 450 2 00000000
C 450 0 00000000
C 450 1 00000000
C 450 2 00000000
C 450 3 00000000
C 450 4 00000000
C 450 5 00000000
C 450 6 00000000
C 450 7 00000000
C 450 8 00000000
C 450 9 00000000
C 450 10 00000000
C 450 11 00000000
C 450 12 00000000
C 450 13 00000000
C 450 14 00000000
C 450 15 00000000
D 450 0 00000000
D 450 1 00000000
V 450 0 00000000
V 450 1 00000000
R 450 0 00000000
B 450 0 00000000
P 450 0 00000000
P 450 1 00000000
P 450 2 00000000
P 450 3 00000000
P 450 4 00000000
T 451 0 00000000
T 451 1 00000000
T 451 2 00000000
C 451 0 00000000
C 451 1 00000000
C 451 2 00000000
C 451 3 00000000
C 451 4 00000000
C 451 5 00000000
C 451 6 00000000
C 451 7 00000000
C 451 8 00000000
C 451 9 00000000
C 451 10 00000000
C 451 11 00000000
C 451 12 00000000
C 451 13 00000000
C 451 14 00000000
C 451 15 00000000
D 451 0 00000000
D 451 1 00000000
V 451 0 00000000
V 451 1 00000000
R 451 0 00000000
B 451 0 00000000
P 451 0 00000000
P 451 1 00000000
P 451 2 00000000
P 451 3 00000000
P 451 4 00000000
T 452 0 00000000
T 452 1 00000000
T 452 2 00000000
C 452 0 00000000
C 452 1 00000000
C 452 2 00000000
C 452 3 00000000
C 452 4 00000000
C 452 5 00000000
C 452 6 00000000
C 452 7 00000000
C 452 8 00000000
C 452 9 00000000
C 452 10 00000000
C 452 11 00000000
C 452 12 00000000
C 452 13 00000000
C 452 14 00000000
C 452 15 00000000
D 452 0 00000000
D 452 1 00000000
V 452 0 00000000
V 452 1 00000000
R 452 0 00000000
B 452 0 00000000
P 452 0 00000000
P 452 1 00000000
P 452 2 00000000
P 452 3 00000000
P 452 4 00000000
T 453 0 00000000
T 453 1 00000000
T 453 2 00000000
C 453 0 00000000
C 453 1 00000000
C 453 2 00000000
C 453 3 00000000
C 453 4 00000000
C 453 5 00000000
C 453 6 00000000
C 453 7 00000000
C 453 8 00000000
C 453 9 00000000
C 453 10 00000000
C 453 11 00000000
C 453 12 00000000
C 453 13 00000000
C 453 14 00000000
C 453 15 00000000
D 453 0 00000000
D 453 1 00000000
V 453 0 00000000
V 453 1 00000000
R 453 0 00000000
B 453 0 00000000
P 453 0 00000000
P 453 1 00000000
P 453 2 00000000
P 453 3 00000000
P 453 4 00000000
T 454 0 00000000
T 454 1 00000000
T 454 2 00000000
C 454 0 00000000
C 454 1 00000000
C 454 2 00000000
C 454 3 00000000
C 454 4 00000000
C 454 5 00000000
C 454 6 00000000
C 454 7 00000000
C 454 8 00000000
C 454 9 00000000
C 454 10 00000000
C 454 11 00000000
C 454 12 00000000
C 454 13 00000000
C 454 14 00000000
C 454 15 00000000
D 454 0 00000000
D 454 1 00000000
V 454 0 00000000
V 454 1 00000000
R 454 0 00000000
B 454 0 00000000
P 454 0 00000000
P 454 1 00000000
P 454 2 00000000
P 454 3 00000000
P 454 4 00000000
T 455 0 00000000
T 455 1 00000000
T 455 2 00000000
C 455 0 00000000
C 455 1 00000000
C 455 2 00000000
C 455 3 00000000
C 455 4 00000000
C 455 5 00000000
C 455 6 00000000
C 455 7 00000000
C 455 8 00000000
C 455 9 00000000
C 455 10 00000000
C 455 11 00000000
C 455 12 00000000
C 455 13 00000000
C 455 14 00000000
C 455 15 00000000
D 455 0 00000000
D 455 1 00000000
V 455 0 00000000
V 455 1 00000000
R 455 0 00000000
B 455 0 00000000
P 455 0 00000000
P 455 1 00000000
P 455 2 00000000
P 455 3 00000000
P 455 4 00000000
T 456 0 00000000
T 456 1 00000000
T 456 2 00000000
C 456 0 00000000
C 456 1 00000000
C 456 2 00000000
C 456 3 00000000
C 456 4 00000000
C 456 5 00000000
C 456 6 00000000
C 456 7 00000000
C 456 8 00000000
C 456 9 00000000
C 456 10 00000000
C 456 11 00000000
C 456 12 00000000
C 456 13 00000000
C 456 14 00000000
C 456 15 00000000
D 456 0 00000000
D 456 1 00000000
V 456 0 00000000
V 456 1 00000000
R 456 0 00000000
B 456 0 00000000
P 456 0 00000000
P 456 1 00000000
P 456 2 00000000
P 456 3 00000000
P 456 4 00000000
T 457 0 00000000
T 457 1 00000000
T 457 2 00000000
C 457 0 00000000
C 457 1 00000000
C 457 2 00000000
C 457 3 00000000
C 457 4 00000000
C 457 5 00000000
C 457 6 00000000
C 457 7 00000000
C 457 8 00000000
C 457 9 00000000
C 457 10 00000000
C 457 11 00000000
C 457 12 00000000
C 457 13 00000000
C 457 14 00000000
C 457 15 00000000
D 457 0 00000000
D 457 1 00000000
V 457 0 00000000
V 457 1 00000000
R 457 0 00000000
B 457 0 00000000
P 457 0 00000000
P 457 1 00000000
P 457 2 00000000
P 457 3 00000000
P 457 4 00000000
T 458 0 00000000
T 458 1 00000000
T 458 2 00000000
C 458 0 00000000
C 458 1 00000000
C 458 2 00000000
C 458 3 00000000
C 458 4 00000000
C 458 5 00000000
C 458 6 00000000
C 458 7 00000000
C 458 8 00000000
C 458 9 00000000
C 458 10 00000000
C 458 11 00000000
C 458 12 00000000
C 458 13 00000000
C 458 14 00000000
C 458 15 00000000
D 458 0 00000000
D 458 1 00000000
V 458 0 00000000
V 458 1 00000000
R 458 0 00000000
B 458 0 00000000
P 458 0 00000000
P 458 1 00000000
P 458 2 00000000
P 458 3 00000000
P 458 4 00000000
T 459 0 00000000
T 459 1 00000000
T 459 2 00000000
C 459 0 00000000
C 459 1 00000000
C 459 2 00000000
C 459 3 00000000
C 459 4 00000000
C 459 5 00000000
C 459 6 00000000
C 459 7 00000000
C 459 8 00000000
C 459 9 00000000
C 459 10 00000000
C 459 11 00000000
C 459 12 00000000
C 459 13 00000000
C 459 14 00000000
C 459 15 00000000
D 459 0 00000000
D 459 1 00000000
V 459 0 00000000
V 459 1 00000000
R 459 0 00000000
B 459 0 00000000
P 459 0 00000000
P 459 1 00000000
P 459 2 00000000
P 459 3 00000000
P 459 4 00000000
T 460 0 00000000
T 460 1 00000000
T 460 2 00000000
C 460 0 00000000
C 460 1 00000000
C 460 2 00000000
C 460 3 00000000
C 460 4 00000000
C 460 5 00000000
C 460 6 00000000
C 460 7 00000000
C 460 8 00000000
C 460 9 00000000
C 460 10 00000000
C 460 11 00000000
C 460 12 00000000
C 460 13 00000000
C 460 14 00000000
C 460 15 00000000
D 460 0 00000000
D 460 1 00000000
V 460 0 00000000
V 460 1 00000000
R 460 0 00000000
B 460 0 00000000
P 460 0 00000000
P 460 1 00000000
P 460 2 00000000
P 460 3 00000000
P 460 4 00000000
T 461 0 00000000
T 461 1 00000000
T 461 2 00000000
C 461 0 00000000
C 461 1 00000000
C 461 2 00000000
C 461 3 00000000
C 461 4 00000000
C 461 5 00000000
C 461 6 00000000
C 461 7 00000000
C 461 8 00000000
C 461 9 00000000
C 461 10 00000000
C 461 11 00000000
C 461 12 00000000
C 461 13 00000000
C 461 14 00000000
C 461 15 00000000
D 461 0 00000000
D 461 1 00000000
V 461 0 00000000
V 461 1 00000000
R 461 0 00000000
B 461 0 00000000
P 461 0 00000000
P 461 1 00000000
P 461 2 00000000
P 461 3 00000000
P 461 4 00000000
T 462 0 00000000
T 462 1 00000000
T 462 2 00000000
C 462 0 00000000
C 462 1 00000000
C 462 2 00000000
C 462 3 00000000
C 462 4 00000000
C 462 5 00000000
C 462 6 00000000
C 462 7 00000000
C 462 8 00000000
C 462 9 00000000
C 462 10 00000000
C 462 11 00000000
C 462 12 00000000
C 462 13 00000000
C 462 14 00000000
C 462 15 00000000
D 462 0 00000000
D 462 1 00000000
V 462 0 00000000
V 462 1 00000000
R 462 0 00000000
B 462 0 00000000
P 462 0 00000000
P 462 1 00000000
P 462 2 00000000
P 462 3 00000000
P 462 4 00000000
T 463 0 00000000
T 463 1 00000000
T 463 2 00000000
C 463 0 00000000
C 463 1 00000000
C 463 2 00000000
C 463 3 00000000
C 463 4 00000000
C 463 5 00000000
C 463 6 00000000
C 463 7 00000000
C 463 8 00000000
C 463 9 00000000
C 463 10 00000000
C 463 11 00000000
C 463 12 00000000
C 463 13 00000000
C 463 14 00000000
C 463 15 00000000
D 463 0 00000000
D 463 1 00000000
V 463 0 00000000
V 463 1 00000000
R 463 0 00000000
B 463 0 00000000
P 463 0 00000000
P 463 1 00000000
P 463 2 00000000
P 463 3 00000000
P 463 4 00000000
T 464 0 00000000
T 464 1 00000000
T 464 2 00000000
C 464 0 00000000
C 464 1 00000000
C 464 2 00000000
C 464 3 00000000
C 464 4 00000000
C 464 5 00000000
C 464 6 00000000
C 464 7 00000000
C 464 8 00000000
C 464 9 00000000
C 464 10 00000000
C 464 11 00000000
C 464 12 00000000
C 464 13 00000000
C 464 14 00000000
C 464 15 00000000
D 464 0 00000000
D 464 1 00000000
V 464 0 00000000
V 464 1 00000000
R 464 0 00000000
B 464 0 00000000
P 464 0 00000000
P 464 1 00000000
P 464 2 00000000
P 464 3 00000000
P 464 4 00000000
T 465 0 00000000
T 465 1 00000000
T 465 2 00000000
C 465 0 00000000
C 465 1 00000000
C 465 2 00000000
C 465 3 00000000
C 465 4 00000000
C 465 5 00000000
C 465 6 00000000
C 465 7 00000000
C 465 8 00000000
C 465 9 00000000
C 465 10 00000000
C 465 11 00000000
C 465 12 00000000
C 465 13 00000000
C 465 14 00000000
C 465 15 00000000
D 465 0 00000000
D 465 1 00000000
V 465 0 00000000
V 465 1 00000000
R 465 0 00000000
B 465 0 00000000
P 465 0 00000000
P 465 1 00000000
P 465 2 00000000
P 465 3 00000000
P 465 4 00000000
T 466 0 00000000
T 466 1 00000000
T 466 2 00000000
C 466 0 00000000
C 466 1 00000000
C 466 2 00000000
C 466 3 00000000
C 466 4 00000000
C 466 5 00000000
C 466 6 00000000
C 466 7 00000000
C 466 8 00000000
C 466 9 00000000
C 466 10 00000000
C 466 11 00000000
C 466 12 00000000
C 466 13 00000000
C 466 14 00000000
C 466 15 00000000
D 466 0 00000000
D 466 1 00000000
V 466 0 00000000
V 466 1 00000000
R 466 0 00000000
B 466 0 00000000
P 466 0 00000000
P 466 1 00000000
P 466 2 00000000
P 466 3 00000000
P 466 4 00000000
T 467 0 00000000
T 467 1 00000000
T 467 2 00000000
C 467 0 00000000
C 467 1 00000000
C 467 2 00000000
C 467 3 00000000
C 467 4 00000000
C 467 5 00000000
C 467 6 00000000
C 467 7 00000000
C 467 8 00000000
C 467 9 00000000
C 467 10 00000000
C 467 11 00000000
C 467 12 00000000
C 467 13 00000000
C 467 14 00000000
C 467 15 00000000
D 467 0 00000000
D 467 1 00000000
V 467 0 00000000
V 467 1 00000000
R 467 0 00000000
B 467 0 00000000
P 467 0 00000000
P 467 1 00000000
P 467 2 00000000
P 467 3 00000000
P 467 4 00000000
T 468 0 00000000
T 468 1 00000000
T 468 2 00000000
C 468 0 00000000
C 468 1 00000000
C 468 2 00000000
C 468 3 00000000
C 468 4 00000000
C 468 5 00000000
C 468 6 00000000
C 468 7 00000000
C 468 8 00000000
C 468 9 00000000
C 468 10 00000000
C 468 11 00000000
C 468 12 00000000
C 468 13 00000000
C 468 14 00000000
C 468 15 00000000
D 468 0 00000000
D 468 1 00000000
V 468 0 00000000
V 468 1 00000000
R 468 0 00000000
B 468 0 00000000
P 468 0 00000000
P 468 1 00000000
P 468 2 00000000
P 468 3 00000000
P 468 4 00000000
T 469 0 00000000
T 469 1 00000000
T 469 2 00000000
C 469 0 00000000
C 469 1 00000000
C 469 2 00000000
C 469 3 00000000
C 469 4 00000000
C 469 5 00000000
C 469 6 00000000
C 469 7 00000000
C 469 8 00000000
C 469 9 00000000
C 469 10 00000000
C 469 11 00000000
C 469 12 00000000
C 469 13 00000000
C 469 14 00000000
C 469 15 00000000
D 469 0 00000000
D 469 1 00000000
V 469 0 00000000
V 469 1 00000000
R 469 0 00000000
B 469 0 00000000
P 469 0 00000000
P 469 1 00000000
P 469 2 00000000
P 469 3 00000000
P 469 4 00000000
T 470 0 00000000
T 470 1 00000000
T 470 2 00000000
C 470 0 00000000
C 470 1 00000000
C 470 2 00000000
C 470 3 00000000
C 470 4 00000000
C 470 5 00000000
C 470 6 00000000
C 470 7 00000000
C 470 8 00000000
C 470 9 00000000
C 470 10 00000000
C 470 11 00000000
C 470 12 00000000
C 470 13 00000000
C 470 14 00000000
C 470 15 00000000
D 470 0 00000000
D 470 1 00000000
V 470 0 00000000
V 470 1 00000000
R 470 0 00000000
B 470 0 00000000
P 470 0 00000000
P 470 1 00000000
P 470 2 00000000
P 470 3 00000000
P 470 4 00000000
T 471 0 00000000
T 471 1 00000000
T 471 2 00000000
C 471 0 00000000
C 471 1 00000000
C 471 2 00000000
C 471 3 00000000
C 471 4 00000000
C 471 5 00000000
C 471 6 00000000
C 471 7 00000000
C 471 8 00000000
C 471 9 00000000
C 471 10 00000000
C 471 11 00000000
C 471 12 00000000
C 471 13 00000000
C 471 14 00000000
C 471 15 00000000
D 471 0 00000000
D 471 1 00000000
V 471 0 00000000
V 471 1 00000000
R 471 0 00000000
B 471 0 00000000
P 471 0 00000000
P 471 1 00000000
P 471 2 00000000
P 471 3 00000000
P 471 4 00000000
T 472 0 00000000
T 472 1 00000000
T 472 2 00000000
C 472 0 00000000
C 472 1 00000000
C 472 2 00000000
C 472 3 00000000
C 472 4 00000000
C 472 5 00000000
C 472 6 00000000
C 472 7 00000000
C 472 8 00000000
C 472 9 00000000
C 472 10 00000000
C 472 11 00000000
C 472 12 00000000
C 472 13 00000000
C 472 14 00000000
C 472 15 00000000
D 472 0 00000000
D 472 1 00000000
V 472 0 00000000
V 472 1 00000000
R 472 0 00000000
B 472 0 00000000
P 472 0 00000000
P 472 1 00000000
P 472 2 00000000
P 472 3 00000000
P 472 4 00000000
T 473 0 00000000
T 473 1 00000000
T 473 2 00000000
C 473 0 00000000
C 473 1 00000000
C 473 2 00000000
C 473 3 00000000
C 473 4 00000000
C 473 5 00000000
C 473 6 00000000
C 473 7 00000000
C 473 8 00000000
C 473 9 00000000
C 473 10 00000000
C 473 11 00000000
C 473 12 00000000
C 473 13 00000000
C 473 14 00000000
C 473 15 00000000
D 473 0 00000000
D 473 1 00000000
V 473 0 00000000
V 473 1 00000000
R 473 0 00000000
B 473 0 00000000
P 473 0 00000000
P 473 1 00000000
P 473 2 00000000
P 473 3 00000000
P 473 4 00000000
T 474 0 00000000
T 474 1 00000000
T 474 2 00000000
C 474 0 00000000
C 474 1 00000000
C 474 2 00000000
C 474 3 00000000
C 474 4 00000000
C 474 5 00000000
C 474 6 00000000
C 474 7 00000000
C 474 8 00000000
C 474 9 00000000
C 474 10 00000000
C 474 11 00000000
C 474 12 00000000
C 474 13 00000000
C 474 14 00000000
C 474 15 00000000
D 474 0 00000000
D 474 1 00000000
V 474 0 00000000
V 474 1 00000000
R 474 0 00000000
B 474 0 00000000
P 474 0 00000000
P 474 1 00000000
P 474 2 00000000
P 474 3 00000000
P 474 4 00000000
T 475 0 00000000
T 475 1 00000000
T 475 2 00000000
C 475 0 00000000
C 475 1 00000000
C 475 2 00000000
C 475 3 00000000
C 475 4 00000000
C 475 5 00000000
C 475 6 00000000
C 475 7 00000000
C 475 8 00000000
C 475 9 00000000
C 475 10 00000000
C 475 11 00000000
C 475 12 00000000
C 475 13 00000000
C 475 14 00000000
C 475 15 00000000
D 475 0 00000000
D 475 1 00000000
V 475 0 00000000
V 475 1 00000000
R 475 0 00000000
B 475 0 00000000
P 475 0 00000000
P 475 1 00000000
P 475 2 00000000
P 475 3 00000000
P 475 4 00000000
T 476 0 00000000
T 476 1 00000000
T 476 2 00000000
C 476 0 00000000
C 476 1 00000000
C 476 2 00000000
C 476 3 00000000
C 476 4 00000000
C 476 5 00000000
C 476 6 00000000
C 476 7 00000000
C 476 8 00000000
C 476 9 00000000
C 476 10 00000000
C 476 11 00000000
C 476 12 00000000
C 476 13 00000000
C 476 14 00000000
C 476 15 00000000
D 476 0 00000000
D 476 1 00000000
V 476 0 00000000
V 476 1 00000000
R 476 0 00000000
B 476 0 00000000
P 476 0 00000000
P 476 1 00000000
P 476 2 00000000
P 476 3 00000000
P 476 4 00000000
T 477 0 00000000
T 477 1 00000000
T 477 2 00000000
C 477 0 00000000
C 477 1 00000000
C 477 2 00000000
C 477 3 00000000
C 477 4 00000000
C 477 5 00000000
C 477 6 00000000
C 477 7 00000000
C 477 8 00000000
C 477 9 00000000
C 477 10 00000000
C 477 11 00000000
C 477 12 00000000
C 477 13 00000000
C 477 14 00000000
C 477 15 00000000
D 477 0 00000000
D 477 1 00000000
V 477 0 00000000
V 477 1 00000000
R 477 0 00000000
B 477 0 00000000
P 477 0 00000000
P 477 1 00000000
P 477 2 00000000
P 477 3 00000000
P 477 4 00000000
T 478 0 00000000
T 478 1 00000000
T 478 2 00000000
C 478 0 00000000
C 478 1 00000000
C 478 2 00000000
C 478 3 00000000
C 478 4 00000000
C 478 5 00000000
C 478 6 00000000
C 478 7 00000000
C 478 8 00000000
C 478 9 00000000
C 478 10 00000000
C 478 11 00000000
C 478 12 00000000
C 478 13 00000000
C 478 14 00000000
C 478 15 00000000
D 478 0 00000000
D 478 1 00000000
V 478 0 00000000
V 478 1 00000000
R 478 0 00000000
B 478 0 00000000
P 478 0 00000000
P 478 1 00000000
P 478 2 00000000
P 478 3 00000000
P 478 4 00000000
T 479 0 00000000
T 479 1 00000000
T 479 2 00000000
C 479 0 00000000
C 479 1 00000000
C 479 2 00000000
C 479 3 00000000
C 479 4 00000000
C 479 5 00000000
C 479 6 00000000
C 479 7 00000000
C 479 8 00000000
C 479 9 00000000
C 479 10 00000000
C 479 11 00000000
C 479 12 00000000
C 479 13 00000000
C 479 14 00000000
C 479 15 00000000
D 479 0 00000000
D 479 1 00000000
V 479 0 00000000
V 479 1 00000000
R 479 0 00000000
B 479 0 00000000
P 479 0 00000000
P 479 1 00000000
P 479 2 00000000
P 479 3 00000000
P 479 4 00000000
T 480 0 00000000
T 480 1 00000000
T 480 2 00000000
C 480 0 00000000
C 480 1 00000000
C 480 2 00000000
C 480 3 00000000
C 480 4 00000000
C 480 5 00000000
C 480 6 00000000
C 480 7 00000000
C 480 8 00000000
C 480 9 00000000
C 480 10 00000000
C 480 11 00000000
C 480 12 00000000
C 480 13 00000000
C 480 14 00000000
C 480 15 00000000
D 480 0 00000000
D 480 1 00000000
V 480 0 00000000
V 480 1 00000000
R 480 0 00000000
B 480 0 00000000
P 480 0 00000000
P 480 1 00000000
P 480 2 00000000
P 480 3 00000000
P 480 4 00000000
T 481 0 00000000
T 481 1 00000000
T 481 2 00000000
C 481 0 00000000
C 481 1 00000000
C 481 2 00000000
C 481 3 00000000
C 481 4 00000000
C 481 5 00000000
C 481 6 00000000
C 481 7 00000000
C 481 8 00000000
C 481 9 00000000
C 481 10 00000000
C 481 11 00000000
C 481 12 00000000
C 481 13 00000000
C 481 14 00000000
C 481 15 00000000
D 481 0 00000000
D 481 1 00000000
V 481 0 00000000
V 481 1 00000000
R 481 0 00000000
B 481 0 00000000
P 481 0 00000000
P 481 1 00000000
P 481 2 00000000
P 481 3 00000000
P 481 4 00000000
T 482 0 00000000
T 482 1 00000000
T 482 2 00000000
C 482 0 00000000
C 482 1 00000000
C 482 2 00000000
C 482 3 00000000
C 482 4 00000000
C 482 5 00000000
C 482 6 00000000
C 482 7 00000000
C 482 8 00000000
C 482 9 00000000
C 482 10 00000000
C 482 11 00000000
C 482 12 00000000
C 482 13 00000000
C 482 14 00000000
C 482 15 00000000
D 482 0 00000000
D 482 1 00000000
V 482 0 00000000
V 482 1 00000000
R 482 0 00000000
B 482 0 00000000
P 482 0 00000000
P 482 1 00000000
P 482 2 00000000
P 482 3 00000000
P 482 4 00000000
T 483 0 00000000
T 483 1 00000000
T 483 2 00000000
C 483 0 00000000
C 483 1 00000000
C 483 2 00000000
C 483 3 00000000
C 483 4 00000000
C 483 5 00000000
C 483 6 00000000
C 483 7 00000000
C 483 8 00000000
C 483 9 00000000
C 483 10 00000000
C 483 11 00000000
C 483 12 00000000
C 483 13 00000000
C 483 14 00000000
C 483 15 00000000
D 483 0 00000000
D 483 1 00000000
V 483 0 00000000
V 483 1 00000000
R 483 0 00000000
B 483 0 00000000
P 483 0 00000000
P 483 1 00000000
P 483 2 00000000
P 483 3 00000000
P 483 4 00000000
T 484 0 00000000
T 484 1 00000000
T 484 2 00000000
C 484 0 00000000
C 484 1 00000000
C 484 2 00000000
C 484 3 00000000
C 484 4 00000000
C 484 5 00000000
C 484 6 00000000
C 484 7 00000000
C 484 8 00000000
C 484 9 00000000
C 484 10 00000000
C 484 11 00000000
C 484 12 00000000
C 484 13 00000000
C 484 14 00000000
C 484 15 00000000
D 484 0 00000000
D 484 1 00000000
V 484 0 00000000
V 484 1 00000000
R 484 0 00000000
B 484 0 00000000
P 484 0 00000000
P 484 1 00000000
P 484 2 00000000
P 484 3 00000000
P 484 4 00000000
T 485 0 00000000
T 485 1 00000000
T 485 2 00000000
C 485 0 00000000
C 485 1 00000000
C 485 2 00000000
C 485 3 00000000
C 485 4 00000000
C 485 5 00000000
C 485 6 00000000
C 485 7 00000000
C 485 8 00000000
C 485 9 00000000
C 485 10 00000000
C 485 11 00000000
C 485 12 00000000
C 485 13 00000000
C 485 14 00000000
C 485 15 00000000
D 485 0 00000000
D 485 1 00000000
V 485 0 00000000
V 485 1 00000000
R 485 0 00000000
B 485 0 00000000
P 485 0 00000000
P 485 1 00000000
P 485 2 00000000
P 485 3 00000000
P 485 4 00000000
T 486 0 00000000
T 486 1 00000000
T 486 2 00000000
C 486 0 00000000
C 486 1 00000000
C 486 2 00000000
C 486 3 00000000
C 486 4 00000000
C 486 5 00000000
C 486 6 00000000
C 486 7 00000000
C 486 8 00000000
C 486 9 00000000
C 486 10 00000000
C 486 11 00000000
C 486 12 00000000
C 486 13 00000000
C 486 14 00000000
C 486 15 00000000
D 486 0 00000000
D 486 1 00000000
V 486 0 00000000
V 486 1 00000000
R 486 0 00000000
B 486 0 00000000
P 486 0 00000000
P 486 1 00000000
P 486 2 00000000
P 486 3 00000000
P 486 4 00000000
T 487 0 00000000
T 487 1 00000000
T 487 2 00000000
C 487 0 00000000
C 487 1 00000000
C 487 2 00000000
C 487 3 00000000
C 487 4 00000000
C 487 5 00000000
C 487 6 00000000
C 487 7 00000000
C 487 8 00000000
C 487 9 00000000
C 487 10 00000000
C 487 11 00000000
C 487 12 00000000
C 487 13 00000000
C 487 14 00000000
C 487 15 00000000
D 487 0 00000000
D 487 1 00000000
V 487 0 00000000
V 487 1 00000000
R 487 0 00000000
B 487 0 00000000
P 487 0 00000000
P 487 1 00000000
P 487 2 00000000
P 487 3 00000000
P 487 4 00000000
T 488 0 00000000
T 488 1 00000000
T 488 2 00000000
C 488 0 00000000
C 488 1 00000000
C 488 2 00000000
C 488 3 00000000
C 488 4 00000000
C 488 5 00000000
C 488 6 00000000
C 488 7 00000000
C 488 8 00000000
C 488 9 00000000
C 488 10 00000000
C 488 11 00000000
C 488 12 00000000
C 488 13 00000000
C 488 14 00000000
C 488 15 00000000
D 488 0 00000000
D 488 1 00000000
V 488 0 00000000
V 488 1 00000000
R 488 0 00000000
B 488 0 00000000
P 488 0 00000000
P 488 1 00000000
P 488 2 00000000
P 488 3 00000000
P 488 4 00000000
T 489 0 00000000
T 489 1 00000000
T 489 2 00000000
C 489 0 00000000
C 489 1 00000000
C 489 2 00000000
C 489 3 00000000
C 489 4 00000000
C 489 5 00000000
C 489 6 00000000
C 489 7 00000000
C 489 8 00000000
C 489 9 00000000
C 489 10 00000000
C 489 11 00000000
C 489 12 00000000
C 489 13 00000000
C 489 14 00000000
C 489 15 00000000
D 489 0 00000000
D 489 1 00000000
V 489 0 00000000
V 489 1 00000000
R 489 0 00000000
B 489 0 00000000
P 489 0 00000000
P 489 1 00000000
P 489 2 00000000
P 489 3 00000000
P 489 4 00000000
T 490 0 00000000
T 490 1 00000000
T 490 2 00000000
C 490 0 00000000
C 490 1 00000000
C 490 2 00000000
C 490 3 00000000
C 490 4 00000000
C 490 5 00000000
C 490 6 00000000
C 490 7 00000000
C 490 8 00000000
C 490 9 00000000
C 490 10 00000000
C 490 11 00000000
C 490 12 00000000
C 490 13 00000000
C 490 14 00000000
C 490 15 00000000
D 490 0 00000000
D 490 1 00000000
V 490 0 00000000
V 490 1 00000000
R 490 0 00000000
B 490 0 00000000
P 490 0 00000000
P 490 1 00000000
P 490 2 00000000
P 490 3 00000000
P 490 4 00000000
T 491 0 00000000
T 491 1 00000000
T 491 2 00000000
C 491 0 00000000
C 491 1 00000000
C 491 2 00000000
C 491 3 00000000
C 491 4 00000000
C 491 5 00000000
C 491 6 00000000
C 491 7 00000000
C 491 8 00000000
C 491 9 00000000
C 491 10 00000000
C 491 11 00000000
C 491 12 00000000
C 491 13 00000000
C 491 14 00000000
C 491 15 00000000
D 491 0 00000000
D 491 1 00000000
V 491 0 00000000
V 491 1 00000000
R 491 0 00000000
B 491 0 00000000
P 491 0 00000000
P 491 1 00000000
P 491 2 00000000
P 491 3 00000000
P 491 4 00000000
T 492 0 00000000
T 492 1 00000000
T 492 2 00000000
C 492 0 00000000
C 492 1 00000000
C 492 2 00000000
C 492 3 00000000
C 492 4 00000000
C 492 5 00000000
C 492 6 00000000
C 492 7 00000000
C 492 8 00000000
C 492 9 00000000
C 492 10 00000000
C 492 11 00000000
C 492 12 00000000
C 492 13 00000000
C 492 14 00000000
C 492 15 00000000
D 492 0 00000000
D 492 1 00000000
V 492 0 00000000
V 492 1 00000000
R 492 0 00000000
B 492 0 00000000
P 492 0 00000000
P 492 1 00000000
P 492 2 00000000
P 492 3 00000000
P 492 4 00000000
T 493 0 00000000
T 493 1 00000000
T 493 2 00000000
C 493 0 00000000
C 493 1 00000000
C 493 2 00000000
C 493 3 00000000
C 493 4 00000000
C 493 5 00000000
C 493 6 00000000
C 493 7 00000000
C 493 8 00000000
C 493 9 00000000
C 493 10 00000000
C 493 11 00000000
C 493 12 00000000
C 493 13 00000000
C 493 14 00000000
C 493 15 00000000
D 493 0 00000000
D 493 1 00000000
V 493 0 00000000
V 493 1 00000000
R 493 0 00000000
B 493 0 00000000
P 493 0 00000000
P 493 1 00000000
P 493 2 00000000
P 493 3 00000000
P 493 4 00000000
T 494 0 00000000
T 494 1 00000000
T 494 2 00000000
C 494 0 00000000
C 494 1 00000000
C 494 2 00000000
C 494 3 00000000
C 494 4 00000000
C 494 5 00000000
C 494 6 00000000
C 494 7 00000000
C 494 8 00000000
C 494 9 00000000
C 494 10 00000000
C 494 11 00000000
C 494 12 00000000
C 494 13 00000000
C 494 14 00000000
C 494 15 00000000
D 494 0 00000000
D 494 1 00000000
V 494 0 00000000
V 494 1 00000000
R 494 0 00000000
B 494 0 00000000
P 494 0 00000000
P 494 1 00000000
P 494 2 00000000
P 494 3 00000000
P 494 4 00000000
T 495 0 00000000
T 495 1 00000000
T 495 2 00000000
C 495 0 00000000
C 495 1 00000000
C 495 2 00000000
C 495 3 00000000
C 495 4 00000000
C 495 5 00000000
C 495 6 00000000
C 495 7 00000000
C 495 8 00000000
C 495 9 00000000
C 495 10 00000000
C 495 11 00000000
C 495 12 00000000
C 495 13 00000000
C 495 14 00000000
C 495 15 00000000
D 495 0 00000000
D 495 1 00000000
V 495 0 00000000
V 495 1 00000000
R 495 0 00000000
B 495 0 00000000
P 495 0 00000000
P 495 1 00000000
P 495 2 00000000
P 495 3 00000000
P 495 4 00000000
T 496 0 00000000
T 496 1 00000000
T 496 2 00000000
C 496 0 00000000
C 496 1 00000000
C 496 2 00000000
C 496 3 00000000
C 496 4 00000000
C 496 5 00000000
C 496 6 00000000
C 496 7 00000000
C 496 8 00000000
C 496 9 00000000
C 496 10 00000000
C 496 11 00000000
C 496 12 00000000
C 496 13 00000000
C 496 14 00000000
C 496 15 00000000
D 496 0 00000000
D 496 1 00000000
V 496 0 00000000
V 496 1 00000000
R 496 0 00000000
B 496 0 00000000
P 496 0 00000000
P 496 1 00000000
P 496 2 00000000
P 496 3 00000000
P 496 4 00000000
T 497 0 00000000
T 497 1 00000000
T 497 2 00000000
C 497 0 00000000
C 497 1 00000000
C 497 2 00000000
C 497 3 00000000
C 497 4 00000000
C 497 5 00000000
C 497 6 00000000
C 497 7 00000000
C 497 8 00000000
C 497 9 00000000
C 497 10 00000000
C 497 11 00000000
C 497 12 00000000
C 497 13 00000000
C 497 14 00000000
C 497 15 00000000
D 497 0 00000000
D 497 1 00000000
V 497 0 00000000
V 497 1 00000000
R 497 0 00000000
B 497 0 00000000
P 497 0 00000000
P 497 1 00000000
P 497 2 00000000
P 497 3 00000000
P 497 4 00000000
T 498 0 00000000
T 498 1 00000000
T 498 2 00000000
C 498 0 00000000
C 498 1 00000000
C 498 2 00000000
C 498 3 00000000
C 498 4 00000000
C 498 5 00000000
C 498 6 00000000
C 498 7 00000000
C 498 8 00000000
C 498 9 00000000
C 498 10 00000000
C 498 11 00000000
C 498 12 00000000
C 498 13 00000000
C 498 14 00000000
C 498 15 00000000
D 498 0 00000000
D 498 1 00000000
V 498 0 00000000
V 498 1 00000000
R 498 0 00000000
B 498 0 00000000
P 498 0 00000000
P 498 1 00000000
P 498 2 00000000
P 498 3 00000000
P 498 4 00000000
T 499 0 00000000
T 499 1 00000000
T 499 2 00000000
C 499 0 00000000
C 499 1 00000000
C 499 2 00000000
C 499 3 00000000
C 499 4 00000000
C 499 5 00000000
C 499 6 00000000
C 499 7 00000000
C 499 8 00000000
C 499 9 00000000
C 499 10 00000000
C 499 11 00000000
C 499 12 00000000
C 499 13 00000000
C 499 14 00000000
C 499 15 00000000
D 499 0 00000000
D 499 1 00000000
V 499 0 00000000
V 499 1 00000000
R 499 0 00000000
B 499 0 00000000
P 499 0 00000000
P 499 1 00000000
P 499 2 00000000
P 499 3 00000000
P 499 4 00000000
T 500 0 00000000
T 500 1 00000000
T 500 2 00000000
C 500 0 00000000
C 500 1 00000000
C 500 2 00000000
C 500 3 00000000
C 500 4 00000000
C 500 5 00000000
C 500 6 00000000
C 500 7 00000000
C 500 8 00000000
C 500 9 00000000
C 500 10 00000000
C 500 11 00000000
C 500 12 00000000
C 500 13 00000000
C 500 14 00000000
C 500 15 00000000
D 500 0 00000000
D 500 1 00000000
V 500 0 00000000
V 500 1 00000000
R 500 0 00000000
B 500 0 00000000
P 500 0 00000000
P 500 1 00000000
P 500 2 00000000
P 500 3 00000000
P 500 4 00000000
T 501 0 00000000
T 501 1 00000000
T 501 2 00000000
C 501 0 00000000
C 501 1 00000000
C 501 2 00000000
C 501 3 00000000
C 501 4 00000000
C 501 5 00000000
C 501 6 00000000
C 501 7 00000000
C 501 8 00000000
C 501 9 00000000
C 501 10 00000000
C 501 11 00000000
C 501 12 00000000
C 501 13 00000000
C 501 14 00000000
C 501 15 00000000
D 501 0 00000000
D 501 1 00000000
V 501 0 00000000
V 501 1 00000000
R 501 0 00000000
B 501 0 00000000
P 501 0 00000000
P 501 1 00000000
P 501 2 00000000
P 501 3 00000000
P 501 4 00000000
T 502 0 00000000
T 502 1 00000000
T 502 2 00000000
C 502 0 00000000
C 502 1 00000000
C 502 2 00000000
C 502 3 00000000
C 502 4 00000000
C 502 5 00000000
C 502 6 00000000
C 502 7 00000000
C 502 8 00000000
C 502 9 00000000
C 502 10 00000000
C 502 11 00000000
C 502 12 00000000
C 502 13 00000000
C 502 14 00000000
C 502 15 00000000
D 502 0 00000000
D 502 1 00000000
V 502 0 00000000
V 502 1 00000000
R 502 0 00000000
B 502 0 00000000
P 502 0 00000000
P 502 1 00000000
P 502 2 00000000
P 502 3 00000000
P 502 4 00000000
T 503 0 00000000
T 503 1 00000000
T 503 2 00000000
C 503 0 00000000
C 503 1 00000000
C 503 2 00000000
C 503 3 00000000
C 503 4 00000000
C 503 5 00000000
C 503 6 00000000
C 503 7 00000000
C 503 8 00000000
C 503 9 00000000
C 503 10 00000000
C 503 11 00000000
C 503 12 00000000
C 503 13 00000000
C 503 14 00000000
C 503 15 00000000
D 503 0 00000000
D 503 1 00000000
V 503 0 00000000
V 503 1 00000000
R 503 0 00000000
B 503 0 00000000
P 503 0 00000000
P 503 1 00000000
P 503 2 00000000
P 503 3 00000000
P 503 4 00000000
T 504 0 00000000
T 504 1 00000000
T 504 2 00000000
C 504 0 00000000
C 504 1 00000000
C 504 2 00000000
C 504 3 00000000
C 504 4 00000000
C 504 5 00000000
C 504 6 00000000
C 504 7 00000000
C 504 8 00000000
C 504 9 00000000
C 504 10 00000000
C 504 11 00000000
C 504 12 00000000
C 504 13 00000000
C 504 14 00000000
C 504 15 00000000
D 504 0 00000000
D 504 1 00000000
V 504 0 00000000
V 504 1 00000000
R 504 0 00000000
B 504 0 00000000
P 504 0 00000000
P 504 1 00000000
P 504 2 00000000
P 504 3 00000000
P 504 4 00000000
T 505 0 00000000
T 505 1 00000000
T 505 2 00000000
C 505 0 00000000
C 505 1 00000000
C 505 2 00000000
C 505 3 00000000
C 505 4 00000000
C 505 5 00000000
C 505 6 00000000
C 505 7 00000000
C 505 8 00000000
C 505 9 00000000
C 505 10 00000000
C 505 11 00000000
C 505 12 00000000
C 505 13 00000000
C 505 14 00000000
C 505 15 00000000
D 505 0 00000000
D 505 1 00000000
V 505 0 00000000
V 505 1 00000000
R 505 0 00000000
B 505 0 00000000
P 505 0 00000000
P 505 1 00000000
P 505 2 00000000
P 505 3 00000000
P 505 4 00000000
T 506 0 00000000
T 506 1 00000000
T 506 2 00000000
C 506 0 00000000
C 506 1 00000000
C 506 2 00000000
C 506 3 00000000
C 506 4 00000000
C 506 5 00000000
C 506 6 00000000
C 506 7 00000000
C 506 8 00000000
C 506 9 00000000
C 506 10 00000000
C 506 11 00000000
C 506 12 00000000
C 506 13 00000000
C 506 14 00000000
C 506 15 00000000
D 506 0 00000000
D 506 1 00000000
V 506 0 00000000
V 506 1 00000000
R 506 0 00000000
B 506 0 00000000
P 506 0 00000000
P 506 1 00000000
P 506 2 00000000
P 506 3 00000000
P 506 4 00000000
T 507 0 00000000
T 507 1 00000000
T 507 2 00000000
C 507 0 00000000
C 507 1 00000000
C 507 2 00000000
C 507 3 00000000
C 507 4 00000000
C 507 5 00000000
C 507 6 00000000
C 507 7 00000000
C 507 8 00000000
C 507 9 00000000
C 507 10 00000000
C 507 11 00000000
C 507 12 00000000
C 507 13 00000000
C 507 14 00000000
C 507 15 00000000
D 507 0 00000000
D 507 1 00000000
V 507 0 00000000
V 507 1 00000000
R 507 0 00000000
B 507 0 00000000
P 507 0 00000000
P 507 1 00000000
P 507 2 00000000
P 507 3 00000000
P 507 4 00000000
T 508 0 00000000
T 508 1 00000000
T 508 2 00000000
C 508 0 00000000
C 508 1 00000000
C 508 2 00000000
C 508 3 00000000
C 508 4 00000000
C 508 5 00000000
C 508 6 00000000
C 508 7 00000000
C 508 8 00000000
C 508 9 00000000
C 508 10 00000000
C 508 11 00000000
C 508 12 00000000
C 508 13 00000000
C 508 14 00000000
C 508 15 00000000
D 508 0 00000000
D 508 1 00000000
V 508 0 00000000
V 508 1 00000000
R 508 0 00000000
B 508 0 00000000
P 508 0 00000000
P 508 1 00000000
P 508 2 00000000
P 508 3 00000000
P 508 4 00000000
T 509 0 00000000
T 509 1 00000000
T 509 2 00000000
C 509 0 00000000
C 509 1 00000000
C 509 2 00000000
C 509 3 00000000
C 509 4 00000000
C 509 5 00000000
C 509 6 00000000
C 509 7 00000000
C 509 8 00000000
C 509 9 00000000
C 509 10 00000000
C 509 11 00000000
C 509 12 00000000
C 509 13 00000000
C 509 14 00000000
C 509 15 00000000
D 509 0 00000000
D 509 1 00000000
V 509 0 00000000
V 509 1 00000000
R 509 0 00000000
B 509 0 00000000
P 509 0 00000000
P 509 1 00000000
P 509 2 00000000
P 509 3 00000000
P 509 4 00000000
T 510 0 00000000
T 510 1 00000000
T 510 2 00000000
C 510 0 00000000
C 510 1 00000000
C 510 2 00000000
C 510 3 00000000
C 510 4 00000000
C 510 5 00000000
C 510 6 00000000
C 510 7 00000000
C 510 8 00000000
C 510 9 00000000
C 510 10 00000000
C 510 11 00000000
C 510 12 00000000
C 510 13 00000000
C 510 14 00000000
C 510 15 00000000
D 510 0 00000000
D 510 1 00000000
V 510 0 00000000
V 510 1 00000000
R 510 0 00000000
B 510 0 00000000
P 510 0 00000000
P 510 1 00000000
P 510 2 00000000
P 510 3 00000000
P 510 4 00000000
T 511 0 00000000
T 511 1 00000000
T 511 2 00000000
C 511 0 00000000
C 511 1 00000000
C 511 2 00000000
C 511 3 00000000
C 511 4 00000000
C 511 5 00000000
C 511 6 00000000
C 511 7 00000000
C 511 8 00000000
C 511 9 00000000
C 511 10 00000000
C 511 11 00000000
C 511 12 00000000
C 511 13 00000000
C 511 14 00000000
C 511 15 00000000
D 511 0 00000000
D 511 1 00000000
V 511 0 00000000
V 511 1 00000000
R 511 0 00000000
B 511 0 00000000
P 511 0 00000000
P 511 1 00000000
P 511 2 00000000
P 511 3 00000000
P 511 4 00000000
T 512 0 00000000
T 512 1 00000000
T 512 2 00000000
C 512 0 00000000
C 512 1 00000000
C 512 2 00000000
C 512 3 00000000
C 512 4 00000000
C 512 5 00000000
C 512 6 00000000
C 512 7 00000000
C 512 8 00000000
C 512 9 00000000
C 512 10 00000000
C 512 11 00000000
C 512 12 00000000
C 512 13 00000000
C 512 14 00000000
C 512 15 00000000
D 512 0 00000000
D 512 1 00000000
V 512 0 00000000
V 512 1 00000000
R 512 0 00000000
B 512 0 00000000
P 512 0 00000000
P 512 1 00000000
P 512 2 00000000
P 512 3 00000000
P 512 4 00000000
T 513 0 00000000
T 513 1 00000000
T 513 2 00000000
C 513 0 00000000
C 513 1 00000000
C 513 2 00000000
C 513 3 00000000
C 513 4 00000000
C 513 5 00000000
C 513 6 00000000
C 513 7 00000000
C 513 8 00000000
C 513 9 00000000
C 513 10 00000000
C 513 11 00000000
C 513 12 00000000
C 513 13 00000000
C 513 14 00000000
C 513 15 00000000
D 513 0 00000000
D 513 1 00000000
V 513 0 00000000
V 513 1 00000000
R 513 0 00000000
B 513 0 00000000
P 513 0 00000000
P 513 1 00000000
P 513 2 00000000
P 513 3 00000000
P 513 4 00000000
T 514 0 00000000
T 514 1 00000000
T 514 2 00000000
C 514 0 00000000
C 514 1 00000000
C 514 2 00000000
C 514 3 00000000
C 514 4 00000000
C 514 5 00000000
C 514 6 00000000
C 514 7 00000000
C 514 8 00000000
C 514 9 00000000
C 514 10 00000000
C 514 11 00000000
C 514 12 00000000
C 514 13 00000000
C 514 14 00000000
C 514 15 00000000
D 514 0 00000000
D 514 1 00000000
V 514 0 00000000
V 514 1 00000000
R 514 0 00000000
B 514 0 00000000
P 514 0 00000000
P 514 1 00000000
P 514 2 00000000
P 514 3 00000000
P 514 4 00000000
T 515 0 00000000
T 515 1 00000000
T 515 2 00000000
C 515 0 00000000
C 515 1 00000000
C 515 2 00000000
C 515 3 00000000
C 515 4 00000000
C 515 5 00000000
C 515 6 00000000
C 515 7 00000000
C 515 8 00000000
C 515 9 00000000
C 515 10 00000000
C 515 11 00000000
C 515 12 00000000
C 515 13 00000000
C 515 14 00000000
C 515 15 00000000
D 515 0 00000000
D 515 1 00000000
V 515 0 00000000
V 515 1 00000000
R 515 0 00000000
B 515 0 00000000
P 515 0 00000000
P 515 1 00000000
P 515 2 00000000
P 515 3 00000000
P 515 4 00000000
T 516 0 00000000
T 516 1 00000000
T 516 2 00000000
C 516 0 00000000
C 516 1 00000000
C 516 2 00000000
C 516 3 00000000
C 516 4 00000000
C 516 5 00000000
C 516 6 00000000
C 516 7 00000000
C 516 8 00000000
C 516 9 00000000
C 516 10 00000000
C 516 11 00000000
C 516 12 00000000
C 516 13 00000000
C 516 14 00000000
C 516 15 00000000
D 516 0 00000000
D 516 1 00000000
V 516 0 00000000
V 516 1 00000000
R 516 0 00000000
B 516 0 00000000
P 516 0 00000000
P 516 1 00000000
P 516 2 00000000
P 516 3 00000000
P 516 4 00000000
T 517 0 00000000
T 517 1 00000000
T 517 2 00000000
C 517 0 00000000
C 517 1 00000000
C 517 2 00000000
C 517 3 00000000
C 517 4 00000000
C 517 5 00000000
C 517 6 00000000
C 517 7 00000000
C 517 8 00000000
C 517 9 00000000
C 517 10 00000000
C 517 11 00000000
C 517 12 00000000
C 517 13 00000000
C 517 14 00000000
C 517 15 00000000
D 517 0 00000000
D 517 1 00000000
V 517 0 00000000
V 517 1 00000000
R 517 0 00000000
B 517 0 00000000
P 517 0 00000000
P 517 1 00000000
P 517 2 00000000
P 517 3 00000000
P 517 4 00000000
T 518 0 00000000
T 518 1 00000000
T 518 2 00000000
C 518 0 00000000
C 518 1 00000000
C 518 2 00000000
C 518 3 00000000
C 518 4 00000000
C 518 5 00000000
C 518 6 00000000
C 518 7 00000000
C 518 8 00000000
C 518 9 00000000
C 518 10 00000000
C 518 11 00000000
C 518 12 00000000
C 518 13 00000000
C 518 14 00000000
C 518 15 00000000
D 518 0 00000000
D 518 1 00000000
V 518 0 00000000
V 518 1 00000000
R 518 0 00000000
B 518 0 00000000
P 518 0 00000000
P 518 1 00000000
P 518 2 00000000
P 518 3 00000000
P 518 4 00000000
T 519 0 00000000
T 519 1 00000000
T 519 2 00000000
C 519 0 00000000
C 519 1 00000000
C 519 2 00000000
C 519 3 00000000
C 519 4 00000000
C 519 5 00000000
C 519 6 00000000
C 519 7 00000000
C 519 8 00000000
C 519 9 00000000
C 519 10 00000000
C 519 11 00000000
C 519 12 00000000
C 519 13 00000000
C 519 14 00000000
C 519 15 00000000
D 519 0 00000000
D 519 1 00000000
V 519 0 00000000
V 519 1 00000000
R 519 0 00000000
B 519 0 00000000
P 519 0 00000000
P 519 1 00000000
P 519 2 00000000
P 519 3 00000000
P 519 4 00000000
T 520 0 00000000
T 520 1 00000000
T 520 2 00000000
C 520 0 00000000
C 520 1 00000000
C 520 2 00000000
C 520 3 00000000
C 520 4 00000000
C 520 5 00000000
C 520 6 00000000
C 520 7 00000000
C 520 8 00000000
C 520 9 00000000
C 520 10 00000000
C 520 11 00000000
C 520 12 00000000
C 520 13 00000000
C 520 14 00000000
C 520 15 00000000
D 520 0 00000000
D 520 1 00000000
V 520 0 00000000
V 520 1 00000000
R 520 0 00000000
B 520 0 00000000
P 520 0 00000000
P 520 1 00000000
P 520 2 00000000
P 520 3 00000000
P 520 4 00000000
T 521 0 00000000
T 521 1 00000000
T 521 2 00000000
C 521 0 00000000
C 521 1 00000000
C 521 2 00000000
C 521 3 00000000
C 521 4 00000000
C 521 5 00000000
C 521 6 00000000
C 521 7 00000000
C 521 8 00000000
C 521 9 00000000
C 521 10 00000000
C 521 11 00000000
C 521 12 00000000
C 521 13 00000000
C 521 14 00000000
C 521 15 00000000
D 521 0 00000000
D 521 1 00000000
V 521 0 00000000
V 521 1 00000000
R 521 0 00000000
B 521 0 00000000
P 521 0 00000000
P 521 1 00000000
P 521 2 00000000
P 521 3 00000000
P 521 4 00000000
T 522 0 00000000
T 522 1 00000000
T 522 2 00000000
C 522 0 00000000
C 522 1 00000000
C 522 2 00000000
C 522 3 00000000
C 522 4 00000000
C 522 5 00000000
C 522 6 00000000
C 522 7 00000000
C 522 8 00000000
C 522 9 00000000
C 522 10 00000000
C 522 11 00000000
C 522 12 00000000
C 522 13 00000000
C 522 14 00000000
C 522 15 00000000
D 522 0 00000000
D 522 1 00000000
V 522 0 00000000
V 522 1 00000000
R 522 0 00000000
B 522 0 00000000
P 522 0 00000000
P 522 1 00000000
P 522 2 00000000
P 522 3 00000000
P 522 4 00000000
T 523 0 00000000
T 523 1 00000000
T 523 2 00000000
C 523 0 00000000
C 523 1 00000000
C 523 2 00000000
C 523 3 00000000
C 523 4 00000000
C 523 5 00000000
C 523 6 00000000
C 523 7 00000000
C 523 8 00000000
C 523 9 00000000
C 523 10 00000000
C 523 11 00000000
C 523 12 00000000
C 523 13 00000000
C 523 14 00000000
C 523 15 00000000
D 523 0 00000000
D 523 1 00000000
V 523 0 00000000
V 523 1 00000000
R 523 0 00000000
B 523 0 00000000
P 523 0 00000000
P 523 1 00000000
P 523 2 00000000
P 523 3 00000000
P 523 4 00000000
T 524 0 00000000
T 524 1 00000000
T 524 2 00000000
C 524 0 00000000
C 524 1 00000000
C 524 2 00000000
C 524 3 00000000
C 524 4 00000000
C 524 5 00000000
C 524 6 00000000
C 524 7 00000000
C 524 8 00000000
C 524 9 00000000
C 524 10 00000000
C 524 11 00000000
C 524 12 00000000
C 524 13 00000000
C 524 14 00000000
C 524 15 00000000
D 524 0 00000000
D 524 1 00000000
V 524 0 00000000
V 524 1 00000000
R 524 0 00000000
B 524 0 00000000
P 524 0 00000000
P 524 1 00000000
P 524 2 00000000
P 524 3 00000000
P 524 4 00000000
T 525 0 00000000
T 525 1 00000000
T 525 2 00000000
C 525 0 00000000
C 525 1 00000000
C 525 2 00000000
C 525 3 00000000
C 525 4 00000000
C 525 5 00000000
C 525 6 00000000
C 525 7 00000000
C 525 8 00000000
C 525 9 00000000
C 525 10 00000000
C 525 11 00000000
C 525 12 00000000
C 525 13 00000000
C 525 14 00000000
C 525 15 00000000
D 525 0 00000000
D 525 1 00000000
V 525 0 00000000
V 525 1 00000000
R 525 0 00000000
B 525 0 00000000
P 525 0 00000000
P 525 1 00000000
P 525 2 00000000
P 525 3 00000000
P 525 4 00000000
T 526 0 00000000
T 526 1 00000000
T 526 2 00000000
C 526 0 00000000
C 526 1 00000000
C 526 2 00000000
C 526 3 00000000
C 526 4 00000000
C 526 5 00000000
C 526 6 00000000
C 526 7 00000000
C 526 8 00000000
C 526 9 00000000
C 526 10 00000000
C 526 11 00000000
C 526 12 00000000
C 526 13 00000000
C 526 14 00000000
C 526 15 00000000
D 526 0 00000000
D 526 1 00000000
V 526 0 00000000
V 526 1 00000000
R 526 0 00000000
B 526 0 00000000
P 526 0 00000000
P 526 1 00000000
P 526 2 00000000
P 526 3 00000000
P 526 4 00000000
T 527 0 00000000
T 527 1 00000000
T 527 2 00000000
C 527 0 00000000
C 527 1 00000000
C 527 2 00000000
C 527 3 00000000
C 527 4 00000000
C 527 5 00000000
C 527 6 00000000
C 527 7 00000000
C 527 8 00000000
C 527 9 00000000
C 527 10 00000000
C 527 11 00000000
C 527 12 00000000
C 527 13 00000000
C 527 14 00000000
C 527 15 00000000
D 527 0 00000000
D 527 1 00000000
V 527 0 00000000
V 527 1 00000000
R 527 0 00000000
B 527 0 00000000
P 527 0 00000000
P 527 1 00000000
P 527 2 00000000
P 527 3 00000000
P 527 4 00000000
T 528 0 00000000
T 528 1 00000000
T 528 2 00000000
C 528 0 00000000
C 528 1 00000000
C 528 2 00000000
C 528 3 00000000
C 528 4 00000000
C 528 5 00000000
C 528 6 00000000
C 528 7 00000000
C 528 8 00000000
C 528 9 00000000
C 528 10 00000000
C 528 11 00000000
C 528 12 00000000
C 528 13 00000000
C 528 14 00000000
C 528 15 00000000
D 528 0 00000000
D 528 1 00000000
V 528 0 00000000
V 528 1 00000000
R 528 0 00000000
B 528 0 00000000
P 528 0 00000000
P 528 1 00000000
P 528 2 00000000
P 528 3 00000000
P 528 4 00000000
T 529 0 00000000
T 529 1 00000000
T 529 2 00000000
C 529 0 00000000
C 529 1 00000000
C 529 2 00000000
C 529 3 00000000
C 529 4 00000000
C 529 5 00000000
C 529 6 00000000
C 529 7 00000000
C 529 8 00000000
C 529 9 00000000
C 529 10 00000000
C 529 11 00000000
C 529 12 00000000
C 529 13 00000000
C 529 14 00000000
C 529 15 00000000
D 529 0 00000000
D 529 1 00000000
V 529 0 00000000
V 529 1 00000000
R 529 0 00000000
B 529 0 00000000
P 529 0 00000000
P 529 1 00000000
P 529 2 00000000
P 529 3 00000000
P 529 4 00000000
T 530 0 00000000
T 530 1 00000000
T 530 2 00000000
C 530 0 00000000
C 530 1 00000000
C 530 2 00000000
C 530 3 00000000
C 530 4 00000000
C 530 5 00000000
C 530 6 00000000
C 530 7 00000000
C 530 8 00000000
C 530 9 00000000
C 530 10 00000000
C 530 11 00000000
C 530 12 00000000
C 530 13 00000000
C 530 14 00000000
C 530 15 00000000
D 530 0 00000000
D 530 1 00000000
V 530 0 00000000
V 530 1 00000000
R 530 0 00000000
B 530 0 00000000
P 530 0 00000000
P 530 1 00000000
P 530 2 00000000
P 530 3 00000000
P 530 4 00000000
T 531 0 00000000
T 531 1 00000000
T 531 2 00000000
C 531 0 00000000
C 531 1 00000000
C 531 2 00000000
C 531 3 00000000
C 531 4 00000000
C 531 5 00000000
C 531 6 00000000
C 531 7 00000000
C 531 8 00000000
C 531 9 00000000
C 531 10 00000000
C 531 11 00000000
C 531 12 00000000
C 531 13 00000000
C 531 14 00000000
C 531 15 00000000
D 531 0 00000000
D 531 1 00000000
V 531 0 00000000
V 531 1 00000000
R 531 0 00000000
B 531 0 00000000
P 531 0 00000000
P 531 1 00000000
P 531 2 00000000
P 531 3 00000000
P 531 4 00000000
T 532 0 00000000
T 532 1 00000000
T 532 2 00000000
C 532 0 00000000
C 532 1 00000000
C 532 2 00000000
C 532 3 00000000
C 532 4 00000000
C 532 5 00000000
C 532 6 00000000
C 532 7 00000000
C 532 8 00000000
C 532 9 00000000
C 532 10 00000000
C 532 11 00000000
C 532 12 00000000
C 532 13 00000000
C 532 14 00000000
C 532 15 00000000
D 532 0 00000000
D 532 1 00000000
V 532 0 00000000
V 532 1 00000000
R 532 0 00000000
B 532 0 00000000
P 532 0 00000000
P 532 1 00000000
P 532 2 00000000
P 532 3 00000000
P 532 4 00000000
T 533 0 00000000
T 533 1 00000000
T 533 2 00000000
C 533 0 00000000
C 533 1 00000000
C 533 2 00000000
C 533 3 00000000
C 533 4 00000000
C 533 5 00000000
C 533 6 00000000
C 533 7 00000000
C 533 8 00000000
C 533 9 00000000
C 533 10 00000000
C 533 11 00000000
C 533 12 00000000
C 533 13 00000000
C 533 14 00000000
C 533 15 00000000
D 533 0 00000000
D 533 1 00000000
V 533 0 00000000
V 533 1 00000000
R 533 0 00000000
B 533 0 00000000
P 533 0 00000000
P 533 1 00000000
P 533 2 00000000
P 533 3 00000000
P 533 4 00000000
T 534 0 00000000
T 534 1 00000000
T 534 2 00000000
C 534 0 00000000
C 534 1 00000000
C 534 2 00000000
C 534 3 00000000
C 534 4 00000000
C 534 5 00000000
C 534 6 00000000
C 534 7 00000000
C 534 8 00000000
C 534 9 00000000
C 534 10 00000000
C 534 11 00000000
C 534 12 00000000
C 534 13 00000000
C 534 14 00000000
C 534 15 00000000
D 534 0 00000000
D 534 1 00000000
V 534 0 00000000
V 534 1 00000000
R 534 0 00000000
B 534 0 00000000
P 534 0 00000000
P 534 1 00000000
P 534 2 00000000
P 534 3 00000000
P 534 4 00000000
T 535 0 00000000
T 535 1 00000000
T 535 2 00000000
C 535 0 00000000
C 535 1 00000000
C 535 2 00000000
C 535 3 00000000
C 535 4 00000000
C 535 5 00000000
C 535 6 00000000
C 535 7 00000000
C 535 8 00000000
C 535 9 00000000
C 535 10 00000000
C 535 11 00000000
C 535 12 00000000
C 535 13 00000000
C 535 14 00000000
C 535 15 00000000
D 535 0 00000000
D 535 1 00000000
V 535 0 00000000
V 535 1 00000000
R 535 0 00000000
B 535 0 00000000
P 535 0 00000000
P 535 1 00000000
P 535 2 00000000
P 535 3 00000000
P 535 4 00000000
T 536 0 00000000
T 536 1 00000000
T 536 2 00000000
C 536 0 00000000
C 536 1 00000000
C 536 2 00000000
C 536 3 00000000
C 536 4 00000000
C 536 5 00000000
C 536 6 00000000
C 536 7 00000000
C 536 8 00000000
C 536 9 00000000
C 536 10 00000000
C 536 11 00000000
C 536 12 00000000
C 536 13 00000000
C 536 14 00000000
C 536 15 00000000
D 536 0 00000000
D 536 1 00000000
V 536 0 00000000
V 536 1 00000000
R 536 0 00000000
B 536 0 00000000
P 536 0 00000000
P 536 1 00000000
P 536 2 00000000
P 536 3 00000000
P 536 4 00000000
T 537 0 00000000
T 537 1 00000000
T 537 2 00000000
C 537 0 00000000
C 537 1 00000000
C 537 2 00000000
C 537 3 00000000
C 537 4 00000000
C 537 5 00000000
C 537 6 00000000
C 537 7 00000000
C 537 8 00000000
C 537 9 00000000
C 537 10 00000000
C 537 11 00000000
C 537 12 00000000
C 537 13 00000000
C 537 14 00000000
C 537 15 00000000
D 537 0 00000000
D 537 1 00000000
V 537 0 00000000
V 537 1 00000000
R 537 0 00000000
B 537 0 00000000
P 537 0 00000000
P 537 1 00000000
P 537 2 00000000
P 537 3 00000000
P 537 4 00000000
T 538 0 00000000
T 538 1 00000000
T 538 2 00000000
C 538 0 00000000
C 538 1 00000000
C 538 2 00000000
C 538 3 00000000
C 538 4 00000000
C 538 5 00000000
C 538 6 00000000
C 538 7 00000000
C 538 8 00000000
C 538 9 00000000
C 538 10 00000000
C 538 11 00000000
C 538 12 00000000
C 538 13 00000000
C 538 14 00000000
C 538 15 00000000
D 538 0 00000000
D 538 1 00000000
V 538 0 00000000
V 538 1 00000000
R 538 0 00000000
B 538 0 00000000
P 538 0 00000000
P 538 1 00000000
P 538 2 00000000
P 538 3 00000000
P 538 4 00000000
T 539 0 00000000
T 539 1 00000000
T 539 2 00000000
C 539 0 00000000
C 539 1 00000000
C 539 2 00000000
C 539 3 00000000
C 539 4 00000000
C 539 5 00000000
C 539 6 00000000
C 539 7 00000000
C 539 8 00000000
C 539 9 00000000
C 539 10 00000000
C 539 11 00000000
C 539 12 00000000
C 539 13 00000000
C 539 14 00000000
C 539 15 00000000
D 539 0 00000000
D 539 1 00000000
V 539 0 00000000
V 539 1 00000000
R 539 0 00000000
B 539 0 00000000
P 539 0 00000000
P 539 1 00000000
P 539 2 00000000
P 539 3 00000000
P 539 4 00000000
T 540 0 00000000
T 540 1 00000000
T 540 2 00000000
C 540 0 00000000
C 540 1 00000000
C 540 2 00000000
C 540 3 00000000
C 540 4 00000000
C 540 5 00000000
C 540 6 00000000
C 540 7 00000000
C 540 8 00000000
C 540 9 00000000
C 540 10 00000000
C 540 11 00000000
C 540 12 00000000
C 540 13 00000000
C 540 14 00000000
C 540 15 00000000
D 540 0 00000000
D 540 1 00000000
V 540 0 00000000
V 540 1 00000000
R 540 0 00000000
B 540 0 00000000
P 540 0 00000000
P 540 1 00000000
P 540 2 00000000
P 540 3 00000000
P 540 4 00000000
T 541 0 00000000
T 541 1 00000000
T 541 2 00000000
C 541 0 00000000
C 541 1 00000000
C 541 2 00000000
C 541 3 00000000
C 541 4 00000000
C 541 5 00000000
C 541 6 00000000
C 541 7 00000000
C 541 8 00000000
C 541 9 00000000
C 541 10 00000000
C 541 11 00000000
C 541 12 00000000
C 541 13 00000000
C 541 14 00000000
C 541 15 00000000
D 541 0 00000000
D 541 1 00000000
V 541 0 00000000
V 541 1 00000000
R 541 0 00000000
B 541 0 00000000
P 541 0 00000000
P 541 1 00000000
P 541 2 00000000
P 541 3 00000000
P 541 4 00000000
T 542 0 00000000
T 542 1 00000000
T 542 2 00000000
C 542 0 00000000
C 542 1 00000000
C 542 2 00000000
C 542 3 00000000
C 542 4 00000000
C 542 5 00000000
C 542 6 00000000
C 542 7 00000000
C 542 8 00000000
C 542 9 00000000
C 542 10 00000000
C 542 11 00000000
C 542 12 00000000
C 542 13 00000000
C 542 14 00000000
C 542 15 00000000
D 542 0 00000000
D 542 1 00000000
V 542 0 00000000
V 542 1 00000000
R 542 0 00000000
B 542 0 00000000
P 542 0 00000000
P 542 1 00000000
P 542 2 00000000
P 542 3 00000000
P 542 4 00000000
T 543 0 00000000
T 543 1 00000000
T 543 2 00000000
C 543 0 00000000
C 543 1 00000000
C 543 2 00000000
C 543 3 00000000
C 543 4 00000000
C 543 5 00000000
C 543 6 00000000
C 543 7 00000000
C 543 8 00000000
C 543 9 00000000
C 543 10 00000000
C 543 11 00000000
C 543 12 00000000
C 543 13 00000000
C 543 14 00000000
C 543 15 00000000
D 543 0 00000000
D 543 1 00000000
V 543 0 00000000
V 543 1 00000000
R 543 0 00000000
B 543 0 00000000
P 543 0 00000000
P 543 1 00000000
P 543 2 00000000
P 543 3 00000000
P 543 4 00000000
T 544 0 00000000
T 544 1 00000000
T 544 2 00000000
C 544 0 00000000
C 544 1 00000000
C 544 2 00000000
C 544 3 00000000
C 544 4 00000000
C 544 5 00000000
C 544 6 00000000
C 544 7 00000000
C 544 8 00000000
C 544 9 00000000
C 544 10 00000000
C 544 11 00000000
C 544 12 00000000
C 544 13 00000000
C 544 14 00000000
C 544 15 00000000
D 544 0 00000000
D 544 1 00000000
V 544 0 00000000
V 544 1 00000000
R 544 0 00000000
B 544 0 00000000
P 544 0 00000000
P 544 1 00000000
P 544 2 00000000
P 544 3 00000000
P 544 4 00000000
T 545 0 00000000
T 545 1 00000000
T 545 2 00000000
C 545 0 00000000
C 545 1 00000000
C 545 2 00000000
C 545 3 00000000
C 545 4 00000000
C 545 5 00000000
C 545 6 00000000
C 545 7 00000000
C 545 8 00000000
C 545 9 00000000
C 545 10 00000000
C 545 11 00000000
C 545 12 00000000
C 545 13 00000000
C 545 14 00000000
C 545 15 00000000
D 545 0 00000000
D 545 1 00000000
V 545 0 00000000
V 545 1 00000000
R 545 0 00000000
B 545 0 00000000
P 545 0 00000000
P 545 1 00000000
P 545 2 00000000
P 545 3 00000000
P 545 4 00000000
T 546 0 00000000
T 546 1 00000000
T 546 2 00000000
C 546 0 00000000
C 546 1 00000000
C 546 2 00000000
C 546 3 00000000
C 546 4 00000000
C 546 5 00000000
C 546 6 00000000
C 546 7 00000000
C 546 8 00000000
C 546 9 00000000
C 546 10 00000000
C 546 11 00000000
C 546 12 00000000
C 546 13 00000000
C 546 14 00000000
C 546 15 00000000
D 546 0 00000000
D 546 1 00000000
V 546 0 00000000
V 546 1 00000000
R 546 0 00000000
B 546 0 00000000
P 546 0 00000000
P 546 1 00000000
P 546 2 00000000
P 546 3 00000000
P 546 4 00000000
T 547 0 00000000
T 547 1 00000000
T 547 2 00000000
C 547 0 00000000
C 547 1 00000000
C 547 2 00000000
C 547 3 00000000
C 547 4 00000000
C 547 5 00000000
C 547 6 00000000
C 547 7 00000000
C 547 8 00000000
C 547 9 00000000
C 547 10 00000000
C 547 11 00000000
C 547 12 00000000
C 547 13 00000000
C 547 14 00000000
C 547 15 00000000
D 547 0 00000000
D 547 1 00000000
V 547 0 00000000
V 547 1 00000000
R 547 0 00000000
B 547 0 00000000
P 547 0 00000000
P 547 1 00000000
P 547 2 00000000
P 547 3 00000000
P 547 4 00000000
T 548 0 00000000
T 548 1 00000000
T 548 2 00000000
C 548 0 00000000
C 548 1 00000000
C 548 2 00000000
C 548 3 00000000
C 548 4 00000000
C 548 5 00000000
C 548 6 00000000
C 548 7 00000000
C 548 8 00000000
C 548 9 00000000
C 548 10 00000000
C 548 11 00000000
C 548 12 00000000
C 548 13 00000000
C 548 14 00000000
C 548 15 00000000
D 548 0 00000000
D 548 1 00000000
V 548 0 00000000
V 548 1 00000000
R 548 0 00000000
B 548 0 00000000
P 548 0 00000000
P 548 1 00000000
P 548 2 00000000
P 548 3 00000000
P 548 4 00000000
T 549 0 00000000
T 549 1 00000000
T 549 2 00000000
C 549 0 00000000
C 549 1 00000000
C 549 2 00000000
C 549 3 00000000
C 549 4 00000000
C 549 5 00000000
C 549 6 00000000
C 549 7 00000000
C 549 8 00000000
C 549 9 00000000
C 549 10 00000000
C 549 11 00000000
C 549 12 00000000
C 549 13 00000000
C 549 14 00000000
C 549 15 00000000
D 549 0 00000000
D 549 1 00000000
V 549 0 00000000
V 549 1 00000000
R 549 0 00000000
B 549 0 00000000
P 549 0 00000000
P 549 1 00000000
P 549 2 00000000
P 549 3 00000000
P 549 4 00000000
T 550 0 00000000
T 550 1 00000000
T 550 2 00000000
C 550 0 00000000
C 550 1 00000000
C 550 2 00000000
C 550 3 00000000
C 550 4 00000000
C 550 5 00000000
C 550 6 00000000
C 550 7 00000000
C 550 8 00000000
C 550 9 00000000
C 550 10 00000000
C 550 11 00000000
C 550 12 00000000
C 550 13 00000000
C 550 14 00000000
C 550 15 00000000
D 550 0 00000000
D 550 1 00000000
V 550 0 00000000
V 550 1 00000000
R 550 0 00000000
B 550 0 00000000
P 550 0 00000000
P 550 1 00000000
P 550 2 00000000
P 550 3 00000000
P 550 4 00000000
T 551 0 00000000
T 551 1 00000000
T 551 2 00000000
C 551 0 00000000
C 551 1 00000000
C 551 2 00000000
C 551 3 00000000
C 551 4 00000000
C 551 5 00000000
C 551 6 00000000
C 551 7 00000000
C 551 8 00000000
C 551 9 00000000
C 551 10 00000000
C 551 11 00000000
C 551 12 00000000
C 551 13 00000000
C 551 14 00000000
C 551 15 00000000
D 551 0 00000000
D 551 1 00000000
V 551 0 00000000
V 551 1 00000000
R 551 0 00000000
B 551 0 00000000
P 551 0 00000000
P 551 1 00000000
P 551 2 00000000
P 551 3 00000000
P 551 4 00000000
T 552 0 00000000
T 552 1 00000000
T 552 2 00000000
C 552 0 00000000
C 552 1 00000000
C 552 2 00000000
C 552 3 00000000
C 552 4 00000000
C 552 5 00000000
C 552 6 00000000
C 552 7 00000000
C 552 8 00000000
C 552 9 00000000
C 552 10 00000000
C 552 11 00000000
C 552 12 00000000
C 552 13 00000000
C 552 14 00000000
C 552 15 00000000
D 552 0 00000000
D 552 1 00000000
V 552 0 00000000
V 552 1 00000000
R 552 0 00000000
B 552 0 00000000
P 552 0 00000000
P 552 1 00000000
P 552 2 00000000
P 552 3 00000000
P 552 4 00000000
T 553 0 00000000
T 553 1 00000000
T 553 2 00000000
C 553 0 00000000
C 553 1 00000000
C 553 2 00000000
C 553 3 00000000
C 553 4 00000000
C 553 5 00000000
C 553 6 00000000
C 553 7 00000000
C 553 8 00000000
C 553 9 00000000
C 553 10 00000000
C 553 11 00000000
C 553 12 00000000
C 553 13 00000000
C 553 14 00000000
C 553 15 00000000
D 553 0 00000000
D 553 1 00000000
V 553 0 00000000
V 553 1 00000000
R 553 0 00000000
B 553 0 00000000
P 553 0 00000000
P 553 1 00000000
P 553 2 00000000
P 553 3 00000000
P 553 4 00000000
T 554 0 00000000
T 554 1 00000000
T 554 2 00000000
C 554 0 00000000
C 554 1 00000000
C 554 2 00000000
C 554 3 00000000
C 554 4 00000000
C 554 5 00000000
C 554 6 00000000
C 554 7 00000000
C 554 8 00000000
C 554 9 00000000
C 554 10 00000000
C 554 11 00000000
C 554 12 00000000
C 554 13 00000000
C 554 14 00000000
C 554 15 00000000
D 554 0 00000000
D 554 1 00000000
V 554 0 00000000
V 554 1 00000000
R 554 0 00000000
B 554 0 00000000
P 554 0 00000000
P 554 1 00000000
P 554 2 00000000
P 554 3 00000000
P 554 4 00000000
T 555 0 00000000
T 555 1 00000000
T 555 2 00000000
C 555 0 00000000
C 555 1 00000000
C 555 2 00000000
C 555 3 00000000
C 555 4 00000000
C 555 5 00000000
C 555 6 00000000
C 555 7 00000000
C 555 8 00000000
C 555 9 00000000
C 555 10 00000000
C 555 11 00000000
C 555 12 00000000
C 555 13 00000000
C 555 14 00000000
C 555 15 00000000
D 555 0 00000000
D 555 1 00000000
V 555 0 00000000
V 555 1 00000000
R 555 0 00000000
B 555 0 00000000
P 555 0 00000000
P 555 1 00000000
P 555 2 00000000
P 555 3 00000000
P 555 4 00000000
T 556 0 00000000
T 556 1 00000000
T 556 2 00000000
C 556 0 00000000
C 556 1 00000000
C 556 2 00000000
C 556 3 00000000
C 556 4 00000000
C 556 5 00000000
C 556 6 00000000
C 556 7 00000000
C 556 8 00000000
C 556 9 00000000
C 556 10 00000000
C 556 11 00000000
C 556 12 00000000
C 556 13 00000000
C 556 14 00000000
C 556 15 00000000
D 556 0 00000000
D 556 1 00000000
V 556 0 00000000
V 556 1 00000000
R 556 0 00000000
B 556 0 00000000
P 556 0 00000000
P 556 1 00000000
P 556 2 00000000
P 556 3 00000000
P 556 4 00000000
T 557 0 00000000
T 557 1 00000000
T 557 2 00000000
C 557 0 00000000
C 557 1 00000000
C 557 2 00000000
C 557 3 00000000
C 557 4 00000000
C 557 5 00000000
C 557 6 00000000
C 557 7 00000000
C 557 8 00000000
C 557 9 00000000
C 557 10 00000000
C 557 11 00000000
C 557 12 00000000
C 557 13 00000000
C 557 14 00000000
C 557 15 00000000
D 557 0 00000000
D 557 1 00000000
V 557 0 00000000
V 557 1 00000000
R 557 0 00000000
B 557 0 00000000
P 557 0 00000000
P 557 1 00000000
P 557 2 00000000
P 557 3 00000000
P 557 4 00000000
T 558 0 00000000
T 558 1 00000000
T 558 2 00000000
C 558 0 00000000
C 558 1 00000000
C 558 2 00000000
C 558 3 00000000
C 558 4 00000000
C 558 5 00000000
C 558 6 00000000
C 558 7 00000000
C 558 8 00000000
C 558 9 00000000
C 558 10 00000000
C 558 11 00000000
C 558 12 00000000
C 558 13 00000000
C 558 14 00000000
C 558 15 00000000
D 558 0 00000000
D 558 1 00000000
V 558 0 00000000
V 558 1 00000000
R 558 0 00000000
B 558 0 00000000
P 558 0 00000000
P 558 1 00000000
P 558 2 00000000
P 558 3 00000000
P 558 4 00000000
T 559 0 00000000
T 559 1 00000000
T 559 2 00000000
C 559 0 00000000
C 559 1 00000000
C 559 2 00000000
C 559 3 00000000
C 559 4 00000000
C 559 5 00000000
C 559 6 00000000
C 559 7 00000000
C 559 8 00000000
C 559 9 00000000
C 559 10 00000000
C 559 11 00000000
C 559 12 00000000
C 559 13 00000000
C 559 14 00000000
C 559 15 00000000
D 559 0 00000000
D 559 1 00000000
V 559 0 00000000
V 559 1 00000000
R 559 0 00000000
B 559 0 00000000
P 559 0 00000000
P 559 1 00000000
P 559 2 00000000
P 559 3 00000000
P 559 4 00000000
T 560 0 00000000
T 560 1 00000000
T 560 2 00000000
C 560 0 00000000
C 560 1 00000000
C 560 2 00000000
C 560 3 00000000
C 560 4 00000000
C 560 5 00000000
C 560 6 00000000
C 560 7 00000000
C 560 8 00000000
C 560 9 00000000
C 560 10 00000000
C 560 11 00000000
C 560 12 00000000
C 560 13 00000000
C 560 14 00000000
C 560 15 00000000
D 560 0 00000000
D 560 1 00000000
V 560 0 00000000
V 560 1 00000000
R 560 0 00000000
B 560 0 00000000
P 560 0 00000000
P 560 1 00000000
P 560 2 00000000
P 560 3 00000000
P 560 4 00000000
T 561 0 00000000
T 561 1 00000000
T 561 2 00000000
C 561 0 00000000
C 561 1 00000000
C 561 2 00000000
C 561 3 00000000
C 561 4 00000000
C 561 5 00000000
C 561 6 00000000
C 561 7 00000000
C 561 8 00000000
C 561 9 00000000
C 561 10 00000000
C 561 11 00000000
C 561 12 00000000
C 561 13 00000000
C 561 14 00000000
C 561 15 00000000
D 561 0 00000000
D 561 1 00000000
V 561 0 00000000
V 561 1 00000000
R 561 0 00000000
B 561 0 00000000
P 561 0 00000000
P 561 1 00000000
P 561 2 00000000
P 561 3 00000000
P 561 4 00000000
T 562 0 00000000
T 562 1 00000000
T 562 2 00000000
C 562 0 00000000
C 562 1 00000000
C 562 2 00000000
C 562 3 00000000
C 562 4 00000000
C 562 5 00000000
C 562 6 00000000
C 562 7 00000000
C 562 8 00000000
C 562 9 00000000
C 562 10 00000000
C 562 11 00000000
C 562 12 00000000
C 562 13 00000000
C 562 14 00000000
C 562 15 00000000
D 562 0 00000000
D 562 1 00000000
V 562 0 00000000
V 562 1 00000000
R 562 0 00000000
B 562 0 00000000
P 562 0 00000000
P 562 1 00000000
P 562 2 00000000
P 562 3 00000000
P 562 4 00000000
T 563 0 00000000
T 563 1 00000000
T 563 2 00000000
C 563 0 00000000
C 563 1 00000000
C 563 2 00000000
C 563 3 00000000
C 563 4 00000000
C 563 5 00000000
C 563 6 00000000
C 563 7 00000000
C 563 8 00000000
C 563 9 00000000
C 563 10 00000000
C 563 11 00000000
C 563 12 00000000
C 563 13 00000000
C 563 14 00000000
C 563 15 00000000
D 563 0 00000000
D 563 1 00000000
V 563 0 00000000
V 563 1 00000000
R 563 0 00000000
B 563 0 00000000
P 563 0 00000000
P 563 1 00000000
P 563 2 00000000
P 563 3 00000000
P 563 4 00000000
T 564 0 00000000
T 564 1 00000000
T 564 2 00000000
C 564 0 00000000
C 564 1 00000000
C 564 2 00000000
C 564 3 00000000
C 564 4 00000000
C 564 5 00000000
C 564 6 00000000
C 564 7 00000000
C 564 8 00000000
C 564 9 00000000
C 564 10 00000000
C 564 11 00000000
C 564 12 00000000
C 564 13 00000000
C 564 14 00000000
C 564 15 00000000
D 564 0 00000000
D 564 1 00000000
V 564 0 00000000
V 564 1 00000000
R 564 0 00000000
B 564 0 00000000
P 564 0 00000000
P 564 1 00000000
P 564 2 00000000
P 564 3 00000000
P 564 4 00000000
T 565 0 00000000
T 565 1 00000000
T 565 2 00000000
C 565 0 00000000
C 565 1 00000000
C 565 2 00000000
C 565 3 00000000
C 565 4 00000000
C 565 5 00000000
C 565 6 00000000
C 565 7 00000000
C 565 8 00000000
C 565 9 00000000
C 565 10 00000000
C 565 11 00000000
C 565 12 00000000
C 565 13 00000000
C 565 14 00000000
C 565 15 00000000
D 565 0 00000000
D 565 1 00000000
V 565 0 00000000
V 565 1 00000000
R 565 0 00000000
B 565 0 00000000
P 565 0 00000000
P 565 1 00000000
P 565 2 00000000
P 565 3 00000000
P 565 4 00000000
T 566 0 00000000
T 566 1 00000000
T 566 2 00000000
C 566 0 00000000
C 566 1 00000000
C 566 2 00000000
C 566 3 00000000
C 566 4 00000000
C 566 5 00000000
C 566 6 00000000
C 566 7 00000000
C 566 8 00000000
C 566 9 00000000
C 566 10 00000000
C 566 11 00000000
C 566 12 00000000
C 566 13 00000000
C 566 14 00000000
C 566 15 00000000
D 566 0 00000000
D 566 1 00000000
V 566 0 00000000
V 566 1 00000000
R 566 0 00000000
B 566 0 00000000
P 566 0 00000000
P 566 1 00000000
P 566 2 00000000
P 566 3 00000000
P 566 4 00000000
T 567 0 00000000
T 567 1 00000000
T 567 2 00000000
C 567 0 00000000
C 567 1 00000000
C 567 2 00000000
C 567 3 00000000
C 567 4 00000000
C 567 5 00000000
C 567 6 00000000
C 567 7 00000000
C 567 8 00000000
C 567 9 00000000
C 567 10 00000000
C 567 11 00000000
C 567 12 00000000
C 567 13 00000000
C 567 14 00000000
C 567 15 00000000
D 567 0 00000000
D 567 1 00000000
V 567 0 00000000
V 567 1 00000000
R 567 0 00000000
B 567 0 00000000
P 567 0 00000000
P 567 1 00000000
P 567 2 00000000
P 567 3 00000000
P 567 4 00000000
T 568 0 00000000
T 568 1 00000000
T 568 2 00000000
C 568 0 00000000
C 568 1 00000000
C 568 2 00000000
C 568 3 00000000
C 568 4 00000000
C 568 5 00000000
C 568 6 00000000
C 568 7 00000000
C 568 8 00000000
C 568 9 00000000
C 568 10 00000000
C 568 11 00000000
C 568 12 00000000
C 568 13 00000000
C 568 14 00000000
C 568 15 00000000
D 568 0 00000000
D 568 1 00000000
V 568 0 00000000
V 568 1 00000000
R 568 0 00000000
B 568 0 00000000
P 568 0 00000000
P 568 1 00000000
P 568 2 00000000
P 568 3 00000000
P 568 4 00000000
T 569 0 00000000
T 569 1 00000000
T 569 2 00000000
C 569 0 00000000
C 569 1 00000000
C 569 2 00000000
C 569 3 00000000
C 569 4 00000000
C 569 5 00000000
C 569 6 00000000
C 569 7 00000000
C 569 8 00000000
C 569 9 00000000
C 569 10 00000000
C 569 11 00000000
C 569 12 00000000
C 569 13 00000000
C 569 14 00000000
C 569 15 00000000
D 569 0 00000000
D 569 1 00000000
V 569 0 00000000
V 569 1 00000000
R 569 0 00000000
B 569 0 00000000
P 569 0 00000000
P 569 1 00000000
P 569 2 00000000
P 569 3 00000000
P 569 4 00000000
T 570 0 00000000
T 570 1 00000000
T 570 2 00000000
C 570 0 00000000
C 570 1 00000000
C 570 2 00000000
C 570 3 00000000
C 570 4 00000000
C 570 5 00000000
C 570 6 00000000
C 570 7 00000000
C 570 8 00000000
C 570 9 00000000
C 570 10 00000000
C 570 11 00000000
C 570 12 00000000
C 570 13 00000000
C 570 14 00000000
C 570 15 00000000
D 570 0 00000000
D 570 1 00000000
V 570 0 00000000
V 570 1 00000000
R 570 0 00000000
B 570 0 00000000
P 570 0 00000000
P 570 1 00000000
P 570 2 00000000
P 570 3 00000000
P 570 4 00000000
T 571 0 00000000
T 571 1 00000000
T 571 2 00000000
C 571 0 00000000
C 571 1 00000000
C 571 2 00000000
C 571 3 00000000
C 571 4 00000000
C 571 5 00000000
C 571 6 00000000
C 571 7 00000000
C 571 8 00000000
C 571 9 00000000
C 571 10 00000000
C 571 11 00000000
C 571 12 00000000
C 571 13 00000000
C 571 14 00000000
C 571 15 00000000
D 571 0 00000000
D 571 1 00000000
V 571 0 00000000
V 571 1 00000000
R 571 0 00000000
B 571 0 00000000
P 571 0 00000000
P 571 1 00000000
P 571 2 00000000
P 571 3 00000000
P 571 4 00000000
T 572 0 00000000
T 572 1 00000000
T 572 2 00000000
C 572 0 00000000
C 572 1 00000000
C 572 2 00000000
C 572 3 00000000
C 572 4 00000000
C 572 5 00000000
C 572 6 00000000
C 572 7 00000000
C 572 8 00000000
C 572 9 00000000
C 572 10 00000000
C 572 11 00000000
C 572 12 00000000
C 572 13 00000000
C 572 14 00000000
C 572 15 00000000
D 572 0 00000000
D 572 1 00000000
V 572 0 00000000
V 572 1 00000000
R 572 0 00000000
B 572 0 00000000
P 572 0 00000000
P 572 1 00000000
P 572 2 00000000
P 572 3 00000000
P 572 4 00000000
T 573 0 00000000
T 573 1 00000000
T 573 2 00000000
C 573 0 00000000
C 573 1 00000000
C 573 2 00000000
C 573 3 00000000
C 573 4 00000000
C 573 5 00000000
C 573 6 00000000
C 573 7 00000000
C 573 8 00000000
C 573 9 00000000
C 573 10 00000000
C 573 11 00000000
C 573 12 00000000
C 573 13 00000000
C 573 14 00000000
C 573 15 00000000
D 573 0 00000000
D 573 1 00000000
V 573 0 00000000
V 573 1 00000000
R 573 0 00000000
B 573 0 00000000
P 573 0 00000000
P 573 1 00000000
P 573 2 00000000
P 573 3 00000000
P 573 4 00000000
T 574 0 00000000
T 574 1 00000000
T 574 2 00000000
C 574 0 00000000
C 574 1 00000000
C 574 2 00000000
C 574 3 00000000
C 574 4 00000000
C 574 5 00000000
C 574 6 00000000
C 574 7 00000000
C 574 8 00000000
C 574 9 00000000
C 574 10 00000000
C 574 11 00000000
C 574 12 00000000
C 574 13 00000000
C 574 14 00000000
C 574 15 00000000
D 574 0 00000000
D 574 1 00000000
V 574 0 00000000
V 574 1 00000000
R 574 0 00000000
B 574 0 00000000
P 574 0 00000000
P 574 1 00000000
P 574 2 00000000
P 574 3 00000000
P 574 4 00000000
T 575 0 00000000
T 575 1 00000000
T 575 2 00000000
C 575 0 00000000
C 575 1 00000000
C 575 2 00000000
C 575 3 00000000
C 575 4 00000000
C 575 5 00000000
C 575 6 00000000
C 575 7 00000000
C 575 8 00000000
C 575 9 00000000
C 575 10 00000000
C 575 11 00000000
C 575 12 00000000
C 575 13 00000000
C 575 14 00000000
C 575 15 00000000
D 575 0 00000000
D 575 1 00000000
V 575 0 00000000
V 575 1 00000000
R 575 0 00000000
B 575 0 00000000
P 575 0 00000000
P 575 1 00000000
P 575 2 00000000
P 575 3 00000000
P 575 4 00000000
T 576 0 00000000
T 576 1 00000000
T 576 2 00000000
C 576 0 00000000
C 576 1 00000000
C 576 2 00000000
C 576 3 00000000
C 576 4 00000000
C 576 5 00000000
C 576 6 00000000
C 576 7 00000000
C 576 8 00000000
C 576 9 00000000
C 576 10 00000000
C 576 11 00000000
C 576 12 00000000
C 576 13 00000000
C 576 14 00000000
C 576 15 00000000
D 576 0 00000000
D 576 1 00000000
V 576 0 00000000
V 576 1 00000000
R 576 0 00000000
B 576 0 00000000
P 576 0 00000000
P 576 1 00000000
P 576 2 00000000
P 576 3 00000000
P 576 4 00000000
T 577 0 00000000
T 577 1 00000000
T 577 2 00000000
C 577 0 00000000
C 577 1 00000000
C 577 2 00000000
C 577 3 00000000
C 577 4 00000000
C 577 5 00000000
C 577 6 00000000
C 577 7 00000000
C 577 8 00000000
C 577 9 00000000
C 577 10 00000000
C 577 11 00000000
C 577 12 00000000
C 577 13 00000000
C 577 14 00000000
C 577 15 00000000
D 577 0 00000000
D 577 1 00000000
V 577 0 00000000
V 577 1 00000000
R 577 0 00000000
B 577 0 00000000
P 577 0 00000000
P 577 1 00000000
P 577 2 00000000
P 577 3 00000000
P 577 4 00000000
T 578 0 00000000
T 578 1 00000000
T 578 2 00000000
C 578 0 00000000
C 578 1 00000000
C 578 2 00000000
C 578 3 00000000
C 578 4 00000000
C 578 5 00000000
C 578 6 00000000
C 578 7 00000000
C 578 8 00000000
C 578 9 00000000
C 578 10 00000000
C 578 11 00000000
C 578 12 00000000
C 578 13 00000000
C 578 14 00000000
C 578 15 00000000
D 578 0 00000000
D 578 1 00000000
V 578 0 00000000
V 578 1 00000000
R 578 0 00000000
B 578 0 00000000
P 578 0 00000000
P 578 1 00000000
P 578 2 00000000
P 578 3 00000000
P 578 4 00000000
T 579 0 00000000
T 579 1 00000000
T 579 2 00000000
C 579 0 00000000
C 579 1 00000000
C 579 2 00000000
C 579 3 00000000
C 579 4 00000000
C 579 5 00000000
C 579 6 00000000
C 579 7 00000000
C 579 8 00000000
C 579 9 00000000
C 579 10 00000000
C 579 11 00000000
C 579 12 00000000
C 579 13 00000000
C 579 14 00000000
C 579 15 00000000
D 579 0 00000000
D 579 1 00000000
V 579 0 00000000
V 579 1 00000000
R 579 0 00000000
B 579 0 00000000
P 579 0 00000000
P 579 1 00000000
P 579 2 00000000
P 579 3 00000000
P 579 4 00000000
T 580 0 00000000
T 580 1 00000000
T 580 2 00000000
C 580 0 00000000
C 580 1 00000000
C 580 2 00000000
C 580 3 00000000
C 580 4 00000000
C 580 5 00000000
C 580 6 00000000
C 580 7 00000000
C 580 8 00000000
C 580 9 00000000
C 580 10 00000000
C 580 11 00000000
C 580 12 00000000
C 580 13 00000000
C 580 14 00000000
C 580 15 00000000
D 580 0 00000000
D 580 1 00000000
V 580 0 00000000
V 580 1 00000000
R 580 0 00000000
B 580 0 00000000
P 580 0 00000000
P 580 1 00000000
P 580 2 00000000
P 580 3 00000000
P 580 4 00000000
T 581 0 00000000
T 581 1 00000000
T 581 2 00000000
C 581 0 00000000
C 581 1 00000000
C 581 2 00000000
C 581 3 00000000
C 581 4 00000000
C 581 5 00000000
C 581 6 00000000
C 581 7 00000000
C 581 8 00000000
C 581 9 00000000
C 581 10 00000000
C 581 11 00000000
C 581 12 00000000
C 581 13 00000000
C 581 14 00000000
C 581 15 00000000
D 581 0 00000000
D 581 1 00000000
V 581 0 00000000
V 581 1 00000000
R 581 0 00000000
B 581 0 00000000
P 581 0 00000000
P 581 1 00000000
P 581 2 00000000
P 581 3 00000000
P 581 4 00000000
T 582 0 00000000
T 582 1 00000000
T 582 2 00000000
C 582 0 00000000
C 582 1 00000000
C 582 2 00000000
C 582 3 00000000
C 582 4 00000000
C 582 5 00000000
C 582 6 00000000
C 582 7 00000000
C 582 8 00000000
C 582 9 00000000
C 582 10 00000000
C 582 11 00000000
C 582 12 00000000
C 582 13 00000000
C 582 14 00000000
C 582 15 00000000
D 582 0 00000000
D 582 1 00000000
V 582 0 00000000
V 582 1 00000000
R 582 0 00000000
B 582 0 00000000
P 582 0 00000000
P 582 1 00000000
P 582 2 00000000
P 582 3 00000000
P 582 4 00000000
T 583 0 00000000
T 583 1 00000000
T 583 2 00000000
C 583 0 00000000
C 583 1 00000000
C 583 2 00000000
C 583 3 00000000
C 583 4 00000000
C 583 5 00000000
C 583 6 00000000
C 583 7 00000000
C 583 8 00000000
C 583 9 00000000
C 583 10 00000000
C 583 11 00000000
C 583 12 00000000
C 583 13 00000000
C 583 14 00000000
C 583 15 00000000
D 583 0 00000000
D 583 1 00000000
V 583 0 00000000
V 583 1 00000000
R 583 0 00000000
B 583 0 00000000
P 583 0 00000000
P 583 1 00000000
P 583 2 00000000
P 583 3 00000000
P 583 4 00000000
T 584 0 00000000
T 584 1 00000000
T 584 2 00000000
C 584 0 00000000
C 584 1 00000000
C 584 2 00000000
C 584 3 00000000
C 584 4 00000000
C 584 5 00000000
C 584 6 00000000
C 584 7 00000000
C 584 8 00000000
C 584 9 00000000
C 584 10 00000000
C 584 11 00000000
C 584 12 00000000
C 584 13 00000000
C 584 14 00000000
C 584 15 00000000
D 584 0 00000000
D 584 1 00000000
V 584 0 00000000
V 584 1 00000000
R 584 0 00000000
B 584 0 00000000
P 584 0 00000000
P 584 1 00000000
P 584 2 00000000
P 584 3 00000000
P 584 4 00000000
T 585 0 00000000
T 585 1 00000000
T 585 2 00000000
C 585 0 00000000
C 585 1 00000000
C 585 2 00000000
C 585 3 00000000
C 585 4 00000000
C 585 5 00000000
C 585 6 00000000
C 585 7 00000000
C 585 8 00000000
C 585 9 00000000
C 585 10 00000000
C 585 11 00000000
C 585 12 00000000
C 585 13 00000000
C 585 14 00000000
C 585 15 00000000
D 585 0 00000000
D 585 1 00000000
V 585 0 00000000
V 585 1 00000000
R 585 0 00000000
B 585 0 00000000
P 585 0 00000000
P 585 1 00000000
P 585 2 00000000
P 585 3 00000000
P 585 4 00000000
T 586 0 00000000
T 586 1 00000000
T 586 2 00000000
C 586 0 00000000
C 586 1 00000000
C 586 2 00000000
C 586 3 00000000
C 586 4 00000000
C 586 5 00000000
C 586 6 00000000
C 586 7 00000000
C 586 8 00000000
C 586 9 00000000
C 586 10 00000000
C 586 11 00000000
C 586 12 00000000
C 586 13 00000000
C 586 14 00000000
C 586 15 00000000
D 586 0 00000000
D 586 1 00000000
V 586 0 00000000
V 586 1 00000000
R 586 0 00000000
B 586 0 00000000
P 586 0 00000000
P 586 1 00000000
P 586 2 00000000
P 586 3 00000000
P 586 4 00000000
T 587 0 00000000
T 587 1 00000000
T 587 2 00000000
C 587 0 00000000
C 587 1 00000000
C 587 2 00000000
C 587 3 00000000
C 587 4 00000000
C 587 5 00000000
C 587 6 00000000
C 587 7 00000000
C 587 8 00000000
C 587 9 00000000
C 587 10 00000000
C 587 11 00000000
C 587 12 00000000
C 587 13 00000000
C 587 14 00000000
C 587 15 00000000
D 587 0 00000000
D 587 1 00000000
V 587 0 00000000
V 587 1 00000000
R 587 0 00000000
B 587 0 00000000
P 587 0 00000000
P 587 1 00000000
P 587 2 00000000
P 587 3 00000000
P 587 4 00000000
T 588 0 00000000
T 588 1 00000000
T 588 2 00000000
C 588 0 00000000
C 588 1 00000000
C 588 2 00000000
C 588 3 00000000
C 588 4 00000000
C 588 5 00000000
C 588 6 00000000
C 588 7 00000000
C 588 8 00000000
C 588 9 00000000
C 588 10 00000000
C 588 11 00000000
C 588 12 00000000
C 588 13 00000000
C 588 14 00000000
C 588 15 00000000
D 588 0 00000000
D 588 1 00000000
V 588 0 00000000
V 588 1 00000000
R 588 0 00000000
B 588 0 00000000
P 588 0 00000000
P 588 1 00000000
P 588 2 00000000
P 588 3 00000000
P 588 4 00000000
T 589 0 00000000
T 589 1 00000000
T 589 2 00000000
C 589 0 00000000
C 589 1 00000000
C 589 2 00000000
C 589 3 00000000
C 589 4 00000000
C 589 5 00000000
C 589 6 00000000
C 589 7 00000000
C 589 8 00000000
C 589 9 00000000
C 589 10 00000000
C 589 11 00000000
C 589 12 00000000
C 589 13 00000000
C 589 14 00000000
C 589 15 00000000
D 589 0 00000000
D 589 1 00000000
V 589 0 00000000
V 589 1 00000000
R 589 0 00000000
B 589 0 00000000
P 589 0 00000000
P 589 1 00000000
P 589 2 00000000
P 589 3 00000000
P 589 4 00000000
T 590 0 00000000
T 590 1 00000000
T 590 2 00000000
C 590 0 00000000
C 590 1 00000000
C 590 2 00000000
C 590 3 00000000
C 590 4 00000000
C 590 5 00000000
C 590 6 00000000
C 590 7 00000000
C 590 8 00000000
C 590 9 00000000
C 590 10 00000000
C 590 11 00000000
C 590 12 00000000
C 590 13 00000000
C 590 14 00000000
C 590 15 00000000
D 590 0 00000000
D 590 1 00000000
V 590 0 00000000
V 590 1 00000000
R 590 0 00000000
B 590 0 00000000
P 590 0 00000000
P 590 1 00000000
P 590 2 00000000
P 590 3 00000000
P 590 4 00000000
T 591 0 00000000
T 591 1 00000000
T 591 2 00000000
C 591 0 00000000
C 591 1 00000000
C 591 2 00000000
C 591 3 00000000
C 591 4 00000000
C 591 5 00000000
C 591 6 00000000
C 591 7 00000000
C 591 8 00000000
C 591 9 00000000
C 591 10 00000000
C 591 11 00000000
C 591 12 00000000
C 591 13 00000000
C 591 14 00000000
C 591 15 00000000
D 591 0 00000000
D 591 1 00000000
V 591 0 00000000
V 591 1 00000000
R 591 0 00000000
B 591 0 00000000
P 591 0 00000000
P 591 1 00000000
P 591 2 00000000
P 591 3 00000000
P 591 4 00000000
T 592 0 00000000
T 592 1 00000000
T 592 2 00000000
C 592 0 00000000
C 592 1 00000000
C 592 2 00000000
C 592 3 00000000
C 592 4 00000000
C 592 5 00000000
C 592 6 00000000
C 592 7 00000000
C 592 8 00000000
C 592 9 00000000
C 592 10 00000000
C 592 11 00000000
C 592 12 00000000
C 592 13 00000000
C 592 14 00000000
C 592 15 00000000
D 592 0 00000000
D 592 1 00000000
V 592 0 00000000
V 592 1 00000000
R 592 0 00000000
B 592 0 00000000
P 592 0 00000000
P 592 1 00000000
P 592 2 00000000
P 592 3 00000000
P 592 4 00000000
T 593 0 00000000
T 593 1 00000000
T 593 2 00000000
C 593 0 00000000
C 593 1 00000000
C 593 2 00000000
C 593 3 00000000
C 593 4 00000000
C 593 5 00000000
C 593 6 00000000
C 593 7 00000000
C 593 8 00000000
C 593 9 00000000
C 593 10 00000000
C 593 11 00000000
C 593 12 00000000
C 593 13 00000000
C 593 14 00000000
C 593 15 00000000
D 593 0 00000000
D 593 1 00000000
V 593 0 00000000
V 593 1 00000000
R 593 0 00000000
B 593 0 00000000
P 593 0 00000000
P 593 1 00000000
P 593 2 00000000
P 593 3 00000000
P 593 4 00000000
T 594 0 00000000
T 594 1 00000000
T 594 2 00000000
C 594 0 00000000
C 594 1 00000000
C 594 2 00000000
C 594 3 00000000
C 594 4 00000000
C 594 5 00000000
C 594 6 00000000
C 594 7 00000000
C 594 8 00000000
C 594 9 00000000
C 594 10 00000000
C 594 11 00000000
C 594 12 00000000
C 594 13 00000000
C 594 14 00000000
C 594 15 00000000
D 594 0 00000000
D 594 1 00000000
V 594 0 00000000
V 594 1 00000000
R 594 0 00000000
B 594 0 00000000
P 594 0 00000000
P 594 1 00000000
P 594 2 00000000
P 594 3 00000000
P 594 4 00000000
T 595 0 00000000
T 595 1 00000000
T 595 2 00000000
C 595 0 00000000
C 595 1 00000000
C 595 2 00000000
C 595 3 00000000
C 595 4 00000000
C 595 5 00000000
C 595 6 00000000
C 595 7 00000000
C 595 8 00000000
C 595 9 00000000
C 595 10 00000000
C 595 11 00000000
C 595 12 00000000
C 595 13 00000000
C 595 14 00000000
C 595 15 00000000
D 595 0 00000000
D 595 1 00000000
V 595 0 00000000
V 595 1 00000000
R 595 0 00000000
B 595 0 00000000
P 595 0 00000000
P 595 1 00000000
P 595 2 00000000
P 595 3 00000000
P 595 4 00000000
T 596 0 00000000
T 596 1 00000000
T 596 2 00000000
C 596 0 00000000
C 596 1 00000000
C 596 2 00000000
C 596 3 00000000
C 596 4 00000000
C 596 5 00000000
C 596 6 00000000
C 596 7 00000000
C 596 8 00000000
C 596 9 00000000
C 596 10 00000000
C 596 11 00000000
C 596 12 00000000
C 596 13 00000000
C 596 14 00000000
C 596 15 00000000
D 596 0 00000000
D 596 1 00000000
V 596 0 00000000
V 596 1 00000000
R 596 0 00000000
B 596 0 00000000
P 596 0 00000000
P 596 1 00000000
P 596 2 00000000
P 596 3 00000000
P 596 4 00000000
T 597 0 00000000
T 597 1 00000000
T 597 2 00000000
C 597 0 00000000
C 597 1 00000000
C 597 2 00000000
C 597 3 00000000
C 597 4 00000000
C 597 5 00000000
C 597 6 00000000
C 597 7 00000000
C 597 8 00000000
C 597 9 00000000
C 597 10 00000000
C 597 11 00000000
C 597 12 00000000
C 597 13 00000000
C 597 14 00000000
C 597 15 00000000
D 597 0 00000000
D 597 1 00000000
V 597 0 00000000
V 597 1 00000000
R 597 0 00000000
B 597 0 00000000
P 597 0 00000000
P 597 1 00000000
P 597 2 00000000
P 597 3 00000000
P 597 4 00000000
T 598 0 00000000
T 598 1 00000000
T 598 2 00000000
C 598 0 00000000
C 598 1 00000000
C 598 2 00000000
C 598 3 00000000
C 598 4 00000000
C 598 5 00000000
C 598 6 00000000
C 598 7 00000000
C 598 8 00000000
C 598 9 00000000
C 598 10 00000000
C 598 11 00000000
C 598 12 00000000
C 598 13 00000000
C 598 14 00000000
C 598 15 00000000
D 598 0 00000000
D 598 1 00000000
V 598 0 00000000
V 598 1 00000000
R 598 0 00000000
B 598 0 00000000
P 598 0 00000000
P 598 1 00000000
P 598 2 00000000
P 598 3 00000000
P 598 4 00000000
T 599 0 00000000
T 599 1 00000000
T 599 2 00000000
C 599 0 00000000
C 599 1 00000000
C 599 2 00000000
C 599 3 00000000
C 599 4 00000000
C 599 5 00000000
C 599 6 00000000
C 599 7 00000000
C 599 8 00000000
C 599 9 00000000
C 599 10 00000000
C 599 11 00000000
C 599 12 00000000
C 599 13 00000000
C 599 14 00000000
C 599 15 00000000
D 599 0 00000000
D 599 1 00000000
V 599 0 00000000
V 599 1 00000000
R 599 0 00000000
B 599 0 00000000
P 599 0 00000000
P 599 1 00000000
P 599 2 00000000
P 599 3 00000000
P 599 4 00000000
T 600 0 00000000
T 600 1 00000000
T 600 2 00000000
C 600 0 00000000
C 600 1 00000000
C 600 2 00000000
C 600 3 00000000
C 600 4 00000000
C 600 5 00000000
C 600 6 00000000
C 600 7 00000000
C 600 8 00000000
C 600 9 00000000
C 600 10 00000000
C 600 11 00000000
C 600 12 00000000
C 600 13 00000000
C 600 14 00000000
C 600 15 00000000
D 600 0 00000000
D 600 1 00000000
V 600 0 00000000
V 600 1 00000000
R 600 0 00000000
B 600 0 00000000
P 600 0 00000000
P 600 1 00000000
P 600 2 00000000
P 600 3 00000000
P 600 4 00000000
T 601 0 00000000
T 601 1 00000000
T 601 2 00000000
C 601 0 00000000
C 601 1 00000000
C 601 2 00000000
C 601 3 00000000
C 601 4 00000000
C 601 5 00000000
C 601 6 00000000
C 601 7 00000000
C 601 8 00000000
C 601 9 00000000
C 601 10 00000000
C 601 11 00000000
C 601 12 00000000
C 601 13 00000000
C 601 14 00000000
C 601 15 00000000
D 601 0 00000000
D 601 1 00000000
V 601 0 00000000
V 601 1 00000000
R 601 0 00000000
B 601 0 00000000
P 601 0 00000000
P 601 1 00000000
P 601 2 00000000
P 601 3 00000000
P 601 4 00000000
T 602 0 00000000
T 602 1 00000000
T 602 2 00000000
C 602 0 00000000
C 602 1 00000000
C 602 2 00000000
C 602 3 00000000
C 602 4 00000000
C 602 5 00000000
C 602 6 00000000
C 602 7 00000000
C 602 8 00000000
C 602 9 00000000
C 602 10 00000000
C 602 11 00000000
C 602 12 00000000
C 602 13 00000000
C 602 14 00000000
C 602 15 00000000
D 602 0 00000000
D 602 1 00000000
V 602 0 00000000
V 602 1 00000000
R 602 0 00000000
B 602 0 00000000
P 602 0 00000000
P 602 1 00000000
P 602 2 00000000
P 602 3 00000000
P 602 4 00000000
T 603 0 00000000
T 603 1 00000000
T 603 2 00000000
C 603 0 00000000
C 603 1 00000000
C 603 2 00000000
C 603 3 00000000
C 603 4 00000000
C 603 5 00000000
C 603 6 00000000
C 603 7 00000000
C 603 8 00000000
C 603 9 00000000
C 603 10 00000000
C 603 11 00000000
C 603 12 00000000
C 603 13 00000000
C 603 14 00000000
C 603 15 00000000
D 603 0 00000000
D 603 1 00000000
V 603 0 00000000
V 603 1 00000000
R 603 0 00000000
B 603 0 00000000
P 603 0 00000000
P 603 1 00000000
P 603 2 00000000
P 603 3 00000000
P 603 4 00000000
T 604 0 00000000
T 604 1 00000000
T 604 2 00000000
C 604 0 00000000
C 604 1 00000000
C 604 2 00000000
C 604 3 00000000
C 604 4 00000000
C 604 5 00000000
C 604 6 00000000
C 604 7 00000000
C 604 8 00000000
C 604 9 00000000
C 604 10 00000000
C 604 11 00000000
C 604 12 00000000
C 604 13 00000000
C 604 14 00000000
C 604 15 00000000
D 604 0 00000000
D 604 1 00000000
V 604 0 00000000
V 604 1 00000000
R 604 0 00000000
B 604 0 00000000
P 604 0 00000000
P 604 1 00000000
P 604 2 00000000
P 604 3 00000000
P 604 4 00000000
T 605 0 00000000
T 605 1 00000000
T 605 2 00000000
C 605 0 00000000
C 605 1 00000000
C 605 2 00000000
C 605 3 00000000
C 605 4 00000000
C 605 5 00000000
C 605 6 00000000
C 605 7 00000000
C 605 8 00000000
C 605 9 00000000
C 605 10 00000000
C 605 11 00000000
C 605 12 00000000
C 605 13 00000000
C 605 14 00000000
C 605 15 00000000
D 605 0 00000000
D 605 1 00000000
V 605 0 00000000
V 605 1 00000000
R 605 0 00000000
B 605 0 00000000
P 605 0 00000000
P 605 1 00000000
P 605 2 00000000
P 605 3 00000000
P 605 4 00000000
T 606 0 00000000
T 606 1 00000000
T 606 2 00000000
C 606 0 00000000
C 606 1 00000000
C 606 2 00000000
C 606 3 00000000
C 606 4 00000000
C 606 5 00000000
C 606 6 00000000
C 606 7 00000000
C 606 8 00000000
C 606 9 00000000
C 606 10 00000000
C 606 11 00000000
C 606 12 00000000
C 606 13 00000000
C 606 14 00000000
C 606 15 00000000
D 606 0 00000000
D 606 1 00000000
V 606 0 00000000
V 606 1 00000000
R 606 0 00000000
B 606 0 00000000
P 606 0 00000000
P 606 1 00000000
P 606 2 00000000
P 606 3 00000000
P 606 4 00000000
T 607 0 00000000
T 607 1 00000000
T 607 2 00000000
C 607 0 00000000
C 607 1 00000000
C 607 2 00000000
C 607 3 00000000
C 607 4 00000000
C 607 5 00000000
C 607 6 00000000
C 607 7 00000000
C 607 8 00000000
C 607 9 00000000
C 607 10 00000000
C 607 11 00000000
C 607 12 00000000
C 607 13 00000000
C 607 14 00000000
C 607 15 00000000
D 607 0 00000000
D 607 1 00000000
V 607 0 00000000
V 607 1 00000000
R 607 0 00000000
B 607 0 00000000
P 607 0 00000000
P 607 1 00000000
P 607 2 00000000
P 607 3 00000000
P 607 4 00000000
T 608 0 00000000
T 608 1 00000000
T 608 2 00000000
C 608 0 00000000
C 608 1 00000000
C 608 2 00000000
C 608 3 00000000
C 608 4 00000000
C 608 5 00000000
C 608 6 00000000
C 608 7 00000000
C 608 8 00000000
C 608 9 00000000
C 608 10 00000000
C 608 11 00000000
C 608 12 00000000
C 608 13 00000000
C 608 14 00000000
C 608 15 00000000
D 608 0 00000000
D 608 1 00000000
V 608 0 00000000
V 608 1 00000000
R 608 0 00000000
B 608 0 00000000
P 608 0 00000000
P 608 1 00000000
P 608 2 00000000
P 608 3 00000000
P 608 4 00000000
T 609 0 00000000
T 609 1 00000000
T 609 2 00000000
C 609 0 00000000
C 609 1 00000000
C 609 2 00000000
C 609 3 00000000
C 609 4 00000000
C 609 5 00000000
C 609 6 00000000
C 609 7 00000000
C 609 8 00000000
C 609 9 00000000
C 609 10 00000000
C 609 11 00000000
C 609 12 00000000
C 609 13 00000000
C 609 14 00000000
C 609 15 00000000
D 609 0 00000000
D 609 1 00000000
V 609 0 00000000
V 609 1 00000000
R 609 0 00000000
B 609 0 00000000
P 609 0 00000000
P 609 1 00000000
P 609 2 00000000
P 609 3 00000000
P 609 4 00000000
T 610 0 00000000
T 610 1 00000000
T 610 2 00000000
C 610 0 00000000
C 610 1 00000000
C 610 2 00000000
C 610 3 00000000
C 610 4 00000000
C 610 5 00000000
C 610 6 00000000
C 610 7 00000000
C 610 8 00000000
C 610 9 00000000
C 610 10 00000000
C 610 11 00000000
C 610 12 00000000
C 610 13 00000000
C 610 14 00000000
C 610 15 00000000
D 610 0 00000000
D 610 1 00000000
V 610 0 00000000
V 610 1 00000000
R 610 0 00000000
B 610 0 00000000
P 610 0 00000000
P 610 1 00000000
P 610 2 00000000
P 610 3 00000000
P 610 4 00000000
T 611 0 00000000
T 611 1 00000000
T 611 2 00000000
C 611 0 00000000
C 611 1 00000000
C 611 2 00000000
C 611 3 00000000
C 611 4 00000000
C 611 5 00000000
C 611 6 00000000
C 611 7 00000000
C 611 8 00000000
C 611 9 00000000
C 611 10 00000000
C 611 11 00000000
C 611 12 00000000
C 611 13 00000000
C 611 14 00000000
C 611 15 00000000
D 611 0 00000000
D 611 1 00000000
V 611 0 00000000
V 611 1 00000000
R 611 0 00000000
B 611 0 00000000
P 611 0 00000000
P 611 1 00000000
P 611 2 00000000
P 611 3 00000000
P 611 4 00000000
T 612 0 00000000
T 612 1 00000000
T 612 2 00000000
C 612 0 00000000
C 612 1 00000000
C 612 2 00000000
C 612 3 00000000
C 612 4 00000000
C 612 5 00000000
C 612 6 00000000
C 612 7 00000000
C 612 8 00000000
C 612 9 00000000
C 612 10 00000000
C 612 11 00000000
C 612 12 00000000
C 612 13 00000000
C 612 14 00000000
C 612 15 00000000
D 612 0 00000000
D 612 1 00000000
V 612 0 00000000
V 612 1 00000000
R 612 0 00000000
B 612 0 00000000
P 612 0 00000000
P 612 1 00000000
P 612 2 00000000
P 612 3 00000000
P 612 4 00000000
T 613 0 00000000
T 613 1 00000000
T 613 2 00000000
C 613 0 00000000
C 613 1 00000000
C 613 2 00000000
C 613 3 00000000
C 613 4 00000000
C 613 5 00000000
C 613 6 00000000
C 613 7 00000000
C 613 8 00000000
C 613 9 00000000
C 613 10 00000000
C 613 11 00000000
C 613 12 00000000
C 613 13 00000000
C 613 14 00000000
C 613 15 00000000
D 613 0 00000000
D 613 1 00000000
V 613 0 00000000
V 613 1 00000000
R 613 0 00000000
B 613 0 00000000
P 613 0 00000000
P 613 1 00000000
P 613 2 00000000
P 613 3 00000000
P 613 4 00000000
T 614 0 00000000
T 614 1 00000000
T 614 2 00000000
C 614 0 00000000
C 614 1 00000000
C 614 2 00000000
C 614 3 00000000
C 614 4 00000000
C 614 5 00000000
C 614 6 00000000
C 614 7 00000000
C 614 8 00000000
C 614 9 00000000
C 614 10 00000000
C 614 11 00000000
C 614 12 00000000
C 614 13 00000000
C 614 14 00000000
C 614 15 00000000
D 614 0 00000000
D 614 1 00000000
V 614 0 00000000
V 614 1 00000000
R 614 0 00000000
B 614 0 00000000
P 614 0 00000000
P 614 1 00000000
P 614 2 00000000
P 614 3 00000000
P 614 4 00000000
T 615 0 00000000
T 615 1 00000000
T 615 2 00000000
C 615 0 00000000
C 615 1 00000000
C 615 2 00000000
C 615 3 00000000
C 615 4 00000000
C 615 5 00000000
C 615 6 00000000
C 615 7 00000000
C 615 8 00000000
C 615 9 00000000
C 615 10 00000000
C 615 11 00000000
C 615 12 00000000
C 615 13 00000000
C 615 14 00000000
C 615 15 00000000
D 615 0 00000000
D 615 1 00000000
V 615 0 00000000
V 615 1 00000000
R 615 0 00000000
B 615 0 00000000
P 615 0 00000000
P 615 1 00000000
P 615 2 00000000
P 615 3 00000000
P 615 4 00000000
T 616 0 00000000
T 616 1 00000000
T 616 2 00000000
C 616 0 00000000
C 616 1 00000000
C 616 2 00000000
C 616 3 00000000
C 616 4 00000000
C 616 5 00000000
C 616 6 00000000
C 616 7 00000000
C 616 8 00000000
C 616 9 00000000
C 616 10 00000000
C 616 11 00000000
C 616 12 00000000
C 616 13 00000000
C 616 14 00000000
C 616 15 00000000
D 616 0 00000000
D 616 1 00000000
V 616 0 00000000
V 616 1 00000000
R 616 0 00000000
B 616 0 00000000
P 616 0 00000000
P 616 1 00000000
P 616 2 00000000
P 616 3 00000000
P 616 4 00000000
T 617 0 00000000
T 617 1 00000000
T 617 2 00000000
C 617 0 00000000
C 617 1 00000000
C 617 2 00000000
C 617 3 00000000
C 617 4 00000000
C 617 5 00000000
C 617 6 00000000
C 617 7 00000000
C 617 8 00000000
C 617 9 00000000
C 617 10 00000000
C 617 11 00000000
C 617 12 00000000
C 617 13 00000000
C 617 14 00000000
C 617 15 00000000
D 617 0 00000000
D 617 1 00000000
V 617 0 00000000
V 617 1 00000000
R 617 0 00000000
B 617 0 00000000
P 617 0 00000000
P 617 1 00000000
P 617 2 00000000
P 617 3 00000000
P 617 4 00000000
T 618 0 00000000
T 618 1 00000000
T 618 2 00000000
C 618 0 00000000
C 618 1 00000000
C 618 2 00000000
C 618 3 00000000
C 618 4 00000000
C 618 5 00000000
C 618 6 00000000
C 618 7 00000000
C 618 8 00000000
C 618 9 00000000
C 618 10 00000000
C 618 11 00000000
C 618 12 00000000
C 618 13 00000000
C 618 14 00000000
C 618 15 00000000
D 618 0 00000000
D 618 1 00000000
V 618 0 00000000
V 618 1 00000000
R 618 0 00000000
B 618 0 00000000
P 618 0 00000000
P 618 1 00000000
P 618 2 00000000
P 618 3 00000000
P 618 4 00000000
T 619 0 00000000
T 619 1 00000000
T 619 2 00000000
C 619 0 00000000
C 619 1 00000000
C 619 2 00000000
C 619 3 00000000
C 619 4 00000000
C 619 5 00000000
C 619 6 00000000
C 619 7 00000000
C 619 8 00000000
C 619 9 00000000
C 619 10 00000000
C 619 11 00000000
C 619 12 00000000
C 619 13 00000000
C 619 14 00000000
C 619 15 00000000
D 619 0 00000000
D 619 1 00000000
V 619 0 00000000
V 619 1 00000000
R 619 0 00000000
B 619 0 00000000
P 619 0 00000000
P 619 1 00000000
P 619 2 00000000
P 619 3 00000000
P 619 4 00000000
T 620 0 00000000
T 620 1 00000000
T 620 2 00000000
C 620 0 00000000
C 620 1 00000000
C 620 2 00000000
C 620 3 00000000
C 620 4 00000000
C 620 5 00000000
C 620 6 00000000
C 620 7 00000000
C 620 8 00000000
C 620 9 00000000
C 620 10 00000000
C 620 11 00000000
C 620 12 00000000
C 620 13 00000000
C 620 14 00000000
C 620 15 00000000
D 620 0 00000000
D 620 1 00000000
V 620 0 00000000
V 620 1 00000000
R 620 0 00000000
B 620 0 00000000
P 620 0 00000000
P 620 1 00000000
P 620 2 00000000
P 620 3 00000000
P 620 4 00000000
T 621 0 00000000
T 621 1 00000000
T 621 2 00000000
C 621 0 00000000
C 621 1 00000000
C 621 2 00000000
C 621 3 00000000
C 621 4 00000000
C 621 5 00000000
C 621 6 00000000
C 621 7 00000000
C 621 8 00000000
C 621 9 00000000
C 621 10 00000000
C 621 11 00000000
C 621 12 00000000
C 621 13 00000000
C 621 14 00000000
C 621 15 00000000
D 621 0 00000000
D 621 1 00000000
V 621 0 00000000
V 621 1 00000000
R 621 0 00000000
B 621 0 00000000
P 621 0 00000000
P 621 1 00000000
P 621 2 00000000
P 621 3 00000000
P 621 4 00000000
T 622 0 00000000
T 622 1 00000000
T 622 2 00000000
C 622 0 00000000
C 622 1 00000000
C 622 2 00000000
C 622 3 00000000
C 622 4 00000000
C 622 5 00000000
C 622 6 00000000
C 622 7 00000000
C 622 8 00000000
C 622 9 00000000
C 622 10 00000000
C 622 11 00000000
C 622 12 00000000
C 622 13 00000000
C 622 14 00000000
C 622 15 00000000
D 622 0 00000000
D 622 1 00000000
V 622 0 00000000
V 622 1 00000000
R 622 0 00000000
B 622 0 00000000
P 622 0 00000000
P 622 1 00000000
P 622 2 00000000
P 622 3 00000000
P 622 4 00000000
T 623 0 00000000
T 623 1 00000000
T 623 2 00000000
C 623 0 00000000
C 623 1 00000000
C 623 2 00000000
C 623 3 00000000
C 623 4 00000000
C 623 5 00000000
C 623 6 00000000
C 623 7 00000000
C 623 8 00000000
C 623 9 00000000
C 623 10 00000000
C 623 11 00000000
C 623 12 00000000
C 623 13 00000000
C 623 14 00000000
C 623 15 00000000
D 623 0 00000000
D 623 1 00000000
V 623 0 00000000
V 623 1 00000000
R 623 0 00000000
B 623 0 00000000
P 623 0 00000000
P 623 1 00000000
P 623 2 00000000
P 623 3 00000000
P 623 4 00000000
T 624 0 00000000
T 624 1 00000000
T 624 2 00000000
C 624 0 00000000
C 624 1 00000000
C 624 2 00000000
C 624 3 00000000
C 624 4 00000000
C 624 5 00000000
C 624 6 00000000
C 624 7 00000000
C 624 8 00000000
C 624 9 00000000
C 624 10 00000000
C 624 11 00000000
C 624 12 00000000
C 624 13 00000000
C 624 14 00000000
C 624 15 00000000
D 624 0 00000000
D 624 1 00000000
V 624 0 00000000
V 624 1 00000000
R 624 0 00000000
B 624 0 00000000
P 624 0 00000000
P 624 1 00000000
P 624 2 00000000
P 624 3 00000000
P 624 4 00000000
T 625 0 00000000
T 625 1 00000000
T 625 2 00000000
C 625 0 00000000
C 625 1 00000000
C 625 2 00000000
C 625 3 00000000
C 625 4 00000000
C 625 5 00000000
C 625 6 00000000
C 625 7 00000000
C 625 8 00000000
C 625 9 00000000
C 625 10 00000000
C 625 11 00000000
C 625 12 00000000
C 625 13 00000000
C 625 14 00000000
C 625 15 00000000
D 625 0 00000000
D 625 1 00000000
V 625 0 00000000
V 625 1 00000000
R 625 0 00000000
B 625 0 00000000
P 625 0 00000000
P 625 1 00000000
P 625 2 00000000
P 625 3 00000000
P 625 4 00000000
T 626 0 00000000
T 626 1 00000000
T 626 2 00000000
C 626 0 00000000
C 626 1 00000000
C 626 2 00000000
C 626 3 00000000
C 626 4 00000000
C 626 5 00000000
C 626 6 00000000
C 626 7 00000000
C 626 8 00000000
C 626 9 00000000
C 626 10 00000000
C 626 11 00000000
C 626 12 00000000
C 626 13 00000000
C 626 14 00000000
C 626 15 00000000
D 626 0 00000000
D 626 1 00000000
V 626 0 00000000
V 626 1 00000000
R 626 0 00000000
B 626 0 00000000
P 626 0 00000000
P 626 1 00000000
P 626 2 00000000
P 626 3 00000000
P 626 4 00000000
T 627 0 00000000
T 627 1 00000000
T 627 2 00000000
C 627 0 00000000
C 627 1 00000000
C 627 2 00000000
C 627 3 00000000
C 627 4 00000000
C 627 5 00000000
C 627 6 00000000
C 627 7 00000000
C 627 8 00000000
C 627 9 00000000
C 627 10 00000000
C 627 11 00000000
C 627 12 00000000
C 627 13 00000000
C 627 14 00000000
C 627 15 00000000
D 627 0 00000000
D 627 1 00000000
V 627 0 00000000
V 627 1 00000000
R 627 0 00000000
B 627 0 00000000
P 627 0 00000000
P 627 1 00000000
P 627 2 00000000
P 627 3 00000000
P 627 4 00000000
T 628 0 00000000
T 628 1 00000000
T 628 2 00000000
C 628 0 00000000
C 628 1 00000000
C 628 2 00000000
C 628 3 00000000
C 628 4 00000000
C 628 5 00000000
C 628 6 00000000
C 628 7 00000000
C 628 8 00000000
C 628 9 00000000
C 628 10 00000000
C 628 11 00000000
C 628 12 00000000
C 628 13 00000000
C 628 14 00000000
C 628 15 00000000
D 628 0 00000000
D 628 1 00000000
V 628 0 00000000
V 628 1 00000000
R 628 0 00000000
B 628 0 00000000
P 628 0 00000000
P 628 1 00000000
P 628 2 00000000
P 628 3 00000000
P 628 4 00000000
T 629 0 00000000
T 629 1 00000000
T 629 2 00000000
C 629 0 00000000
C 629 1 00000000
C 629 2 00000000
C 629 3 00000000
C 629 4 00000000
C 629 5 00000000
C 629 6 00000000
C 629 7 00000000
C 629 8 00000000
C 629 9 00000000
C 629 10 00000000
C 629 11 00000000
C 629 12 00000000
C 629 13 00000000
C 629 14 00000000
C 629 15 00000000
D 629 0 00000000
D 629 1 00000000
V 629 0 00000000
V 629 1 00000000
R 629 0 00000000
B 629 0 00000000
P 629 0 00000000
P 629 1 00000000
P 629 2 00000000
P 629 3 00000000
P 629 4 00000000
T 630 0 00000000
T 630 1 00000000
T 630 2 00000000
C 630 0 00000000
C 630 1 00000000
C 630 2 00000000
C 630 3 00000000
C 630 4 00000000
C 630 5 00000000
C 630 6 00000000
C 630 7 00000000
C 630 8 00000000
C 630 9 00000000
C 630 10 00000000
C 630 11 00000000
C 630 12 00000000
C 630 13 00000000
C 630 14 00000000
C 630 15 00000000
D 630 0 00000000
D 630 1 00000000
V 630 0 00000000
V 630 1 00000000
R 630 0 00000000
B 630 0 00000000
P 630 0 00000000
P 630 1 00000000
P 630 2 00000000
P 630 3 00000000
P 630 4 00000000
T 631 0 00000000
T 631 1 00000000
T 631 2 00000000
C 631 0 00000000
C 631 1 00000000
C 631 2 00000000
C 631 3 00000000
C 631 4 00000000
C 631 5 00000000
C 631 6 00000000
C 631 7 00000000
C 631 8 00000000
C 631 9 00000000
C 631 10 00000000
C 631 11 00000000
C 631 12 00000000
C 631 13 00000000
C 631 14 00000000
C 631 15 00000000
D 631 0 00000000
D 631 1 00000000
V 631 0 00000000
V 631 1 00000000
R 631 0 00000000
B 631 0 00000000
P 631 0 00000000
P 631 1 00000000
P 631 2 00000000
P 631 3 00000000
P 631 4 00000000
T 632 0 00000000
T 632 1 00000000
T 632 2 00000000
C 632 0 00000000
C 632 1 00000000
C 632 2 00000000
C 632 3 00000000
C 632 4 00000000
C 632 5 00000000
C 632 6 00000000
C 632 7 00000000
C 632 8 00000000
C 632 9 00000000
C 632 10 00000000
C 632 11 00000000
C 632 12 00000000
C 632 13 00000000
C 632 14 00000000
C 632 15 00000000
D 632 0 00000000
D 632 1 00000000
V 632 0 00000000
V 632 1 00000000
R 632 0 00000000
B 632 0 00000000
P 632 0 00000000
P 632 1 00000000
P 632 2 00000000
P 632 3 00000000
P 632 4 00000000
T 633 0 00000000
T 633 1 00000000
T 633 2 00000000
C 633 0 00000000
C 633 1 00000000
C 633 2 00000000
C 633 3 00000000
C 633 4 00000000
C 633 5 00000000
C 633 6 00000000
C 633 7 00000000
C 633 8 00000000
C 633 9 00000000
C 633 10 00000000
C 633 11 00000000
C 633 12 00000000
C 633 13 00000000
C 633 14 00000000
C 633 15 00000000
D 633 0 00000000
D 633 1 00000000
V 633 0 00000000
V 633 1 00000000
R 633 0 00000000
B 633 0 00000000
P 633 0 00000000
P 633 1 00000000
P 633 2 00000000
P 633 3 00000000
P 633 4 00000000
T 634 0 00000000
T 634 1 00000000
T 634 2 00000000
C 634 0 00000000
C 634 1 00000000
C 634 2 00000000
C 634 3 00000000
C 634 4 00000000
C 634 5 00000000
C 634 6 00000000
C 634 7 00000000
C 634 8 00000000
C 634 9 00000000
C 634 10 00000000
C 634 11 00000000
C 634 12 00000000
C 634 13 00000000
C 634 14 00000000
C 634 15 00000000
D 634 0 00000000
D 634 1 00000000
V 634 0 00000000
V 634 1 00000000
R 634 0 00000000
B 634 0 00000000
P 634 0 00000000
P 634 1 00000000
P 634 2 00000000
P 634 3 00000000
P 634 4 00000000
T 635 0 00000000
T 635 1 00000000
T 635 2 00000000
C 635 0 00000000
C 635 1 00000000
C 635 2 00000000
C 635 3 00000000
C 635 4 00000000
C 635 5 00000000
C 635 6 00000000
C 635 7 00000000
C 635 8 00000000
C 635 9 00000000
C 635 10 00000000
C 635 11 00000000
C 635 12 00000000
C 635 13 00000000
C 635 14 00000000
C 635 15 00000000
D 635 0 00000000
D 635 1 00000000
V 635 0 00000000
V 635 1 00000000
R 635 0 00000000
B 635 0 00000000
P 635 0 00000000
P 635 1 00000000
P 635 2 00000000
P 635 3 00000000
P 635 4 00000000
T 636 0 00000000
T 636 1 00000000
T 636 2 00000000
C 636 0 00000000
C 636 1 00000000
C 636 2 00000000
C 636 3 00000000
C 636 4 00000000
C 636 5 00000000
C 636 6 00000000
C 636 7 00000000
C 636 8 00000000
C 636 9 00000000
C 636 10 00000000
C 636 11 00000000
C 636 12 00000000
C 636 13 00000000
C 636 14 00000000
C 636 15 00000000
D 636 0 00000000
D 636 1 00000000
V 636 0 00000000
V 636 1 00000000
R 636 0 00000000
B 636 0 00000000
P 636 0 00000000
P 636 1 00000000
P 636 2 00000000
P 636 3 00000000
P 636 4 00000000
T 637 0 00000000
T 637 1 00000000
T 637 2 00000000
C 637 0 00000000
C 637 1 00000000
C 637 2 00000000
C 637 3 00000000
C 637 4 00000000
C 637 5 00000000
C 637 6 00000000
C 637 7 00000000
C 637 8 00000000
C 637 9 00000000
C 637 10 00000000
C 637 11 00000000
C 637 12 00000000
C 637 13 00000000
C 637 14 00000000
C 637 15 00000000
D 637 0 00000000
D 637 1 00000000
V 637 0 00000000
V 637 1 00000000
R 637 0 00000000
B 637 0 00000000
P 637 0 00000000
P 637 1 00000000
P 637 2 00000000
P 637 3 00000000
P 637 4 00000000
T 638 0 00000000
T 638 1 00000000
T 638 2 00000000
C 638 0 00000000
C 638 1 00000000
C 638 2 00000000
C 638 3 00000000
C 638 4 00000000
C 638 5 00000000
C 638 6 00000000
C 638 7 00000000
C 638 8 00000000
C 638 9 00000000
C 638 10 00000000
C 638 11 00000000
C 638 12 00000000
C 638 13 00000000
C 638 14 00000000
C 638 15 00000000
D 638 0 00000000
D 638 1 00000000
V 638 0 00000000
V 638 1 00000000
R 638 0 00000000
B 638 0 00000000
P 638 0 00000000
P 638 1 00000000
P 638 2 00000000
P 638 3 00000000
P 638 4 00000000
T 639 0 00000000
T 639 1 00000000
T 639 2 00000000
C 639 0 00000000
C 639 1 00000000
C 639 2 00000000
C 639 3 00000000
C 639 4 00000000
C 639 5 00000000
C 639 6 00000000
C 639 7 00000000
C 639 8 00000000
C 639 9 00000000
C 639 10 00000000
C 639 11 00000000
C 639 12 00000000
C 639 13 00000000
C 639 14 00000000
C 639 15 00000000
D 639 0 00000000
D 639 1 00000000
V 639 0 00000000
V 639 1 00000000
R 639 0 00000000
B 639 0 00000000
P 639 0 00000000
P 639 1 00000000
P 639 2 00000000
P 639 3 00000000
P 639 4 00000000
T 640 0 00000000
T 640 1 00000000
T 640 2 00000000
C 640 0 00000000
C 640 1 00000000
C 640 2 00000000
C 640 3 00000000
C 640 4 00000000
C 640 5 00000000
C 640 6 00000000
C 640 7 00000000
C 640 8 00000000
C 640 9 00000000
C 640 10 00000000
C 640 11 00000000
C 640 12 00000000
C 640 13 00000000
C 640 14 00000000
C 640 15 00000000
D 640 0 00000000
D 640 1 00000000
V 640 0 00000000
V 640 1 00000000
R 640 0 00000000
B 640 0 00000000
P 640 0 00000000
P 640 1 00000000
P 640 2 00000000
P 640 3 00000000
P 640 4 00000000
T 641 0 00000000
T 641 1 00000000
T 641 2 00000000
C 641 0 00000000
C 641 1 00000000
C 641 2 00000000
C 641 3 00000000
C 641 4 00000000
C 641 5 00000000
C 641 6 00000000
C 641 7 00000000
C 641 8 00000000
C 641 9 00000000
C 641 10 00000000
C 641 11 00000000
C 641 12 00000000
C 641 13 00000000
C 641 14 00000000
C 641 15 00000000
D 641 0 00000000
D 641 1 00000000
V 641 0 00000000
V 641 1 00000000
R 641 0 00000000
B 641 0 00000000
P 641 0 00000000
P 641 1 00000000
P 641 2 00000000
P 641 3 00000000
P 641 4 00000000
T 642 0 00000000
T 642 1 00000000
T 642 2 00000000
C 642 0 00000000
C 642 1 00000000
C 642 2 00000000
C 642 3 00000000
C 642 4 00000000
C 642 5 00000000
C 642 6 00000000
C 642 7 00000000
C 642 8 00000000
C 642 9 00000000
C 642 10 00000000
C 642 11 00000000
C 642 12 00000000
C 642 13 00000000
C 642 14 00000000
C 642 15 00000000
D 642 0 00000000
D 642 1 00000000
V 642 0 00000000
V 642 1 00000000
R 642 0 00000000
B 642 0 00000000
P 642 0 00000000
P 642 1 00000000
P 642 2 00000000
P 642 3 00000000
P 642 4 00000000
T 643 0 00000000
T 643 1 00000000
T 643 2 00000000
C 643 0 00000000
C 643 1 00000000
C 643 2 00000000
C 643 3 00000000
C 643 4 00000000
C 643 5 00000000
C 643 6 00000000
C 643 7 00000000
C 643 8 00000000
C 643 9 00000000
C 643 10 00000000
C 643 11 00000000
C 643 12 00000000
C 643 13 00000000
C 643 14 00000000
C 643 15 00000000
D 643 0 00000000
D 643 1 00000000
V 643 0 00000000
V 643 1 00000000
R 643 0 00000000
B 643 0 00000000
P 643 0 00000000
P 643 1 00000000
P 643 2 00000000
P 643 3 00000000
P 643 4 00000000
T 644 0 00000000
T 644 1 00000000
T 644 2 00000000
C 644 0 00000000
C 644 1 00000000
C 644 2 00000000
C 644 3 00000000
C 644 4 00000000
C 644 5 00000000
C 644 6 00000000
C 644 7 00000000
C 644 8 00000000
C 644 9 00000000
C 644 10 00000000
C 644 11 00000000
C 644 12 00000000
C 644 13 00000000
C 644 14 00000000
C 644 15 00000000
D 644 0 00000000
D 644 1 00000000
V 644 0 00000000
V 644 1 00000000
R 644 0 00000000
B 644 0 00000000
P 644 0 00000000
P 644 1 00000000
P 644 2 00000000
P 644 3 00000000
P 644 4 00000000
T 645 0 00000000
T 645 1 00000000
T 645 2 00000000
C 645 0 00000000
C 645 1 00000000
C 645 2 00000000
C 645 3 00000000
C 645 4 00000000
C 645 5 00000000
C 645 6 00000000
C 645 7 00000000
C 645 8 00000000
C 645 9 00000000
C 645 10 00000000
C 645 11 00000000
C 645 12 00000000
C 645 13 00000000
C 645 14 00000000
C 645 15 00000000
D 645 0 00000000
D 645 1 00000000
V 645 0 00000000
V 645 1 00000000
R 645 0 00000000
B 645 0 00000000
P 645 0 00000000
P 645 1 00000000
P 645 2 00000000
P 645 3 00000000
P 645 4 00000000
T 646 0 00000000
T 646 1 00000000
T 646 2 00000000
C 646 0 00000000
C 646 1 00000000
C 646 2 00000000
C 646 3 00000000
C 646 4 00000000
C 646 5 00000000
C 646 6 00000000
C 646 7 00000000
C 646 8 00000000
C 646 9 00000000
C 646 10 00000000
C 646 11 00000000
C 646 12 00000000
C 646 13 00000000
C 646 14 00000000
C 646 15 00000000
D 646 0 00000000
D 646 1 00000000
V 646 0 00000000
V 646 1 00000000
R 646 0 00000000
B 646 0 00000000
P 646 0 00000000
P 646 1 00000000
P 646 2 00000000
P 646 3 00000000
P 646 4 00000000
T 647 0 00000000
T 647 1 00000000
T 647 2 00000000
C 647 0 00000000
C 647 1 00000000
C 647 2 00000000
C 647 3 00000000
C 647 4 00000000
C 647 5 00000000
C 647 6 00000000
C 647 7 00000000
C 647 8 00000000
C 647 9 00000000
C 647 10 00000000
C 647 11 00000000
C 647 12 00000000
C 647 13 00000000
C 647 14 00000000
C 647 15 00000000
D 647 0 00000000
D 647 1 00000000
V 647 0 00000000
V 647 1 00000000
R 647 0 00000000
B 647 0 00000000
P 647 0 00000000
P 647 1 00000000
P 647 2 00000000
P 647 3 00000000
P 647 4 00000000
T 648 0 00000000
T 648 1 00000000
T 648 2 00000000
C 648 0 00000000
C 648 1 00000000
C 648 2 00000000
C 648 3 00000000
C 648 4 00000000
C 648 5 00000000
C 648 6 00000000
C 648 7 00000000
C 648 8 00000000
C 648 9 00000000
C 648 10 00000000
C 648 11 00000000
C 648 12 00000000
C 648 13 00000000
C 648 14 00000000
C 648 15 00000000
D 648 0 00000000
D 648 1 00000000
V 648 0 00000000
V 648 1 00000000
R 648 0 00000000
B 648 0 00000000
P 648 0 00000000
P 648 1 00000000
P 648 2 00000000
P 648 3 00000000
P 648 4 00000000
T 649 0 00000000
T 649 1 00000000
T 649 2 00000000
C 649 0 00000000
C 649 1 00000000
C 649 2 00000000
C 649 3 00000000
C 649 4 00000000
C 649 5 00000000
C 649 6 00000000
C 649 7 00000000
C 649 8 00000000
C 649 9 00000000
C 649 10 00000000
C 649 11 00000000
C 649 12 00000000
C 649 13 00000000
C 649 14 00000000
C 649 15 00000000
D 649 0 00000000
D 649 1 00000000
V 649 0 00000000
V 649 1 00000000
R 649 0 00000000
B 649 0 00000000
P 649 0 00000000
P 649 1 00000000
P 649 2 00000000
P 649 3 00000000
P 649 4 00000000
T 650 0 00000000
T 650 1 00000000
T 650 2 00000000
C 650 0 00000000
C 650 1 00000000
C 650 2 00000000
C 650 3 00000000
C 650 4 00000000
C 650 5 00000000
C 650 6 00000000
C 650 7 00000000
C 650 8 00000000
C 650 9 00000000
C 650 10 00000000
C 650 11 00000000
C 650 12 00000000
C 650 13 00000000
C 650 14 00000000
C 650 15 00000000
D 650 0 00000000
D 650 1 00000000
V 650 0 00000000
V 650 1 00000000
R 650 0 00000000
B 650 0 00000000
P 650 0 00000000
P 650 1 00000000
P 650 2 00000000
P 650 3 00000000
P 650 4 00000000
T 651 0 00000000
T 651 1 00000000
T 651 2 00000000
C 651 0 00000000
C 651 1 00000000
C 651 2 00000000
C 651 3 00000000
C 651 4 00000000
C 651 5 00000000
C 651 6 00000000
C 651 7 00000000
C 651 8 00000000
C 651 9 00000000
C 651 10 00000000
C 651 11 00000000
C 651 12 00000000
C 651 13 00000000
C 651 14 00000000
C 651 15 00000000
D 651 0 00000000
D 651 1 00000000
V 651 0 00000000
V 651 1 00000000
R 651 0 00000000
B 651 0 00000000
P 651 0 00000000
P 651 1 00000000
P 651 2 00000000
P 651 3 00000000
P 651 4 00000000
T 652 0 00000000
T 652 1 00000000
T 652 2 00000000
C 652 0 00000000
C 652 1 00000000
C 652 2 00000000
C 652 3 00000000
C 652 4 00000000
C 652 5 00000000
C 652 6 00000000
C 652 7 00000000
C 652 8 00000000
C 652 9 00000000
C 652 10 00000000
C 652 11 00000000
C 652 12 00000000
C 652 13 00000000
C 652 14 00000000
C 652 15 00000000
D 652 0 00000000
D 652 1 00000000
V 652 0 00000000
V 652 1 00000000
R 652 0 00000000
B 652 0 00000000
P 652 0 00000000
P 652 1 00000000
P 652 2 00000000
P 652 3 00000000
P 652 4 00000000
T 653 0 00000000
T 653 1 00000000
T 653 2 00000000
C 653 0 00000000
C 653 1 00000000
C 653 2 00000000
C 653 3 00000000
C 653 4 00000000
C 653 5 00000000
C 653 6 00000000
C 653 7 00000000
C 653 8 00000000
C 653 9 00000000
C 653 10 00000000
C 653 11 00000000
C 653 12 00000000
C 653 13 00000000
C 653 14 00000000
C 653 15 00000000
D 653 0 00000000
D 653 1 00000000
V 653 0 00000000
V 653 1 00000000
R 653 0 00000000
B 653 0 00000000
P 653 0 00000000
P 653 1 00000000
P 653 2 00000000
P 653 3 00000000
P 653 4 00000000
T 654 0 00000000
T 654 1 00000000
T 654 2 00000000
C 654 0 00000000
C 654 1 00000000
C 654 2 00000000
C 654 3 00000000
C 654 4 00000000
C 654 5 00000000
C 654 6 00000000
C 654 7 00000000
C 654 8 00000000
C 654 9 00000000
C 654 10 00000000
C 654 11 00000000
C 654 12 00000000
C 654 13 00000000
C 654 14 00000000
C 654 15 00000000
D 654 0 00000000
D 654 1 00000000
V 654 0 00000000
V 654 1 00000000
R 654 0 00000000
B 654 0 00000000
P 654 0 00000000
P 654 1 00000000
P 654 2 00000000
P 654 3 00000000
P 654 4 00000000
T 655 0 00000000
T 655 1 00000000
T 655 2 00000000
C 655 0 00000000
C 655 1 00000000
C 655 2 00000000
C 655 3 00000000
C 655 4 00000000
C 655 5 00000000
C 655 6 00000000
C 655 7 00000000
C 655 8 00000000
C 655 9 00000000
C 655 10 00000000
C 655 11 00000000
C 655 12 00000000
C 655 13 00000000
C 655 14 00000000
C 655 15 00000000
D 655 0 00000000
D 655 1 00000000
V 655 0 00000000
V 655 1 00000000
R 655 0 00000000
B 655 0 00000000
P 655 0 00000000
P 655 1 00000000
P 655 2 00000000
P 655 3 00000000
P 655 4 00000000
T 656 0 00000000
T 656 1 00000000
T 656 2 00000000
C 656 0 00000000
C 656 1 00000000
C 656 2 00000000
C 656 3 00000000
C 656 4 00000000
C 656 5 00000000
C 656 6 00000000
C 656 7 00000000
C 656 8 00000000
C 656 9 00000000
C 656 10 00000000
C 656 11 00000000
C 656 12 00000000
C 656 13 00000000
C 656 14 00000000
C 656 15 00000000
D 656 0 00000000
D 656 1 00000000
V 656 0 00000000
V 656 1 00000000
R 656 0 00000000
B 656 0 00000000
P 656 0 00000000
P 656 1 00000000
P 656 2 00000000
P 656 3 00000000
P 656 4 00000000
T 657 0 00000000
T 657 1 00000000
T 657 2 00000000
C 657 0 00000000
C 657 1 00000000
C 657 2 00000000
C 657 3 00000000
C 657 4 00000000
C 657 5 00000000
C 657 6 00000000
C 657 7 00000000
C 657 8 00000000
C 657 9 00000000
C 657 10 00000000
C 657 11 00000000
C 657 12 00000000
C 657 13 00000000
C 657 14 00000000
C 657 15 00000000
D 657 0 00000000
D 657 1 00000000
V 657 0 00000000
V 657 1 00000000
R 657 0 00000000
B 657 0 00000000
P 657 0 00000000
P 657 1 00000000
P 657 2 00000000
P 657 3 00000000
P 657 4 00000000
T 658 0 00000000
T 658 1 00000000
T 658 2 00000000
C 658 0 00000000
C 658 1 00000000
C 658 2 00000000
C 658 3 00000000
C 658 4 00000000
C 658 5 00000000
C 658 6 00000000
C 658 7 00000000
C 658 8 00000000
C 658 9 00000000
C 658 10 00000000
C 658 11 00000000
C 658 12 00000000
C 658 13 00000000
C 658 14 00000000
C 658 15 00000000
D 658 0 00000000
D 658 1 00000000
V 658 0 00000000
V 658 1 00000000
R 658 0 00000000
B 658 0 00000000
P 658 0 00000000
P 658 1 00000000
P 658 2 00000000
P 658 3 00000000
P 658 4 00000000
T 659 0 00000000
T 659 1 00000000
T 659 2 00000000
C 659 0 00000000
C 659 1 00000000
C 659 2 00000000
C 659 3 00000000
C 659 4 00000000
C 659 5 00000000
C 659 6 00000000
C 659 7 00000000
C 659 8 00000000
C 659 9 00000000
C 659 10 00000000
C 659 11 00000000
C 659 12 00000000
C 659 13 00000000
C 659 14 00000000
C 659 15 00000000
D 659 0 00000000
D 659 1 00000000
V 659 0 00000000
V 659 1 00000000
R 659 0 00000000
B 659 0 00000000
P 659 0 00000000
P 659 1 00000000
P 659 2 00000000
P 659 3 00000000
P 659 4 00000000
T 660 0 00000000
T 660 1 00000000
T 660 2 00000000
C 660 0 00000000
C 660 1 00000000
C 660 2 00000000
C 660 3 00000000
C 660 4 00000000
C 660 5 00000000
C 660 6 00000000
C 660 7 00000000
C 660 8 00000000
C 660 9 00000000
C 660 10 00000000
C 660 11 00000000
C 660 12 00000000
C 660 13 00000000
C 660 14 00000000
C 660 15 00000000
D 660 0 00000000
D 660 1 00000000
V 660 0 00000000
V 660 1 00000000
R 660 0 00000000
B 660 0 00000000
P 660 0 00000000
P 660 1 00000000
P 660 2 00000000
P 660 3 00000000
P 660 4 00000000
T 661 0 00000000
T 661 1 00000000
T 661 2 00000000
C 661 0 00000000
C 661 1 00000000
C 661 2 00000000
C 661 3 00000000
C 661 4 00000000
C 661 5 00000000
C 661 6 00000000
C 661 7 00000000
C 661 8 00000000
C 661 9 00000000
C 661 10 00000000
C 661 11 00000000
C 661 12 00000000
C 661 13 00000000
C 661 14 00000000
C 661 15 00000000
D 661 0 00000000
D 661 1 00000000
V 661 0 00000000
V 661 1 00000000
R 661 0 00000000
B 661 0 00000000
P 661 0 00000000
P 661 1 00000000
P 661 2 00000000
P 661 3 00000000
P 661 4 00000000
T 662 0 00000000
T 662 1 00000000
T 662 2 00000000
C 662 0 00000000
C 662 1 00000000
C 662 2 00000000
C 662 3 00000000
C 662 4 00000000
C 662 5 00000000
C 662 6 00000000
C 662 7 00000000
C 662 8 00000000
C 662 9 00000000
C 662 10 00000000
C 662 11 00000000
C 662 12 00000000
C 662 13 00000000
C 662 14 00000000
C 662 15 00000000
D 662 0 00000000
D 662 1 00000000
V 662 0 00000000
V 662 1 00000000
R 662 0 00000000
B 662 0 00000000
P 662 0 00000000
P 662 1 00000000
P 662 2 00000000
P 662 3 00000000
P 662 4 00000000
T 663 0 00000000
T 663 1 00000000
T 663 2 00000000
C 663 0 00000000
C 663 1 00000000
C 663 2 00000000
C 663 3 00000000
C 663 4 00000000
C 663 5 00000000
C 663 6 00000000
C 663 7 00000000
C 663 8 00000000
C 663 9 00000000
C 663 10 00000000
C 663 11 00000000
C 663 12 00000000
C 663 13 00000000
C 663 14 00000000
C 663 15 00000000
D 663 0 00000000
D 663 1 00000000
V 663 0 00000000
V 663 1 00000000
R 663 0 00000000
B 663 0 00000000
P 663 0 00000000
P 663 1 00000000
P 663 2 00000000
P 663 3 00000000
P 663 4 00000000
T 664 0 00000000
T 664 1 00000000
T 664 2 00000000
C 664 0 00000000
C 664 1 00000000
C 664 2 00000000
C 664 3 00000000
C 664 4 00000000
C 664 5 00000000
C 664 6 00000000
C 664 7 00000000
C 664 8 00000000
C 664 9 00000000
C 664 10 00000000
C 664 11 00000000
C 664 12 00000000
C 664 13 00000000
C 664 14 00000000
C 664 15 00000000
D 664 0 00000000
D 664 1 00000000
V 664 0 00000000
V 664 1 00000000
R 664 0 00000000
B 664 0 00000000
P 664 0 00000000
P 664 1 00000000
P 664 2 00000000
P 664 3 00000000
P 664 4 00000000
T 665 0 00000000
T 665 1 00000000
T 665 2 00000000
C 665 0 00000000
C 665 1 00000000
C 665 2 00000000
C 665 3 00000000
C 665 4 00000000
C 665 5 00000000
C 665 6 00000000
C 665 7 00000000
C 665 8 00000000
C 665 9 00000000
C 665 10 00000000
C 665 11 00000000
C 665 12 00000000
C 665 13 00000000
C 665 14 00000000
C 665 15 00000000
D 665 0 00000000
D 665 1 00000000
V 665 0 00000000
V 665 1 00000000
R 665 0 00000000
B 665 0 00000000
P 665 0 00000000
P 665 1 00000000
P 665 2 00000000
P 665 3 00000000
P 665 4 00000000
T 666 0 00000000
T 666 1 00000000
T 666 2 00000000
C 666 0 00000000
C 666 1 00000000
C 666 2 00000000
C 666 3 00000000
C 666 4 00000000
C 666 5 00000000
C 666 6 00000000
C 666 7 00000000
C 666 8 00000000
C 666 9 00000000
C 666 10 00000000
C 666 11 00000000
C 666 12 00000000
C 666 13 00000000
C 666 14 00000000
C 666 15 00000000
D 666 0 00000000
D 666 1 00000000
V 666 0 00000000
V 666 1 00000000
R 666 0 00000000
B 666 0 00000000
P 666 0 00000000
P 666 1 00000000
P 666 2 00000000
P 666 3 00000000
P 666 4 00000000
T 667 0 00000000
T 667 1 00000000
T 667 2 00000000
C 667 0 00000000
C 667 1 00000000
C 667 2 00000000
C 667 3 00000000
C 667 4 00000000
C 667 5 00000000
C 667 6 00000000
C 667 7 00000000
C 667 8 00000000
C 667 9 00000000
C 667 10 00000000
C 667 11 00000000
C 667 12 00000000
C 667 13 00000000
C 667 14 00000000
C 667 15 00000000
D 667 0 00000000
D 667 1 00000000
V 667 0 00000000
V 667 1 00000000
R 667 0 00000000
B 667 0 00000000
P 667 0 00000000
P 667 1 00000000
P 667 2 00000000
P 667 3 00000000
P 667 4 00000000
T 668 0 00000000
T 668 1 00000000
T 668 2 00000000
C 668 0 00000000
C 668 1 00000000
C 668 2 00000000
C 668 3 00000000
C 668 4 00000000
C 668 5 00000000
C 668 6 00000000
C 668 7 00000000
C 668 8 00000000
C 668 9 00000000
C 668 10 00000000
C 668 11 00000000
C 668 12 00000000
C 668 13 00000000
C 668 14 00000000
C 668 15 00000000
D 668 0 00000000
D 668 1 00000000
V 668 0 00000000
V 668 1 00000000
R 668 0 00000000
B 668 0 00000000
P 668 0 00000000
P 668 1 00000000
P 668 2 00000000
P 668 3 00000000
P 668 4 00000000
T 669 0 00000000
T 669 1 00000000
T 669 2 00000000
C 669 0 00000000
C 669 1 00000000
C 669 2 00000000
C 669 3 00000000
C 669 4 00000000
C 669 5 00000000
C 669 6 00000000
C 669 7 00000000
C 669 8 00000000
C 669 9 00000000
C 669 10 00000000
C 669 11 00000000
C 669 12 00000000
C 669 13 00000000
C 669 14 00000000
C 669 15 00000000
D 669 0 00000000
D 669 1 00000000
V 669 0 00000000
V 669 1 00000000
R 669 0 00000000
B 669 0 00000000
P 669 0 00000000
P 669 1 00000000
P 669 2 00000000
P 669 3 00000000
P 669 4 00000000
T 670 0 00000000
T 670 1 00000000
T 670 2 00000000
C 670 0 00000000
C 670 1 00000000
C 670 2 00000000
C 670 3 00000000
C 670 4 00000000
C 670 5 00000000
C 670 6 00000000
C 670 7 00000000
C 670 8 00000000
C 670 9 00000000
C 670 10 00000000
C 670 11 00000000
C 670 12 00000000
C 670 13 00000000
C 670 14 00000000
C 670 15 00000000
D 670 0 00000000
D 670 1 00000000
V 670 0 00000000
V 670 1 00000000
R 670 0 00000000
B 670 0 00000000
P 670 0 00000000
P 670 1 00000000
P 670 2 00000000
P 670 3 00000000
P 670 4 00000000
T 671 0 00000000
T 671 1 00000000
T 671 2 00000000
C 671 0 00000000
C 671 1 00000000
C 671 2 00000000
C 671 3 00000000
C 671 4 00000000
C 671 5 00000000
C 671 6 00000000
C 671 7 00000000
C 671 8 00000000
C 671 9 00000000
C 671 10 00000000
C 671 11 00000000
C 671 12 00000000
C 671 13 00000000
C 671 14 00000000
C 671 15 00000000
D 671 0 00000000
D 671 1 00000000
V 671 0 00000000
V 671 1 00000000
R 671 0 00000000
B 671 0 00000000
P 671 0 00000000
P 671 1 00000000
P 671 2 00000000
P 671 3 00000000
P 671 4 00000000
T 672 0 00000000
T 672 1 00000000
T 672 2 00000000
C 672 0 00000000
C 672 1 00000000
C 672 2 00000000
C 672 3 00000000
C 672 4 00000000
C 672 5 00000000
C 672 6 00000000
C 672 7 00000000
C 672 8 00000000
C 672 9 00000000
C 672 10 00000000
C 672 11 00000000
C 672 12 00000000
C 672 13 00000000
C 672 14 00000000
C 672 15 00000000
D 672 0 00000000
D 672 1 00000000
V 672 0 00000000
V 672 1 00000000
R 672 0 00000000
B 672 0 00000000
P 672 0 00000000
P 672 1 00000000
P 672 2 00000000
P 672 3 00000000
P 672 4 00000000
T 673 0 00000000
T 673 1 00000000
T 673 2 00000000
C 673 0 00000000
C 673 1 00000000
C 673 2 00000000
C 673 3 00000000
C 673 4 00000000
C 673 5 00000000
C 673 6 00000000
C 673 7 00000000
C 673 8 00000000
C 673 9 00000000
C 673 10 00000000
C 673 11 00000000
C 673 12 00000000
C 673 13 00000000
C 673 14 00000000
C 673 15 00000000
D 673 0 00000000
D 673 1 00000000
V 673 0 00000000
V 673 1 00000000
R 673 0 00000000
B 673 0 00000000
P 673 0 00000000
P 673 1 00000000
P 673 2 00000000
P 673 3 00000000
P 673 4 00000000
T 674 0 00000000
T 674 1 00000000
T 674 2 00000000
C 674 0 00000000
C 674 1 00000000
C 674 2 00000000
C 674 3 00000000
C 674 4 00000000
C 674 5 00000000
C 674 6 00000000
C 674 7 00000000
C 674 8 00000000
C 674 9 00000000
C 674 10 00000000
C 674 11 00000000
C 674 12 00000000
C 674 13 00000000
C 674 14 00000000
C 674 15 00000000
D 674 0 00000000
D 674 1 00000000
V 674 0 00000000
V 674 1 00000000
R 674 0 00000000
B 674 0 00000000
P 674 0 00000000
P 674 1 00000000
P 674 2 00000000
P 674 3 00000000
P 674 4 00000000
T 675 0 00000000
T 675 1 00000000
T 675 2 00000000
C 675 0 00000000
C 675 1 00000000
C 675 2 00000000
C 675 3 00000000
C 675 4 00000000
C 675 5 00000000
C 675 6 00000000
C 675 7 00000000
C 675 8 00000000
C 675 9 00000000
C 675 10 00000000
C 675 11 00000000
C 675 12 00000000
C 675 13 00000000
C 675 14 00000000
C 675 15 00000000
D 675 0 00000000
D 675 1 00000000
V 675 0 00000000
V 675 1 00000000
R 675 0 00000000
B 675 0 00000000
P 675 0 00000000
P 675 1 00000000
P 675 2 00000000
P 675 3 00000000
P 675 4 00000000
T 676 0 00000000
T 676 1 00000000
T 676 2 00000000
C 676 0 00000000
C 676 1 00000000
C 676 2 00000000
C 676 3 00000000
C 676 4 00000000
C 676 5 00000000
C 676 6 00000000
C 676 7 00000000
C 676 8 00000000
C 676 9 00000000
C 676 10 00000000
C 676 11 00000000
C 676 12 00000000
C 676 13 00000000
C 676 14 00000000
C 676 15 00000000
D 676 0 00000000
D 676 1 00000000
V 676 0 00000000
V 676 1 00000000
R 676 0 00000000
B 676 0 00000000
P 676 0 00000000
P 676 1 00000000
P 676 2 00000000
P 676 3 00000000
P 676 4 00000000
T 677 0 00000000
T 677 1 00000000
T 677 2 00000000
C 677 0 00000000
C 677 1 00000000
C 677 2 00000000
C 677 3 00000000
C 677 4 00000000
C 677 5 00000000
C 677 6 00000000
C 677 7 00000000
C 677 8 00000000
C 677 9 00000000
C 677 10 00000000
C 677 11 00000000
C 677 12 00000000
C 677 13 00000000
C 677 14 00000000
C 677 15 00000000
D 677 0 00000000
D 677 1 00000000
V 677 0 00000000
V 677 1 00000000
R 677 0 00000000
B 677 0 00000000
P 677 0 00000000
P 677 1 00000000
P 677 2 00000000
P 677 3 00000000
P 677 4 00000000
T 678 0 00000000
T 678 1 00000000
T 678 2 00000000
C 678 0 00000000
C 678 1 00000000
C 678 2 00000000
C 678 3 00000000
C 678 4 00000000
C 678 5 00000000
C 678 6 00000000
C 678 7 00000000
C 678 8 00000000
C 678 9 00000000
C 678 10 00000000
C 678 11 00000000
C 678 12 00000000
C 678 13 00000000
C 678 14 00000000
C 678 15 00000000
D 678 0 00000000
D 678 1 00000000
V 678 0 00000000
V 678 1 00000000
R 678 0 00000000
B 678 0 00000000
P 678 0 00000000
P 678 1 00000000
P 678 2 00000000
P 678 3 00000000
P 678 4 00000000
T 679 0 00000000
T 679 1 00000000
T 679 2 00000000
C 679 0 00000000
C 679 1 00000000
C 679 2 00000000
C 679 3 00000000
C 679 4 00000000
C 679 5 00000000
C 679 6 00000000
C 679 7 00000000
C 679 8 00000000
C 679 9 00000000
C 679 10 00000000
C 679 11 00000000
C 679 12 00000000
C 679 13 00000000
C 679 14 00000000
C 679 15 00000000
D 679 0 00000000
D 679 1 00000000
V 679 0 00000000
V 679 1 00000000
R 679 0 00000000
B 679 0 00000000
P 679 0 00000000
P 679 1 00000000
P 679 2 00000000
P 679 3 00000000
P 679 4 00000000
T 680 0 00000000
T 680 1 00000000
T 680 2 00000000
C 680 0 00000000
C 680 1 00000000
C 680 2 00000000
C 680 3 00000000
C 680 4 00000000
C 680 5 00000000
C 680 6 00000000
C 680 7 00000000
C 680 8 00000000
C 680 9 00000000
C 680 10 00000000
C 680 11 00000000
C 680 12 00000000
C 680 13 00000000
C 680 14 00000000
C 680 15 00000000
D 680 0 00000000
D 680 1 00000000
V 680 0 00000000
V 680 1 00000000
R 680 0 00000000
B 680 0 00000000
P 680 0 00000000
P 680 1 00000000
P 680 2 00000000
P 680 3 00000000
P 680 4 00000000
T 681 0 00000000
T 681 1 00000000
T 681 2 00000000
C 681 0 00000000
C 681 1 00000000
C 681 2 00000000
C 681 3 00000000
C 681 4 00000000
C 681 5 00000000
C 681 6 00000000
C 681 7 00000000
C 681 8 00000000
C 681 9 00000000
C 681 10 00000000
C 681 11 00000000
C 681 12 00000000
C 681 13 00000000
C 681 14 00000000
C 681 15 00000000
D 681 0 00000000
D 681 1 00000000
V 681 0 00000000
V 681 1 00000000
R 681 0 00000000
B 681 0 00000000
P 681 0 00000000
P 681 1 00000000
P 681 2 00000000
P 681 3 00000000
P 681 4 00000000
T 682 0 00000000
T 682 1 00000000
T 682 2 00000000
C 682 0 00000000
C 682 1 00000000
C 682 2 00000000
C 682 3 00000000
C 682 4 00000000
C 682 5 00000000
C 682 6 00000000
C 682 7 00000000
C 682 8 00000000
C 682 9 00000000
C 682 10 00000000
C 682 11 00000000
C 682 12 00000000
C 682 13 00000000
C 682 14 00000000
C 682 15 00000000
D 682 0 00000000
D 682 1 00000000
V 682 0 00000000
V 682 1 00000000
R 682 0 00000000
B 682 0 00000000
P 682 0 00000000
P 682 1 00000000
P 682 2 00000000
P 682 3 00000000
P 682 4 00000000
T 683 0 00000000
T 683 1 00000000
T 683 2 00000000
C 683 0 00000000
C 683 1 00000000
C 683 2 00000000
C 683 3 00000000
C 683 4 00000000
C 683 5 00000000
C 683 6 00000000
C 683 7 00000000
C 683 8 00000000
C 683 9 00000000
C 683 10 00000000
C 683 11 00000000
C 683 12 00000000
C 683 13 00000000
C 683 14 00000000
C 683 15 00000000
D 683 0 00000000
D 683 1 00000000
V 683 0 00000000
V 683 1 00000000
R 683 0 00000000
B 683 0 00000000
P 683 0 00000000
P 683 1 00000000
P 683 2 00000000
P 683 3 00000000
P 683 4 00000000
T 684 0 00000000
T 684 1 00000000
T 684 2 00000000
C 684 0 00000000
C 684 1 00000000
C 684 2 00000000
C 684 3 00000000
C 684 4 00000000
C 684 5 00000000
C 684 6 00000000
C 684 7 00000000
C 684 8 00000000
C 684 9 00000000
C 684 10 00000000
C 684 11 00000000
C 684 12 00000000
C 684 13 00000000
C 684 14 00000000
C 684 15 00000000
D 684 0 00000000
D 684 1 00000000
V 684 0 00000000
V 684 1 00000000
R 684 0 00000000
B 684 0 00000000
P 684 0 00000000
P 684 1 00000000
P 684 2 00000000
P 684 3 00000000
P 684 4 00000000
T 685 0 00000000
T 685 1 00000000
T 685 2 00000000
C 685 0 00000000
C 685 1 00000000
C 685 2 00000000
C 685 3 00000000
C 685 4 00000000
C 685 5 00000000
C 685 6 00000000
C 685 7 00000000
C 685 8 00000000
C 685 9 00000000
C 685 10 00000000
C 685 11 00000000
C 685 12 00000000
C 685 13 00000000
C 685 14 00000000
C 685 15 00000000
D 685 0 00000000
D 685 1 00000000
V 685 0 00000000
V 685 1 00000000
R 685 0 00000000
B 685 0 00000000
P 685 0 00000000
P 685 1 00000000
P 685 2 00000000
P 685 3 00000000
P 685 4 00000000
T 686 0 00000000
T 686 1 00000000
T 686 2 00000000
C 686 0 00000000
C 686 1 00000000
C 686 2 00000000
C 686 3 00000000
C 686 4 00000000
C 686 5 00000000
C 686 6 00000000
C 686 7 00000000
C 686 8 00000000
C 686 9 00000000
C 686 10 00000000
C 686 11 00000000
C 686 12 00000000
C 686 13 00000000
C 686 14 00000000
C 686 15 00000000
D 686 0 00000000
D 686 1 00000000
V 686 0 00000000
V 686 1 00000000
R 686 0 00000000
B 686 0 00000000
P 686 0 00000000
P 686 1 00000000
P 686 2 00000000
P 686 3 00000000
P 686 4 00000000
T 687 0 00000000
T 687 1 00000000
T 687 2 00000000
C 687 0 00000000
C 687 1 00000000
C 687 2 00000000
C 687 3 00000000
C 687 4 00000000
C 687 5 00000000
C 687 6 00000000
C 687 7 00000000
C 687 8 00000000
C 687 9 00000000
C 687 10 00000000
C 687 11 00000000
C 687 12 00000000
C 687 13 00000000
C 687 14 00000000
C 687 15 00000000
D 687 0 00000000
D 687 1 00000000
V 687 0 00000000
V 687 1 00000000
R 687 0 00000000
B 687 0 00000000
P 687 0 00000000
P 687 1 00000000
P 687 2 00000000
P 687 3 00000000
P 687 4 00000000
T 688 0 00000000
T 688 1 00000000
T 688 2 00000000
C 688 0 00000000
C 688 1 00000000
C 688 2 00000000
C 688 3 00000000
C 688 4 00000000
C 688 5 00000000
C 688 6 00000000
C 688 7 00000000
C 688 8 00000000
C 688 9 00000000
C 688 10 00000000
C 688 11 00000000
C 688 12 00000000
C 688 13 00000000
C 688 14 00000000
C 688 15 00000000
D 688 0 00000000
D 688 1 00000000
V 688 0 00000000
V 688 1 00000000
R 688 0 00000000
B 688 0 00000000
P 688 0 00000000
P 688 1 00000000
P 688 2 00000000
P 688 3 00000000
P 688 4 00000000
T 689 0 00000000
T 689 1 00000000
T 689 2 00000000
C 689 0 00000000
C 689 1 00000000
C 689 2 00000000
C 689 3 00000000
C 689 4 00000000
C 689 5 00000000
C 689 6 00000000
C 689 7 00000000
C 689 8 00000000
C 689 9 00000000
C 689 10 00000000
C 689 11 00000000
C 689 12 00000000
C 689 13 00000000
C 689 14 00000000
C 689 15 00000000
D 689 0 00000000
D 689 1 00000000
V 689 0 00000000
V 689 1 00000000
R 689 0 00000000
B 689 0 00000000
P 689 0 00000000
P 689 1 00000000
P 689 2 00000000
P 689 3 00000000
P 689 4 00000000
T 690 0 00000000
T 690 1 00000000
T 690 2 00000000
C 690 0 00000000
C 690 1 00000000
C 690 2 00000000
C 690 3 00000000
C 690 4 00000000
C 690 5 00000000
C 690 6 00000000
C 690 7 00000000
C 690 8 00000000
C 690 9 00000000
C 690 10 00000000
C 690 11 00000000
C 690 12 00000000
C 690 13 00000000
C 690 14 00000000
C 690 15 00000000
D 690 0 00000000
D 690 1 00000000
V 690 0 00000000
V 690 1 00000000
R 690 0 00000000
B 690 0 00000000
P 690 0 00000000
P 690 1 00000000
P 690 2 00000000
P 690 3 00000000
P 690 4 00000000
T 691 0 00000000
T 691 1 00000000
T 691 2 00000000
C 691 0 00000000
C 691 1 00000000
C 691 2 00000000
C 691 3 00000000
C 691 4 00000000
C 691 5 00000000
C 691 6 00000000
C 691 7 00000000
C 691 8 00000000
C 691 9 00000000
C 691 10 00000000
C 691 11 00000000
C 691 12 00000000
C 691 13 00000000
C 691 14 00000000
C 691 15 00000000
D 691 0 00000000
D 691 1 00000000
V 691 0 00000000
V 691 1 00000000
R 691 0 00000000
B 691 0 00000000
P 691 0 00000000
P 691 1 00000000
P 691 2 00000000
P 691 3 00000000
P 691 4 00000000
T 692 0 00000000
T 692 1 00000000
T 692 2 00000000
C 692 0 00000000
C 692 1 00000000
C 692 2 00000000
C 692 3 00000000
C 692 4 00000000
C 692 5 00000000
C 692 6 00000000
C 692 7 00000000
C 692 8 00000000
C 692 9 00000000
C 692 10 00000000
C 692 11 00000000
C 692 12 00000000
C 692 13 00000000
C 692 14 00000000
C 692 15 00000000
D 692 0 00000000
D 692 1 00000000
V 692 0 00000000
V 692 1 00000000
R 692 0 00000000
B 692 0 00000000
P 692 0 00000000
P 692 1 00000000
P 692 2 00000000
P 692 3 00000000
P 692 4 00000000
T 693 0 00000000
T 693 1 00000000
T 693 2 00000000
C 693 0 00000000
C 693 1 00000000
C 693 2 00000000
C 693 3 00000000
C 693 4 00000000
C 693 5 00000000
C 693 6 00000000
C 693 7 00000000
C 693 8 00000000
C 693 9 00000000
C 693 10 00000000
C 693 11 00000000
C 693 12 00000000
C 693 13 00000000
C 693 14 00000000
C 693 15 00000000
D 693 0 00000000
D 693 1 00000000
V 693 0 00000000
V 693 1 00000000
R 693 0 00000000
B 693 0 00000000
P 693 0 00000000
P 693 1 00000000
P 693 2 00000000
P 693 3 00000000
P 693 4 00000000
T 694 0 00000000
T 694 1 00000000
T 694 2 00000000
C 694 0 00000000
C 694 1 00000000
C 694 2 00000000
C 694 3 00000000
C 694 4 00000000
C 694 5 00000000
C 694 6 00000000
C 694 7 00000000
C 694 8 00000000
C 694 9 00000000
C 694 10 00000000
C 694 11 00000000
C 694 12 00000000
C 694 13 00000000
C 694 14 00000000
C 694 15 00000000
D 694 0 00000000
D 694 1 00000000
V 694 0 00000000
V 694 1 00000000
R 694 0 00000000
B 694 0 00000000
P 694 0 00000000
P 694 1 00000000
P 694 2 00000000
P 694 3 00000000
P 694 4 00000000
T 695 0 00000000
T 695 1 00000000
T 695 2 00000000
C 695 0 00000000
C 695 1 00000000
C 695 2 00000000
C 695 3 00000000
C 695 4 00000000
C 695 5 00000000
C 695 6 00000000
C 695 7 00000000
C 695 8 00000000
C 695 9 00000000
C 695 10 00000000
C 695 11 00000000
C 695 12 00000000
C 695 13 00000000
C 695 14 00000000
C 695 15 00000000
D 695 0 00000000
D 695 1 00000000
V 695 0 00000000
V 695 1 00000000
R 695 0 00000000
B 695 0 00000000
P 695 0 00000000
P 695 1 00000000
P 695 2 00000000
P 695 3 00000000
P 695 4 00000000
T 696 0 00000000
T 696 1 00000000
T 696 2 00000000
C 696 0 00000000
C 696 1 00000000
C 696 2 00000000
C 696 3 00000000
C 696 4 00000000
C 696 5 00000000
C 696 6 00000000
C 696 7 00000000
C 696 8 00000000
C 696 9 00000000
C 696 10 00000000
C 696 11 00000000
C 696 12 00000000
C 696 13 00000000
C 696 14 00000000
C 696 15 00000000
D 696 0 00000000
D 696 1 00000000
V 696 0 00000000
V 696 1 00000000
R 696 0 00000000
B 696 0 00000000
P 696 0 00000000
P 696 1 00000000
P 696 2 00000000
P 696 3 00000000
P 696 4 00000000
T 697 0 00000000
T 697 1 00000000
T 697 2 00000000
C 697 0 00000000
C 697 1 00000000
C 697 2 00000000
C 697 3 00000000
C 697 4 00000000
C 697 5 00000000
C 697 6 00000000
C 697 7 00000000
C 697 8 00000000
C 697 9 00000000
C 697 10 00000000
C 697 11 00000000
C 697 12 00000000
C 697 13 00000000
C 697 14 00000000
C 697 15 00000000
D 697 0 00000000
D 697 1 00000000
V 697 0 00000000
V 697 1 00000000
R 697 0 00000000
B 697 0 00000000
P 697 0 00000000
P 697 1 00000000
P 697 2 00000000
P 697 3 00000000
P 697 4 00000000
T 698 0 00000000
T 698 1 00000000
T 698 2 00000000
C 698 0 00000000
C 698 1 00000000
C 698 2 00000000
C 698 3 00000000
C 698 4 00000000
C 698 5 00000000
C 698 6 00000000
C 698 7 00000000
C 698 8 00000000
C 698 9 00000000
C 698 10 00000000
C 698 11 00000000
C 698 12 00000000
C 698 13 00000000
C 698 14 00000000
C 698 15 00000000
D 698 0 00000000
D 698 1 00000000
V 698 0 00000000
V 698 1 00000000
R 698 0 00000000
B 698 0 00000000
P 698 0 00000000
P 698 1 00000000
P 698 2 00000000
P 698 3 00000000
P 698 4 00000000
T 699 0 00000000
T 699 1 00000000
T 699 2 00000000
C 699 0 00000000
C 699 1 00000000
C 699 2 00000000
C 699 3 00000000
C 699 4 00000000
C 699 5 00000000
C 699 6 00000000
C 699 7 00000000
C 699 8 00000000
C 699 9 00000000
C 699 10 00000000
C 699 11 00000000
C 699 12 00000000
C 699 13 00000000
C 699 14 00000000
C 699 15 00000000
D 699 0 00000000
D 699 1 00000000
V 699 0 00000000
V 699 1 00000000
R 699 0 00000000
B 699 0 00000000
P 699 0 00000000
P 699 1 00000000
P 699 2 00000000
P 699 3 00000000
P 699 4 00000000
T 700 0 00000000
T 700 1 00000000
T 700 2 00000000
C 700 0 00000000
C 700 1 00000000
C 700 2 00000000
C 700 3 00000000
C 700 4 00000000
C 700 5 00000000
C 700 6 00000000
C 700 7 00000000
C 700 8 00000000
C 700 9 00000000
C 700 10 00000000
C 700 11 00000000
C 700 12 00000000
C 700 13 00000000
C 700 14 00000000
C 700 15 00000000
D 700 0 00000000
D 700 1 00000000
V 700 0 00000000
V 700 1 00000000
R 700 0 00000000
B 700 0 00000000
P 700 0 00000000
P 700 1 00000000
P 700 2 00000000
P 700 3 00000000
P 700 4 00000000
T 701 0 00000000
T 701 1 00000000
T 701 2 00000000
C 701 0 00000000
C 701 1 00000000
C 701 2 00000000
C 701 3 00000000
C 701 4 00000000
C 701 5 00000000
C 701 6 00000000
C 701 7 00000000
C 701 8 00000000
C 701 9 00000000
C 701 10 00000000
C 701 11 00000000
C 701 12 00000000
C 701 13 00000000
C 701 14 00000000
C 701 15 00000000
D 701 0 00000000
D 701 1 00000000
V 701 0 00000000
V 701 1 00000000
R 701 0 00000000
B 701 0 00000000
P 701 0 00000000
P 701 1 00000000
P 701 2 00000000
P 701 3 00000000
P 701 4 00000000
T 702 0 00000000
T 702 1 00000000
T 702 2 00000000
C 702 0 00000000
C 702 1 00000000
C 702 2 00000000
C 702 3 00000000
C 702 4 00000000
C 702 5 00000000
C 702 6 00000000
C 702 7 00000000
C 702 8 00000000
C 702 9 00000000
C 702 10 00000000
C 702 11 00000000
C 702 12 00000000
C 702 13 00000000
C 702 14 00000000
C 702 15 00000000
D 702 0 00000000
D 702 1 00000000
V 702 0 00000000
V 702 1 00000000
R 702 0 00000000
B 702 0 00000000
P 702 0 00000000
P 702 1 00000000
P 702 2 00000000
P 702 3 00000000
P 702 4 00000000
T 703 0 00000000
T 703 1 00000000
T 703 2 00000000
C 703 0 00000000
C 703 1 00000000
C 703 2 00000000
C 703 3 00000000
C 703 4 00000000
C 703 5 00000000
C 703 6 00000000
C 703 7 00000000
C 703 8 00000000
C 703 9 00000000
C 703 10 00000000
C 703 11 00000000
C 703 12 00000000
C 703 13 00000000
C 703 14 00000000
C 703 15 00000000
D 703 0 00000000
D 703 1 00000000
V 703 0 00000000
V 703 1 00000000
R 703 0 00000000
B 703 0 00000000
P 703 0 00000000
P 703 1 00000000
P 703 2 00000000
P 703 3 00000000
P 703 4 00000000
T 704 0 00000000
T 704 1 00000000
T 704 2 00000000
C 704 0 00000000
C 704 1 00000000
C 704 2 00000000
C 704 3 00000000
C 704 4 00000000
C 704 5 00000000
C 704 6 00000000
C 704 7 00000000
C 704 8 00000000
C 704 9 00000000
C 704 10 00000000
C 704 11 00000000
C 704 12 00000000
C 704 13 00000000
C 704 14 00000000
C 704 15 00000000
D 704 0 00000000
D 704 1 00000000
V 704 0 00000000
V 704 1 00000000
R 704 0 00000000
B 704 0 00000000
P 704 0 00000000
P 704 1 00000000
P 704 2 00000000
P 704 3 00000000
P 704 4 00000000
T 705 0 00000000
T 705 1 00000000
T 705 2 00000000
C 705 0 00000000
C 705 1 00000000
C 705 2 00000000
C 705 3 00000000
C 705 4 00000000
C 705 5 00000000
C 705 6 00000000
C 705 7 00000000
C 705 8 00000000
C 705 9 00000000
C 705 10 00000000
C 705 11 00000000
C 705 12 00000000
C 705 13 00000000
C 705 14 00000000
C 705 15 00000000
D 705 0 00000000
D 705 1 00000000
V 705 0 00000000
V 705 1 00000000
R 705 0 00000000
B 705 0 00000000
P 705 0 00000000
P 705 1 00000000
P 705 2 00000000
P 705 3 00000000
P 705 4 00000000
T 706 0 00000000
T 706 1 00000000
T 706 2 00000000
C 706 0 00000000
C 706 1 00000000
C 706 2 00000000
C 706 3 00000000
C 706 4 00000000
C 706 5 00000000
C 706 6 00000000
C 706 7 00000000
C 706 8 00000000
C 706 9 00000000
C 706 10 00000000
C 706 11 00000000
C 706 12 00000000
C 706 13 00000000
C 706 14 00000000
C 706 15 00000000
D 706 0 00000000
D 706 1 00000000
V 706 0 00000000
V 706 1 00000000
R 706 0 00000000
B 706 0 00000000
P 706 0 00000000
P 706 1 00000000
P 706 2 00000000
P 706 3 00000000
P 706 4 00000000
T 707 0 00000000
T 707 1 00000000
T 707 2 00000000
C 707 0 00000000
C 707 1 00000000
C 707 2 00000000
C 707 3 00000000
C 707 4 00000000
C 707 5 00000000
C 707 6 00000000
C 707 7 00000000
C 707 8 00000000
C 707 9 00000000
C 707 10 00000000
C 707 11 00000000
C 707 12 00000000
C 707 13 00000000
C 707 14 00000000
C 707 15 00000000
D 707 0 00000000
D 707 1 00000000
V 707 0 00000000
V 707 1 00000000
R 707 0 00000000
B 707 0 00000000
P 707 0 00000000
P 707 1 00000000
P 707 2 00000000
P 707 3 00000000
P 707 4 00000000
T 708 0 00000000
T 708 1 00000000
T 708 2 00000000
C 708 0 00000000
C 708 1 00000000
C 708 2 00000000
C 708 3 00000000
C 708 4 00000000
C 708 5 00000000
C 708 6 00000000
C 708 7 00000000
C 708 8 00000000
C 708 9 00000000
C 708 10 00000000
C 708 11 00000000
C 708 12 00000000
C 708 13 00000000
C 708 14 00000000
C 708 15 00000000
D 708 0 00000000
D 708 1 00000000
V 708 0 00000000
V 708 1 00000000
R 708 0 00000000
B 708 0 00000000
P 708 0 00000000
P 708 1 00000000
P 708 2 00000000
P 708 3 00000000
P 708 4 00000000
T 709 0 00000000
T 709 1 00000000
T 709 2 00000000
C 709 0 00000000
C 709 1 00000000
C 709 2 00000000
C 709 3 00000000
C 709 4 00000000
C 709 5 00000000
C 709 6 00000000
C 709 7 00000000
C 709 8 00000000
C 709 9 00000000
C 709 10 00000000
C 709 11 00000000
C 709 12 00000000
C 709 13 00000000
C 709 14 00000000
C 709 15 00000000
D 709 0 00000000
D 709 1 00000000
V 709 0 00000000
V 709 1 00000000
R 709 0 00000000
B 709 0 00000000
P 709 0 00000000
P 709 1 00000000
P 709 2 00000000
P 709 3 00000000
P 709 4 00000000
T 710 0 00000000
T 710 1 00000000
T 710 2 00000000
C 710 0 00000000
C 710 1 00000000
C 710 2 00000000
C 710 3 00000000
C 710 4 00000000
C 710 5 00000000
C 710 6 00000000
C 710 7 00000000
C 710 8 00000000
C 710 9 00000000
C 710 10 00000000
C 710 11 00000000
C 710 12 00000000
C 710 13 00000000
C 710 14 00000000
C 710 15 00000000
D 710 0 00000000
D 710 1 00000000
V 710 0 00000000
V 710 1 00000000
R 710 0 00000000
B 710 0 00000000
P 710 0 00000000
P 710 1 00000000
P 710 2 00000000
P 710 3 00000000
P 710 4 00000000
T 711 0 00000000
T 711 1 00000000
T 711 2 00000000
C 711 0 00000000
C 711 1 00000000
C 711 2 00000000
C 711 3 00000000
C 711 4 00000000
C 711 5 00000000
C 711 6 00000000
C 711 7 00000000
C 711 8 00000000
C 711 9 00000000
C 711 10 00000000
C 711 11 00000000
C 711 12 00000000
C 711 13 00000000
C 711 14 00000000
C 711 15 00000000
D 711 0 00000000
D 711 1 00000000
V 711 0 00000000
V 711 1 00000000
R 711 0 00000000
B 711 0 00000000
P 711 0 00000000
P 711 1 00000000
P 711 2 00000000
P 711 3 00000000
P 711 4 00000000
T 712 0 00000000
T 712 1 00000000
T 712 2 00000000
C 712 0 00000000
C 712 1 00000000
C 712 2 00000000
C 712 3 00000000
C 712 4 00000000
C 712 5 00000000
C 712 6 00000000
C 712 7 00000000
C 712 8 00000000
C 712 9 00000000
C 712 10 00000000
C 712 11 00000000
C 712 12 00000000
C 712 13 00000000
C 712 14 00000000
C 712 15 00000000
D 712 0 00000000
D 712 1 00000000
V 712 0 00000000
V 712 1 00000000
R 712 0 00000000
B 712 0 00000000
P 712 0 00000000
P 712 1 00000000
P 712 2 00000000
P 712 3 00000000
P 712 4 00000000
T 713 0 00000000
T 713 1 00000000
T 713 2 00000000
C 713 0 00000000
C 713 1 00000000
C 713 2 00000000
C 713 3 00000000
C 713 4 00000000
C 713 5 00000000
C 713 6 00000000
C 713 7 00000000
C 713 8 00000000
C 713 9 00000000
C 713 10 00000000
C 713 11 00000000
C 713 12 00000000
C 713 13 00000000
C 713 14 00000000
C 713 15 00000000
D 713 0 00000000
D 713 1 00000000
V 713 0 00000000
V 713 1 00000000
R 713 0 00000000
B 713 0 00000000
P 713 0 00000000
P 713 1 00000000
P 713 2 00000000
P 713 3 00000000
P 713 4 00000000
T 714 0 00000000
T 714 1 00000000
T 714 2 00000000
C 714 0 00000000
C 714 1 00000000
C 714 2 00000000
C 714 3 00000000
C 714 4 00000000
C 714 5 00000000
C 714 6 00000000
C 714 7 00000000
C 714 8 00000000
C 714 9 00000000
C 714 10 00000000
C 714 11 00000000
C 714 12 00000000
C 714 13 00000000
C 714 14 00000000
C 714 15 00000000
D 714 0 00000000
D 714 1 00000000
V 714 0 00000000
V 714 1 00000000
R 714 0 00000000
B 714 0 00000000
P 714 0 00000000
P 714 1 00000000
P 714 2 00000000
P 714 3 00000000
P 714 4 00000000
T 715 0 00000000
T 715 1 00000000
T 715 2 00000000
C 715 0 00000000
C 715 1 00000000
C 715 2 00000000
C 715 3 00000000
C 715 4 00000000
C 715 5 00000000
C 715 6 00000000
C 715 7 00000000
C 715 8 00000000
C 715 9 00000000
C 715 10 00000000
C 715 11 00000000
C 715 12 00000000
C 715 13 00000000
C 715 14 00000000
C 715 15 00000000
D 715 0 00000000
D 715 1 00000000
V 715 0 00000000
V 715 1 00000000
R 715 0 00000000
B 715 0 00000000
P 715 0 00000000
P 715 1 00000000
P 715 2 00000000
P 715 3 00000000
P 715 4 00000000
T 716 0 00000000
T 716 1 00000000
T 716 2 00000000
C 716 0 00000000
C 716 1 00000000
C 716 2 00000000
C 716 3 00000000
C 716 4 00000000
C 716 5 00000000
C 716 6 00000000
C 716 7 00000000
C 716 8 00000000
C 716 9 00000000
C 716 10 00000000
C 716 11 00000000
C 716 12 00000000
C 716 13 00000000
C 716 14 00000000
C 716 15 00000000
D 716 0 00000000
D 716 1 00000000
V 716 0 00000000
V 716 1 00000000
R 716 0 00000000
B 716 0 00000000
P 716 0 00000000
P 716 1 00000000
P 716 2 00000000
P 716 3 00000000
P 716 4 00000000
T 717 0 00000000
T 717 1 00000000
T 717 2 00000000
C 717 0 00000000
C 717 1 00000000
C 717 2 00000000
C 717 3 00000000
C 717 4 00000000
C 717 5 00000000
C 717 6 00000000
C 717 7 00000000
C 717 8 00000000
C 717 9 00000000
C 717 10 00000000
C 717 11 00000000
C 717 12 00000000
C 717 13 00000000
C 717 14 00000000
C 717 15 00000000
D 717 0 00000000
D 717 1 00000000
V 717 0 00000000
V 717 1 00000000
R 717 0 00000000
B 717 0 00000000
P 717 0 00000000
P 717 1 00000000
P 717 2 00000000
P 717 3 00000000
P 717 4 00000000
T 718 0 00000000
T 718 1 00000000
T 718 2 00000000
C 718 0 00000000
C 718 1 00000000
C 718 2 00000000
C 718 3 00000000
C 718 4 00000000
C 718 5 00000000
C 718 6 00000000
C 718 7 00000000
C 718 8 00000000
C 718 9 00000000
C 718 10 00000000
C 718 11 00000000
C 718 12 00000000
C 718 13 00000000
C 718 14 00000000
C 718 15 00000000
D 718 0 00000000
D 718 1 00000000
V 718 0 00000000
V 718 1 00000000
R 718 0 00000000
B 718 0 00000000
P 718 0 00000000
P 718 1 00000000
P 718 2 00000000
P 718 3 00000000
P 718 4 00000000
T 719 0 00000000
T 719 1 00000000
T 719 2 00000000
C 719 0 00000000
C 719 1 00000000
C 719 2 00000000
C 719 3 00000000
C 719 4 00000000
C 719 5 00000000
C 719 6 00000000
C 719 7 00000000
C 719 8 00000000
C 719 9 00000000
C 719 10 00000000
C 719 11 00000000
C 719 12 00000000
C 719 13 00000000
C 719 14 00000000
C 719 15 00000000
D 719 0 00000000
D 719 1 00000000
V 719 0 00000000
V 719 1 00000000
R 719 0 00000000
B 719 0 00000000
P 719 0 00000000
P 719 1 00000000
P 719 2 00000000
P 719 3 00000000
P 719 4 00000000
T 720 0 00000000
T 720 1 00000000
T 720 2 00000000
C 720 0 00000000
C 720 1 00000000
C 720 2 00000000
C 720 3 00000000
C 720 4 00000000
C 720 5 00000000
C 720 6 00000000
C 720 7 00000000
C 720 8 00000000
C 720 9 00000000
C 720 10 00000000
C 720 11 00000000
C 720 12 00000000
C 720 13 00000000
C 720 14 00000000
C 720 15 00000000
D 720 0 00000000
D 720 1 00000000
V 720 0 00000000
V 720 1 00000000
R 720 0 00000000
B 720 0 00000000
P 720 0 00000000
P 720 1 00000000
P 720 2 00000000
P 720 3 00000000
P 720 4 00000000
T 721 0 00000000
T 721 1 00000000
T 721 2 00000000
C 721 0 00000000
C 721 1 00000000
C 721 2 00000000
C 721 3 00000000
C 721 4 00000000
C 721 5 00000000
C 721 6 00000000
C 721 7 00000000
C 721 8 00000000
C 721 9 00000000
C 721 10 00000000
C 721 11 00000000
C 721 12 00000000
C 721 13 00000000
C 721 14 00000000
C 721 15 00000000
D 721 0 00000000
D 721 1 00000000
V 721 0 00000000
V 721 1 00000000
R 721 0 00000000
B 721 0 00000000
P 721 0 00000000
P 721 1 00000000
P 721 2 00000000
P 721 3 00000000
P 721 4 00000000
T 722 0 00000000
T 722 1 00000000
T 722 2 00000000
C 722 0 00000000
C 722 1 00000000
C 722 2 00000000
C 722 3 00000000
C 722 4 00000000
C 722 5 00000000
C 722 6 00000000
C 722 7 00000000
C 722 8 00000000
C 722 9 00000000
C 722 10 00000000
C 722 11 00000000
C 722 12 00000000
C 722 13 00000000
C 722 14 00000000
C 722 15 00000000
D 722 0 00000000
D 722 1 00000000
V 722 0 00000000
V 722 1 00000000
R 722 0 00000000
B 722 0 00000000
P 722 0 00000000
P 722 1 00000000
P 722 2 00000000
P 722 3 00000000
P 722 4 00000000
T 723 0 00000000
T 723 1 00000000
T 723 2 00000000
C 723 0 00000000
C 723 1 00000000
C 723 2 00000000
C 723 3 00000000
C 723 4 00000000
C 723 5 00000000
C 723 6 00000000
C 723 7 00000000
C 723 8 00000000
C 723 9 00000000
C 723 10 00000000
C 723 11 00000000
C 723 12 00000000
C 723 13 00000000
C 723 14 00000000
C 723 15 00000000
D 723 0 00000000
D 723 1 00000000
V 723 0 00000000
V 723 1 00000000
R 723 0 00000000
B 723 0 00000000
P 723 0 00000000
P 723 1 00000000
P 723 2 00000000
P 723 3 00000000
P 723 4 00000000
T 724 0 00000000
T 724 1 00000000
T 724 2 00000000
C 724 0 00000000
C 724 1 00000000
C 724 2 00000000
C 724 3 00000000
C 724 4 00000000
C 724 5 00000000
C 724 6 00000000
C 724 7 00000000
C 724 8 00000000
C 724 9 00000000
C 724 10 00000000
C 724 11 00000000
C 724 12 00000000
C 724 13 00000000
C 724 14 00000000
C 724 15 00000000
D 724 0 00000000
D 724 1 00000000
V 724 0 00000000
V 724 1 00000000
R 724 0 00000000
B 724 0 00000000
P 724 0 00000000
P 724 1 00000000
P 724 2 00000000
P 724 3 00000000
P 724 4 00000000
T 725 0 00000000
T 725 1 00000000
T 725 2 00000000
C 725 0 00000000
C 725 1 00000000
C 725 2 00000000
C 725 3 00000000
C 725 4 00000000
C 725 5 00000000
C 725 6 00000000
C 725 7 00000000
C 725 8 00000000
C 725 9 00000000
C 725 10 00000000
C 725 11 00000000
C 725 12 00000000
C 725 13 00000000
C 725 14 00000000
C 725 15 00000000
D 725 0 00000000
D 725 1 00000000
V 725 0 00000000
V 725 1 00000000
R 725 0 00000000
B 725 0 00000000
P 725 0 00000000
P 725 1 00000000
P 725 2 00000000
P 725 3 00000000
P 725 4 00000000
T 726 0 00000000
T 726 1 00000000
T 726 2 00000000
C 726 0 00000000
C 726 1 00000000
C 726 2 00000000
C 726 3 00000000
C 726 4 00000000
C 726 5 00000000
C 726 6 00000000
C 726 7 00000000
C 726 8 00000000
C 726 9 00000000
C 726 10 00000000
C 726 11 00000000
C 726 12 00000000
C 726 13 00000000
C 726 14 00000000
C 726 15 00000000
D 726 0 00000000
D 726 1 00000000
V 726 0 00000000
V 726 1 00000000
R 726 0 00000000
B 726 0 00000000
P 726 0 00000000
P 726 1 00000000
P 726 2 00000000
P 726 3 00000000
P 726 4 00000000
T 727 0 00000000
T 727 1 00000000
T 727 2 00000000
C 727 0 00000000
C 727 1 00000000
C 727 2 00000000
C 727 3 00000000
C 727 4 00000000
C 727 5 00000000
C 727 6 00000000
C 727 7 00000000
C 727 8 00000000
C 727 9 00000000
C 727 10 00000000
C 727 11 00000000
C 727 12 00000000
C 727 13 00000000
C 727 14 00000000
C 727 15 00000000
D 727 0 00000000
D 727 1 00000000
V 727 0 00000000
V 727 1 00000000
R 727 0 00000000
B 727 0 00000000
P 727 0 00000000
P 727 1 00000000
P 727 2 00000000
P 727 3 00000000
P 727 4 00000000
T 728 0 00000000
T 728 1 00000000
T 728 2 00000000
C 728 0 00000000
C 728 1 00000000
C 728 2 00000000
C 728 3 00000000
C 728 4 00000000
C 728 5 00000000
C 728 6 00000000
C 728 7 00000000
C 728 8 00000000
C 728 9 00000000
C 728 10 00000000
C 728 11 00000000
C 728 12 00000000
C 728 13 00000000
C 728 14 00000000
C 728 15 00000000
D 728 0 00000000
D 728 1 00000000
V 728 0 00000000
V 728 1 00000000
R 728 0 00000000
B 728 0 00000000
P 728 0 00000000
P 728 1 00000000
P 728 2 00000000
P 728 3 00000000
P 728 4 00000000
T 729 0 00000000
T 729 1 00000000
T 729 2 00000000
C 729 0 00000000
C 729 1 00000000
C 729 2 00000000
C 729 3 00000000
C 729 4 00000000
C 729 5 00000000
C 729 6 00000000
C 729 7 00000000
C 729 8 00000000
C 729 9 00000000
C 729 10 00000000
C 729 11 00000000
C 729 12 00000000
C 729 13 00000000
C 729 14 00000000
C 729 15 00000000
D 729 0 00000000
D 729 1 00000000
V 729 0 00000000
V 729 1 00000000
R 729 0 00000000
B 729 0 00000000
P 729 0 00000000
P 729 1 00000000
P 729 2 00000000
P 729 3 00000000
P 729 4 00000000
T 730 0 00000000
T 730 1 00000000
T 730 2 00000000
C 730 0 00000000
C 730 1 00000000
C 730 2 00000000
C 730 3 00000000
C 730 4 00000000
C 730 5 00000000
C 730 6 00000000
C 730 7 00000000
C 730 8 00000000
C 730 9 00000000
C 730 10 00000000
C 730 11 00000000
C 730 12 00000000
C 730 13 00000000
C 730 14 00000000
C 730 15 00000000
D 730 0 00000000
D 730 1 00000000
V 730 0 00000000
V 730 1 00000000
R 730 0 00000000
B 730 0 00000000
P 730 0 00000000
P 730 1 00000000
P 730 2 00000000
P 730 3 00000000
P 730 4 00000000
T 731 0 00000000
T 731 1 00000000
T 731 2 00000000
C 731 0 00000000
C 731 1 00000000
C 731 2 00000000
C 731 3 00000000
C 731 4 00000000
C 731 5 00000000
C 731 6 00000000
C 731 7 00000000
C 731 8 00000000
C 731 9 00000000
C 731 10 00000000
C 731 11 00000000
C 731 12 00000000
C 731 13 00000000
C 731 14 00000000
C 731 15 00000000
D 731 0 00000000
D 731 1 00000000
V 731 0 00000000
V 731 1 00000000
R 731 0 00000000
B 731 0 00000000
P 731 0 00000000
P 731 1 00000000
P 731 2 00000000
P 731 3 00000000
P 731 4 00000000
T 732 0 00000000
T 732 1 00000000
T 732 2 00000000
C 732 0 00000000
C 732 1 00000000
C 732 2 00000000
C 732 3 00000000
C 732 4 00000000
C 732 5 00000000
C 732 6 00000000
C 732 7 00000000
C 732 8 00000000
C 732 9 00000000
C 732 10 00000000
C 732 11 00000000
C 732 12 00000000
C 732 13 00000000
C 732 14 00000000
C 732 15 00000000
D 732 0 00000000
D 732 1 00000000
V 732 0 00000000
V 732 1 00000000
R 732 0 00000000
B 732 0 00000000
P 732 0 00000000
P 732 1 00000000
P 732 2 00000000
P 732 3 00000000
P 732 4 00000000
T 733 0 00000000
T 733 1 00000000
T 733 2 00000000
C 733 0 00000000
C 733 1 00000000
C 733 2 00000000
C 733 3 00000000
C 733 4 00000000
C 733 5 00000000
C 733 6 00000000
C 733 7 00000000
C 733 8 00000000
C 733 9 00000000
C 733 10 00000000
C 733 11 00000000
C 733 12 00000000
C 733 13 00000000
C 733 14 00000000
C 733 15 00000000
D 733 0 00000000
D 733 1 00000000
V 733 0 00000000
V 733 1 00000000
R 733 0 00000000
B 733 0 00000000
P 733 0 00000000
P 733 1 00000000
P 733 2 00000000
P 733 3 00000000
P 733 4 00000000
T 734 0 00000000
T 734 1 00000000
T 734 2 00000000
C 734 0 00000000
C 734 1 00000000
C 734 2 00000000
C 734 3 00000000
C 734 4 00000000
C 734 5 00000000
C 734 6 00000000
C 734 7 00000000
C 734 8 00000000
C 734 9 00000000
C 734 10 00000000
C 734 11 00000000
C 734 12 00000000
C 734 13 00000000
C 734 14 00000000
C 734 15 00000000
D 734 0 00000000
D 734 1 00000000
V 734 0 00000000
V 734 1 00000000
R 734 0 00000000
B 734 0 00000000
P 734 0 00000000
P 734 1 00000000
P 734 2 00000000
P 734 3 00000000
P 734 4 00000000
T 735 0 00000000
T 735 1 00000000
T 735 2 00000000
C 735 0 00000000
C 735 1 00000000
C 735 2 00000000
C 735 3 00000000
C 735 4 00000000
C 735 5 00000000
C 735 6 00000000
C 735 7 00000000
C 735 8 00000000
C 735 9 00000000
C 735 10 00000000
C 735 11 00000000
C 735 12 00000000
C 735 13 00000000
C 735 14 00000000
C 735 15 00000000
D 735 0 00000000
D 735 1 00000000
V 735 0 00000000
V 735 1 00000000
R 735 0 00000000
B 735 0 00000000
P 735 0 00000000
P 735 1 00000000
P 735 2 00000000
P 735 3 00000000
P 735 4 00000000
T 736 0 00000000
T 736 1 00000000
T 736 2 00000000
C 736 0 00000000
C 736 1 00000000
C 736 2 00000000
C 736 3 00000000
C 736 4 00000000
C 736 5 00000000
C 736 6 00000000
C 736 7 00000000
C 736 8 00000000
C 736 9 00000000
C 736 10 00000000
C 736 11 00000000
C 736 12 00000000
C 736 13 00000000
C 736 14 00000000
C 736 15 00000000
D 736 0 00000000
D 736 1 00000000
V 736 0 00000000
V 736 1 00000000
R 736 0 00000000
B 736 0 00000000
P 736 0 00000000
P 736 1 00000000
P 736 2 00000000
P 736 3 00000000
P 736 4 00000000
T 737 0 00000000
T 737 1 00000000
T 737 2 00000000
C 737 0 00000000
C 737 1 00000000
C 737 2 00000000
C 737 3 00000000
C 737 4 00000000
C 737 5 00000000
C 737 6 00000000
C 737 7 00000000
C 737 8 00000000
C 737 9 00000000
C 737 10 00000000
C 737 11 00000000
C 737 12 00000000
C 737 13 00000000
C 737 14 00000000
C 737 15 00000000
D 737 0 00000000
D 737 1 00000000
V 737 0 00000000
V 737 1 00000000
R 737 0 00000000
B 737 0 00000000
P 737 0 00000000
P 737 1 00000000
P 737 2 00000000
P 737 3 00000000
P 737 4 00000000
T 738 0 00000000
T 738 1 00000000
T 738 2 00000000
C 738 0 00000000
C 738 1 00000000
C 738 2 00000000
C 738 3 00000000
C 738 4 00000000
C 738 5 00000000
C 738 6 00000000
C 738 7 00000000
C 738 8 00000000
C 738 9 00000000
C 738 10 00000000
C 738 11 00000000
C 738 12 00000000
C 738 13 00000000
C 738 14 00000000
C 738 15 00000000
D 738 0 00000000
D 738 1 00000000
V 738 0 00000000
V 738 1 00000000
R 738 0 00000000
B 738 0 00000000
P 738 0 00000000
P 738 1 00000000
P 738 2 00000000
P 738 3 00000000
P 738 4 00000000
T 739 0 00000000
T 739 1 00000000
T 739 2 00000000
C 739 0 00000000
C 739 1 00000000
C 739 2 00000000
C 739 3 00000000
C 739 4 00000000
C 739 5 00000000
C 739 6 00000000
C 739 7 00000000
C 739 8 00000000
C 739 9 00000000
C 739 10 00000000
C 739 11 00000000
C 739 12 00000000
C 739 13 00000000
C 739 14 00000000
C 739 15 00000000
D 739 0 00000000
D 739 1 00000000
V 739 0 00000000
V 739 1 00000000
R 739 0 00000000
B 739 0 00000000
P 739 0 00000000
P 739 1 00000000
P 739 2 00000000
P 739 3 00000000
P 739 4 00000000
T 740 0 00000000
T 740 1 00000000
T 740 2 00000000
C 740 0 00000000
C 740 1 00000000
C 740 2 00000000
C 740 3 00000000
C 740 4 00000000
C 740 5 00000000
C 740 6 00000000
C 740 7 00000000
C 740 8 00000000
C 740 9 00000000
C 740 10 00000000
C 740 11 00000000
C 740 12 00000000
C 740 13 00000000
C 740 14 00000000
C 740 15 00000000
D 740 0 00000000
D 740 1 00000000
V 740 0 00000000
V 740 1 00000000
R 740 0 00000000
B 740 0 00000000
P 740 0 00000000
P 740 1 00000000
P 740 2 00000000
P 740 3 00000000
P 740 4 00000000
T 741 0 00000000
T 741 1 00000000
T 741 2 00000000
C 741 0 00000000
C 741 1 00000000
C 741 2 00000000
C 741 3 00000000
C 741 4 00000000
C 741 5 00000000
C 741 6 00000000
C 741 7 00000000
C 741 8 00000000
C 741 9 00000000
C 741 10 00000000
C 741 11 00000000
C 741 12 00000000
C 741 13 00000000
C 741 14 00000000
C 741 15 00000000
D 741 0 00000000
D 741 1 00000000
V 741 0 00000000
V 741 1 00000000
R 741 0 00000000
B 741 0 00000000
P 741 0 00000000
P 741 1 00000000
P 741 2 00000000
P 741 3 00000000
P 741 4 00000000
T 742 0 00000000
T 742 1 00000000
T 742 2 00000000
C 742 0 00000000
C 742 1 00000000
C 742 2 00000000
C 742 3 00000000
C 742 4 00000000
C 742 5 00000000
C 742 6 00000000
C 742 7 00000000
C 742 8 00000000
C 742 9 00000000
C 742 10 00000000
C 742 11 00000000
C 742 12 00000000
C 742 13 00000000
C 742 14 00000000
C 742 15 00000000
D 742 0 00000000
D 742 1 00000000
V 742 0 00000000
V 742 1 00000000
R 742 0 00000000
B 742 0 00000000
P 742 0 00000000
P 742 1 00000000
P 742 2 00000000
P 742 3 00000000
P 742 4 00000000
T 743 0 00000000
T 743 1 00000000
T 743 2 00000000
C 743 0 00000000
C 743 1 00000000
C 743 2 00000000
C 743 3 00000000
C 743 4 00000000
C 743 5 00000000
C 743 6 00000000
C 743 7 00000000
C 743 8 00000000
C 743 9 00000000
C 743 10 00000000
C 743 11 00000000
C 743 12 00000000
C 743 13 00000000
C 743 14 00000000
C 743 15 00000000
D 743 0 00000000
D 743 1 00000000
V 743 0 00000000
V 743 1 00000000
R 743 0 00000000
B 743 0 00000000
P 743 0 00000000
P 743 1 00000000
P 743 2 00000000
P 743 3 00000000
P 743 4 00000000
T 744 0 00000000
T 744 1 00000000
T 744 2 00000000
C 744 0 00000000
C 744 1 00000000
C 744 2 00000000
C 744 3 00000000
C 744 4 00000000
C 744 5 00000000
C 744 6 00000000
C 744 7 00000000
C 744 8 00000000
C 744 9 00000000
C 744 10 00000000
C 744 11 00000000
C 744 12 00000000
C 744 13 00000000
C 744 14 00000000
C 744 15 00000000
D 744 0 00000000
D 744 1 00000000
V 744 0 00000000
V 744 1 00000000
R 744 0 00000000
B 744 0 00000000
P 744 0 00000000
P 744 1 00000000
P 744 2 00000000
P 744 3 00000000
P 744 4 00000000
T 745 0 00000000
T 745 1 00000000
T 745 2 00000000
C 745 0 00000000
C 745 1 00000000
C 745 2 00000000
C 745 3 00000000
C 745 4 00000000
C 745 5 00000000
C 745 6 00000000
C 745 7 00000000
C 745 8 00000000
C 745 9 00000000
C 745 10 00000000
C 745 11 00000000
C 745 12 00000000
C 745 13 00000000
C 745 14 00000000
C 745 15 00000000
D 745 0 00000000
D 745 1 00000000
V 745 0 00000000
V 745 1 00000000
R 745 0 00000000
B 745 0 00000000
P 745 0 00000000
P 745 1 00000000
P 745 2 00000000
P 745 3 00000000
P 745 4 00000000
T 746 0 00000000
T 746 1 00000000
T 746 2 00000000
C 746 0 00000000
C 746 1 00000000
C 746 2 00000000
C 746 3 00000000
C 746 4 00000000
C 746 5 00000000
C 746 6 00000000
C 746 7 00000000
C 746 8 00000000
C 746 9 00000000
C 746 10 00000000
C 746 11 00000000
C 746 12 00000000
C 746 13 00000000
C 746 14 00000000
C 746 15 00000000
D 746 0 00000000
D 746 1 00000000
V 746 0 00000000
V 746 1 00000000
R 746 0 00000000
B 746 0 00000000
P 746 0 00000000
P 746 1 00000000
P 746 2 00000000
P 746 3 00000000
P 746 4 00000000
T 747 0 00000000
T 747 1 00000000
T 747 2 00000000
C 747 0 00000000
C 747 1 00000000
C 747 2 00000000
C 747 3 00000000
C 747 4 00000000
C 747 5 00000000
C 747 6 00000000
C 747 7 00000000
C 747 8 00000000
C 747 9 00000000
C 747 10 00000000
C 747 11 00000000
C 747 12 00000000
C 747 13 00000000
C 747 14 00000000
C 747 15 00000000
D 747 0 00000000
D 747 1 00000000
V 747 0 00000000
V 747 1 00000000
R 747 0 00000000
B 747 0 00000000
P 747 0 00000000
P 747 1 00000000
P 747 2 00000000
P 747 3 00000000
P 747 4 00000000
T 748 0 00000000
T 748 1 00000000
T 748 2 00000000
C 748 0 00000000
C 748 1 00000000
C 748 2 00000000
C 748 3 00000000
C 748 4 00000000
C 748 5 00000000
C 748 6 00000000
C 748 7 00000000
C 748 8 00000000
C 748 9 00000000
C 748 10 00000000
C 748 11 00000000
C 748 12 00000000
C 748 13 00000000
C 748 14 00000000
C 748 15 00000000
D 748 0 00000000
D 748 1 00000000
V 748 0 00000000
V 748 1 00000000
R 748 0 00000000
B 748 0 00000000
P 748 0 00000000
P 748 1 00000000
P 748 2 00000000
P 748 3 00000000
P 748 4 00000000
T 749 0 00000000
T 749 1 00000000
T 749 2 00000000
C 749 0 00000000
C 749 1 00000000
C 749 2 00000000
C 749 3 00000000
C 749 4 00000000
C 749 5 00000000
C 749 6 00000000
C 749 7 00000000
C 749 8 00000000
C 749 9 00000000
C 749 10 00000000
C 749 11 00000000
C 749 12 00000000
C 749 13 00000000
C 749 14 00000000
C 749 15 00000000
D 749 0 00000000
D 749 1 00000000
V 749 0 00000000
V 749 1 00000000
R 749 0 00000000
B 749 0 00000000
P 749 0 00000000
P 749 1 00000000
P 749 2 00000000
P 749 3 00000000
P 749 4 00000000
T 750 0 00000000
T 750 1 00000000
T 750 2 00000000
C 750 0 00000000
C 750 1 00000000
C 750 2 00000000
C 750 3 00000000
C 750 4 00000000
C 750 5 00000000
C 750 6 00000000
C 750 7 00000000
C 750 8 00000000
C 750 9 00000000
C 750 10 00000000
C 750 11 00000000
C 750 12 00000000
C 750 13 00000000
C 750 14 00000000
C 750 15 00000000
D 750 0 00000000
D 750 1 00000000
V 750 0 00000000
V 750 1 00000000
R 750 0 00000000
B 750 0 00000000
P 750 0 00000000
P 750 1 00000000
P 750 2 00000000
P 750 3 00000000
P 750 4 00000000
T 751 0 00000000
T 751 1 00000000
T 751 2 00000000
C 751 0 00000000
C 751 1 00000000
C 751 2 00000000
C 751 3 00000000
C 751 4 00000000
C 751 5 00000000
C 751 6 00000000
C 751 7 00000000
C 751 8 00000000
C 751 9 00000000
C 751 10 00000000
C 751 11 00000000
C 751 12 00000000
C 751 13 00000000
C 751 14 00000000
C 751 15 00000000
D 751 0 00000000
D 751 1 00000000
V 751 0 00000000
V 751 1 00000000
R 751 0 00000000
B 751 0 00000000
P 751 0 00000000
P 751 1 00000000
P 751 2 00000000
P 751 3 00000000
P 751 4 00000000
T 752 0 00000000
T 752 1 00000000
T 752 2 00000000
C 752 0 00000000
C 752 1 00000000
C 752 2 00000000
C 752 3 00000000
C 752 4 00000000
C 752 5 00000000
C 752 6 00000000
C 752 7 00000000
C 752 8 00000000
C 752 9 00000000
C 752 10 00000000
C 752 11 00000000
C 752 12 00000000
C 752 13 00000000
C 752 14 00000000
C 752 15 00000000
D 752 0 00000000
D 752 1 00000000
V 752 0 00000000
V 752 1 00000000
R 752 0 00000000
B 752 0 00000000
P 752 0 00000000
P 752 1 00000000
P 752 2 00000000
P 752 3 00000000
P 752 4 00000000
T 753 0 00000000
T 753 1 00000000
T 753 2 00000000
C 753 0 00000000
C 753 1 00000000
C 753 2 00000000
C 753 3 00000000
C 753 4 00000000
C 753 5 00000000
C 753 6 00000000
C 753 7 00000000
C 753 8 00000000
C 753 9 00000000
C 753 10 00000000
C 753 11 00000000
C 753 12 00000000
C 753 13 00000000
C 753 14 00000000
C 753 15 00000000
D 753 0 00000000
D 753 1 00000000
V 753 0 00000000
V 753 1 00000000
R 753 0 00000000
B 753 0 00000000
P 753 0 00000000
P 753 1 00000000
P 753 2 00000000
P 753 3 00000000
P 753 4 00000000
T 754 0 00000000
T 754 1 00000000
T 754 2 00000000
C 754 0 00000000
C 754 1 00000000
C 754 2 00000000
C 754 3 00000000
C 754 4 00000000
C 754 5 00000000
C 754 6 00000000
C 754 7 00000000
C 754 8 00000000
C 754 9 00000000
C 754 10 00000000
C 754 11 00000000
C 754 12 00000000
C 754 13 00000000
C 754 14 00000000
C 754 15 00000000
D 754 0 00000000
D 754 1 00000000
V 754 0 00000000
V 754 1 00000000
R 754 0 00000000
B 754 0 00000000
P 754 0 00000000
P 754 1 00000000
P 754 2 00000000
P 754 3 00000000
P 754 4 00000000
T 755 0 00000000
T 755 1 00000000
T 755 2 00000000
C 755 0 00000000
C 755 1 00000000
C 755 2 00000000
C 755 3 00000000
C 755 4 00000000
C 755 5 00000000
C 755 6 00000000
C 755 7 00000000
C 755 8 00000000
C 755 9 00000000
C 755 10 00000000
C 755 11 00000000
C 755 12 00000000
C 755 13 00000000
C 755 14 00000000
C 755 15 00000000
D 755 0 00000000
D 755 1 00000000
V 755 0 00000000
V 755 1 00000000
R 755 0 00000000
B 755 0 00000000
P 755 0 00000000
P 755 1 00000000
P 755 2 00000000
P 755 3 00000000
P 755 4 00000000
T 756 0 00000000
T 756 1 00000000
T 756 2 00000000
C 756 0 00000000
C 756 1 00000000
C 756 2 00000000
C 756 3 00000000
C 756 4 00000000
C 756 5 00000000
C 756 6 00000000
C 756 7 00000000
C 756 8 00000000
C 756 9 00000000
C 756 10 00000000
C 756 11 00000000
C 756 12 00000000
C 756 13 00000000
C 756 14 00000000
C 756 15 00000000
D 756 0 00000000
D 756 1 00000000
V 756 0 00000000
V 756 1 00000000
R 756 0 00000000
B 756 0 00000000
P 756 0 00000000
P 756 1 00000000
P 756 2 00000000
P 756 3 00000000
P 756 4 00000000
T 757 0 00000000
T 757 1 00000000
T 757 2 00000000
C 757 0 00000000
C 757 1 00000000
C 757 2 00000000
C 757 3 00000000
C 757 4 00000000
C 757 5 00000000
C 757 6 00000000
C 757 7 00000000
C 757 8 00000000
C 757 9 00000000
C 757 10 00000000
C 757 11 00000000
C 757 12 00000000
C 757 13 00000000
C 757 14 00000000
C 757 15 00000000
D 757 0 00000000
D 757 1 00000000
V 757 0 00000000
V 757 1 00000000
R 757 0 00000000
B 757 0 00000000
P 757 0 00000000
P 757 1 00000000
P 757 2 00000000
P 757 3 00000000
P 757 4 00000000
T 758 0 00000000
T 758 1 00000000
T 758 2 00000000
C 758 0 00000000
C 758 1 00000000
C 758 2 00000000
C 758 3 00000000
C 758 4 00000000
C 758 5 00000000
C 758 6 00000000
C 758 7 00000000
C 758 8 00000000
C 758 9 00000000
C 758 10 00000000
C 758 11 00000000
C 758 12 00000000
C 758 13 00000000
C 758 14 00000000
C 758 15 00000000
D 758 0 00000000
D 758 1 00000000
V 758 0 00000000
V 758 1 00000000
R 758 0 00000000
B 758 0 00000000
P 758 0 00000000
P 758 1 00000000
P 758 2 00000000
P 758 3 00000000
P 758 4 00000000
T 759 0 00000000
T 759 1 00000000
T 759 2 00000000
C 759 0 00000000
C 759 1 00000000
C 759 2 00000000
C 759 3 00000000
C 759 4 00000000
C 759 5 00000000
C 759 6 00000000
C 759 7 00000000
C 759 8 00000000
C 759 9 00000000
C 759 10 00000000
C 759 11 00000000
C 759 12 00000000
C 759 13 00000000
C 759 14 00000000
C 759 15 00000000
D 759 0 00000000
D 759 1 00000000
V 759 0 00000000
V 759 1 00000000
R 759 0 00000000
B 759 0 00000000
P 759 0 00000000
P 759 1 00000000
P 759 2 00000000
P 759 3 00000000
P 759 4 00000000
T 760 0 00000000
T 760 1 00000000
T 760 2 00000000
C 760 0 00000000
C 760 1 00000000
C 760 2 00000000
C 760 3 00000000
C 760 4 00000000
C 760 5 00000000
C 760 6 00000000
C 760 7 00000000
C 760 8 00000000
C 760 9 00000000
C 760 10 00000000
C 760 11 00000000
C 760 12 00000000
C 760 13 00000000
C 760 14 00000000
C 760 15 00000000
D 760 0 00000000
D 760 1 00000000
V 760 0 00000000
V 760 1 00000000
R 760 0 00000000
B 760 0 00000000
P 760 0 00000000
P 760 1 00000000
P 760 2 00000000
P 760 3 00000000
P 760 4 00000000
T 761 0 00000000
T 761 1 00000000
T 761 2 00000000
C 761 0 00000000
C 761 1 00000000
C 761 2 00000000
C 761 3 00000000
C 761 4 00000000
C 761 5 00000000
C 761 6 00000000
C 761 7 00000000
C 761 8 00000000
C 761 9 00000000
C 761 10 00000000
C 761 11 00000000
C 761 12 00000000
C 761 13 00000000
C 761 14 00000000
C 761 15 00000000
D 761 0 00000000
D 761 1 00000000
V 761 0 00000000
V 761 1 00000000
R 761 0 00000000
B 761 0 00000000
P 761 0 00000000
P 761 1 00000000
P 761 2 00000000
P 761 3 00000000
P 761 4 00000000
T 762 0 00000000
T 762 1 00000000
T 762 2 00000000
C 762 0 00000000
C 762 1 00000000
C 762 2 00000000
C 762 3 00000000
C 762 4 00000000
C 762 5 00000000
C 762 6 00000000
C 762 7 00000000
C 762 8 00000000
C 762 9 00000000
C 762 10 00000000
C 762 11 00000000
C 762 12 00000000
C 762 13 00000000
C 762 14 00000000
C 762 15 00000000
D 762 0 00000000
D 762 1 00000000
V 762 0 00000000
V 762 1 00000000
R 762 0 00000000
B 762 0 00000000
P 762 0 00000000
P 762 1 00000000
P 762 2 00000000
P 762 3 00000000
P 762 4 00000000
T 763 0 00000000
T 763 1 00000000
T 763 2 00000000
C 763 0 00000000
C 763 1 00000000
C 763 2 00000000
C 763 3 00000000
C 763 4 00000000
C 763 5 00000000
C 763 6 00000000
C 763 7 00000000
C 763 8 00000000
C 763 9 00000000
C 763 10 00000000
C 763 11 00000000
C 763 12 00000000
C 763 13 00000000
C 763 14 00000000
C 763 15 00000000
D 763 0 00000000
D 763 1 00000000
V 763 0 00000000
V 763 1 00000000
R 763 0 00000000
B 763 0 00000000
P 763 0 00000000
P 763 1 00000000
P 763 2 00000000
P 763 3 00000000
P 763 4 00000000
T 764 0 00000000
T 764 1 00000000
T 764 2 00000000
C 764 0 00000000
C 764 1 00000000
C 764 2 00000000
C 764 3 00000000
C 764 4 00000000
C 764 5 00000000
C 764 6 00000000
C 764 7 00000000
C 764 8 00000000
C 764 9 00000000
C 764 10 00000000
C 764 11 00000000
C 764 12 00000000
C 764 13 00000000
C 764 14 00000000
C 764 15 00000000
D 764 0 00000000
D 764 1 00000000
V 764 0 00000000
V 764 1 00000000
R 764 0 00000000
B 764 0 00000000
P 764 0 00000000
P 764 1 00000000
P 764 2 00000000
P 764 3 00000000
P 764 4 00000000
T 765 0 00000000
T 765 1 00000000
T 765 2 00000000
C 765 0 00000000
C 765 1 00000000
C 765 2 00000000
C 765 3 00000000
C 765 4 00000000
C 765 5 00000000
C 765 6 00000000
C 765 7 00000000
C 765 8 00000000
C 765 9 00000000
C 765 10 00000000
C 765 11 00000000
C 765 12 00000000
C 765 13 00000000
C 765 14 00000000
C 765 15 00000000
D 765 0 00000000
D 765 1 00000000
V 765 0 00000000
V 765 1 00000000
R 765 0 00000000
B 765 0 00000000
P 765 0 00000000
P 765 1 00000000
P 765 2 00000000
P 765 3 00000000
P 765 4 00000000
T 766 0 00000000
T 766 1 00000000
T 766 2 00000000
C 766 0 00000000
C 766 1 00000000
C 766 2 00000000
C 766 3 00000000
C 766 4 00000000
C 766 5 00000000
C 766 6 00000000
C 766 7 00000000
C 766 8 00000000
C 766 9 00000000
C 766 10 00000000
C 766 11 00000000
C 766 12 00000000
C 766 13 00000000
C 766 14 00000000
C 766 15 00000000
D 766 0 00000000
D 766 1 00000000
V 766 0 00000000
V 766 1 00000000
R 766 0 00000000
B 766 0 00000000
P 766 0 00000000
P 766 1 00000000
P 766 2 00000000
P 766 3 00000000
P 766 4 00000000
T 767 0 00000000
T 767 1 00000000
T 767 2 00000000
C 767 0 00000000
C 767 1 00000000
C 767 2 00000000
C 767 3 00000000
C 767 4 00000000
C 767 5 00000000
C 767 6 00000000
C 767 7 00000000
C 767 8 00000000
C 767 9 00000000
C 767 10 00000000
C 767 11 00000000
C 767 12 00000000
C 767 13 00000000
C 767 14 00000000
C 767 15 00000000
D 767 0 00000000
D 767 1 00000000
V 767 0 00000000
V 767 1 00000000
R 767 0 00000000
B 767 0 00000000
P 767 0 00000000
P 767 1 00000000
P 767 2 00000000
P 767 3 00000000
P 767 4 00000000
T 768 0 00000000
T 768 1 00000000
T 768 2 00000000
C 768 0 00000000
C 768 1 00000000
C 768 2 00000000
C 768 3 00000000
C 768 4 00000000
C 768 5 00000000
C 768 6 00000000
C 768 7 00000000
C 768 8 00000000
C 768 9 00000000
C 768 10 00000000
C 768 11 00000000
C 768 12 00000000
C 768 13 00000000
C 768 14 00000000
C 768 15 00000000
D 768 0 00000000
D 768 1 00000000
V 768 0 00000000
V 768 1 00000000
R 768 0 00000000
B 768 0 00000000
P 768 0 00000000
P 768 1 00000000
P 768 2 00000000
P 768 3 00000000
P 768 4 00000000
T 769 0 00000000
T 769 1 00000000
T 769 2 00000000
C 769 0 00000000
C 769 1 00000000
C 769 2 00000000
C 769 3 00000000
C 769 4 00000000
C 769 5 00000000
C 769 6 00000000
C 769 7 00000000
C 769 8 00000000
C 769 9 00000000
C 769 10 00000000
C 769 11 00000000
C 769 12 00000000
C 769 13 00000000
C 769 14 00000000
C 769 15 00000000
D 769 0 00000000
D 769 1 00000000
V 769 0 00000000
V 769 1 00000000
R 769 0 00000000
B 769 0 00000000
P 769 0 00000000
P 769 1 00000000
P 769 2 00000000
P 769 3 00000000
P 769 4 00000000
T 770 0 00000000
T 770 1 00000000
T 770 2 00000000
C 770 0 00000000
C 770 1 00000000
C 770 2 00000000
C 770 3 00000000
C 770 4 00000000
C 770 5 00000000
C 770 6 00000000
C 770 7 00000000
C 770 8 00000000
C 770 9 00000000
C 770 10 00000000
C 770 11 00000000
C 770 12 00000000
C 770 13 00000000
C 770 14 00000000
C 770 15 00000000
D 770 0 00000000
D 770 1 00000000
V 770 0 00000000
V 770 1 00000000
R 770 0 00000000
B 770 0 00000000
P 770 0 00000000
P 770 1 00000000
P 770 2 00000000
P 770 3 00000000
P 770 4 00000000
T 771 0 00000000
T 771 1 00000000
T 771 2 00000000
C 771 0 00000000
C 771 1 00000000
C 771 2 00000000
C 771 3 00000000
C 771 4 00000000
C 771 5 00000000
C 771 6 00000000
C 771 7 00000000
C 771 8 00000000
C 771 9 00000000
C 771 10 00000000
C 771 11 00000000
C 771 12 00000000
C 771 13 00000000
C 771 14 00000000
C 771 15 00000000
D 771 0 00000000
D 771 1 00000000
V 771 0 00000000
V 771 1 00000000
R 771 0 00000000
B 771 0 00000000
P 771 0 00000000
P 771 1 00000000
P 771 2 00000000
P 771 3 00000000
P 771 4 00000000
T 772 0 00000000
T 772 1 00000000
T 772 2 00000000
C 772 0 00000000
C 772 1 00000000
C 772 2 00000000
C 772 3 00000000
C 772 4 00000000
C 772 5 00000000
C 772 6 00000000
C 772 7 00000000
C 772 8 00000000
C 772 9 00000000
C 772 10 00000000
C 772 11 00000000
C 772 12 00000000
C 772 13 00000000
C 772 14 00000000
C 772 15 00000000
D 772 0 00000000
D 772 1 00000000
V 772 0 00000000
V 772 1 00000000
R 772 0 00000000
B 772 0 00000000
P 772 0 00000000
P 772 1 00000000
P 772 2 00000000
P 772 3 00000000
P 772 4 00000000
T 773 0 00000000
T 773 1 00000000
T 773 2 00000000
C 773 0 00000000
C 773 1 00000000
C 773 2 00000000
C 773 3 00000000
C 773 4 00000000
C 773 5 00000000
C 773 6 00000000
C 773 7 00000000
C 773 8 00000000
C 773 9 00000000
C 773 10 00000000
C 773 11 00000000
C 773 12 00000000
C 773 13 00000000
C 773 14 00000000
C 773 15 00000000
D 773 0 00000000
D 773 1 00000000
V 773 0 00000000
V 773 1 00000000
R 773 0 00000000
B 773 0 00000000
P 773 0 00000000
P 773 1 00000000
P 773 2 00000000
P 773 3 00000000
P 773 4 00000000
T 774 0 00000000
T 774 1 00000000
T 774 2 00000000
C 774 0 00000000
C 774 1 00000000
C 774 2 00000000
C 774 3 00000000
C 774 4 00000000
C 774 5 00000000
C 774 6 00000000
C 774 7 00000000
C 774 8 00000000
C 774 9 00000000
C 774 10 00000000
C 774 11 00000000
C 774 12 00000000
C 774 13 00000000
C 774 14 00000000
C 774 15 00000000
D 774 0 00000000
D 774 1 00000000
V 774 0 00000000
V 774 1 00000000
R 774 0 00000000
B 774 0 00000000
P 774 0 00000000
P 774 1 00000000
P 774 2 00000000
P 774 3 00000000
P 774 4 00000000
T 775 0 00000000
T 775 1 00000000
T 775 2 00000000
C 775 0 00000000
C 775 1 00000000
C 775 2 00000000
C 775 3 00000000
C 775 4 00000000
C 775 5 00000000
C 775 6 00000000
C 775 7 00000000
C 775 8 00000000
C 775 9 00000000
C 775 10 00000000
C 775 11 00000000
C 775 12 00000000
C 775 13 00000000
C 775 14 00000000
C 775 15 00000000
D 775 0 00000000
D 775 1 00000000
V 775 0 00000000
V 775 1 00000000
R 775 0 00000000
B 775 0 00000000
P 775 0 00000000
P 775 1 00000000
P 775 2 00000000
P 775 3 00000000
P 775 4 00000000
T 776 0 00000000
T 776 1 00000000
T 776 2 00000000
C 776 0 00000000
C 776 1 00000000
C 776 2 00000000
C 776 3 00000000
C 776 4 00000000
C 776 5 00000000
C 776 6 00000000
C 776 7 00000000
C 776 8 00000000
C 776 9 00000000
C 776 10 00000000
C 776 11 00000000
C 776 12 00000000
C 776 13 00000000
C 776 14 00000000
C 776 15 00000000
D 776 0 00000000
D 776 1 00000000
V 776 0 00000000
V 776 1 00000000
R 776 0 00000000
B 776 0 00000000
P 776 0 00000000
P 776 1 00000000
P 776 2 00000000
P 776 3 00000000
P 776 4 00000000
T 777 0 00000000
T 777 1 00000000
T 777 2 00000000
C 777 0 00000000
C 777 1 00000000
C 777 2 00000000
C 777 3 00000000
C 777 4 00000000
C 777 5 00000000
C 777 6 00000000
C 777 7 00000000
C 777 8 00000000
C 777 9 00000000
C 777 10 00000000
C 777 11 00000000
C 777 12 00000000
C 777 13 00000000
C 777 14 00000000
C 777 15 00000000
D 777 0 00000000
D 777 1 00000000
V 777 0 00000000
V 777 1 00000000
R 777 0 00000000
B 777 0 00000000
P 777 0 00000000
P 777 1 00000000
P 777 2 00000000
P 777 3 00000000
P 777 4 00000000
T 778 0 00000000
T 778 1 00000000
T 778 2 00000000
C 778 0 00000000
C 778 1 00000000
C 778 2 00000000
C 778 3 00000000
C 778 4 00000000
C 778 5 00000000
C 778 6 00000000
C 778 7 00000000
C 778 8 00000000
C 778 9 00000000
C 778 10 00000000
C 778 11 00000000
C 778 12 00000000
C 778 13 00000000
C 778 14 00000000
C 778 15 00000000
D 778 0 00000000
D 778 1 00000000
V 778 0 00000000
V 778 1 00000000
R 778 0 00000000
B 778 0 00000000
P 778 0 00000000
P 778 1 00000000
P 778 2 00000000
P 778 3 00000000
P 778 4 00000000
T 779 0 00000000
T 779 1 00000000
T 779 2 00000000
C 779 0 00000000
C 779 1 00000000
C 779 2 00000000
C 779 3 00000000
C 779 4 00000000
C 779 5 00000000
C 779 6 00000000
C 779 7 00000000
C 779 8 00000000
C 779 9 00000000
C 779 10 00000000
C 779 11 00000000
C 779 12 00000000
C 779 13 00000000
C 779 14 00000000
C 779 15 00000000
D 779 0 00000000
D 779 1 00000000
V 779 0 00000000
V 779 1 00000000
R 779 0 00000000
B 779 0 00000000
P 779 0 00000000
P 779 1 00000000
P 779 2 00000000
P 779 3 00000000
P 779 4 00000000
T 780 0 00000000
T 780 1 00000000
T 780 2 00000000
C 780 0 00000000
C 780 1 00000000
C 780 2 00000000
C 780 3 00000000
C 780 4 00000000
C 780 5 00000000
C 780 6 00000000
C 780 7 00000000
C 780 8 00000000
C 780 9 00000000
C 780 10 00000000
C 780 11 00000000
C 780 12 00000000
C 780 13 00000000
C 780 14 00000000
C 780 15 00000000
D 780 0 00000000
D 780 1 00000000
V 780 0 00000000
V 780 1 00000000
R 780 0 00000000
B 780 0 00000000
P 780 0 00000000
P 780 1 00000000
P 780 2 00000000
P 780 3 00000000
P 780 4 00000000
T 781 0 00000000
T 781 1 00000000
T 781 2 00000000
C 781 0 00000000
C 781 1 00000000
C 781 2 00000000
C 781 3 00000000
C 781 4 00000000
C 781 5 00000000
C 781 6 00000000
C 781 7 00000000
C 781 8 00000000
C 781 9 00000000
C 781 10 00000000
C 781 11 00000000
C 781 12 00000000
C 781 13 00000000
C 781 14 00000000
C 781 15 00000000
D 781 0 00000000
D 781 1 00000000
V 781 0 00000000
V 781 1 00000000
R 781 0 00000000
B 781 0 00000000
P 781 0 00000000
P 781 1 00000000
P 781 2 00000000
P 781 3 00000000
P 781 4 00000000
T 782 0 00000000
T 782 1 00000000
T 782 2 00000000
C 782 0 00000000
C 782 1 00000000
C 782 2 00000000
C 782 3 00000000
C 782 4 00000000
C 782 5 00000000
C 782 6 00000000
C 782 7 00000000
C 782 8 00000000
C 782 9 00000000
C 782 10 00000000
C 782 11 00000000
C 782 12 00000000
C 782 13 00000000
C 782 14 00000000
C 782 15 00000000
D 782 0 00000000
D 782 1 00000000
V 782 0 00000000
V 782 1 00000000
R 782 0 00000000
B 782 0 00000000
P 782 0 00000000
P 782 1 00000000
P 782 2 00000000
P 782 3 00000000
P 782 4 00000000
T 783 0 00000000
T 783 1 00000000
T 783 2 00000000
C 783 0 00000000
C 783 1 00000000
C 783 2 00000000
C 783 3 00000000
C 783 4 00000000
C 783 5 00000000
C 783 6 00000000
C 783 7 00000000
C 783 8 00000000
C 783 9 00000000
C 783 10 00000000
C 783 11 00000000
C 783 12 00000000
C 783 13 00000000
C 783 14 00000000
C 783 15 00000000
D 783 0 00000000
D 783 1 00000000
V 783 0 00000000
V 783 1 00000000
R 783 0 00000000
B 783 0 00000000
P 783 0 00000000
P 783 1 00000000
P 783 2 00000000
P 783 3 00000000
P 783 4 00000000
T 784 0 00000000
T 784 1 00000000
T 784 2 00000000
C 784 0 00000000
C 784 1 00000000
C 784 2 00000000
C 784 3 00000000
C 784 4 00000000
C 784 5 00000000
C 784 6 00000000
C 784 7 00000000
C 784 8 00000000
C 784 9 00000000
C 784 10 00000000
C 784 11 00000000
C 784 12 00000000
C 784 13 00000000
C 784 14 00000000
C 784 15 00000000
D 784 0 00000000
D 784 1 00000000
V 784 0 00000000
V 784 1 00000000
R 784 0 00000000
B 784 0 00000000
P 784 0 00000000
P 784 1 00000000
P 784 2 00000000
P 784 3 00000000
P 784 4 00000000
T 785 0 00000000
T 785 1 00000000
T 785 2 00000000
C 785 0 00000000
C 785 1 00000000
C 785 2 00000000
C 785 3 00000000
C 785 4 00000000
C 785 5 00000000
C 785 6 00000000
C 785 7 00000000
C 785 8 00000000
C 785 9 00000000
C 785 10 00000000
C 785 11 00000000
C 785 12 00000000
C 785 13 00000000
C 785 14 00000000
C 785 15 00000000
D 785 0 00000000
D 785 1 00000000
V 785 0 00000000
V 785 1 00000000
R 785 0 00000000
B 785 0 00000000
P 785 0 00000000
P 785 1 00000000
P 785 2 00000000
P 785 3 00000000
P 785 4 00000000
T 786 0 00000000
T 786 1 00000000
T 786 2 00000000
C 786 0 00000000
C 786 1 00000000
C 786 2 00000000
C 786 3 00000000
C 786 4 00000000
C 786 5 00000000
C 786 6 00000000
C 786 7 00000000
C 786 8 00000000
C 786 9 00000000
C 786 10 00000000
C 786 11 00000000
C 786 12 00000000
C 786 13 00000000
C 786 14 00000000
C 786 15 00000000
D 786 0 00000000
D 786 1 00000000
V 786 0 00000000
V 786 1 00000000
R 786 0 00000000
B 786 0 00000000
P 786 0 00000000
P 786 1 00000000
P 786 2 00000000
P 786 3 00000000
P 786 4 00000000
T 787 0 00000000
T 787 1 00000000
T 787 2 00000000
C 787 0 00000000
C 787 1 00000000
C 787 2 00000000
C 787 3 00000000
C 787 4 00000000
C 787 5 00000000
C 787 6 00000000
C 787 7 00000000
C 787 8 00000000
C 787 9 00000000
C 787 10 00000000
C 787 11 00000000
C 787 12 00000000
C 787 13 00000000
C 787 14 00000000
C 787 15 00000000
D 787 0 00000000
D 787 1 00000000
V 787 0 00000000
V 787 1 00000000
R 787 0 00000000
B 787 0 00000000
P 787 0 00000000
P 787 1 00000000
P 787 2 00000000
P 787 3 00000000
P 787 4 00000000
T 788 0 00000000
T 788 1 00000000
T 788 2 00000000
C 788 0 00000000
C 788 1 00000000
C 788 2 00000000
C 788 3 00000000
C 788 4 00000000
C 788 5 00000000
C 788 6 00000000
C 788 7 00000000
C 788 8 00000000
C 788 9 00000000
C 788 10 00000000
C 788 11 00000000
C 788 12 00000000
C 788 13 00000000
C 788 14 00000000
C 788 15 00000000
D 788 0 00000000
D 788 1 00000000
V 788 0 00000000
V 788 1 00000000
R 788 0 00000000
B 788 0 00000000
P 788 0 00000000
P 788 1 00000000
P 788 2 00000000
P 788 3 00000000
P 788 4 00000000
T 789 0 00000000
T 789 1 00000000
T 789 2 00000000
C 789 0 00000000
C 789 1 00000000
C 789 2 00000000
C 789 3 00000000
C 789 4 00000000
C 789 5 00000000
C 789 6 00000000
C 789 7 00000000
C 789 8 00000000
C 789 9 00000000
C 789 10 00000000
C 789 11 00000000
C 789 12 00000000
C 789 13 00000000
C 789 14 00000000
C 789 15 00000000
D 789 0 00000000
D 789 1 00000000
V 789 0 00000000
V 789 1 00000000
R 789 0 00000000
B 789 0 00000000
P 789 0 00000000
P 789 1 00000000
P 789 2 00000000
P 789 3 00000000
P 789 4 00000000
T 790 0 00000000
T 790 1 00000000
T 790 2 00000000
C 790 0 00000000
C 790 1 00000000
C 790 2 00000000
C 790 3 00000000
C 790 4 00000000
C 790 5 00000000
C 790 6 00000000
C 790 7 00000000
C 790 8 00000000
C 790 9 00000000
C 790 10 00000000
C 790 11 00000000
C 790 12 00000000
C 790 13 00000000
C 790 14 00000000
C 790 15 00000000
D 790 0 00000000
D 790 1 00000000
V 790 0 00000000
V 790 1 00000000
R 790 0 00000000
B 790 0 00000000
P 790 0 00000000
P 790 1 00000000
P 790 2 00000000
P 790 3 00000000
P 790 4 00000000
T 791 0 00000000
T 791 1 00000000
T 791 2 00000000
C 791 0 00000000
C 791 1 00000000
C 791 2 00000000
C 791 3 00000000
C 791 4 00000000
C 791 5 00000000
C 791 6 00000000
C 791 7 00000000
C 791 8 00000000
C 791 9 00000000
C 791 10 00000000
C 791 11 00000000
C 791 12 00000000
C 791 13 00000000
C 791 14 00000000
C 791 15 00000000
D 791 0 00000000
D 791 1 00000000
V 791 0 00000000
V 791 1 00000000
R 791 0 00000000
B 791 0 00000000
P 791 0 00000000
P 791 1 00000000
P 791 2 00000000
P 791 3 00000000
P 791 4 00000000
T 792 0 00000000
T 792 1 00000000
T 792 2 00000000
C 792 0 00000000
C 792 1 00000000
C 792 2 00000000
C 792 3 00000000
C 792 4 00000000
C 792 5 00000000
C 792 6 00000000
C 792 7 00000000
C 792 8 00000000
C 792 9 00000000
C 792 10 00000000
C 792 11 00000000
C 792 12 00000000
C 792 13 00000000
C 792 14 00000000
C 792 15 00000000
D 792 0 00000000
D 792 1 00000000
V 792 0 00000000
V 792 1 00000000
R 792 0 00000000
B 792 0 00000000
P 792 0 00000000
P 792 1 00000000
P 792 2 00000000
P 792 3 00000000
P 792 4 00000000
T 793 0 00000000
T 793 1 00000000
T 793 2 00000000
C 793 0 00000000
C 793 1 00000000
C 793 2 00000000
C 793 3 00000000
C 793 4 00000000
C 793 5 00000000
C 793 6 00000000
C 793 7 00000000
C 793 8 00000000
C 793 9 00000000
C 793 10 00000000
C 793 11 00000000
C 793 12 00000000
C 793 13 00000000
C 793 14 00000000
C 793 15 00000000
D 793 0 00000000
D 793 1 00000000
V 793 0 00000000
V 793 1 00000000
R 793 0 00000000
B 793 0 00000000
P 793 0 00000000
P 793 1 00000000
P 793 2 00000000
P 793 3 00000000
P 793 4 00000000
T 794 0 00000000
T 794 1 00000000
T 794 2 00000000
C 794 0 00000000
C 794 1 00000000
C 794 2 00000000
C 794 3 00000000
C 794 4 00000000
C 794 5 00000000
C 794 6 00000000
C 794 7 00000000
C 794 8 00000000
C 794 9 00000000
C 794 10 00000000
C 794 11 00000000
C 794 12 00000000
C 794 13 00000000
C 794 14 00000000
C 794 15 00000000
D 794 0 00000000
D 794 1 00000000
V 794 0 00000000
V 794 1 00000000
R 794 0 00000000
B 794 0 00000000
P 794 0 00000000
P 794 1 00000000
P 794 2 00000000
P 794 3 00000000
P 794 4 00000000
T 795 0 00000000
T 795 1 00000000
T 795 2 00000000
C 795 0 00000000
C 795 1 00000000
C 795 2 00000000
C 795 3 00000000
C 795 4 00000000
C 795 5 00000000
C 795 6 00000000
C 795 7 00000000
C 795 8 00000000
C 795 9 00000000
C 795 10 00000000
C 795 11 00000000
C 795 12 00000000
C 795 13 00000000
C 795 14 00000000
C 795 15 00000000
D 795 0 00000000
D 795 1 00000000
V 795 0 00000000
V 795 1 00000000
R 795 0 00000000
B 795 0 00000000
P 795 0 00000000
P 795 1 00000000
P 795 2 00000000
P 795 3 00000000
P 795 4 00000000
T 796 0 00000000
T 796 1 00000000
T 796 2 00000000
C 796 0 00000000
C 796 1 00000000
C 796 2 00000000
C 796 3 00000000
C 796 4 00000000
C 796 5 00000000
C 796 6 00000000
C 796 7 00000000
C 796 8 00000000
C 796 9 00000000
C 796 10 00000000
C 796 11 00000000
C 796 12 00000000
C 796 13 00000000
C 796 14 00000000
C 796 15 00000000
D 796 0 00000000
D 796 1 00000000
V 796 0 00000000
V 796 1 00000000
R 796 0 00000000
B 796 0 00000000
P 796 0 00000000
P 796 1 00000000
P 796 2 00000000
P 796 3 00000000
P 796 4 00000000
T 797 0 00000000
T 797 1 00000000
T 797 2 00000000
C 797 0 00000000
C 797 1 00000000
C 797 2 00000000
C 797 3 00000000
C 797 4 00000000
C 797 5 00000000
C 797 6 00000000
C 797 7 00000000
C 797 8 00000000
C 797 9 00000000
C 797 10 00000000
C 797 11 00000000
C 797 12 00000000
C 797 13 00000000
C 797 14 00000000
C 797 15 00000000
D 797 0 00000000
D 797 1 00000000
V 797 0 00000000
V 797 1 00000000
R 797 0 00000000
B 797 0 00000000
P 797 0 00000000
P 797 1 00000000
P 797 2 00000000
P 797 3 00000000
P 797 4 00000000
T 798 0 00000000
T 798 1 00000000
T 798 2 00000000
C 798 0 00000000
C 798 1 00000000
C 798 2 00000000
C 798 3 00000000
C 798 4 00000000
C 798 5 00000000
C 798 6 00000000
C 798 7 00000000
C 798 8 00000000
C 798 9 00000000
C 798 10 00000000
C 798 11 00000000
C 798 12 00000000
C 798 13 00000000
C 798 14 00000000
C 798 15 00000000
D 798 0 00000000
D 798 1 00000000
V 798 0 00000000
V 798 1 00000000
R 798 0 00000000
B 798 0 00000000
P 798 0 00000000
P 798 1 00000000
P 798 2 00000000
P 798 3 00000000
P 798 4 00000000
T 799 0 00000000
T 799 1 00000000
T 799 2 00000000
C 799 0 00000000
C 799 1 00000000
C 799 2 00000000
C 799 3 00000000
C 799 4 00000000
C 799 5 00000000
C 799 6 00000000
C 799 7 00000000
C 799 8 00000000
C 799 9 00000000
C 799 10 00000000
C 799 11 00000000
C 799 12 00000000
C 799 13 00000000
C 799 14 00000000
C 799 15 00000000
D 799 0 00000000
D 799 1 00000000
V 799 0 00000000
V 799 1 00000000
R 799 0 00000000
B 799 0 00000000
P 799 0 00000000
P 799 1 00000000
P 799 2 00000000
P 799 3 00000000
P 799 4 00000000
T 800 0 00000000
T 800 1 00000000
T 800 2 00000000
C 800 0 00000000
C 800 1 00000000
C 800 2 00000000
C 800 3 00000000
C 800 4 00000000
C 800 5 00000000
C 800 6 00000000
C 800 7 00000000
C 800 8 00000000
C 800 9 00000000
C 800 10 00000000
C 800 11 00000000
C 800 12 00000000
C 800 13 00000000
C 800 14 00000000
C 800 15 00000000
D 800 0 00000000
D 800 1 00000000
V 800 0 00000000
V 800 1 00000000
R 800 0 00000000
B 800 0 00000000
P 800 0 00000000
P 800 1 00000000
P 800 2 00000000
P 800 3 00000000
P 800 4 00000000
T 801 0 00000000
T 801 1 00000000
T 801 2 00000000
C 801 0 00000000
C 801 1 00000000
C 801 2 00000000
C 801 3 00000000
C 801 4 00000000
C 801 5 00000000
C 801 6 00000000
C 801 7 00000000
C 801 8 00000000
C 801 9 00000000
C 801 10 00000000
C 801 11 00000000
C 801 12 00000000
C 801 13 00000000
C 801 14 00000000
C 801 15 00000000
D 801 0 00000000
D 801 1 00000000
V 801 0 00000000
V 801 1 00000000
R 801 0 00000000
B 801 0 00000000
P 801 0 00000000
P 801 1 00000000
P 801 2 00000000
P 801 3 00000000
P 801 4 00000000
T 802 0 00000000
T 802 1 00000000
T 802 2 00000000
C 802 0 00000000
C 802 1 00000000
C 802 2 00000000
C 802 3 00000000
C 802 4 00000000
C 802 5 00000000
C 802 6 00000000
C 802 7 00000000
C 802 8 00000000
C 802 9 00000000
C 802 10 00000000
C 802 11 00000000
C 802 12 00000000
C 802 13 00000000
C 802 14 00000000
C 802 15 00000000
D 802 0 00000000
D 802 1 00000000
V 802 0 00000000
V 802 1 00000000
R 802 0 00000000
B 802 0 00000000
P 802 0 00000000
P 802 1 00000000
P 802 2 00000000
P 802 3 00000000
P 802 4 00000000
T 803 0 00000000
T 803 1 00000000
T 803 2 00000000
C 803 0 00000000
C 803 1 00000000
C 803 2 00000000
C 803 3 00000000
C 803 4 00000000
C 803 5 00000000
C 803 6 00000000
C 803 7 00000000
C 803 8 00000000
C 803 9 00000000
C 803 10 00000000
C 803 11 00000000
C 803 12 00000000
C 803 13 00000000
C 803 14 00000000
C 803 15 00000000
D 803 0 00000000
D 803 1 00000000
V 803 0 00000000
V 803 1 00000000
R 803 0 00000000
B 803 0 00000000
P 803 0 00000000
P 803 1 00000000
P 803 2 00000000
P 803 3 00000000
P 803 4 00000000
T 804 0 00000000
T 804 1 00000000
T 804 2 00000000
C 804 0 00000000
C 804 1 00000000
C 804 2 00000000
C 804 3 00000000
C 804 4 00000000
C 804 5 00000000
C 804 6 00000000
C 804 7 00000000
C 804 8 00000000
C 804 9 00000000
C 804 10 00000000
C 804 11 00000000
C 804 12 00000000
C 804 13 00000000
C 804 14 00000000
C 804 15 00000000
D 804 0 00000000
D 804 1 00000000
V 804 0 00000000
V 804 1 00000000
R 804 0 00000000
B 804 0 00000000
P 804 0 00000000
P 804 1 00000000
P 804 2 00000000
P 804 3 00000000
P 804 4 00000000
T 805 0 00000000
T 805 1 00000000
T 805 2 00000000
C 805 0 00000000
C 805 1 00000000
C 805 2 00000000
C 805 3 00000000
C 805 4 00000000
C 805 5 00000000
C 805 6 00000000
C 805 7 00000000
C 805 8 00000000
C 805 9 00000000
C 805 10 00000000
C 805 11 00000000
C 805 12 00000000
C 805 13 00000000
C 805 14 00000000
C 805 15 00000000
D 805 0 00000000
D 805 1 00000000
V 805 0 00000000
V 805 1 00000000
R 805 0 00000000
B 805 0 00000000
P 805 0 00000000
P 805 1 00000000
P 805 2 00000000
P 805 3 00000000
P 805 4 00000000
T 806 0 00000000
T 806 1 00000000
T 806 2 00000000
C 806 0 00000000
C 806 1 00000000
C 806 2 00000000
C 806 3 00000000
C 806 4 00000000
C 806 5 00000000
C 806 6 00000000
C 806 7 00000000
C 806 8 00000000
C 806 9 00000000
C 806 10 00000000
C 806 11 00000000
C 806 12 00000000
C 806 13 00000000
C 806 14 00000000
C 806 15 00000000
D 806 0 00000000
D 806 1 00000000
V 806 0 00000000
V 806 1 00000000
R 806 0 00000000
B 806 0 00000000
P 806 0 00000000
P 806 1 00000000
P 806 2 00000000
P 806 3 00000000
P 806 4 00000000
T 807 0 00000000
T 807 1 00000000
T 807 2 00000000
C 807 0 00000000
C 807 1 00000000
C 807 2 00000000
C 807 3 00000000
C 807 4 00000000
C 807 5 00000000
C 807 6 00000000
C 807 7 00000000
C 807 8 00000000
C 807 9 00000000
C 807 10 00000000
C 807 11 00000000
C 807 12 00000000
C 807 13 00000000
C 807 14 00000000
C 807 15 00000000
D 807 0 00000000
D 807 1 00000000
V 807 0 00000000
V 807 1 00000000
R 807 0 00000000
B 807 0 00000000
P 807 0 00000000
P 807 1 00000000
P 807 2 00000000
P 807 3 00000000
P 807 4 00000000
T 808 0 00000000
T 808 1 00000000
T 808 2 00000000
C 808 0 00000000
C 808 1 00000000
C 808 2 00000000
C 808 3 00000000
C 808 4 00000000
C 808 5 00000000
C 808 6 00000000
C 808 7 00000000
C 808 8 00000000
C 808 9 00000000
C 808 10 00000000
C 808 11 00000000
C 808 12 00000000
C 808 13 00000000
C 808 14 00000000
C 808 15 00000000
D 808 0 00000000
D 808 1 00000000
V 808 0 00000000
V 808 1 00000000
R 808 0 00000000
B 808 0 00000000
P 808 0 00000000
P 808 1 00000000
P 808 2 00000000
P 808 3 00000000
P 808 4 00000000
T 809 0 00000000
T 809 1 00000000
T 809 2 00000000
C 809 0 00000000
C 809 1 00000000
C 809 2 00000000
C 809 3 00000000
C 809 4 00000000
C 809 5 00000000
C 809 6 00000000
C 809 7 00000000
C 809 8 00000000
C 809 9 00000000
C 809 10 00000000
C 809 11 00000000
C 809 12 00000000
C 809 13 00000000
C 809 14 00000000
C 809 15 00000000
D 809 0 00000000
D 809 1 00000000
V 809 0 00000000
V 809 1 00000000
R 809 0 00000000
B 809 0 00000000
P 809 0 00000000
P 809 1 00000000
P 809 2 00000000
P 809 3 00000000
P 809 4 00000000
T 810 0 00000000
T 810 1 00000000
T 810 2 00000000
C 810 0 00000000
C 810 1 00000000
C 810 2 00000000
C 810 3 00000000
C 810 4 00000000
C 810 5 00000000
C 810 6 00000000
C 810 7 00000000
C 810 8 00000000
C 810 9 00000000
C 810 10 00000000
C 810 11 00000000
C 810 12 00000000
C 810 13 00000000
C 810 14 00000000
C 810 15 00000000
D 810 0 00000000
D 810 1 00000000
V 810 0 00000000
V 810 1 00000000
R 810 0 00000000
B 810 0 00000000
P 810 0 00000000
P 810 1 00000000
P 810 2 00000000
P 810 3 00000000
P 810 4 00000000
T 811 0 00000000
T 811 1 00000000
T 811 2 00000000
C 811 0 00000000
C 811 1 00000000
C 811 2 00000000
C 811 3 00000000
C 811 4 00000000
C 811 5 00000000
C 811 6 00000000
C 811 7 00000000
C 811 8 00000000
C 811 9 00000000
C 811 10 00000000
C 811 11 00000000
C 811 12 00000000
C 811 13 00000000
C 811 14 00000000
C 811 15 00000000
D 811 0 00000000
D 811 1 00000000
V 811 0 00000000
V 811 1 00000000
R 811 0 00000000
B 811 0 00000000
P 811 0 00000000
P 811 1 00000000
P 811 2 00000000
P 811 3 00000000
P 811 4 00000000
T 812 0 00000000
T 812 1 00000000
T 812 2 00000000
C 812 0 00000000
C 812 1 00000000
C 812 2 00000000
C 812 3 00000000
C 812 4 00000000
C 812 5 00000000
C 812 6 00000000
C 812 7 00000000
C 812 8 00000000
C 812 9 00000000
C 812 10 00000000
C 812 11 00000000
C 812 12 00000000
C 812 13 00000000
C 812 14 00000000
C 812 15 00000000
D 812 0 00000000
D 812 1 00000000
V 812 0 00000000
V 812 1 00000000
R 812 0 00000000
B 812 0 00000000
P 812 0 00000000
P 812 1 00000000
P 812 2 00000000
P 812 3 00000000
P 812 4 00000000
T 813 0 00000000
T 813 1 00000000
T 813 2 00000000
C 813 0 00000000
C 813 1 00000000
C 813 2 00000000
C 813 3 00000000
C 813 4 00000000
C 813 5 00000000
C 813 6 00000000
C 813 7 00000000
C 813 8 00000000
C 813 9 00000000
C 813 10 00000000
C 813 11 00000000
C 813 12 00000000
C 813 13 00000000
C 813 14 00000000
C 813 15 00000000
D 813 0 00000000
D 813 1 00000000
V 813 0 00000000
V 813 1 00000000
R 813 0 00000000
B 813 0 00000000
P 813 0 00000000
P 813 1 00000000
P 813 2 00000000
P 813 3 00000000
P 813 4 00000000
T 814 0 00000000
T 814 1 00000000
T 814 2 00000000
C 814 0 00000000
C 814 1 00000000
C 814 2 00000000
C 814 3 00000000
C 814 4 00000000
C 814 5 00000000
C 814 6 00000000
C 814 7 00000000
C 814 8 00000000
C 814 9 00000000
C 814 10 00000000
C 814 11 00000000
C 814 12 00000000
C 814 13 00000000
C 814 14 00000000
C 814 15 00000000
D 814 0 00000000
D 814 1 00000000
V 814 0 00000000
V 814 1 00000000
R 814 0 00000000
B 814 0 00000000
P 814 0 00000000
P 814 1 00000000
P 814 2 00000000
P 814 3 00000000
P 814 4 00000000
T 815 0 00000000
T 815 1 00000000
T 815 2 00000000
C 815 0 00000000
C 815 1 00000000
C 815 2 00000000
C 815 3 00000000
C 815 4 00000000
C 815 5 00000000
C 815 6 00000000
C 815 7 00000000
C 815 8 00000000
C 815 9 00000000
C 815 10 00000000
C 815 11 00000000
C 815 12 00000000
C 815 13 00000000
C 815 14 00000000
C 815 15 00000000
D 815 0 00000000
D 815 1 00000000
V 815 0 00000000
V 815 1 00000000
R 815 0 00000000
B 815 0 00000000
P 815 0 00000000
P 815 1 00000000
P 815 2 00000000
P 815 3 00000000
P 815 4 00000000
T 816 0 00000000
T 816 1 00000000
T 816 2 00000000
C 816 0 00000000
C 816 1 00000000
C 816 2 00000000
C 816 3 00000000
C 816 4 00000000
C 816 5 00000000
C 816 6 00000000
C 816 7 00000000
C 816 8 00000000
C 816 9 00000000
C 816 10 00000000
C 816 11 00000000
C 816 12 00000000
C 816 13 00000000
C 816 14 00000000
C 816 15 00000000
D 816 0 00000000
D 816 1 00000000
V 816 0 00000000
V 816 1 00000000
R 816 0 00000000
B 816 0 00000000
P 816 0 00000000
P 816 1 00000000
P 816 2 00000000
P 816 3 00000000
P 816 4 00000000
T 817 0 00000000
T 817 1 00000000
T 817 2 00000000
C 817 0 00000000
C 817 1 00000000
C 817 2 00000000
C 817 3 00000000
C 817 4 00000000
C 817 5 00000000
C 817 6 00000000
C 817 7 00000000
C 817 8 00000000
C 817 9 00000000
C 817 10 00000000
C 817 11 00000000
C 817 12 00000000
C 817 13 00000000
C 817 14 00000000
C 817 15 00000000
D 817 0 00000000
D 817 1 00000000
V 817 0 00000000
V 817 1 00000000
R 817 0 00000000
B 817 0 00000000
P 817 0 00000000
P 817 1 00000000
P 817 2 00000000
P 817 3 00000000
P 817 4 00000000
T 818 0 00000000
T 818 1 00000000
T 818 2 00000000
C 818 0 00000000
C 818 1 00000000
C 818 2 00000000
C 818 3 00000000
C 818 4 00000000
C 818 5 00000000
C 818 6 00000000
C 818 7 00000000
C 818 8 00000000
C 818 9 00000000
C 818 10 00000000
C 818 11 00000000
C 818 12 00000000
C 818 13 00000000
C 818 14 00000000
C 818 15 00000000
D 818 0 00000000
D 818 1 00000000
V 818 0 00000000
V 818 1 00000000
R 818 0 00000000
B 818 0 00000000
P 818 0 00000000
P 818 1 00000000
P 818 2 00000000
P 818 3 00000000
P 818 4 00000000
T 819 0 00000000
T 819 1 00000000
T 819 2 00000000
C 819 0 00000000
C 819 1 00000000
C 819 2 00000000
C 819 3 00000000
C 819 4 00000000
C 819 5 00000000
C 819 6 00000000
C 819 7 00000000
C 819 8 00000000
C 819 9 00000000
C 819 10 00000000
C 819 11 00000000
C 819 12 00000000
C 819 13 00000000
C 819 14 00000000
C 819 15 00000000
D 819 0 00000000
D 819 1 00000000
V 819 0 00000000
V 819 1 00000000
R 819 0 00000000
B 819 0 00000000
P 819 0 00000000
P 819 1 00000000
P 819 2 00000000
P 819 3 00000000
P 819 4 00000000
T 820 0 00000000
T 820 1 00000000
T 820 2 00000000
C 820 0 00000000
C 820 1 00000000
C 820 2 00000000
C 820 3 00000000
C 820 4 00000000
C 820 5 00000000
C 820 6 00000000
C 820 7 00000000
C 820 8 00000000
C 820 9 00000000
C 820 10 00000000
C 820 11 00000000
C 820 12 00000000
C 820 13 00000000
C 820 14 00000000
C 820 15 00000000
D 820 0 00000000
D 820 1 00000000
V 820 0 00000000
V 820 1 00000000
R 820 0 00000000
B 820 0 00000000
P 820 0 00000000
P 820 1 00000000
P 820 2 00000000
P 820 3 00000000
P 820 4 00000000
T 821 0 00000000
T 821 1 00000000
T 821 2 00000000
C 821 0 00000000
C 821 1 00000000
C 821 2 00000000
C 821 3 00000000
C 821 4 00000000
C 821 5 00000000
C 821 6 00000000
C 821 7 00000000
C 821 8 00000000
C 821 9 00000000
C 821 10 00000000
C 821 11 00000000
C 821 12 00000000
C 821 13 00000000
C 821 14 00000000
C 821 15 00000000
D 821 0 00000000
D 821 1 00000000
V 821 0 00000000
V 821 1 00000000
R 821 0 00000000
B 821 0 00000000
P 821 0 00000000
P 821 1 00000000
P 821 2 00000000
P 821 3 00000000
P 821 4 00000000
T 822 0 00000000
T 822 1 00000000
T 822 2 00000000
C 822 0 00000000
C 822 1 00000000
C 822 2 00000000
C 822 3 00000000
C 822 4 00000000
C 822 5 00000000
C 822 6 00000000
C 822 7 00000000
C 822 8 00000000
C 822 9 00000000
C 822 10 00000000
C 822 11 00000000
C 822 12 00000000
C 822 13 00000000
C 822 14 00000000
C 822 15 00000000
D 822 0 00000000
D 822 1 00000000
V 822 0 00000000
V 822 1 00000000
R 822 0 00000000
B 822 0 00000000
P 822 0 00000000
P 822 1 00000000
P 822 2 00000000
P 822 3 00000000
P 822 4 00000000
T 823 0 00000000
T 823 1 00000000
T 823 2 00000000
C 823 0 00000000
C 823 1 00000000
C 823 2 00000000
C 823 3 00000000
C 823 4 00000000
C 823 5 00000000
C 823 6 00000000
C 823 7 00000000
C 823 8 00000000
C 823 9 00000000
C 823 10 00000000
C 823 11 00000000
C 823 12 00000000
C 823 13 00000000
C 823 14 00000000
C 823 15 00000000
D 823 0 00000000
D 823 1 00000000
V 823 0 00000000
V 823 1 00000000
R 823 0 00000000
B 823 0 00000000
P 823 0 00000000
P 823 1 00000000
P 823 2 00000000
P 823 3 00000000
P 823 4 00000000
T 824 0 00000000
T 824 1 00000000
T 824 2 00000000
C 824 0 00000000
C 824 1 00000000
C 824 2 00000000
C 824 3 00000000
C 824 4 00000000
C 824 5 00000000
C 824 6 00000000
C 824 7 00000000
C 824 8 00000000
C 824 9 00000000
C 824 10 00000000
C 824 11 00000000
C 824 12 00000000
C 824 13 00000000
C 824 14 00000000
C 824 15 00000000
D 824 0 00000000
D 824 1 00000000
V 824 0 00000000
V 824 1 00000000
R 824 0 00000000
B 824 0 00000000
P 824 0 00000000
P 824 1 00000000
P 824 2 00000000
P 824 3 00000000
P 824 4 00000000
T 825 0 00000000
T 825 1 00000000
T 825 2 00000000
C 825 0 00000000
C 825 1 00000000
C 825 2 00000000
C 825 3 00000000
C 825 4 00000000
C 825 5 00000000
C 825 6 00000000
C 825 7 00000000
C 825 8 00000000
C 825 9 00000000
C 825 10 00000000
C 825 11 00000000
C 825 12 00000000
C 825 13 00000000
C 825 14 00000000
C 825 15 00000000
D 825 0 00000000
D 825 1 00000000
V 825 0 00000000
V 825 1 00000000
R 825 0 00000000
B 825 0 00000000
P 825 0 00000000
P 825 1 00000000
P 825 2 00000000
P 825 3 00000000
P 825 4 00000000
T 826 0 00000000
T 826 1 00000000
T 826 2 00000000
C 826 0 00000000
C 826 1 00000000
C 826 2 00000000
C 826 3 00000000
C 826 4 00000000
C 826 5 00000000
C 826 6 00000000
C 826 7 00000000
C 826 8 00000000
C 826 9 00000000
C 826 10 00000000
C 826 11 00000000
C 826 12 00000000
C 826 13 00000000
C 826 14 00000000
C 826 15 00000000
D 826 0 00000000
D 826 1 00000000
V 826 0 00000000
V 826 1 00000000
R 826 0 00000000
B 826 0 00000000
P 826 0 00000000
P 826 1 00000000
P 826 2 00000000
P 826 3 00000000
P 826 4 00000000
T 827 0 00000000
T 827 1 00000000
T 827 2 00000000
C 827 0 00000000
C 827 1 00000000
C 827 2 00000000
C 827 3 00000000
C 827 4 00000000
C 827 5 00000000
C 827 6 00000000
C 827 7 00000000
C 827 8 00000000
C 827 9 00000000
C 827 10 00000000
C 827 11 00000000
C 827 12 00000000
C 827 13 00000000
C 827 14 00000000
C 827 15 00000000
D 827 0 00000000
D 827 1 00000000
V 827 0 00000000
V 827 1 00000000
R 827 0 00000000
B 827 0 00000000
P 827 0 00000000
P 827 1 00000000
P 827 2 00000000
P 827 3 00000000
P 827 4 00000000
T 828 0 00000000
T 828 1 00000000
T 828 2 00000000
C 828 0 00000000
C 828 1 00000000
C 828 2 00000000
C 828 3 00000000
C 828 4 00000000
C 828 5 00000000
C 828 6 00000000
C 828 7 00000000
C 828 8 00000000
C 828 9 00000000
C 828 10 00000000
C 828 11 00000000
C 828 12 00000000
C 828 13 00000000
C 828 14 00000000
C 828 15 00000000
D 828 0 00000000
D 828 1 00000000
V 828 0 00000000
V 828 1 00000000
R 828 0 00000000
B 828 0 00000000
P 828 0 00000000
P 828 1 00000000
P 828 2 00000000
P 828 3 00000000
P 828 4 00000000
T 829 0 00000000
T 829 1 00000000
T 829 2 00000000
C 829 0 00000000
C 829 1 00000000
C 829 2 00000000
C 829 3 00000000
C 829 4 00000000
C 829 5 00000000
C 829 6 00000000
C 829 7 00000000
C 829 8 00000000
C 829 9 00000000
C 829 10 00000000
C 829 11 00000000
C 829 12 00000000
C 829 13 00000000
C 829 14 00000000
C 829 15 00000000
D 829 0 00000000
D 829 1 00000000
V 829 0 00000000
V 829 1 00000000
R 829 0 00000000
B 829 0 00000000
P 829 0 00000000
P 829 1 00000000
P 829 2 00000000
P 829 3 00000000
P 829 4 00000000
T 830 0 00000000
T 830 1 00000000
T 830 2 00000000
C 830 0 00000000
C 830 1 00000000
C 830 2 00000000
C 830 3 00000000
C 830 4 00000000
C 830 5 00000000
C 830 6 00000000
C 830 7 00000000
C 830 8 00000000
C 830 9 00000000
C 830 10 00000000
C 830 11 00000000
C 830 12 00000000
C 830 13 00000000
C 830 14 00000000
C 830 15 00000000
D 830 0 00000000
D 830 1 00000000
V 830 0 00000000
V 830 1 00000000
R 830 0 00000000
B 830 0 00000000
P 830 0 00000000
P 830 1 00000000
P 830 2 00000000
P 830 3 00000000
P 830 4 00000000
T 831 0 00000000
T 831 1 00000000
T 831 2 00000000
C 831 0 00000000
C 831 1 00000000
C 831 2 00000000
C 831 3 00000000
C 831 4 00000000
C 831 5 00000000
C 831 6 00000000
C 831 7 00000000
C 831 8 00000000
C 831 9 00000000
C 831 10 00000000
C 831 11 00000000
C 831 12 00000000
C 831 13 00000000
C 831 14 00000000
C 831 15 00000000
D 831 0 00000000
D 831 1 00000000
V 831 0 00000000
V 831 1 00000000
R 831 0 00000000
B 831 0 00000000
P 831 0 00000000
P 831 1 00000000
P 831 2 00000000
P 831 3 00000000
P 831 4 00000000
T 832 0 00000000
T 832 1 00000000
T 832 2 00000000
C 832 0 00000000
C 832 1 00000000
C 832 2 00000000
C 832 3 00000000
C 832 4 00000000
C 832 5 00000000
C 832 6 00000000
C 832 7 00000000
C 832 8 00000000
C 832 9 00000000
C 832 10 00000000
C 832 11 00000000
C 832 12 00000000
C 832 13 00000000
C 832 14 00000000
C 832 15 00000000
D 832 0 00000000
D 832 1 00000000
V 832 0 00000000
V 832 1 00000000
R 832 0 00000000
B 832 0 00000000
P 832 0 00000000
P 832 1 00000000
P 832 2 00000000
P 832 3 00000000
P 832 4 00000000
T 833 0 00000000
T 833 1 00000000
T 833 2 00000000
C 833 0 00000000
C 833 1 00000000
C 833 2 00000000
C 833 3 00000000
C 833 4 00000000
C 833 5 00000000
C 833 6 00000000
C 833 7 00000000
C 833 8 00000000
C 833 9 00000000
C 833 10 00000000
C 833 11 00000000
C 833 12 00000000
C 833 13 00000000
C 833 14 00000000
C 833 15 00000000
D 833 0 00000000
D 833 1 00000000
V 833 0 00000000
V 833 1 00000000
R 833 0 00000000
B 833 0 00000000
P 833 0 00000000
P 833 1 00000000
P 833 2 00000000
P 833 3 00000000
P 833 4 00000000
T 834 0 00000000
T 834 1 00000000
T 834 2 00000000
C 834 0 00000000
C 834 1 00000000
C 834 2 00000000
C 834 3 00000000
C 834 4 00000000
C 834 5 00000000
C 834 6 00000000
C 834 7 00000000
C 834 8 00000000
C 834 9 00000000
C 834 10 00000000
C 834 11 00000000
C 834 12 00000000
C 834 13 00000000
C 834 14 00000000
C 834 15 00000000
D 834 0 00000000
D 834 1 00000000
V 834 0 00000000
V 834 1 00000000
R 834 0 00000000
B 834 0 00000000
P 834 0 00000000
P 834 1 00000000
P 834 2 00000000
P 834 3 00000000
P 834 4 00000000
T 835 0 00000000
T 835 1 00000000
T 835 2 00000000
C 835 0 00000000
C 835 1 00000000
C 835 2 00000000
C 835 3 00000000
C 835 4 00000000
C 835 5 00000000
C 835 6 00000000
C 835 7 00000000
C 835 8 00000000
C 835 9 00000000
C 835 10 00000000
C 835 11 00000000
C 835 12 00000000
C 835 13 00000000
C 835 14 00000000
C 835 15 00000000
D 835 0 00000000
D 835 1 00000000
V 835 0 00000000
V 835 1 00000000
R 835 0 00000000
B 835 0 00000000
P 835 0 00000000
P 835 1 00000000
P 835 2 00000000
P 835 3 00000000
P 835 4 00000000
T 836 0 00000000
T 836 1 00000000
T 836 2 00000000
C 836 0 00000000
C 836 1 00000000
C 836 2 00000000
C 836 3 00000000
C 836 4 00000000
C 836 5 00000000
C 836 6 00000000
C 836 7 00000000
C 836 8 00000000
C 836 9 00000000
C 836 10 00000000
C 836 11 00000000
C 836 12 00000000
C 836 13 00000000
C 836 14 00000000
C 836 15 00000000
D 836 0 00000000
D 836 1 00000000
V 836 0 00000000
V 836 1 00000000
R 836 0 00000000
B 836 0 00000000
P 836 0 00000000
P 836 1 00000000
P 836 2 00000000
P 836 3 00000000
P 836 4 00000000
T 837 0 00000000
T 837 1 00000000
T 837 2 00000000
C 837 0 00000000
C 837 1 00000000
C 837 2 00000000
C 837 3 00000000
C 837 4 00000000
C 837 5 00000000
C 837 6 00000000
C 837 7 00000000
C 837 8 00000000
C 837 9 00000000
C 837 10 00000000
C 837 11 00000000
C 837 12 00000000
C 837 13 00000000
C 837 14 00000000
C 837 15 00000000
D 837 0 00000000
D 837 1 00000000
V 837 0 00000000
V 837 1 00000000
R 837 0 00000000
B 837 0 00000000
P 837 0 00000000
P 837 1 00000000
P 837 2 00000000
P 837 3 00000000
P 837 4 00000000
T 838 0 00000000
T 838 1 00000000
T 838 2 00000000
C 838 0 00000000
C 838 1 00000000
C 838 2 00000000
C 838 3 00000000
C 838 4 00000000
C 838 5 00000000
C 838 6 00000000
C 838 7 00000000
C 838 8 00000000
C 838 9 00000000
C 838 10 00000000
C 838 11 00000000
C 838 12 00000000
C 838 13 00000000
C 838 14 00000000
C 838 15 00000000
D 838 0 00000000
D 838 1 00000000
V 838 0 00000000
V 838 1 00000000
R 838 0 00000000
B 838 0 00000000
P 838 0 00000000
P 838 1 00000000
P 838 2 00000000
P 838 3 00000000
P 838 4 00000000
T 839 0 00000000
T 839 1 00000000
T 839 2 00000000
C 839 0 00000000
C 839 1 00000000
C 839 2 00000000
C 839 3 00000000
C 839 4 00000000
C 839 5 00000000
C 839 6 00000000
C 839 7 00000000
C 839 8 00000000
C 839 9 00000000
C 839 10 00000000
C 839 11 00000000
C 839 12 00000000
C 839 13 00000000
C 839 14 00000000
C 839 15 00000000
D 839 0 00000000
D 839 1 00000000
V 839 0 00000000
V 839 1 00000000
R 839 0 00000000
B 839 0 00000000
P 839 0 00000000
P 839 1 00000000
P 839 2 00000000
P 839 3 00000000
P 839 4 00000000
T 840 0 00000000
T 840 1 00000000
T 840 2 00000000
C 840 0 00000000
C 840 1 00000000
C 840 2 00000000
C 840 3 00000000
C 840 4 00000000
C 840 5 00000000
C 840 6 00000000
C 840 7 00000000
C 840 8 00000000
C 840 9 00000000
C 840 10 00000000
C 840 11 00000000
C 840 12 00000000
C 840 13 00000000
C 840 14 00000000
C 840 15 00000000
D 840 0 00000000
D 840 1 00000000
V 840 0 00000000
V 840 1 00000000
R 840 0 00000000
B 840 0 00000000
P 840 0 00000000
P 840 1 00000000
P 840 2 00000000
P 840 3 00000000
P 840 4 00000000
T 841 0 00000000
T 841 1 00000000
T 841 2 00000000
C 841 0 00000000
C 841 1 00000000
C 841 2 00000000
C 841 3 00000000
C 841 4 00000000
C 841 5 00000000
C 841 6 00000000
C 841 7 00000000
C 841 8 00000000
C 841 9 00000000
C 841 10 00000000
C 841 11 00000000
C 841 12 00000000
C 841 13 00000000
C 841 14 00000000
C 841 15 00000000
D 841 0 00000000
D 841 1 00000000
V 841 0 00000000
V 841 1 00000000
R 841 0 00000000
B 841 0 00000000
P 841 0 00000000
P 841 1 00000000
P 841 2 00000000
P 841 3 00000000
P 841 4 00000000
T 842 0 00000000
T 842 1 00000000
T 842 2 00000000
C 842 0 00000000
C 842 1 00000000
C 842 2 00000000
C 842 3 00000000
C 842 4 00000000
C 842 5 00000000
C 842 6 00000000
C 842 7 00000000
C 842 8 00000000
C 842 9 00000000
C 842 10 00000000
C 842 11 00000000
C 842 12 00000000
C 842 13 00000000
C 842 14 00000000
C 842 15 00000000
D 842 0 00000000
D 842 1 00000000
V 842 0 00000000
V 842 1 00000000
R 842 0 00000000
B 842 0 00000000
P 842 0 00000000
P 842 1 00000000
P 842 2 00000000
P 842 3 00000000
P 842 4 00000000
T 843 0 00000000
T 843 1 00000000
T 843 2 00000000
C 843 0 00000000
C 843 1 00000000
C 843 2 00000000
C 843 3 00000000
C 843 4 00000000
C 843 5 00000000
C 843 6 00000000
C 843 7 00000000
C 843 8 00000000
C 843 9 00000000
C 843 10 00000000
C 843 11 00000000
C 843 12 00000000
C 843 13 00000000
C 843 14 00000000
C 843 15 00000000
D 843 0 00000000
D 843 1 00000000
V 843 0 00000000
V 843 1 00000000
R 843 0 00000000
B 843 0 00000000
P 843 0 00000000
P 843 1 00000000
P 843 2 00000000
P 843 3 00000000
P 843 4 00000000
T 844 0 00000000
T 844 1 00000000
T 844 2 00000000
C 844 0 00000000
C 844 1 00000000
C 844 2 00000000
C 844 3 00000000
C 844 4 00000000
C 844 5 00000000
C 844 6 00000000
C 844 7 00000000
C 844 8 00000000
C 844 9 00000000
C 844 10 00000000
C 844 11 00000000
C 844 12 00000000
C 844 13 00000000
C 844 14 00000000
C 844 15 00000000
D 844 0 00000000
D 844 1 00000000
V 844 0 00000000
V 844 1 00000000
R 844 0 00000000
B 844 0 00000000
P 844 0 00000000
P 844 1 00000000
P 844 2 00000000
P 844 3 00000000
P 844 4 00000000
T 845 0 00000000
T 845 1 00000000
T 845 2 00000000
C 845 0 00000000
C 845 1 00000000
C 845 2 00000000
C 845 3 00000000
C 845 4 00000000
C 845 5 00000000
C 845 6 00000000
C 845 7 00000000
C 845 8 00000000
C 845 9 00000000
C 845 10 00000000
C 845 11 00000000
C 845 12 00000000
C 845 13 00000000
C 845 14 00000000
C 845 15 00000000
D 845 0 00000000
D 845 1 00000000
V 845 0 00000000
V 845 1 00000000
R 845 0 00000000
B 845 0 00000000
P 845 0 00000000
P 845 1 00000000
P 845 2 00000000
P 845 3 00000000
P 845 4 00000000
T 846 0 00000000
T 846 1 00000000
T 846 2 00000000
C 846 0 00000000
C 846 1 00000000
C 846 2 00000000
C 846 3 00000000
C 846 4 00000000
C 846 5 00000000
C 846 6 00000000
C 846 7 00000000
C 846 8 00000000
C 846 9 00000000
C 846 10 00000000
C 846 11 00000000
C 846 12 00000000
C 846 13 00000000
C 846 14 00000000
C 846 15 00000000
D 846 0 00000000
D 846 1 00000000
V 846 0 00000000
V 846 1 00000000
R 846 0 00000000
B 846 0 00000000
P 846 0 00000000
P 846 1 00000000
P 846 2 00000000
P 846 3 00000000
P 846 4 00000000
T 847 0 00000000
T 847 1 00000000
T 847 2 00000000
C 847 0 00000000
C 847 1 00000000
C 847 2 00000000
C 847 3 00000000
C 847 4 00000000
C 847 5 00000000
C 847 6 00000000
C 847 7 00000000
C 847 8 00000000
C 847 9 00000000
C 847 10 00000000
C 847 11 00000000
C 847 12 00000000
C 847 13 00000000
C 847 14 00000000
C 847 15 00000000
D 847 0 00000000
D 847 1 00000000
V 847 0 00000000
V 847 1 00000000
R 847 0 00000000
B 847 0 00000000
P 847 0 00000000
P 847 1 00000000
P 847 2 00000000
P 847 3 00000000
P 847 4 00000000
T 848 0 00000000
T 848 1 00000000
T 848 2 00000000
C 848 0 00000000
C 848 1 00000000
C 848 2 00000000
C 848 3 00000000
C 848 4 00000000
C 848 5 00000000
C 848 6 00000000
C 848 7 00000000
C 848 8 00000000
C 848 9 00000000
C 848 10 00000000
C 848 11 00000000
C 848 12 00000000
C 848 13 00000000
C 848 14 00000000
C 848 15 00000000
D 848 0 00000000
D 848 1 00000000
V 848 0 00000000
V 848 1 00000000
R 848 0 00000000
B 848 0 00000000
P 848 0 00000000
P 848 1 00000000
P 848 2 00000000
P 848 3 00000000
P 848 4 00000000
T 849 0 00000000
T 849 1 00000000
T 849 2 00000000
C 849 0 00000000
C 849 1 00000000
C 849 2 00000000
C 849 3 00000000
C 849 4 00000000
C 849 5 00000000
C 849 6 00000000
C 849 7 00000000
C 849 8 00000000
C 849 9 00000000
C 849 10 00000000
C 849 11 00000000
C 849 12 00000000
C 849 13 00000000
C 849 14 00000000
C 849 15 00000000
D 849 0 00000000
D 849 1 00000000
V 849 0 00000000
V 849 1 00000000
R 849 0 00000000
B 849 0 00000000
P 849 0 00000000
P 849 1 00000000
P 849 2 00000000
P 849 3 00000000
P 849 4 00000000
T 850 0 00000000
T 850 1 00000000
T 850 2 00000000
C 850 0 00000000
C 850 1 00000000
C 850 2 00000000
C 850 3 00000000
C 850 4 00000000
C 850 5 00000000
C 850 6 00000000
C 850 7 00000000
C 850 8 00000000
C 850 9 00000000
C 850 10 00000000
C 850 11 00000000
C 850 12 00000000
C 850 13 00000000
C 850 14 00000000
C 850 15 00000000
D 850 0 00000000
D 850 1 00000000
V 850 0 00000000
V 850 1 00000000
R 850 0 00000000
B 850 0 00000000
P 850 0 00000000
P 850 1 00000000
P 850 2 00000000
P 850 3 00000000
P 850 4 00000000
T 851 0 00000000
T 851 1 00000000
T 851 2 00000000
C 851 0 00000000
C 851 1 00000000
C 851 2 00000000
C 851 3 00000000
C 851 4 00000000
C 851 5 00000000
C 851 6 00000000
C 851 7 00000000
C 851 8 00000000
C 851 9 00000000
C 851 10 00000000
C 851 11 00000000
C 851 12 00000000
C 851 13 00000000
C 851 14 00000000
C 851 15 00000000
D 851 0 00000000
D 851 1 00000000
V 851 0 00000000
V 851 1 00000000
R 851 0 00000000
B 851 0 00000000
P 851 0 00000000
P 851 1 00000000
P 851 2 00000000
P 851 3 00000000
P 851 4 00000000
T 852 0 00000000
T 852 1 00000000
T 852 2 00000000
C 852 0 00000000
C 852 1 00000000
C 852 2 00000000
C 852 3 00000000
C 852 4 00000000
C 852 5 00000000
C 852 6 00000000
C 852 7 00000000
C 852 8 00000000
C 852 9 00000000
C 852 10 00000000
C 852 11 00000000
C 852 12 00000000
C 852 13 00000000
C 852 14 00000000
C 852 15 00000000
D 852 0 00000000
D 852 1 00000000
V 852 0 00000000
V 852 1 00000000
R 852 0 00000000
B 852 0 00000000
P 852 0 00000000
P 852 1 00000000
P 852 2 00000000
P 852 3 00000000
P 852 4 00000000
T 853 0 00000000
T 853 1 00000000
T 853 2 00000000
C 853 0 00000000
C 853 1 00000000
C 853 2 00000000
C 853 3 00000000
C 853 4 00000000
C 853 5 00000000
C 853 6 00000000
C 853 7 00000000
C 853 8 00000000
C 853 9 00000000
C 853 10 00000000
C 853 11 00000000
C 853 12 00000000
C 853 13 00000000
C 853 14 00000000
C 853 15 00000000
D 853 0 00000000
D 853 1 00000000
V 853 0 00000000
V 853 1 00000000
R 853 0 00000000
B 853 0 00000000
P 853 0 00000000
P 853 1 00000000
P 853 2 00000000
P 853 3 00000000
P 853 4 00000000
T 854 0 00000000
T 854 1 00000000
T 854 2 00000000
C 854 0 00000000
C 854 1 00000000
C 854 2 00000000
C 854 3 00000000
C 854 4 00000000
C 854 5 00000000
C 854 6 00000000
C 854 7 00000000
C 854 8 00000000
C 854 9 00000000
C 854 10 00000000
C 854 11 00000000
C 854 12 00000000
C 854 13 00000000
C 854 14 00000000
C 854 15 00000000
D 854 0 00000000
D 854 1 00000000
V 854 0 00000000
V 854 1 00000000
R 854 0 00000000
B 854 0 00000000
P 854 0 00000000
P 854 1 00000000
P 854 2 00000000
P 854 3 00000000
P 854 4 00000000
T 855 0 00000000
T 855 1 00000000
T 855 2 00000000
C 855 0 00000000
C 855 1 00000000
C 855 2 00000000
C 855 3 00000000
C 855 4 00000000
C 855 5 00000000
C 855 6 00000000
C 855 7 00000000
C 855 8 00000000
C 855 9 00000000
C 855 10 00000000
C 855 11 00000000
C 855 12 00000000
C 855 13 00000000
C 855 14 00000000
C 855 15 00000000
D 855 0 00000000
D 855 1 00000000
V 855 0 00000000
V 855 1 00000000
R 855 0 00000000
B 855 0 00000000
P 855 0 00000000
P 855 1 00000000
P 855 2 00000000
P 855 3 00000000
P 855 4 00000000
T 856 0 00000000
T 856 1 00000000
T 856 2 00000000
C 856 0 00000000
C 856 1 00000000
C 856 2 00000000
C 856 3 00000000
C 856 4 00000000
C 856 5 00000000
C 856 6 00000000
C 856 7 00000000
C 856 8 00000000
C 856 9 00000000
C 856 10 00000000
C 856 11 00000000
C 856 12 00000000
C 856 13 00000000
C 856 14 00000000
C 856 15 00000000
D 856 0 00000000
D 856 1 00000000
V 856 0 00000000
V 856 1 00000000
R 856 0 00000000
B 856 0 00000000
P 856 0 00000000
P 856 1 00000000
P 856 2 00000000
P 856 3 00000000
P 856 4 00000000
T 857 0 00000000
T 857 1 00000000
T 857 2 00000000
C 857 0 00000000
C 857 1 00000000
C 857 2 00000000
C 857 3 00000000
C 857 4 00000000
C 857 5 00000000
C 857 6 00000000
C 857 7 00000000
C 857 8 00000000
C 857 9 00000000
C 857 10 00000000
C 857 11 00000000
C 857 12 00000000
C 857 13 00000000
C 857 14 00000000
C 857 15 00000000
D 857 0 00000000
D 857 1 00000000
V 857 0 00000000
V 857 1 00000000
R 857 0 00000000
B 857 0 00000000
P 857 0 00000000
P 857 1 00000000
P 857 2 00000000
P 857 3 00000000
P 857 4 00000000
T 858 0 00000000
T 858 1 00000000
T 858 2 00000000
C 858 0 00000000
C 858 1 00000000
C 858 2 00000000
C 858 3 00000000
C 858 4 00000000
C 858 5 00000000
C 858 6 00000000
C 858 7 00000000
C 858 8 00000000
C 858 9 00000000
C 858 10 00000000
C 858 11 00000000
C 858 12 00000000
C 858 13 00000000
C 858 14 00000000
C 858 15 00000000
D 858 0 00000000
D 858 1 00000000
V 858 0 00000000
V 858 1 00000000
R 858 0 00000000
B 858 0 00000000
P 858 0 00000000
P 858 1 00000000
P 858 2 00000000
P 858 3 00000000
P 858 4 00000000
T 859 0 00000000
T 859 1 00000000
T 859 2 00000000
C 859 0 00000000
C 859 1 00000000
C 859 2 00000000
C 859 3 00000000
C 859 4 00000000
C 859 5 00000000
C 859 6 00000000
C 859 7 00000000
C 859 8 00000000
C 859 9 00000000
C 859 10 00000000
C 859 11 00000000
C 859 12 00000000
C 859 13 00000000
C 859 14 00000000
C 859 15 00000000
D 859 0 00000000
D 859 1 00000000
V 859 0 00000000
V 859 1 00000000
R 859 0 00000000
B 859 0 00000000
P 859 0 00000000
P 859 1 00000000
P 859 2 00000000
P 859 3 00000000
P 859 4 00000000
T 860 0 00000000
T 860 1 00000000
T 860 2 00000000
C 860 0 00000000
C 860 1 00000000
C 860 2 00000000
C 860 3 00000000
C 860 4 00000000
C 860 5 00000000
C 860 6 00000000
C 860 7 00000000
C 860 8 00000000
C 860 9 00000000
C 860 10 00000000
C 860 11 00000000
C 860 12 00000000
C 860 13 00000000
C 860 14 00000000
C 860 15 00000000
D 860 0 00000000
D 860 1 00000000
V 860 0 00000000
V 860 1 00000000
R 860 0 00000000
B 860 0 00000000
P 860 0 00000000
P 860 1 00000000
P 860 2 00000000
P 860 3 00000000
P 860 4 00000000
T 861 0 00000000
T 861 1 00000000
T 861 2 00000000
C 861 0 00000000
C 861 1 00000000
C 861 2 00000000
C 861 3 00000000
C 861 4 00000000
C 861 5 00000000
C 861 6 00000000
C 861 7 00000000
C 861 8 00000000
C 861 9 00000000
C 861 10 00000000
C 861 11 00000000
C 861 12 00000000
C 861 13 00000000
C 861 14 00000000
C 861 15 00000000
D 861 0 00000000
D 861 1 00000000
V 861 0 00000000
V 861 1 00000000
R 861 0 00000000
B 861 0 00000000
P 861 0 00000000
P 861 1 00000000
P 861 2 00000000
P 861 3 00000000
P 861 4 00000000
T 862 0 00000000
T 862 1 00000000
T 862 2 00000000
C 862 0 00000000
C 862 1 00000000
C 862 2 00000000
C 862 3 00000000
C 862 4 00000000
C 862 5 00000000
C 862 6 00000000
C 862 7 00000000
C 862 8 00000000
C 862 9 00000000
C 862 10 00000000
C 862 11 00000000
C 862 12 00000000
C 862 13 00000000
C 862 14 00000000
C 862 15 00000000
D 862 0 00000000
D 862 1 00000000
V 862 0 00000000
V 862 1 00000000
R 862 0 00000000
B 862 0 00000000
P 862 0 00000000
P 862 1 00000000
P 862 2 00000000
P 862 3 00000000
P 862 4 00000000
T 863 0 00000000
T 863 1 00000000
T 863 2 00000000
C 863 0 00000000
C 863 1 00000000
C 863 2 00000000
C 863 3 00000000
C 863 4 00000000
C 863 5 00000000
C 863 6 00000000
C 863 7 00000000
C 863 8 00000000
C 863 9 00000000
C 863 10 00000000
C 863 11 00000000
C 863 12 00000000
C 863 13 00000000
C 863 14 00000000
C 863 15 00000000
D 863 0 00000000
D 863 1 00000000
V 863 0 00000000
V 863 1 00000000
R 863 0 00000000
B 863 0 00000000
P 863 0 00000000
P 863 1 00000000
P 863 2 00000000
P 863 3 00000000
P 863 4 00000000
T 864 0 00000000
T 864 1 00000000
T 864 2 00000000
C 864 0 00000000
C 864 1 00000000
C 864 2 00000000
C 864 3 00000000
C 864 4 00000000
C 864 5 00000000
C 864 6 00000000
C 864 7 00000000
C 864 8 00000000
C 864 9 00000000
C 864 10 00000000
C 864 11 00000000
C 864 12 00000000
C 864 13 00000000
C 864 14 00000000
C 864 15 00000000
D 864 0 00000000
D 864 1 00000000
V 864 0 00000000
V 864 1 00000000
R 864 0 00000000
B 864 0 00000000
P 864 0 00000000
P 864 1 00000000
P 864 2 00000000
P 864 3 00000000
P 864 4 00000000
T 865 0 00000000
T 865 1 00000000
T 865 2 00000000
C 865 0 00000000
C 865 1 00000000
C 865 2 00000000
C 865 3 00000000
C 865 4 00000000
C 865 5 00000000
C 865 6 00000000
C 865 7 00000000
C 865 8 00000000
C 865 9 00000000
C 865 10 00000000
C 865 11 00000000
C 865 12 00000000
C 865 13 00000000
C 865 14 00000000
C 865 15 00000000
D 865 0 00000000
D 865 1 00000000
V 865 0 00000000
V 865 1 00000000
R 865 0 00000000
B 865 0 00000000
P 865 0 00000000
P 865 1 00000000
P 865 2 00000000
P 865 3 00000000
P 865 4 00000000
T 866 0 00000000
T 866 1 00000000
T 866 2 00000000
C 866 0 00000000
C 866 1 00000000
C 866 2 00000000
C 866 3 00000000
C 866 4 00000000
C 866 5 00000000
C 866 6 00000000
C 866 7 00000000
C 866 8 00000000
C 866 9 00000000
C 866 10 00000000
C 866 11 00000000
C 866 12 00000000
C 866 13 00000000
C 866 14 00000000
C 866 15 00000000
D 866 0 00000000
D 866 1 00000000
V 866 0 00000000
V 866 1 00000000
R 866 0 00000000
B 866 0 00000000
P 866 0 00000000
P 866 1 00000000
P 866 2 00000000
P 866 3 00000000
P 866 4 00000000
T 867 0 00000000
T 867 1 00000000
T 867 2 00000000
C 867 0 00000000
C 867 1 00000000
C 867 2 00000000
C 867 3 00000000
C 867 4 00000000
C 867 5 00000000
C 867 6 00000000
C 867 7 00000000
C 867 8 00000000
C 867 9 00000000
C 867 10 00000000
C 867 11 00000000
C 867 12 00000000
C 867 13 00000000
C 867 14 00000000
C 867 15 00000000
D 867 0 00000000
D 867 1 00000000
V 867 0 00000000
V 867 1 00000000
R 867 0 00000000
B 867 0 00000000
P 867 0 00000000
P 867 1 00000000
P 867 2 00000000
P 867 3 00000000
P 867 4 00000000
T 868 0 00000000
T 868 1 00000000
T 868 2 00000000
C 868 0 00000000
C 868 1 00000000
C 868 2 00000000
C 868 3 00000000
C 868 4 00000000
C 868 5 00000000
C 868 6 00000000
C 868 7 00000000
C 868 8 00000000
C 868 9 00000000
C 868 10 00000000
C 868 11 00000000
C 868 12 00000000
C 868 13 00000000
C 868 14 00000000
C 868 15 00000000
D 868 0 00000000
D 868 1 00000000
V 868 0 00000000
V 868 1 00000000
R 868 0 00000000
B 868 0 00000000
P 868 0 00000000
P 868 1 00000000
P 868 2 00000000
P 868 3 00000000
P 868 4 00000000
T 869 0 00000000
T 869 1 00000000
T 869 2 00000000
C 869 0 00000000
C 869 1 00000000
C 869 2 00000000
C 869 3 00000000
C 869 4 00000000
C 869 5 00000000
C 869 6 00000000
C 869 7 00000000
C 869 8 00000000
C 869 9 00000000
C 869 10 00000000
C 869 11 00000000
C 869 12 00000000
C 869 13 00000000
C 869 14 00000000
C 869 15 00000000
D 869 0 00000000
D 869 1 00000000
V 869 0 00000000
V 869 1 00000000
R 869 0 00000000
B 869 0 00000000
P 869 0 00000000
P 869 1 00000000
P 869 2 00000000
P 869 3 00000000
P 869 4 00000000
T 870 0 00000000
T 870 1 00000000
T 870 2 00000000
C 870 0 00000000
C 870 1 00000000
C 870 2 00000000
C 870 3 00000000
C 870 4 00000000
C 870 5 00000000
C 870 6 00000000
C 870 7 00000000
C 870 8 00000000
C 870 9 00000000
C 870 10 00000000
C 870 11 00000000
C 870 12 00000000
C 870 13 00000000
C 870 14 00000000
C 870 15 00000000
D 870 0 00000000
D 870 1 00000000
V 870 0 00000000
V 870 1 00000000
R 870 0 00000000
B 870 0 00000000
P 870 0 00000000
P 870 1 00000000
P 870 2 00000000
P 870 3 00000000
P 870 4 00000000
T 871 0 00000000
T 871 1 00000000
T 871 2 00000000
C 871 0 00000000
C 871 1 00000000
C 871 2 00000000
C 871 3 00000000
C 871 4 00000000
C 871 5 00000000
C 871 6 00000000
C 871 7 00000000
C 871 8 00000000
C 871 9 00000000
C 871 10 00000000
C 871 11 00000000
C 871 12 00000000
C 871 13 00000000
C 871 14 00000000
C 871 15 00000000
D 871 0 00000000
D 871 1 00000000
V 871 0 00000000
V 871 1 00000000
R 871 0 00000000
B 871 0 00000000
P 871 0 00000000
P 871 1 00000000
P 871 2 00000000
P 871 3 00000000
P 871 4 00000000
T 872 0 00000000
T 872 1 00000000
T 872 2 00000000
C 872 0 00000000
C 872 1 00000000
C 872 2 00000000
C 872 3 00000000
C 872 4 00000000
C 872 5 00000000
C 872 6 00000000
C 872 7 00000000
C 872 8 00000000
C 872 9 00000000
C 872 10 00000000
C 872 11 00000000
C 872 12 00000000
C 872 13 00000000
C 872 14 00000000
C 872 15 00000000
D 872 0 00000000
D 872 1 00000000
V 872 0 00000000
V 872 1 00000000
R 872 0 00000000
B 872 0 00000000
P 872 0 00000000
P 872 1 00000000
P 872 2 00000000
P 872 3 00000000
P 872 4 00000000
T 873 0 00000000
T 873 1 00000000
T 873 2 00000000
C 873 0 00000000
C 873 1 00000000
C 873 2 00000000
C 873 3 00000000
C 873 4 00000000
C 873 5 00000000
C 873 6 00000000
C 873 7 00000000
C 873 8 00000000
C 873 9 00000000
C 873 10 00000000
C 873 11 00000000
C 873 12 00000000
C 873 13 00000000
C 873 14 00000000
C 873 15 00000000
D 873 0 00000000
D 873 1 00000000
V 873 0 00000000
V 873 1 00000000
R 873 0 00000000
B 873 0 00000000
P 873 0 00000000
P 873 1 00000000
P 873 2 00000000
P 873 3 00000000
P 873 4 00000000
T 874 0 00000000
T 874 1 00000000
T 874 2 00000000
C 874 0 00000000
C 874 1 00000000
C 874 2 00000000
C 874 3 00000000
C 874 4 00000000
C 874 5 00000000
C 874 6 00000000
C 874 7 00000000
C 874 8 00000000
C 874 9 00000000
C 874 10 00000000
C 874 11 00000000
C 874 12 00000000
C 874 13 00000000
C 874 14 00000000
C 874 15 00000000
D 874 0 00000000
D 874 1 00000000
V 874 0 00000000
V 874 1 00000000
R 874 0 00000000
B 874 0 00000000
P 874 0 00000000
P 874 1 00000000
P 874 2 00000000
P 874 3 00000000
P 874 4 00000000
T 875 0 00000000
T 875 1 00000000
T 875 2 00000000
C 875 0 00000000
C 875 1 00000000
C 875 2 00000000
C 875 3 00000000
C 875 4 00000000
C 875 5 00000000
C 875 6 00000000
C 875 7 00000000
C 875 8 00000000
C 875 9 00000000
C 875 10 00000000
C 875 11 00000000
C 875 12 00000000
C 875 13 00000000
C 875 14 00000000
C 875 15 00000000
D 875 0 00000000
D 875 1 00000000
V 875 0 00000000
V 875 1 00000000
R 875 0 00000000
B 875 0 00000000
P 875 0 00000000
P 875 1 00000000
P 875 2 00000000
P 875 3 00000000
P 875 4 00000000
T 876 0 00000000
T 876 1 00000000
T 876 2 00000000
C 876 0 00000000
C 876 1 00000000
C 876 2 00000000
C 876 3 00000000
C 876 4 00000000
C 876 5 00000000
C 876 6 00000000
C 876 7 00000000
C 876 8 00000000
C 876 9 00000000
C 876 10 00000000
C 876 11 00000000
C 876 12 00000000
C 876 13 00000000
C 876 14 00000000
C 876 15 00000000
D 876 0 00000000
D 876 1 00000000
V 876 0 00000000
V 876 1 00000000
R 876 0 00000000
B 876 0 00000000
P 876 0 00000000
P 876 1 00000000
P 876 2 00000000
P 876 3 00000000
P 876 4 00000000
T 877 0 00000000
T 877 1 00000000
T 877 2 00000000
C 877 0 00000000
C 877 1 00000000
C 877 2 00000000
C 877 3 00000000
C 877 4 00000000
C 877 5 00000000
C 877 6 00000000
C 877 7 00000000
C 877 8 00000000
C 877 9 00000000
C 877 10 00000000
C 877 11 00000000
C 877 12 00000000
C 877 13 00000000
C 877 14 00000000
C 877 15 00000000
D 877 0 00000000
D 877 1 00000000
V 877 0 00000000
V 877 1 00000000
R 877 0 00000000
B 877 0 00000000
P 877 0 00000000
P 877 1 00000000
P 877 2 00000000
P 877 3 00000000
P 877 4 00000000
T 878 0 00000000
T 878 1 00000000
T 878 2 00000000
C 878 0 00000000
C 878 1 00000000
C 878 2 00000000
C 878 3 00000000
C 878 4 00000000
C 878 5 00000000
C 878 6 00000000
C 878 7 00000000
C 878 8 00000000
C 878 9 00000000
C 878 10 00000000
C 878 11 00000000
C 878 12 00000000
C 878 13 00000000
C 878 14 00000000
C 878 15 00000000
D 878 0 00000000
D 878 1 00000000
V 878 0 00000000
V 878 1 00000000
R 878 0 00000000
B 878 0 00000000
P 878 0 00000000
P 878 1 00000000
P 878 2 00000000
P 878 3 00000000
P 878 4 00000000
T 879 0 00000000
T 879 1 00000000
T 879 2 00000000
C 879 0 00000000
C 879 1 00000000
C 879 2 00000000
C 879 3 00000000
C 879 4 00000000
C 879 5 00000000
C 879 6 00000000
C 879 7 00000000
C 879 8 00000000
C 879 9 00000000
C 879 10 00000000
C 879 11 00000000
C 879 12 00000000
C 879 13 00000000
C 879 14 00000000
C 879 15 00000000
D 879 0 00000000
D 879 1 00000000
V 879 0 00000000
V 879 1 00000000
R 879 0 00000000
B 879 0 00000000
P 879 0 00000000
P 879 1 00000000
P 879 2 00000000
P 879 3 00000000
P 879 4 00000000
T 880 0 00000000
T 880 1 00000000
T 880 2 00000000
C 880 0 00000000
C 880 1 00000000
C 880 2 00000000
C 880 3 00000000
C 880 4 00000000
C 880 5 00000000
C 880 6 00000000
C 880 7 00000000
C 880 8 00000000
C 880 9 00000000
C 880 10 00000000
C 880 11 00000000
C 880 12 00000000
C 880 13 00000000
C 880 14 00000000
C 880 15 00000000
D 880 0 00000000
D 880 1 00000000
V 880 0 00000000
V 880 1 00000000
R 880 0 00000000
B 880 0 00000000
P 880 0 00000000
P 880 1 00000000
P 880 2 00000000
P 880 3 00000000
P 880 4 00000000
T 881 0 00000000
T 881 1 00000000
T 881 2 00000000
C 881 0 00000000
C 881 1 00000000
C 881 2 00000000
C 881 3 00000000
C 881 4 00000000
C 881 5 00000000
C 881 6 00000000
C 881 7 00000000
C 881 8 00000000
C 881 9 00000000
C 881 10 00000000
C 881 11 00000000
C 881 12 00000000
C 881 13 00000000
C 881 14 00000000
C 881 15 00000000
D 881 0 00000000
D 881 1 00000000
V 881 0 00000000
V 881 1 00000000
R 881 0 00000000
B 881 0 00000000
P 881 0 00000000
P 881 1 00000000
P 881 2 00000000
P 881 3 00000000
P 881 4 00000000
T 882 0 00000000
T 882 1 00000000
T 882 2 00000000
C 882 0 00000000
C 882 1 00000000
C 882 2 00000000
C 882 3 00000000
C 882 4 00000000
C 882 5 00000000
C 882 6 00000000
C 882 7 00000000
C 882 8 00000000
C 882 9 00000000
C 882 10 00000000
C 882 11 00000000
C 882 12 00000000
C 882 13 00000000
C 882 14 00000000
C 882 15 00000000
D 882 0 00000000
D 882 1 00000000
V 882 0 00000000
V 882 1 00000000
R 882 0 00000000
B 882 0 00000000
P 882 0 00000000
P 882 1 00000000
P 882 2 00000000
P 882 3 00000000
P 882 4 00000000
T 883 0 00000000
T 883 1 00000000
T 883 2 00000000
C 883 0 00000000
C 883 1 00000000
C 883 2 00000000
C 883 3 00000000
C 883 4 00000000
C 883 5 00000000
C 883 6 00000000
C 883 7 00000000
C 883 8 00000000
C 883 9 00000000
C 883 10 00000000
C 883 11 00000000
C 883 12 00000000
C 883 13 00000000
C 883 14 00000000
C 883 15 00000000
D 883 0 00000000
D 883 1 00000000
V 883 0 00000000
V 883 1 00000000
R 883 0 00000000
B 883 0 00000000
P 883 0 00000000
P 883 1 00000000
P 883 2 00000000
P 883 3 00000000
P 883 4 00000000
T 884 0 00000000
T 884 1 00000000
T 884 2 00000000
C 884 0 00000000
C 884 1 00000000
C 884 2 00000000
C 884 3 00000000
C 884 4 00000000
C 884 5 00000000
C 884 6 00000000
C 884 7 00000000
C 884 8 00000000
C 884 9 00000000
C 884 10 00000000
C 884 11 00000000
C 884 12 00000000
C 884 13 00000000
C 884 14 00000000
C 884 15 00000000
D 884 0 00000000
D 884 1 00000000
V 884 0 00000000
V 884 1 00000000
R 884 0 00000000
B 884 0 00000000
P 884 0 00000000
P 884 1 00000000
P 884 2 00000000
P 884 3 00000000
P 884 4 00000000
T 885 0 00000000
T 885 1 00000000
T 885 2 00000000
C 885 0 00000000
C 885 1 00000000
C 885 2 00000000
C 885 3 00000000
C 885 4 00000000
C 885 5 00000000
C 885 6 00000000
C 885 7 00000000
C 885 8 00000000
C 885 9 00000000
C 885 10 00000000
C 885 11 00000000
C 885 12 00000000
C 885 13 00000000
C 885 14 00000000
C 885 15 00000000
D 885 0 00000000
D 885 1 00000000
V 885 0 00000000
V 885 1 00000000
R 885 0 00000000
B 885 0 00000000
P 885 0 00000000
P 885 1 00000000
P 885 2 00000000
P 885 3 00000000
P 885 4 00000000
T 886 0 00000000
T 886 1 00000000
T 886 2 00000000
C 886 0 00000000
C 886 1 00000000
C 886 2 00000000
C 886 3 00000000
C 886 4 00000000
C 886 5 00000000
C 886 6 00000000
C 886 7 00000000
C 886 8 00000000
C 886 9 00000000
C 886 10 00000000
C 886 11 00000000
C 886 12 00000000
C 886 13 00000000
C 886 14 00000000
C 886 15 00000000
D 886 0 00000000
D 886 1 00000000
V 886 0 00000000
V 886 1 00000000
R 886 0 00000000
B 886 0 00000000
P 886 0 00000000
P 886 1 00000000
P 886 2 00000000
P 886 3 00000000
P 886 4 00000000
T 887 0 00000000
T 887 1 00000000
T 887 2 00000000
C 887 0 00000000
C 887 1 00000000
C 887 2 00000000
C 887 3 00000000
C 887 4 00000000
C 887 5 00000000
C 887 6 00000000
C 887 7 00000000
C 887 8 00000000
C 887 9 00000000
C 887 10 00000000
C 887 11 00000000
C 887 12 00000000
C 887 13 00000000
C 887 14 00000000
C 887 15 00000000
D 887 0 00000000
D 887 1 00000000
V 887 0 00000000
V 887 1 00000000
R 887 0 00000000
B 887 0 00000000
P 887 0 00000000
P 887 1 00000000
P 887 2 00000000
P 887 3 00000000
P 887 4 00000000
T 888 0 00000000
T 888 1 00000000
T 888 2 00000000
C 888 0 00000000
C 888 1 00000000
C 888 2 00000000
C 888 3 00000000
C 888 4 00000000
C 888 5 00000000
C 888 6 00000000
C 888 7 00000000
C 888 8 00000000
C 888 9 00000000
C 888 10 00000000
C 888 11 00000000
C 888 12 00000000
C 888 13 00000000
C 888 14 00000000
C 888 15 00000000
D 888 0 00000000
D 888 1 00000000
V 888 0 00000000
V 888 1 00000000
R 888 0 00000000
B 888 0 00000000
P 888 0 00000000
P 888 1 00000000
P 888 2 00000000
P 888 3 00000000
P 888 4 00000000
T 889 0 00000000
T 889 1 00000000
T 889 2 00000000
C 889 0 00000000
C 889 1 00000000
C 889 2 00000000
C 889 3 00000000
C 889 4 00000000
C 889 5 00000000
C 889 6 00000000
C 889 7 00000000
C 889 8 00000000
C 889 9 00000000
C 889 10 00000000
C 889 11 00000000
C 889 12 00000000
C 889 13 00000000
C 889 14 00000000
C 889 15 00000000
D 889 0 00000000
D 889 1 00000000
V 889 0 00000000
V 889 1 00000000
R 889 0 00000000
B 889 0 00000000
P 889 0 00000000
P 889 1 00000000
P 889 2 00000000
P 889 3 00000000
P 889 4 00000000
T 890 0 00000000
T 890 1 00000000
T 890 2 00000000
C 890 0 00000000
C 890 1 00000000
C 890 2 00000000
C 890 3 00000000
C 890 4 00000000
C 890 5 00000000
C 890 6 00000000
C 890 7 00000000
C 890 8 00000000
C 890 9 00000000
C 890 10 00000000
C 890 11 00000000
C 890 12 00000000
C 890 13 00000000
C 890 14 00000000
C 890 15 00000000
D 890 0 00000000
D 890 1 00000000
V 890 0 00000000
V 890 1 00000000
R 890 0 00000000
B 890 0 00000000
P 890 0 00000000
P 890 1 00000000
P 890 2 00000000
P 890 3 00000000
P 890 4 00000000
T 891 0 00000000
T 891 1 00000000
T 891 2 00000000
C 891 0 00000000
C 891 1 00000000
C 891 2 00000000
C 891 3 00000000
C 891 4 00000000
C 891 5 00000000
C 891 6 00000000
C 891 7 00000000
C 891 8 00000000
C 891 9 00000000
C 891 10 00000000
C 891 11 00000000
C 891 12 00000000
C 891 13 00000000
C 891 14 00000000
C 891 15 00000000
D 891 0 00000000
D 891 1 00000000
V 891 0 00000000
V 891 1 00000000
R 891 0 00000000
B 891 0 00000000
P 891 0 00000000
P 891 1 00000000
P 891 2 00000000
P 891 3 00000000
P 891 4 00000000
T 892 0 00000000
T 892 1 00000000
T 892 2 00000000
C 892 0 00000000
C 892 1 00000000
C 892 2 00000000
C 892 3 00000000
C 892 4 00000000
C 892 5 00000000
C 892 6 00000000
C 892 7 00000000
C 892 8 00000000
C 892 9 00000000
C 892 10 00000000
C 892 11 00000000
C 892 12 00000000
C 892 13 00000000
C 892 14 00000000
C 892 15 00000000
D 892 0 00000000
D 892 1 00000000
V 892 0 00000000
V 892 1 00000000
R 892 0 00000000
B 892 0 00000000
P 892 0 00000000
P 892 1 00000000
P 892 2 00000000
P 892 3 00000000
P 892 4 00000000
T 893 0 00000000
T 893 1 00000000
T 893 2 00000000
C 893 0 00000000
C 893 1 00000000
C 893 2 00000000
C 893 3 00000000
C 893 4 00000000
C 893 5 00000000
C 893 6 00000000
C 893 7 00000000
C 893 8 00000000
C 893 9 00000000
C 893 10 00000000
C 893 11 00000000
C 893 12 00000000
C 893 13 00000000
C 893 14 00000000
C 893 15 00000000
D 893 0 00000000
D 893 1 00000000
V 893 0 00000000
V 893 1 00000000
R 893 0 00000000
B 893 0 00000000
P 893 0 00000000
P 893 1 00000000
P 893 2 00000000
P 893 3 00000000
P 893 4 00000000
T 894 0 00000000
T 894 1 00000000
T 894 2 00000000
C 894 0 00000000
C 894 1 00000000
C 894 2 00000000
C 894 3 00000000
C 894 4 00000000
C 894 5 00000000
C 894 6 00000000
C 894 7 00000000
C 894 8 00000000
C 894 9 00000000
C 894 10 00000000
C 894 11 00000000
C 894 12 00000000
C 894 13 00000000
C 894 14 00000000
C 894 15 00000000
D 894 0 00000000
D 894 1 00000000
V 894 0 00000000
V 894 1 00000000
R 894 0 00000000
B 894 0 00000000
P 894 0 00000000
P 894 1 00000000
P 894 2 00000000
P 894 3 00000000
P 894 4 00000000
T 895 0 00000000
T 895 1 00000000
T 895 2 00000000
C 895 0 00000000
C 895 1 00000000
C 895 2 00000000
C 895 3 00000000
C 895 4 00000000
C 895 5 00000000
C 895 6 00000000
C 895 7 00000000
C 895 8 00000000
C 895 9 00000000
C 895 10 00000000
C 895 11 00000000
C 895 12 00000000
C 895 13 00000000
C 895 14 00000000
C 895 15 00000000
D 895 0 00000000
D 895 1 00000000
V 895 0 00000000
V 895 1 00000000
R 895 0 00000000
B 895 0 00000000
P 895 0 00000000
P 895 1 00000000
P 895 2 00000000
P 895 3 00000000
P 895 4 00000000
T 896 0 00000000
T 896 1 00000000
T 896 2 00000000
C 896 0 00000000
C 896 1 00000000
C 896 2 00000000
C 896 3 00000000
C 896 4 00000000
C 896 5 00000000
C 896 6 00000000
C 896 7 00000000
C 896 8 00000000
C 896 9 00000000
C 896 10 00000000
C 896 11 00000000
C 896 12 00000000
C 896 13 00000000
C 896 14 00000000
C 896 15 00000000
D 896 0 00000000
D 896 1 00000000
V 896 0 00000000
V 896 1 00000000
R 896 0 00000000
B 896 0 00000000
P 896 0 00000000
P 896 1 00000000
P 896 2 00000000
P 896 3 00000000
P 896 4 00000000
T 897 0 00000000
T 897 1 00000000
T 897 2 00000000
C 897 0 00000000
C 897 1 00000000
C 897 2 00000000
C 897 3 00000000
C 897 4 00000000
C 897 5 00000000
C 897 6 00000000
C 897 7 00000000
C 897 8 00000000
C 897 9 00000000
C 897 10 00000000
C 897 11 00000000
C 897 12 00000000
C 897 13 00000000
C 897 14 00000000
C 897 15 00000000
D 897 0 00000000
D 897 1 00000000
V 897 0 00000000
V 897 1 00000000
R 897 0 00000000
B 897 0 00000000
P 897 0 00000000
P 897 1 00000000
P 897 2 00000000
P 897 3 00000000
P 897 4 00000000
T 898 0 00000000
T 898 1 00000000
T 898 2 00000000
C 898 0 00000000
C 898 1 00000000
C 898 2 00000000
C 898 3 00000000
C 898 4 00000000
C 898 5 00000000
C 898 6 00000000
C 898 7 00000000
C 898 8 00000000
C 898 9 00000000
C 898 10 00000000
C 898 11 00000000
C 898 12 00000000
C 898 13 00000000
C 898 14 00000000
C 898 15 00000000
D 898 0 00000000
D 898 1 00000000
V 898 0 00000000
V 898 1 00000000
R 898 0 00000000
B 898 0 00000000
P 898 0 00000000
P 898 1 00000000
P 898 2 00000000
P 898 3 00000000
P 898 4 00000000
T 899 0 00000000
T 899 1 00000000
T 899 2 00000000
C 899 0 00000000
C 899 1 00000000
C 899 2 00000000
C 899 3 00000000
C 899 4 00000000
C 899 5 00000000
C 899 6 00000000
C 899 7 00000000
C 899 8 00000000
C 899 9 00000000
C 899 10 00000000
C 899 11 00000000
C 899 12 00000000
C 899 13 00000000
C 899 14 00000000
C 899 15 00000000
D 899 0 00000000
D 899 1 00000000
V 899 0 00000000
V 899 1 00000000
R 899 0 00000000
B 899 0 00000000
P 899 0 00000000
P 899 1 00000000
P 899 2 00000000
P 899 3 00000000
P 899 4 00000000
T 900 0 00000000
T 900 1 00000000
T 900 2 00000000
C 900 0 00000000
C 900 1 00000000
C 900 2 00000000
C 900 3 00000000
C 900 4 00000000
C 900 5 00000000
C 900 6 00000000
C 900 7 00000000
C 900 8 00000000
C 900 9 00000000
C 900 10 00000000
C 900 11 00000000
C 900 12 00000000
C 900 13 00000000
C 900 14 00000000
C 900 15 00000000
D 900 0 00000000
D 900 1 00000000
V 900 0 00000000
V 900 1 00000000
R 900 0 00000000
B 900 0 00000000
P 900 0 00000000
P 900 1 00000000
P 900 2 00000000
P 900 3 00000000
P 900 4 00000000
T 901 0 00000000
T 901 1 00000000
T 901 2 00000000
C 901 0 00000000
C 901 1 00000000
C 901 2 00000000
C 901 3 00000000
C 901 4 00000000
C 901 5 00000000
C 901 6 00000000
C 901 7 00000000
C 901 8 00000000
C 901 9 00000000
C 901 10 00000000
C 901 11 00000000
C 901 12 00000000
C 901 13 00000000
C 901 14 00000000
C 901 15 00000000
D 901 0 00000000
D 901 1 00000000
V 901 0 00000000
V 901 1 00000000
R 901 0 00000000
B 901 0 00000000
P 901 0 00000000
P 901 1 00000000
P 901 2 00000000
P 901 3 00000000
P 901 4 00000000
T 902 0 00000000
T 902 1 00000000
T 902 2 00000000
C 902 0 00000000
C 902 1 00000000
C 902 2 00000000
C 902 3 00000000
C 902 4 00000000
C 902 5 00000000
C 902 6 00000000
C 902 7 00000000
C 902 8 00000000
C 902 9 00000000
C 902 10 00000000
C 902 11 00000000
C 902 12 00000000
C 902 13 00000000
C 902 14 00000000
C 902 15 00000000
D 902 0 00000000
D 902 1 00000000
V 902 0 00000000
V 902 1 00000000
R 902 0 00000000
B 902 0 00000000
P 902 0 00000000
P 902 1 00000000
P 902 2 00000000
P 902 3 00000000
P 902 4 00000000
T 903 0 00000000
T 903 1 00000000
T 903 2 00000000
C 903 0 00000000
C 903 1 00000000
C 903 2 00000000
C 903 3 00000000
C 903 4 00000000
C 903 5 00000000
C 903 6 00000000
C 903 7 00000000
C 903 8 00000000
C 903 9 00000000
C 903 10 00000000
C 903 11 00000000
C 903 12 00000000
C 903 13 00000000
C 903 14 00000000
C 903 15 00000000
D 903 0 00000000
D 903 1 00000000
V 903 0 00000000
V 903 1 00000000
R 903 0 00000000
B 903 0 00000000
P 903 0 00000000
P 903 1 00000000
P 903 2 00000000
P 903 3 00000000
P 903 4 00000000
T 904 0 00000000
T 904 1 00000000
T 904 2 00000000
C 904 0 00000000
C 904 1 00000000
C 904 2 00000000
C 904 3 00000000
C 904 4 00000000
C 904 5 00000000
C 904 6 00000000
C 904 7 00000000
C 904 8 00000000
C 904 9 00000000
C 904 10 00000000
C 904 11 00000000
C 904 12 00000000
C 904 13 00000000
C 904 14 00000000
C 904 15 00000000
D 904 0 00000000
D 904 1 00000000
V 904 0 00000000
V 904 1 00000000
R 904 0 00000000
B 904 0 00000000
P 904 0 00000000
P 904 1 00000000
P 904 2 00000000
P 904 3 00000000
P 904 4 00000000
T 905 0 00000000
T 905 1 00000000
T 905 2 00000000
C 905 0 00000000
C 905 1 00000000
C 905 2 00000000
C 905 3 00000000
C 905 4 00000000
C 905 5 00000000
C 905 6 00000000
C 905 7 00000000
C 905 8 00000000
C 905 9 00000000
C 905 10 00000000
C 905 11 00000000
C 905 12 00000000
C 905 13 00000000
C 905 14 00000000
C 905 15 00000000
D 905 0 00000000
D 905 1 00000000
V 905 0 00000000
V 905 1 00000000
R 905 0 00000000
B 905 0 00000000
P 905 0 00000000
P 905 1 00000000
P 905 2 00000000
P 905 3 00000000
P 905 4 00000000
T 906 0 00000000
T 906 1 00000000
T 906 2 00000000
C 906 0 00000000
C 906 1 00000000
C 906 2 00000000
C 906 3 00000000
C 906 4 00000000
C 906 5 00000000
C 906 6 00000000
C 906 7 00000000
C 906 8 00000000
C 906 9 00000000
C 906 10 00000000
C 906 11 00000000
C 906 12 00000000
C 906 13 00000000
C 906 14 00000000
C 906 15 00000000
D 906 0 00000000
D 906 1 00000000
V 906 0 00000000
V 906 1 00000000
R 906 0 00000000
B 906 0 00000000
P 906 0 00000000
P 906 1 00000000
P 906 2 00000000
P 906 3 00000000
P 906 4 00000000
T 907 0 00000000
T 907 1 00000000
T 907 2 00000000
C 907 0 00000000
C 907 1 00000000
C 907 2 00000000
C 907 3 00000000
C 907 4 00000000
C 907 5 00000000
C 907 6 00000000
C 907 7 00000000
C 907 8 00000000
C 907 9 00000000
C 907 10 00000000
C 907 11 00000000
C 907 12 00000000
C 907 13 00000000
C 907 14 00000000
C 907 15 00000000
D 907 0 00000000
D 907 1 00000000
V 907 0 00000000
V 907 1 00000000
R 907 0 00000000
B 907 0 00000000
P 907 0 00000000
P 907 1 00000000
P 907 2 00000000
P 907 3 00000000
P 907 4 00000000
T 908 0 00000000
T 908 1 00000000
T 908 2 00000000
C 908 0 00000000
C 908 1 00000000
C 908 2 00000000
C 908 3 00000000
C 908 4 00000000
C 908 5 00000000
C 908 6 00000000
C 908 7 00000000
C 908 8 00000000
C 908 9 00000000
C 908 10 00000000
C 908 11 00000000
C 908 12 00000000
C 908 13 00000000
C 908 14 00000000
C 908 15 00000000
D 908 0 00000000
D 908 1 00000000
V 908 0 00000000
V 908 1 00000000
R 908 0 00000000
B 908 0 00000000
P 908 0 00000000
P 908 1 00000000
P 908 2 00000000
P 908 3 00000000
P 908 4 00000000
T 909 0 00000000
T 909 1 00000000
T 909 2 00000000
C 909 0 00000000
C 909 1 00000000
C 909 2 00000000
C 909 3 00000000
C 909 4 00000000
C 909 5 00000000
C 909 6 00000000
C 909 7 00000000
C 909 8 00000000
C 909 9 00000000
C 909 10 00000000
C 909 11 00000000
C 909 12 00000000
C 909 13 00000000
C 909 14 00000000
C 909 15 00000000
D 909 0 00000000
D 909 1 00000000
V 909 0 00000000
V 909 1 00000000
R 909 0 00000000
B 909 0 00000000
P 909 0 00000000
P 909 1 00000000
P 909 2 00000000
P 909 3 00000000
P 909 4 00000000
T 910 0 00000000
T 910 1 00000000
T 910 2 00000000
C 910 0 00000000
C 910 1 00000000
C 910 2 00000000
C 910 3 00000000
C 910 4 00000000
C 910 5 00000000
C 910 6 00000000
C 910 7 00000000
C 910 8 00000000
C 910 9 00000000
C 910 10 00000000
C 910 11 00000000
C 910 12 00000000
C 910 13 00000000
C 910 14 00000000
C 910 15 00000000
D 910 0 00000000
D 910 1 00000000
V 910 0 00000000
V 910 1 00000000
R 910 0 00000000
B 910 0 00000000
P 910 0 00000000
P 910 1 00000000
P 910 2 00000000
P 910 3 00000000
P 910 4 00000000
T 911 0 00000000
T 911 1 00000000
T 911 2 00000000
C 911 0 00000000
C 911 1 00000000
C 911 2 00000000
C 911 3 00000000
C 911 4 00000000
C 911 5 00000000
C 911 6 00000000
C 911 7 00000000
C 911 8 00000000
C 911 9 00000000
C 911 10 00000000
C 911 11 00000000
C 911 12 00000000
C 911 13 00000000
C 911 14 00000000
C 911 15 00000000
D 911 0 00000000
D 911 1 00000000
V 911 0 00000000
V 911 1 00000000
R 911 0 00000000
B 911 0 00000000
P 911 0 00000000
P 911 1 00000000
P 911 2 00000000
P 911 3 00000000
P 911 4 00000000
T 912 0 00000000
T 912 1 00000000
T 912 2 00000000
C 912 0 00000000
C 912 1 00000000
C 912 2 00000000
C 912 3 00000000
C 912 4 00000000
C 912 5 00000000
C 912 6 00000000
C 912 7 00000000
C 912 8 00000000
C 912 9 00000000
C 912 10 00000000
C 912 11 00000000
C 912 12 00000000
C 912 13 00000000
C 912 14 00000000
C 912 15 00000000
D 912 0 00000000
D 912 1 00000000
V 912 0 00000000
V 912 1 00000000
R 912 0 00000000
B 912 0 00000000
P 912 0 00000000
P 912 1 00000000
P 912 2 00000000
P 912 3 00000000
P 912 4 00000000
T 913 0 00000000
T 913 1 00000000
T 913 2 00000000
C 913 0 00000000
C 913 1 00000000
C 913 2 00000000
C 913 3 00000000
C 913 4 00000000
C 913 5 00000000
C 913 6 00000000
C 913 7 00000000
C 913 8 00000000
C 913 9 00000000
C 913 10 00000000
C 913 11 00000000
C 913 12 00000000
C 913 13 00000000
C 913 14 00000000
C 913 15 00000000
D 913 0 00000000
D 913 1 00000000
V 913 0 00000000
V 913 1 00000000
R 913 0 00000000
B 913 0 00000000
P 913 0 00000000
P 913 1 00000000
P 913 2 00000000
P 913 3 00000000
P 913 4 00000000
T 914 0 00000000
T 914 1 00000000
T 914 2 00000000
C 914 0 00000000
C 914 1 00000000
C 914 2 00000000
C 914 3 00000000
C 914 4 00000000
C 914 5 00000000
C 914 6 00000000
C 914 7 00000000
C 914 8 00000000
C 914 9 00000000
C 914 10 00000000
C 914 11 00000000
C 914 12 00000000
C 914 13 00000000
C 914 14 00000000
C 914 15 00000000
D 914 0 00000000
D 914 1 00000000
V 914 0 00000000
V 914 1 00000000
R 914 0 00000000
B 914 0 00000000
P 914 0 00000000
P 914 1 00000000
P 914 2 00000000
P 914 3 00000000
P 914 4 00000000
T 915 0 00000000
T 915 1 00000000
T 915 2 00000000
C 915 0 00000000
C 915 1 00000000
C 915 2 00000000
C 915 3 00000000
C 915 4 00000000
C 915 5 00000000
C 915 6 00000000
C 915 7 00000000
C 915 8 00000000
C 915 9 00000000
C 915 10 00000000
C 915 11 00000000
C 915 12 00000000
C 915 13 00000000
C 915 14 00000000
C 915 15 00000000
D 915 0 00000000
D 915 1 00000000
V 915 0 00000000
V 915 1 00000000
R 915 0 00000000
B 915 0 00000000
P 915 0 00000000
P 915 1 00000000
P 915 2 00000000
P 915 3 00000000
P 915 4 00000000
T 916 0 00000000
T 916 1 00000000
T 916 2 00000000
C 916 0 00000000
C 916 1 00000000
C 916 2 00000000
C 916 3 00000000
C 916 4 00000000
C 916 5 00000000
C 916 6 00000000
C 916 7 00000000
C 916 8 00000000
C 916 9 00000000
C 916 10 00000000
C 916 11 00000000
C 916 12 00000000
C 916 13 00000000
C 916 14 00000000
C 916 15 00000000
D 916 0 00000000
D 916 1 00000000
V 916 0 00000000
V 916 1 00000000
R 916 0 00000000
B 916 0 00000000
P 916 0 00000000
P 916 1 00000000
P 916 2 00000000
P 916 3 00000000
P 916 4 00000000
T 917 0 00000000
T 917 1 00000000
T 917 2 00000000
C 917 0 00000000
C 917 1 00000000
C 917 2 00000000
C 917 3 00000000
C 917 4 00000000
C 917 5 00000000
C 917 6 00000000
C 917 7 00000000
C 917 8 00000000
C 917 9 00000000
C 917 10 00000000
C 917 11 00000000
C 917 12 00000000
C 917 13 00000000
C 917 14 00000000
C 917 15 00000000
D 917 0 00000000
D 917 1 00000000
V 917 0 00000000
V 917 1 00000000
R 917 0 00000000
B 917 0 00000000
P 917 0 00000000
P 917 1 00000000
P 917 2 00000000
P 917 3 00000000
P 917 4 00000000
T 918 0 00000000
T 918 1 00000000
T 918 2 00000000
C 918 0 00000000
C 918 1 00000000
C 918 2 00000000
C 918 3 00000000
C 918 4 00000000
C 918 5 00000000
C 918 6 00000000
C 918 7 00000000
C 918 8 00000000
C 918 9 00000000
C 918 10 00000000
C 918 11 00000000
C 918 12 00000000
C 918 13 00000000
C 918 14 00000000
C 918 15 00000000
D 918 0 00000000
D 918 1 00000000
V 918 0 00000000
V 918 1 00000000
R 918 0 00000000
B 918 0 00000000
P 918 0 00000000
P 918 1 00000000
P 918 2 00000000
P 918 3 00000000
P 918 4 00000000
T 919 0 00000000
T 919 1 00000000
T 919 2 00000000
C 919 0 00000000
C 919 1 00000000
C 919 2 00000000
C 919 3 00000000
C 919 4 00000000
C 919 5 00000000
C 919 6 00000000
C 919 7 00000000
C 919 8 00000000
C 919 9 00000000
C 919 10 00000000
C 919 11 00000000
C 919 12 00000000
C 919 13 00000000
C 919 14 00000000
C 919 15 00000000
D 919 0 00000000
D 919 1 00000000
V 919 0 00000000
V 919 1 00000000
R 919 0 00000000
B 919 0 00000000
P 919 0 00000000
P 919 1 00000000
P 919 2 00000000
P 919 3 00000000
P 919 4 00000000
T 920 0 00000000
T 920 1 00000000
T 920 2 00000000
C 920 0 00000000
C 920 1 00000000
C 920 2 00000000
C 920 3 00000000
C 920 4 00000000
C 920 5 00000000
C 920 6 00000000
C 920 7 00000000
C 920 8 00000000
C 920 9 00000000
C 920 10 00000000
C 920 11 00000000
C 920 12 00000000
C 920 13 00000000
C 920 14 00000000
C 920 15 00000000
D 920 0 00000000
D 920 1 00000000
V 920 0 00000000
V 920 1 00000000
R 920 0 00000000
B 920 0 00000000
P 920 0 00000000
P 920 1 00000000
P 920 2 00000000
P 920 3 00000000
P 920 4 00000000
T 921 0 00000000
T 921 1 00000000
T 921 2 00000000
C 921 0 00000000
C 921 1 00000000
C 921 2 00000000
C 921 3 00000000
C 921 4 00000000
C 921 5 00000000
C 921 6 00000000
C 921 7 00000000
C 921 8 00000000
C 921 9 00000000
C 921 10 00000000
C 921 11 00000000
C 921 12 00000000
C 921 13 00000000
C 921 14 00000000
C 921 15 00000000
D 921 0 00000000
D 921 1 00000000
V 921 0 00000000
V 921 1 00000000
R 921 0 00000000
B 921 0 00000000
P 921 0 00000000
P 921 1 00000000
P 921 2 00000000
P 921 3 00000000
P 921 4 00000000
T 922 0 00000000
T 922 1 00000000
T 922 2 00000000
C 922 0 00000000
C 922 1 00000000
C 922 2 00000000
C 922 3 00000000
C 922 4 00000000
C 922 5 00000000
C 922 6 00000000
C 922 7 00000000
C 922 8 00000000
C 922 9 00000000
C 922 10 00000000
C 922 11 00000000
C 922 12 00000000
C 922 13 00000000
C 922 14 00000000
C 922 15 00000000
D 922 0 00000000
D 922 1 00000000
V 922 0 00000000
V 922 1 00000000
R 922 0 00000000
B 922 0 00000000
P 922 0 00000000
P 922 1 00000000
P 922 2 00000000
P 922 3 00000000
P 922 4 00000000
T 923 0 00000000
T 923 1 00000000
T 923 2 00000000
C 923 0 00000000
C 923 1 00000000
C 923 2 00000000
C 923 3 00000000
C 923 4 00000000
C 923 5 00000000
C 923 6 00000000
C 923 7 00000000
C 923 8 00000000
C 923 9 00000000
C 923 10 00000000
C 923 11 00000000
C 923 12 00000000
C 923 13 00000000
C 923 14 00000000
C 923 15 00000000
D 923 0 00000000
D 923 1 00000000
V 923 0 00000000
V 923 1 00000000
R 923 0 00000000
B 923 0 00000000
P 923 0 00000000
P 923 1 00000000
P 923 2 00000000
P 923 3 00000000
P 923 4 00000000
T 924 0 00000000
T 924 1 00000000
T 924 2 00000000
C 924 0 00000000
C 924 1 00000000
C 924 2 00000000
C 924 3 00000000
C 924 4 00000000
C 924 5 00000000
C 924 6 00000000
C 924 7 00000000
C 924 8 00000000
C 924 9 00000000
C 924 10 00000000
C 924 11 00000000
C 924 12 00000000
C 924 13 00000000
C 924 14 00000000
C 924 15 00000000
D 924 0 00000000
D 924 1 00000000
V 924 0 00000000
V 924 1 00000000
R 924 0 00000000
B 924 0 00000000
P 924 0 00000000
P 924 1 00000000
P 924 2 00000000
P 924 3 00000000
P 924 4 00000000
T 925 0 00000000
T 925 1 00000000
T 925 2 00000000
C 925 0 00000000
C 925 1 00000000
C 925 2 00000000
C 925 3 00000000
C 925 4 00000000
C 925 5 00000000
C 925 6 00000000
C 925 7 00000000
C 925 8 00000000
C 925 9 00000000
C 925 10 00000000
C 925 11 00000000
C 925 12 00000000
C 925 13 00000000
C 925 14 00000000
C 925 15 00000000
D 925 0 00000000
D 925 1 00000000
V 925 0 00000000
V 925 1 00000000
R 925 0 00000000
B 925 0 00000000
P 925 0 00000000
P 925 1 00000000
P 925 2 00000000
P 925 3 00000000
P 925 4 00000000
T 926 0 00000000
T 926 1 00000000
T 926 2 00000000
C 926 0 00000000
C 926 1 00000000
C 926 2 00000000
C 926 3 00000000
C 926 4 00000000
C 926 5 00000000
C 926 6 00000000
C 926 7 00000000
C 926 8 00000000
C 926 9 00000000
C 926 10 00000000
C 926 11 00000000
C 926 12 00000000
C 926 13 00000000
C 926 14 00000000
C 926 15 00000000
D 926 0 00000000
D 926 1 00000000
V 926 0 00000000
V 926 1 00000000
R 926 0 00000000
B 926 0 00000000
P 926 0 00000000
P 926 1 00000000
P 926 2 00000000
P 926 3 00000000
P 926 4 00000000
T 927 0 00000000
T 927 1 00000000
T 927 2 00000000
C 927 0 00000000
C 927 1 00000000
C 927 2 00000000
C 927 3 00000000
C 927 4 00000000
C 927 5 00000000
C 927 6 00000000
C 927 7 00000000
C 927 8 00000000
C 927 9 00000000
C 927 10 00000000
C 927 11 00000000
C 927 12 00000000
C 927 13 00000000
C 927 14 00000000
C 927 15 00000000
D 927 0 00000000
D 927 1 00000000
V 927 0 00000000
V 927 1 00000000
R 927 0 00000000
B 927 0 00000000
P 927 0 00000000
P 927 1 00000000
P 927 2 00000000
P 927 3 00000000
P 927 4 00000000
T 928 0 00000000
T 928 1 00000000
T 928 2 00000000
C 928 0 00000000
C 928 1 00000000
C 928 2 00000000
C 928 3 00000000
C 928 4 00000000
C 928 5 00000000
C 928 6 00000000
C 928 7 00000000
C 928 8 00000000
C 928 9 00000000
C 928 10 00000000
C 928 11 00000000
C 928 12 00000000
C 928 13 00000000
C 928 14 00000000
C 928 15 00000000
D 928 0 00000000
D 928 1 00000000
V 928 0 00000000
V 928 1 00000000
R 928 0 00000000
B 928 0 00000000
P 928 0 00000000
P 928 1 00000000
P 928 2 00000000
P 928 3 00000000
P 928 4 00000000
T 929 0 00000000
T 929 1 00000000
T 929 2 00000000
C 929 0 00000000
C 929 1 00000000
C 929 2 00000000
C 929 3 00000000
C 929 4 00000000
C 929 5 00000000
C 929 6 00000000
C 929 7 00000000
C 929 8 00000000
C 929 9 00000000
C 929 10 00000000
C 929 11 00000000
C 929 12 00000000
C 929 13 00000000
C 929 14 00000000
C 929 15 00000000
D 929 0 00000000
D 929 1 00000000
V 929 0 00000000
V 929 1 00000000
R 929 0 00000000
B 929 0 00000000
P 929 0 00000000
P 929 1 00000000
P 929 2 00000000
P 929 3 00000000
P 929 4 00000000
T 930 0 00000000
T 930 1 00000000
T 930 2 00000000
C 930 0 00000000
C 930 1 00000000
C 930 2 00000000
C 930 3 00000000
C 930 4 00000000
C 930 5 00000000
C 930 6 00000000
C 930 7 00000000
C 930 8 00000000
C 930 9 00000000
C 930 10 00000000
C 930 11 00000000
C 930 12 00000000
C 930 13 00000000
C 930 14 00000000
C 930 15 00000000
D 930 0 00000000
D 930 1 00000000
V 930 0 00000000
V 930 1 00000000
R 930 0 00000000
B 930 0 00000000
P 930 0 00000000
P 930 1 00000000
P 930 2 00000000
P 930 3 00000000
P 930 4 00000000
T 931 0 00000000
T 931 1 00000000
T 931 2 00000000
C 931 0 00000000
C 931 1 00000000
C 931 2 00000000
C 931 3 00000000
C 931 4 00000000
C 931 5 00000000
C 931 6 00000000
C 931 7 00000000
C 931 8 00000000
C 931 9 00000000
C 931 10 00000000
C 931 11 00000000
C 931 12 00000000
C 931 13 00000000
C 931 14 00000000
C 931 15 00000000
D 931 0 00000000
D 931 1 00000000
V 931 0 00000000
V 931 1 00000000
R 931 0 00000000
B 931 0 00000000
P 931 0 00000000
P 931 1 00000000
P 931 2 00000000
P 931 3 00000000
P 931 4 00000000
T 932 0 00000000
T 932 1 00000000
T 932 2 00000000
C 932 0 00000000
C 932 1 00000000
C 932 2 00000000
C 932 3 00000000
C 932 4 00000000
C 932 5 00000000
C 932 6 00000000
C 932 7 00000000
C 932 8 00000000
C 932 9 00000000
C 932 10 00000000
C 932 11 00000000
C 932 12 00000000
C 932 13 00000000
C 932 14 00000000
C 932 15 00000000
D 932 0 00000000
D 932 1 00000000
V 932 0 00000000
V 932 1 00000000
R 932 0 00000000
B 932 0 00000000
P 932 0 00000000
P 932 1 00000000
P 932 2 00000000
P 932 3 00000000
P 932 4 00000000
T 933 0 00000000
T 933 1 00000000
T 933 2 00000000
C 933 0 00000000
C 933 1 00000000
C 933 2 00000000
C 933 3 00000000
C 933 4 00000000
C 933 5 00000000
C 933 6 00000000
C 933 7 00000000
C 933 8 00000000
C 933 9 00000000
C 933 10 00000000
C 933 11 00000000
C 933 12 00000000
C 933 13 00000000
C 933 14 00000000
C 933 15 00000000
D 933 0 00000000
D 933 1 00000000
V 933 0 00000000
V 933 1 00000000
R 933 0 00000000
B 933 0 00000000
P 933 0 00000000
P 933 1 00000000
P 933 2 00000000
P 933 3 00000000
P 933 4 00000000
T 934 0 00000000
T 934 1 00000000
T 934 2 00000000
C 934 0 00000000
C 934 1 00000000
C 934 2 00000000
C 934 3 00000000
C 934 4 00000000
C 934 5 00000000
C 934 6 00000000
C 934 7 00000000
C 934 8 00000000
C 934 9 00000000
C 934 10 00000000
C 934 11 00000000
C 934 12 00000000
C 934 13 00000000
C 934 14 00000000
C 934 15 00000000
D 934 0 00000000
D 934 1 00000000
V 934 0 00000000
V 934 1 00000000
R 934 0 00000000
B 934 0 00000000
P 934 0 00000000
P 934 1 00000000
P 934 2 00000000
P 934 3 00000000
P 934 4 00000000
T 935 0 00000000
T 935 1 00000000
T 935 2 00000000
C 935 0 00000000
C 935 1 00000000
C 935 2 00000000
C 935 3 00000000
C 935 4 00000000
C 935 5 00000000
C 935 6 00000000
C 935 7 00000000
C 935 8 00000000
C 935 9 00000000
C 935 10 00000000
C 935 11 00000000
C 935 12 00000000
C 935 13 00000000
C 935 14 00000000
C 935 15 00000000
D 935 0 00000000
D 935 1 00000000
V 935 0 00000000
V 935 1 00000000
R 935 0 00000000
B 935 0 00000000
P 935 0 00000000
P 935 1 00000000
P 935 2 00000000
P 935 3 00000000
P 935 4 00000000
T 936 0 00000000
T 936 1 00000000
T 936 2 00000000
C 936 0 00000000
C 936 1 00000000
C 936 2 00000000
C 936 3 00000000
C 936 4 00000000
C 936 5 00000000
C 936 6 00000000
C 936 7 00000000
C 936 8 00000000
C 936 9 00000000
C 936 10 00000000
C 936 11 00000000
C 936 12 00000000
C 936 13 00000000
C 936 14 00000000
C 936 15 00000000
D 936 0 00000000
D 936 1 00000000
V 936 0 00000000
V 936 1 00000000
R 936 0 00000000
B 936 0 00000000
P 936 0 00000000
P 936 1 00000000
P 936 2 00000000
P 936 3 00000000
P 936 4 00000000
T 937 0 00000000
T 937 1 00000000
T 937 2 00000000
C 937 0 00000000
C 937 1 00000000
C 937 2 00000000
C 937 3 00000000
C 937 4 00000000
C 937 5 00000000
C 937 6 00000000
C 937 7 00000000
C 937 8 00000000
C 937 9 00000000
C 937 10 00000000
C 937 11 00000000
C 937 12 00000000
C 937 13 00000000
C 937 14 00000000
C 937 15 00000000
D 937 0 00000000
D 937 1 00000000
V 937 0 00000000
V 937 1 00000000
R 937 0 00000000
B 937 0 00000000
P 937 0 00000000
P 937 1 00000000
P 937 2 00000000
P 937 3 00000000
P 937 4 00000000
T 938 0 00000000
T 938 1 00000000
T 938 2 00000000
C 938 0 00000000
C 938 1 00000000
C 938 2 00000000
C 938 3 00000000
C 938 4 00000000
C 938 5 00000000
C 938 6 00000000
C 938 7 00000000
C 938 8 00000000
C 938 9 00000000
C 938 10 00000000
C 938 11 00000000
C 938 12 00000000
C 938 13 00000000
C 938 14 00000000
C 938 15 00000000
D 938 0 00000000
D 938 1 00000000
V 938 0 00000000
V 938 1 00000000
R 938 0 00000000
B 938 0 00000000
P 938 0 00000000
P 938 1 00000000
P 938 2 00000000
P 938 3 00000000
P 938 4 00000000
T 939 0 00000000
T 939 1 00000000
T 939 2 00000000
C 939 0 00000000
C 939 1 00000000
C 939 2 00000000
C 939 3 00000000
C 939 4 00000000
C 939 5 00000000
C 939 6 00000000
C 939 7 00000000
C 939 8 00000000
C 939 9 00000000
C 939 10 00000000
C 939 11 00000000
C 939 12 00000000
C 939 13 00000000
C 939 14 00000000
C 939 15 00000000
D 939 0 00000000
D 939 1 00000000
V 939 0 00000000
V 939 1 00000000
R 939 0 00000000
B 939 0 00000000
P 939 0 00000000
P 939 1 00000000
P 939 2 00000000
P 939 3 00000000
P 939 4 00000000
T 940 0 00000000
T 940 1 00000000
T 940 2 00000000
C 940 0 00000000
C 940 1 00000000
C 940 2 00000000
C 940 3 00000000
C 940 4 00000000
C 940 5 00000000
C 940 6 00000000
C 940 7 00000000
C 940 8 00000000
C 940 9 00000000
C 940 10 00000000
C 940 11 00000000
C 940 12 00000000
C 940 13 00000000
C 940 14 00000000
C 940 15 00000000
D 940 0 00000000
D 940 1 00000000
V 940 0 00000000
V 940 1 00000000
R 940 0 00000000
B 940 0 00000000
P 940 0 00000000
P 940 1 00000000
P 940 2 00000000
P 940 3 00000000
P 940 4 00000000
T 941 0 00000000
T 941 1 00000000
T 941 2 00000000
C 941 0 00000000
C 941 1 00000000
C 941 2 00000000
C 941 3 00000000
C 941 4 00000000
C 941 5 00000000
C 941 6 00000000
C 941 7 00000000
C 941 8 00000000
C 941 9 00000000
C 941 10 00000000
C 941 11 00000000
C 941 12 00000000
C 941 13 00000000
C 941 14 00000000
C 941 15 00000000
D 941 0 00000000
D 941 1 00000000
V 941 0 00000000
V 941 1 00000000
R 941 0 00000000
B 941 0 00000000
P 941 0 00000000
P 941 1 00000000
P 941 2 00000000
P 941 3 00000000
P 941 4 00000000
T 942 0 00000000
T 942 1 00000000
T 942 2 00000000
C 942 0 00000000
C 942 1 00000000
C 942 2 00000000
C 942 3 00000000
C 942 4 00000000
C 942 5 00000000
C 942 6 00000000
C 942 7 00000000
C 942 8 00000000
C 942 9 00000000
C 942 10 00000000
C 942 11 00000000
C 942 12 00000000
C 942 13 00000000
C 942 14 00000000
C 942 15 00000000
D 942 0 00000000
D 942 1 00000000
V 942 0 00000000
V 942 1 00000000
R 942 0 00000000
B 942 0 00000000
P 942 0 00000000
P 942 1 00000000
P 942 2 00000000
P 942 3 00000000
P 942 4 00000000
T 943 0 00000000
T 943 1 00000000
T 943 2 00000000
C 943 0 00000000
C 943 1 00000000
C 943 2 00000000
C 943 3 00000000
C 943 4 00000000
C 943 5 00000000
C 943 6 00000000
C 943 7 00000000
C 943 8 00000000
C 943 9 00000000
C 943 10 00000000
C 943 11 00000000
C 943 12 00000000
C 943 13 00000000
C 943 14 00000000
C 943 15 00000000
D 943 0 00000000
D 943 1 00000000
V 943 0 00000000
V 943 1 00000000
R 943 0 00000000
B 943 0 00000000
P 943 0 00000000
P 943 1 00000000
P 943 2 00000000
P 943 3 00000000
P 943 4 00000000
T 944 0 00000000
T 944 1 00000000
T 944 2 00000000
C 944 0 00000000
C 944 1 00000000
C 944 2 00000000
C 944 3 00000000
C 944 4 00000000
C 944 5 00000000
C 944 6 00000000
C 944 7 00000000
C 944 8 00000000
C 944 9 00000000
C 944 10 00000000
C 944 11 00000000
C 944 12 00000000
C 944 13 00000000
C 944 14 00000000
C 944 15 00000000
D 944 0 00000000
D 944 1 00000000
V 944 0 00000000
V 944 1 00000000
R 944 0 00000000
B 944 0 00000000
P 944 0 00000000
P 944 1 00000000
P 944 2 00000000
P 944 3 00000000
P 944 4 00000000
T 945 0 00000000
T 945 1 00000000
T 945 2 00000000
C 945 0 00000000
C 945 1 00000000
C 945 2 00000000
C 945 3 00000000
C 945 4 00000000
C 945 5 00000000
C 945 6 00000000
C 945 7 00000000
C 945 8 00000000
C 945 9 00000000
C 945 10 00000000
C 945 11 00000000
C 945 12 00000000
C 945 13 00000000
C 945 14 00000000
C 945 15 00000000
D 945 0 00000000
D 945 1 00000000
V 945 0 00000000
V 945 1 00000000
R 945 0 00000000
B 945 0 00000000
P 945 0 00000000
P 945 1 00000000
P 945 2 00000000
P 945 3 00000000
P 945 4 00000000
T 946 0 00000000
T 946 1 00000000
T 946 2 00000000
C 946 0 00000000
C 946 1 00000000
C 946 2 00000000
C 946 3 00000000
C 946 4 00000000
C 946 5 00000000
C 946 6 00000000
C 946 7 00000000
C 946 8 00000000
C 946 9 00000000
C 946 10 00000000
C 946 11 00000000
C 946 12 00000000
C 946 13 00000000
C 946 14 00000000
C 946 15 00000000
D 946 0 00000000
D 946 1 00000000
V 946 0 00000000
V 946 1 00000000
R 946 0 00000000
B 946 0 00000000
P 946 0 00000000
P 946 1 00000000
P 946 2 00000000
P 946 3 00000000
P 946 4 00000000
T 947 0 00000000
T 947 1 00000000
T 947 2 00000000
C 947 0 00000000
C 947 1 00000000
C 947 2 00000000
C 947 3 00000000
C 947 4 00000000
C 947 5 00000000
C 947 6 00000000
C 947 7 00000000
C 947 8 00000000
C 947 9 00000000
C 947 10 00000000
C 947 11 00000000
C 947 12 00000000
C 947 13 00000000
C 947 14 00000000
C 947 15 00000000
D 947 0 00000000
D 947 1 00000000
V 947 0 00000000
V 947 1 00000000
R 947 0 00000000
B 947 0 00000000
P 947 0 00000000
P 947 1 00000000
P 947 2 00000000
P 947 3 00000000
P 947 4 00000000
T 948 0 00000000
T 948 1 00000000
T 948 2 00000000
C 948 0 00000000
C 948 1 00000000
C 948 2 00000000
C 948 3 00000000
C 948 4 00000000
C 948 5 00000000
C 948 6 00000000
C 948 7 00000000
C 948 8 00000000
C 948 9 00000000
C 948 10 00000000
C 948 11 00000000
C 948 12 00000000
C 948 13 00000000
C 948 14 00000000
C 948 15 00000000
D 948 0 00000000
D 948 1 00000000
V 948 0 00000000
V 948 1 00000000
R 948 0 00000000
B 948 0 00000000
P 948 0 00000000
P 948 1 00000000
P 948 2 00000000
P 948 3 00000000
P 948 4 00000000
T 949 0 00000000
T 949 1 00000000
T 949 2 00000000
C 949 0 00000000
C 949 1 00000000
C 949 2 00000000
C 949 3 00000000
C 949 4 00000000
C 949 5 00000000
C 949 6 00000000
C 949 7 00000000
C 949 8 00000000
C 949 9 00000000
C 949 10 00000000
C 949 11 00000000
C 949 12 00000000
C 949 13 00000000
C 949 14 00000000
C 949 15 00000000
D 949 0 00000000
D 949 1 00000000
V 949 0 00000000
V 949 1 00000000
R 949 0 00000000
B 949 0 00000000
P 949 0 00000000
P 949 1 00000000
P 949 2 00000000
P 949 3 00000000
P 949 4 00000000
T 950 0 00000000
T 950 1 00000000
T 950 2 00000000
C 950 0 00000000
C 950 1 00000000
C 950 2 00000000
C 950 3 00000000
C 950 4 00000000
C 950 5 00000000
C 950 6 00000000
C 950 7 00000000
C 950 8 00000000
C 950 9 00000000
C 950 10 00000000
C 950 11 00000000
C 950 12 00000000
C 950 13 00000000
C 950 14 00000000
C 950 15 00000000
D 950 0 00000000
D 950 1 00000000
V 950 0 00000000
V 950 1 00000000
R 950 0 00000000
B 950 0 00000000
P 950 0 00000000
P 950 1 00000000
P 950 2 00000000
P 950 3 00000000
P 950 4 00000000
T 951 0 00000000
T 951 1 00000000
T 951 2 00000000
C 951 0 00000000
C 951 1 00000000
C 951 2 00000000
C 951 3 00000000
C 951 4 00000000
C 951 5 00000000
C 951 6 00000000
C 951 7 00000000
C 951 8 00000000
C 951 9 00000000
C 951 10 00000000
C 951 11 00000000
C 951 12 00000000
C 951 13 00000000
C 951 14 00000000
C 951 15 00000000
D 951 0 00000000
D 951 1 00000000
V 951 0 00000000
V 951 1 00000000
R 951 0 00000000
B 951 0 00000000
P 951 0 00000000
P 951 1 00000000
P 951 2 00000000
P 951 3 00000000
P 951 4 00000000
T 952 0 00000000
T 952 1 00000000
T 952 2 00000000
C 952 0 00000000
C 952 1 00000000
C 952 2 00000000
C 952 3 00000000
C 952 4 00000000
C 952 5 00000000
C 952 6 00000000
C 952 7 00000000
C 952 8 00000000
C 952 9 00000000
C 952 10 00000000
C 952 11 00000000
C 952 12 00000000
C 952 13 00000000
C 952 14 00000000
C 952 15 00000000
D 952 0 00000000
D 952 1 00000000
V 952 0 00000000
V 952 1 00000000
R 952 0 00000000
B 952 0 00000000
P 952 0 00000000
P 952 1 00000000
P 952 2 00000000
P 952 3 00000000
P 952 4 00000000
T 953 0 00000000
T 953 1 00000000
T 953 2 00000000
C 953 0 00000000
C 953 1 00000000
C 953 2 00000000
C 953 3 00000000
C 953 4 00000000
C 953 5 00000000
C 953 6 00000000
C 953 7 00000000
C 953 8 00000000
C 953 9 00000000
C 953 10 00000000
C 953 11 00000000
C 953 12 00000000
C 953 13 00000000
C 953 14 00000000
C 953 15 00000000
D 953 0 00000000
D 953 1 00000000
V 953 0 00000000
V 953 1 00000000
R 953 0 00000000
B 953 0 00000000
P 953 0 00000000
P 953 1 00000000
P 953 2 00000000
P 953 3 00000000
P 953 4 00000000
T 954 0 00000000
T 954 1 00000000
T 954 2 00000000
C 954 0 00000000
C 954 1 00000000
C 954 2 00000000
C 954 3 00000000
C 954 4 00000000
C 954 5 00000000
C 954 6 00000000
C 954 7 00000000
C 954 8 00000000
C 954 9 00000000
C 954 10 00000000
C 954 11 00000000
C 954 12 00000000
C 954 13 00000000
C 954 14 00000000
C 954 15 00000000
D 954 0 00000000
D 954 1 00000000
V 954 0 00000000
V 954 1 00000000
R 954 0 00000000
B 954 0 00000000
P 954 0 00000000
P 954 1 00000000
P 954 2 00000000
P 954 3 00000000
P 954 4 00000000
T 955 0 00000000
T 955 1 00000000
T 955 2 00000000
C 955 0 00000000
C 955 1 00000000
C 955 2 00000000
C 955 3 00000000
C 955 4 00000000
C 955 5 00000000
C 955 6 00000000
C 955 7 00000000
C 955 8 00000000
C 955 9 00000000
C 955 10 00000000
C 955 11 00000000
C 955 12 00000000
C 955 13 00000000
C 955 14 00000000
C 955 15 00000000
D 955 0 00000000
D 955 1 00000000
V 955 0 00000000
V 955 1 00000000
R 955 0 00000000
B 955 0 00000000
P 955 0 00000000
P 955 1 00000000
P 955 2 00000000
P 955 3 00000000
P 955 4 00000000
T 956 0 00000000
T 956 1 00000000
T 956 2 00000000
C 956 0 00000000
C 956 1 00000000
C 956 2 00000000
C 956 3 00000000
C 956 4 00000000
C 956 5 00000000
C 956 6 00000000
C 956 7 00000000
C 956 8 00000000
C 956 9 00000000
C 956 10 00000000
C 956 11 00000000
C 956 12 00000000
C 956 13 00000000
C 956 14 00000000
C 956 15 00000000
D 956 0 00000000
D 956 1 00000000
V 956 0 00000000
V 956 1 00000000
R 956 0 00000000
B 956 0 00000000
P 956 0 00000000
P 956 1 00000000
P 956 2 00000000
P 956 3 00000000
P 956 4 00000000
T 957 0 00000000
T 957 1 00000000
T 957 2 00000000
C 957 0 00000000
C 957 1 00000000
C 957 2 00000000
C 957 3 00000000
C 957 4 00000000
C 957 5 00000000
C 957 6 00000000
C 957 7 00000000
C 957 8 00000000
C 957 9 00000000
C 957 10 00000000
C 957 11 00000000
C 957 12 00000000
C 957 13 00000000
C 957 14 00000000
C 957 15 00000000
D 957 0 00000000
D 957 1 00000000
V 957 0 00000000
V 957 1 00000000
R 957 0 00000000
B 957 0 00000000
P 957 0 00000000
P 957 1 00000000
P 957 2 00000000
P 957 3 00000000
P 957 4 00000000
T 958 0 00000000
T 958 1 00000000
T 958 2 00000000
C 958 0 00000000
C 958 1 00000000
C 958 2 00000000
C 958 3 00000000
C 958 4 00000000
C 958 5 00000000
C 958 6 00000000
C 958 7 00000000
C 958 8 00000000
C 958 9 00000000
C 958 10 00000000
C 958 11 00000000
C 958 12 00000000
C 958 13 00000000
C 958 14 00000000
C 958 15 00000000
D 958 0 00000000
D 958 1 00000000
V 958 0 00000000
V 958 1 00000000
R 958 0 00000000
B 958 0 00000000
P 958 0 00000000
P 958 1 00000000
P 958 2 00000000
P 958 3 00000000
P 958 4 00000000
T 959 0 00000000
T 959 1 00000000
T 959 2 00000000
C 959 0 00000000
C 959 1 00000000
C 959 2 00000000
C 959 3 00000000
C 959 4 00000000
C 959 5 00000000
C 959 6 00000000
C 959 7 00000000
C 959 8 00000000
C 959 9 00000000
C 959 10 00000000
C 959 11 00000000
C 959 12 00000000
C 959 13 00000000
C 959 14 00000000
C 959 15 00000000
D 959 0 00000000
D 959 1 00000000
V 959 0 00000000
V 959 1 00000000
R 959 0 00000000
B 959 0 00000000
P 959 0 00000000
P 959 1 00000000
P 959 2 00000000
P 959 3 00000000
P 959 4 00000000
T 960 0 00000000
T 960 1 00000000
T 960 2 00000000
C 960 0 00000000
C 960 1 00000000
C 960 2 00000000
C 960 3 00000000
C 960 4 00000000
C 960 5 00000000
C 960 6 00000000
C 960 7 00000000
C 960 8 00000000
C 960 9 00000000
C 960 10 00000000
C 960 11 00000000
C 960 12 00000000
C 960 13 00000000
C 960 14 00000000
C 960 15 00000000
D 960 0 00000000
D 960 1 00000000
V 960 0 00000000
V 960 1 00000000
R 960 0 00000000
B 960 0 00000000
P 960 0 00000000
P 960 1 00000000
P 960 2 00000000
P 960 3 00000000
P 960 4 00000000
T 961 0 00000000
T 961 1 00000000
T 961 2 00000000
C 961 0 00000000
C 961 1 00000000
C 961 2 00000000
C 961 3 00000000
C 961 4 00000000
C 961 5 00000000
C 961 6 00000000
C 961 7 00000000
C 961 8 00000000
C 961 9 00000000
C 961 10 00000000
C 961 11 00000000
C 961 12 00000000
C 961 13 00000000
C 961 14 00000000
C 961 15 00000000
D 961 0 00000000
D 961 1 00000000
V 961 0 00000000
V 961 1 00000000
R 961 0 00000000
B 961 0 00000000
P 961 0 00000000
P 961 1 00000000
P 961 2 00000000
P 961 3 00000000
P 961 4 00000000
T 962 0 00000000
T 962 1 00000000
T 962 2 00000000
C 962 0 00000000
C 962 1 00000000
C 962 2 00000000
C 962 3 00000000
C 962 4 00000000
C 962 5 00000000
C 962 6 00000000
C 962 7 00000000
C 962 8 00000000
C 962 9 00000000
C 962 10 00000000
C 962 11 00000000
C 962 12 00000000
C 962 13 00000000
C 962 14 00000000
C 962 15 00000000
D 962 0 00000000
D 962 1 00000000
V 962 0 00000000
V 962 1 00000000
R 962 0 00000000
B 962 0 00000000
P 962 0 00000000
P 962 1 00000000
P 962 2 00000000
P 962 3 00000000
P 962 4 00000000
T 963 0 00000000
T 963 1 00000000
T 963 2 00000000
C 963 0 00000000
C 963 1 00000000
C 963 2 00000000
C 963 3 00000000
C 963 4 00000000
C 963 5 00000000
C 963 6 00000000
C 963 7 00000000
C 963 8 00000000
C 963 9 00000000
C 963 10 00000000
C 963 11 00000000
C 963 12 00000000
C 963 13 00000000
C 963 14 00000000
C 963 15 00000000
D 963 0 00000000
D 963 1 00000000
V 963 0 00000000
V 963 1 00000000
R 963 0 00000000
B 963 0 00000000
P 963 0 00000000
P 963 1 00000000
P 963 2 00000000
P 963 3 00000000
P 963 4 00000000
T 964 0 00000000
T 964 1 00000000
T 964 2 00000000
C 964 0 00000000
C 964 1 00000000
C 964 2 00000000
C 964 3 00000000
C 964 4 00000000
C 964 5 00000000
C 964 6 00000000
C 964 7 00000000
C 964 8 00000000
C 964 9 00000000
C 964 10 00000000
C 964 11 00000000
C 964 12 00000000
C 964 13 00000000
C 964 14 00000000
C 964 15 00000000
D 964 0 00000000
D 964 1 00000000
V 964 0 00000000
V 964 1 00000000
R 964 0 00000000
B 964 0 00000000
P 964 0 00000000
P 964 1 00000000
P 964 2 00000000
P 964 3 00000000
P 964 4 00000000
T 965 0 00000000
T 965 1 00000000
T 965 2 00000000
C 965 0 00000000
C 965 1 00000000
C 965 2 00000000
C 965 3 00000000
C 965 4 00000000
C 965 5 00000000
C 965 6 00000000
C 965 7 00000000
C 965 8 00000000
C 965 9 00000000
C 965 10 00000000
C 965 11 00000000
C 965 12 00000000
C 965 13 00000000
C 965 14 00000000
C 965 15 00000000
D 965 0 00000000
D 965 1 00000000
V 965 0 00000000
V 965 1 00000000
R 965 0 00000000
B 965 0 00000000
P 965 0 00000000
P 965 1 00000000
P 965 2 00000000
P 965 3 00000000
P 965 4 00000000
T 966 0 00000000
T 966 1 00000000
T 966 2 00000000
C 966 0 00000000
C 966 1 00000000
C 966 2 00000000
C 966 3 00000000
C 966 4 00000000
C 966 5 00000000
C 966 6 00000000
C 966 7 00000000
C 966 8 00000000
C 966 9 00000000
C 966 10 00000000
C 966 11 00000000
C 966 12 00000000
C 966 13 00000000
C 966 14 00000000
C 966 15 00000000
D 966 0 00000000
D 966 1 00000000
V 966 0 00000000
V 966 1 00000000
R 966 0 00000000
B 966 0 00000000
P 966 0 00000000
P 966 1 00000000
P 966 2 00000000
P 966 3 00000000
P 966 4 00000000
T 967 0 00000000
T 967 1 00000000
T 967 2 00000000
C 967 0 00000000
C 967 1 00000000
C 967 2 00000000
C 967 3 00000000
C 967 4 00000000
C 967 5 00000000
C 967 6 00000000
C 967 7 00000000
C 967 8 00000000
C 967 9 00000000
C 967 10 00000000
C 967 11 00000000
C 967 12 00000000
C 967 13 00000000
C 967 14 00000000
C 967 15 00000000
D 967 0 00000000
D 967 1 00000000
V 967 0 00000000
V 967 1 00000000
R 967 0 00000000
B 967 0 00000000
P 967 0 00000000
P 967 1 00000000
P 967 2 00000000
P 967 3 00000000
P 967 4 00000000
T 968 0 00000000
T 968 1 00000000
T 968 2 00000000
C 968 0 00000000
C 968 1 00000000
C 968 2 00000000
C 968 3 00000000
C 968 4 00000000
C 968 5 00000000
C 968 6 00000000
C 968 7 00000000
C 968 8 00000000
C 968 9 00000000
C 968 10 00000000
C 968 11 00000000
C 968 12 00000000
C 968 13 00000000
C 968 14 00000000
C 968 15 00000000
D 968 0 00000000
D 968 1 00000000
V 968 0 00000000
V 968 1 00000000
R 968 0 00000000
B 968 0 00000000
P 968 0 00000000
P 968 1 00000000
P 968 2 00000000
P 968 3 00000000
P 968 4 00000000
T 969 0 00000000
T 969 1 00000000
T 969 2 00000000
C 969 0 00000000
C 969 1 00000000
C 969 2 00000000
C 969 3 00000000
C 969 4 00000000
C 969 5 00000000
C 969 6 00000000
C 969 7 00000000
C 969 8 00000000
C 969 9 00000000
C 969 10 00000000
C 969 11 00000000
C 969 12 00000000
C 969 13 00000000
C 969 14 00000000
C 969 15 00000000
D 969 0 00000000
D 969 1 00000000
V 969 0 00000000
V 969 1 00000000
R 969 0 00000000
B 969 0 00000000
P 969 0 00000000
P 969 1 00000000
P 969 2 00000000
P 969 3 00000000
P 969 4 00000000
T 970 0 00000000
T 970 1 00000000
T 970 2 00000000
C 970 0 00000000
C 970 1 00000000
C 970 2 00000000
C 970 3 00000000
C 970 4 00000000
C 970 5 00000000
C 970 6 00000000
C 970 7 00000000
C 970 8 00000000
C 970 9 00000000
C 970 10 00000000
C 970 11 00000000
C 970 12 00000000
C 970 13 00000000
C 970 14 00000000
C 970 15 00000000
D 970 0 00000000
D 970 1 00000000
V 970 0 00000000
V 970 1 00000000
R 970 0 00000000
B 970 0 00000000
P 970 0 00000000
P 970 1 00000000
P 970 2 00000000
P 970 3 00000000
P 970 4 00000000
T 971 0 00000000
T 971 1 00000000
T 971 2 00000000
C 971 0 00000000
C 971 1 00000000
C 971 2 00000000
C 971 3 00000000
C 971 4 00000000
C 971 5 00000000
C 971 6 00000000
C 971 7 00000000
C 971 8 00000000
C 971 9 00000000
C 971 10 00000000
C 971 11 00000000
C 971 12 00000000
C 971 13 00000000
C 971 14 00000000
C 971 15 00000000
D 971 0 00000000
D 971 1 00000000
V 971 0 00000000
V 971 1 00000000
R 971 0 00000000
B 971 0 00000000
P 971 0 00000000
P 971 1 00000000
P 971 2 00000000
P 971 3 00000000
P 971 4 00000000
T 972 0 00000000
T 972 1 00000000
T 972 2 00000000
C 972 0 00000000
C 972 1 00000000
C 972 2 00000000
C 972 3 00000000
C 972 4 00000000
C 972 5 00000000
C 972 6 00000000
C 972 7 00000000
C 972 8 00000000
C 972 9 00000000
C 972 10 00000000
C 972 11 00000000
C 972 12 00000000
C 972 13 00000000
C 972 14 00000000
C 972 15 00000000
D 972 0 00000000
D 972 1 00000000
V 972 0 00000000
V 972 1 00000000
R 972 0 00000000
B 972 0 00000000
P 972 0 00000000
P 972 1 00000000
P 972 2 00000000
P 972 3 00000000
P 972 4 00000000
T 973 0 00000000
T 973 1 00000000
T 973 2 00000000
C 973 0 00000000
C 973 1 00000000
C 973 2 00000000
C 973 3 00000000
C 973 4 00000000
C 973 5 00000000
C 973 6 00000000
C 973 7 00000000
C 973 8 00000000
C 973 9 00000000
C 973 10 00000000
C 973 11 00000000
C 973 12 00000000
C 973 13 00000000
C 973 14 00000000
C 973 15 00000000
D 973 0 00000000
D 973 1 00000000
V 973 0 00000000
V 973 1 00000000
R 973 0 00000000
B 973 0 00000000
P 973 0 00000000
P 973 1 00000000
P 973 2 00000000
P 973 3 00000000
P 973 4 00000000
T 974 0 00000000
T 974 1 00000000
T 974 2 00000000
C 974 0 00000000
C 974 1 00000000
C 974 2 00000000
C 974 3 00000000
C 974 4 00000000
C 974 5 00000000
C 974 6 00000000
C 974 7 00000000
C 974 8 00000000
C 974 9 00000000
C 974 10 00000000
C 974 11 00000000
C 974 12 00000000
C 974 13 00000000
C 974 14 00000000
C 974 15 00000000
D 974 0 00000000
D 974 1 00000000
V 974 0 00000000
V 974 1 00000000
R 974 0 00000000
B 974 0 00000000
P 974 0 00000000
P 974 1 00000000
P 974 2 00000000
P 974 3 00000000
P 974 4 00000000
T 975 0 00000000
T 975 1 00000000
T 975 2 00000000
C 975 0 00000000
C 975 1 00000000
C 975 2 00000000
C 975 3 00000000
C 975 4 00000000
C 975 5 00000000
C 975 6 00000000
C 975 7 00000000
C 975 8 00000000
C 975 9 00000000
C 975 10 00000000
C 975 11 00000000
C 975 12 00000000
C 975 13 00000000
C 975 14 00000000
C 975 15 00000000
D 975 0 00000000
D 975 1 00000000
V 975 0 00000000
V 975 1 00000000
R 975 0 00000000
B 975 0 00000000
P 975 0 00000000
P 975 1 00000000
P 975 2 00000000
P 975 3 00000000
P 975 4 00000000
T 976 0 00000000
T 976 1 00000000
T 976 2 00000000
C 976 0 00000000
C 976 1 00000000
C 976 2 00000000
C 976 3 00000000
C 976 4 00000000
C 976 5 00000000
C 976 6 00000000
C 976 7 00000000
C 976 8 00000000
C 976 9 00000000
C 976 10 00000000
C 976 11 00000000
C 976 12 00000000
C 976 13 00000000
C 976 14 00000000
C 976 15 00000000
D 976 0 00000000
D 976 1 00000000
V 976 0 00000000
V 976 1 00000000
R 976 0 00000000
B 976 0 00000000
P 976 0 00000000
P 976 1 00000000
P 976 2 00000000
P 976 3 00000000
P 976 4 00000000
T 977 0 00000000
T 977 1 00000000
T 977 2 00000000
C 977 0 00000000
C 977 1 00000000
C 977 2 00000000
C 977 3 00000000
C 977 4 00000000
C 977 5 00000000
C 977 6 00000000
C 977 7 00000000
C 977 8 00000000
C 977 9 00000000
C 977 10 00000000
C 977 11 00000000
C 977 12 00000000
C 977 13 00000000
C 977 14 00000000
C 977 15 00000000
D 977 0 00000000
D 977 1 00000000
V 977 0 00000000
V 977 1 00000000
R 977 0 00000000
B 977 0 00000000
P 977 0 00000000
P 977 1 00000000
P 977 2 00000000
P 977 3 00000000
P 977 4 00000000
T 978 0 00000000
T 978 1 00000000
T 978 2 00000000
C 978 0 00000000
C 978 1 00000000
C 978 2 00000000
C 978 3 00000000
C 978 4 00000000
C 978 5 00000000
C 978 6 00000000
C 978 7 00000000
C 978 8 00000000
C 978 9 00000000
C 978 10 00000000
C 978 11 00000000
C 978 12 00000000
C 978 13 00000000
C 978 14 00000000
C 978 15 00000000
D 978 0 00000000
D 978 1 00000000
V 978 0 00000000
V 978 1 00000000
R 978 0 00000000
B 978 0 00000000
P 978 0 00000000
P 978 1 00000000
P 978 2 00000000
P 978 3 00000000
P 978 4 00000000
T 979 0 00000000
T 979 1 00000000
T 979 2 00000000
C 979 0 00000000
C 979 1 00000000
C 979 2 00000000
C 979 3 00000000
C 979 4 00000000
C 979 5 00000000
C 979 6 00000000
C 979 7 00000000
C 979 8 00000000
C 979 9 00000000
C 979 10 00000000
C 979 11 00000000
C 979 12 00000000
C 979 13 00000000
C 979 14 00000000
C 979 15 00000000
D 979 0 00000000
D 979 1 00000000
V 979 0 00000000
V 979 1 00000000
R 979 0 00000000
B 979 0 00000000
P 979 0 00000000
P 979 1 00000000
P 979 2 00000000
P 979 3 00000000
P 979 4 00000000
T 980 0 00000000
T 980 1 00000000
T 980 2 00000000
C 980 0 00000000
C 980 1 00000000
C 980 2 00000000
C 980 3 00000000
C 980 4 00000000
C 980 5 00000000
C 980 6 00000000
C 980 7 00000000
C 980 8 00000000
C 980 9 00000000
C 980 10 00000000
C 980 11 00000000
C 980 12 00000000
C 980 13 00000000
C 980 14 00000000
C 980 15 00000000
D 980 0 00000000
D 980 1 00000000
V 980 0 00000000
V 980 1 00000000
R 980 0 00000000
B 980 0 00000000
P 980 0 00000000
P 980 1 00000000
P 980 2 00000000
P 980 3 00000000
P 980 4 00000000
T 981 0 00000000
T 981 1 00000000
T 981 2 00000000
C 981 0 00000000
C 981 1 00000000
C 981 2 00000000
C 981 3 00000000
C 981 4 00000000
C 981 5 00000000
C 981 6 00000000
C 981 7 00000000
C 981 8 00000000
C 981 9 00000000
C 981 10 00000000
C 981 11 00000000
C 981 12 00000000
C 981 13 00000000
C 981 14 00000000
C 981 15 00000000
D 981 0 00000000
D 981 1 00000000
V 981 0 00000000
V 981 1 00000000
R 981 0 00000000
B 981 0 00000000
P 981 0 00000000
P 981 1 00000000
P 981 2 00000000
P 981 3 00000000
P 981 4 00000000
T 982 0 00000000
T 982 1 00000000
T 982 2 00000000
C 982 0 00000000
C 982 1 00000000
C 982 2 00000000
C 982 3 00000000
C 982 4 00000000
C 982 5 00000000
C 982 6 00000000
C 982 7 00000000
C 982 8 00000000
C 982 9 00000000
C 982 10 00000000
C 982 11 00000000
C 982 12 00000000
C 982 13 00000000
C 982 14 00000000
C 982 15 00000000
D 982 0 00000000
D 982 1 00000000
V 982 0 00000000
V 982 1 00000000
R 982 0 00000000
B 982 0 00000000
P 982 0 00000000
P 982 1 00000000
P 982 2 00000000
P 982 3 00000000
P 982 4 00000000
T 983 0 00000000
T 983 1 00000000
T 983 2 00000000
C 983 0 00000000
C 983 1 00000000
C 983 2 00000000
C 983 3 00000000
C 983 4 00000000
C 983 5 00000000
C 983 6 00000000
C 983 7 00000000
C 983 8 00000000
C 983 9 00000000
C 983 10 00000000
C 983 11 00000000
C 983 12 00000000
C 983 13 00000000
C 983 14 00000000
C 983 15 00000000
D 983 0 00000000
D 983 1 00000000
V 983 0 00000000
V 983 1 00000000
R 983 0 00000000
B 983 0 00000000
P 983 0 00000000
P 983 1 00000000
P 983 2 00000000
P 983 3 00000000
P 983 4 00000000
T 984 0 00000000
T 984 1 00000000
T 984 2 00000000
C 984 0 00000000
C 984 1 00000000
C 984 2 00000000
C 984 3 00000000
C 984 4 00000000
C 984 5 00000000
C 984 6 00000000
C 984 7 00000000
C 984 8 00000000
C 984 9 00000000
C 984 10 00000000
C 984 11 00000000
C 984 12 00000000
C 984 13 00000000
C 984 14 00000000
C 984 15 00000000
D 984 0 00000000
D 984 1 00000000
V 984 0 00000000
V 984 1 00000000
R 984 0 00000000
B 984 0 00000000
P 984 0 00000000
P 984 1 00000000
P 984 2 00000000
P 984 3 00000000
P 984 4 00000000
T 985 0 00000000
T 985 1 00000000
T 985 2 00000000
C 985 0 00000000
C 985 1 00000000
C 985 2 00000000
C 985 3 00000000
C 985 4 00000000
C 985 5 00000000
C 985 6 00000000
C 985 7 00000000
C 985 8 00000000
C 985 9 00000000
C 985 10 00000000
C 985 11 00000000
C 985 12 00000000
C 985 13 00000000
C 985 14 00000000
C 985 15 00000000
D 985 0 00000000
D 985 1 00000000
V 985 0 00000000
V 985 1 00000000
R 985 0 00000000
B 985 0 00000000
P 985 0 00000000
P 985 1 00000000
P 985 2 00000000
P 985 3 00000000
P 985 4 00000000
T 986 0 00000000
T 986 1 00000000
T 986 2 00000000
C 986 0 00000000
C 986 1 00000000
C 986 2 00000000
C 986 3 00000000
C 986 4 00000000
C 986 5 00000000
C 986 6 00000000
C 986 7 00000000
C 986 8 00000000
C 986 9 00000000
C 986 10 00000000
C 986 11 00000000
C 986 12 00000000
C 986 13 00000000
C 986 14 00000000
C 986 15 00000000
D 986 0 00000000
D 986 1 00000000
V 986 0 00000000
V 986 1 00000000
R 986 0 00000000
B 986 0 00000000
P 986 0 00000000
P 986 1 00000000
P 986 2 00000000
P 986 3 00000000
P 986 4 00000000
T 987 0 00000000
T 987 1 00000000
T 987 2 00000000
C 987 0 00000000
C 987 1 00000000
C 987 2 00000000
C 987 3 00000000
C 987 4 00000000
C 987 5 00000000
C 987 6 00000000
C 987 7 00000000
C 987 8 00000000
C 987 9 00000000
C 987 10 00000000
C 987 11 00000000
C 987 12 00000000
C 987 13 00000000
C 987 14 00000000
C 987 15 00000000
D 987 0 00000000
D 987 1 00000000
V 987 0 00000000
V 987 1 00000000
R 987 0 00000000
B 987 0 00000000
P 987 0 00000000
P 987 1 00000000
P 987 2 00000000
P 987 3 00000000
P 987 4 00000000
T 988 0 00000000
T 988 1 00000000
T 988 2 00000000
C 988 0 00000000
C 988 1 00000000
C 988 2 00000000
C 988 3 00000000
C 988 4 00000000
C 988 5 00000000
C 988 6 00000000
C 988 7 00000000
C 988 8 00000000
C 988 9 00000000
C 988 10 00000000
C 988 11 00000000
C 988 12 00000000
C 988 13 00000000
C 988 14 00000000
C 988 15 00000000
D 988 0 00000000
D 988 1 00000000
V 988 0 00000000
V 988 1 00000000
R 988 0 00000000
B 988 0 00000000
P 988 0 00000000
P 988 1 00000000
P 988 2 00000000
P 988 3 00000000
P 988 4 00000000
T 989 0 00000000
T 989 1 00000000
T 989 2 00000000
C 989 0 00000000
C 989 1 00000000
C 989 2 00000000
C 989 3 00000000
C 989 4 00000000
C 989 5 00000000
C 989 6 00000000
C 989 7 00000000
C 989 8 00000000
C 989 9 00000000
C 989 10 00000000
C 989 11 00000000
C 989 12 00000000
C 989 13 00000000
C 989 14 00000000
C 989 15 00000000
D 989 0 00000000
D 989 1 00000000
V 989 0 00000000
V 989 1 00000000
R 989 0 00000000
B 989 0 00000000
P 989 0 00000000
P 989 1 00000000
P 989 2 00000000
P 989 3 00000000
P 989 4 00000000
T 990 0 00000000
T 990 1 00000000
T 990 2 00000000
C 990 0 00000000
C 990 1 00000000
C 990 2 00000000
C 990 3 00000000
C 990 4 00000000
C 990 5 00000000
C 990 6 00000000
C 990 7 00000000
C 990 8 00000000
C 990 9 00000000
C 990 10 00000000
C 990 11 00000000
C 990 12 00000000
C 990 13 00000000
C 990 14 00000000
C 990 15 00000000
D 990 0 00000000
D 990 1 00000000
V 990 0 00000000
V 990 1 00000000
R 990 0 00000000
B 990 0 00000000
P 990 0 00000000
P 990 1 00000000
P 990 2 00000000
P 990 3 00000000
P 990 4 00000000
T 991 0 00000000
T 991 1 00000000
T 991 2 00000000
C 991 0 00000000
C 991 1 00000000
C 991 2 00000000
C 991 3 00000000
C 991 4 00000000
C 991 5 00000000
C 991 6 00000000
C 991 7 00000000
C 991 8 00000000
C 991 9 00000000
C 991 10 00000000
C 991 11 00000000
C 991 12 00000000
C 991 13 00000000
C 991 14 00000000
C 991 15 00000000
D 991 0 00000000
D 991 1 00000000
V 991 0 00000000
V 991 1 00000000
R 991 0 00000000
B 991 0 00000000
P 991 0 00000000
P 991 1 00000000
P 991 2 00000000
P 991 3 00000000
P 991 4 00000000
T 992 0 00000000
T 992 1 00000000
T 992 2 00000000
C 992 0 00000000
C 992 1 00000000
C 992 2 00000000
C 992 3 00000000
C 992 4 00000000
C 992 5 00000000
C 992 6 00000000
C 992 7 00000000
C 992 8 00000000
C 992 9 00000000
C 992 10 00000000
C 992 11 00000000
C 992 12 00000000
C 992 13 00000000
C 992 14 00000000
C 992 15 00000000
D 992 0 00000000
D 992 1 00000000
V 992 0 00000000
V 992 1 00000000
R 992 0 00000000
B 992 0 00000000
P 992 0 00000000
P 992 1 00000000
P 992 2 00000000
P 992 3 00000000
P 992 4 00000000
T 993 0 00000000
T 993 1 00000000
T 993 2 00000000
C 993 0 00000000
C 993 1 00000000
C 993 2 00000000
C 993 3 00000000
C 993 4 00000000
C 993 5 00000000
C 993 6 00000000
C 993 7 00000000
C 993 8 00000000
C 993 9 00000000
C 993 10 00000000
C 993 11 00000000
C 993 12 00000000
C 993 13 00000000
C 993 14 00000000
C 993 15 00000000
D 993 0 00000000
D 993 1 00000000
V 993 0 00000000
V 993 1 00000000
R 993 0 00000000
B 993 0 00000000
P 993 0 00000000
P 993 1 00000000
P 993 2 00000000
P 993 3 00000000
P 993 4 00000000
T 994 0 00000000
T 994 1 00000000
T 994 2 00000000
C 994 0 00000000
C 994 1 00000000
C 994 2 00000000
C 994 3 00000000
C 994 4 00000000
C 994 5 00000000
C 994 6 00000000
C 994 7 00000000
C 994 8 00000000
C 994 9 00000000
C 994 10 00000000
C 994 11 00000000
C 994 12 00000000
C 994 13 00000000
C 994 14 00000000
C 994 15 00000000
D 994 0 00000000
D 994 1 00000000
V 994 0 00000000
V 994 1 00000000
R 994 0 00000000
B 994 0 00000000
P 994 0 00000000
P 994 1 00000000
P 994 2 00000000
P 994 3 00000000
P 994 4 00000000
T 995 0 00000000
T 995 1 00000000
T 995 2 00000000
C 995 0 00000000
C 995 1 00000000
C 995 2 00000000
C 995 3 00000000
C 995 4 00000000
C 995 5 00000000
C 995 6 00000000
C 995 7 00000000
C 995 8 00000000
C 995 9 00000000
C 995 10 00000000
C 995 11 00000000
C 995 12 00000000
C 995 13 00000000
C 995 14 00000000
C 995 15 00000000
D 995 0 00000000
D 995 1 00000000
V 995 0 00000000
V 995 1 00000000
R 995 0 00000000
B 995 0 00000000
P 995 0 00000000
P 995 1 00000000
P 995 2 00000000
P 995 3 00000000
P 995 4 00000000
T 996 0 00000000
T 996 1 00000000
T 996 2 00000000
C 996 0 00000000
C 996 1 00000000
C 996 2 00000000
C 996 3 00000000
C 996 4 00000000
C 996 5 00000000
C 996 6 00000000
C 996 7 00000000
C 996 8 00000000
C 996 9 00000000
C 996 10 00000000
C 996 11 00000000
C 996 12 00000000
C 996 13 00000000
C 996 14 00000000
C 996 15 00000000
D 996 0 00000000
D 996 1 00000000
V 996 0 00000000
V 996 1 00000000
R 996 0 00000000
B 996 0 00000000
P 996 0 00000000
P 996 1 00000000
P 996 2 00000000
P 996 3 00000000
P 996 4 00000000
T 997 0 00000000
T 997 1 00000000
T 997 2 00000000
C 997 0 00000000
C 997 1 00000000
C 997 2 00000000
C 997 3 00000000
C 997 4 00000000
C 997 5 00000000
C 997 6 00000000
C 997 7 00000000
C 997 8 00000000
C 997 9 00000000
C 997 10 00000000
C 997 11 00000000
C 997 12 00000000
C 997 13 00000000
C 997 14 00000000
C 997 15 00000000
D 997 0 00000000
D 997 1 00000000
V 997 0 00000000
V 997 1 00000000
R 997 0 00000000
B 997 0 00000000
P 997 0 00000000
P 997 1 00000000
P 997 2 00000000
P 997 3 00000000
P 997 4 00000000
T 998 0 00000000
T 998 1 00000000
T 998 2 00000000
C 998 0 00000000
C 998 1 00000000
C 998 2 00000000
C 998 3 00000000
C 998 4 00000000
C 998 5 00000000
C 998 6 00000000
C 998 7 00000000
C 998 8 00000000
C 998 9 00000000
C 998 10 00000000
C 998 11 00000000
C 998 12 00000000
C 998 13 00000000
C 998 14 00000000
C 998 15 00000000
D 998 0 00000000
D 998 1 00000000
V 998 0 00000000
V 998 1 00000000
R 998 0 00000000
B 998 0 00000000
P 998 0 00000000
P 998 1 00000000
P 998 2 00000000
P 998 3 00000000
P 998 4 00000000
T 999 0 00000000
T 999 1 00000000
T 999 2 00000000
C 999 0 00000000
C 999 1 00000000
C 999 2 00000000
C 999 3 00000000
C 999 4 00000000
C 999 5 00000000
C 999 6 00000000
C 999 7 00000000
C 999 8 00000000
C 999 9 00000000
C 999 10 00000000
C 999 11 00000000
C 999 12 00000000
C 999 13 00000000
C 999 14 00000000
C 999 15 00000000
D 999 0 00000000
D 999 1 00000000
V 999 0 00000000
V 999 1 00000000
R 999 0 00000000
B 999 0 00000000
P 999 0 00000000
P 999 1 00000000
P 999 2 00000000
P 999 3 00000000
P 999 4 00000000
T 1000 0 00000000
T 1000 1 00000000
T 1000 2 00000000
C 1000 0 00000000
C 1000 1 00000000
C 1000 2 00000000
C 1000 3 00000000
C 1000 4 00000000
C 1000 5 00000000
C 1000 6 00000000
C 1000 7 00000000
C 1000 8 00000000
C 1000 9 00000000
C 1000 10 00000000
C 1000 11 00000000
C 1000 12 00000000
C 1000 13 00000000
C 1000 14 00000000
C 1000 15 00000000
D 1000 0 00000000
D 1000 1 00000000
V 1000 0 00000000
V 1000 1 00000000
R 1000 0 00000000
B 1000 0 00000000
P 1000 0 00000000
P 1000 1 00000000
P 1000 2 00000000
P 1000 3 00000000
P 1000 4 00000000
T 1001 0 00000000
T 1001 1 00000000
T 1001 2 00000000
C 1001 0 00000000
C 1001 1 00000000
C 1001 2 00000000
C 1001 3 00000000
C 1001 4 00000000
C 1001 5 00000000
C 1001 6 00000000
C 1001 7 00000000
C 1001 8 00000000
C 1001 9 00000000
C 1001 10 00000000
C 1001 11 00000000
C 1001 12 00000000
C 1001 13 00000000
C 1001 14 00000000
C 1001 15 00000000
D 1001 0 00000000
D 1001 1 00000000
V 1001 0 00000000
V 1001 1 00000000
R 1001 0 00000000
B 1001 0 00000000
P 1001 0 00000000
P 1001 1 00000000
P 1001 2 00000000
P 1001 3 00000000
P 1001 4 00000000
T 1002 0 00000000
T 1002 1 00000000
T 1002 2 00000000
C 1002 0 00000000
C 1002 1 00000000
C 1002 2 00000000
C 1002 3 00000000
C 1002 4 00000000
C 1002 5 00000000
C 1002 6 00000000
C 1002 7 00000000
C 1002 8 00000000
C 1002 9 00000000
C 1002 10 00000000
C 1002 11 00000000
C 1002 12 00000000
C 1002 13 00000000
C 1002 14 00000000
C 1002 15 00000000
D 1002 0 00000000
D 1002 1 00000000
V 1002 0 00000000
V 1002 1 00000000
R 1002 0 00000000
B 1002 0 00000000
P 1002 0 00000000
P 1002 1 00000000
P 1002 2 00000000
P 1002 3 00000000
P 1002 4 00000000
T 1003 0 00000000
T 1003 1 00000000
T 1003 2 00000000
C 1003 0 00000000
C 1003 1 00000000
C 1003 2 00000000
C 1003 3 00000000
C 1003 4 00000000
C 1003 5 00000000
C 1003 6 00000000
C 1003 7 00000000
C 1003 8 00000000
C 1003 9 00000000
C 1003 10 00000000
C 1003 11 00000000
C 1003 12 00000000
C 1003 13 00000000
C 1003 14 00000000
C 1003 15 00000000
D 1003 0 00000000
D 1003 1 00000000
V 1003 0 00000000
V 1003 1 00000000
R 1003 0 00000000
B 1003 0 00000000
P 1003 0 00000000
P 1003 1 00000000
P 1003 2 00000000
P 1003 3 00000000
P 1003 4 00000000
T 1004 0 00000000
T 1004 1 00000000
T 1004 2 00000000
C 1004 0 00000000
C 1004 1 00000000
C 1004 2 00000000
C 1004 3 00000000
C 1004 4 00000000
C 1004 5 00000000
C 1004 6 00000000
C 1004 7 00000000
C 1004 8 00000000
C 1004 9 00000000
C 1004 10 00000000
C 1004 11 00000000
C 1004 12 00000000
C 1004 13 00000000
C 1004 14 00000000
C 1004 15 00000000
D 1004 0 00000000
D 1004 1 00000000
V 1004 0 00000000
V 1004 1 00000000
R 1004 0 00000000
B 1004 0 00000000
P 1004 0 00000000
P 1004 1 00000000
P 1004 2 00000000
P 1004 3 00000000
P 1004 4 00000000
T 1005 0 00000000
T 1005 1 00000000
T 1005 2 00000000
C 1005 0 00000000
C 1005 1 00000000
C 1005 2 00000000
C 1005 3 00000000
C 1005 4 00000000
C 1005 5 00000000
C 1005 6 00000000
C 1005 7 00000000
C 1005 8 00000000
C 1005 9 00000000
C 1005 10 00000000
C 1005 11 00000000
C 1005 12 00000000
C 1005 13 00000000
C 1005 14 00000000
C 1005 15 00000000
D 1005 0 00000000
D 1005 1 00000000
V 1005 0 00000000
V 1005 1 00000000
R 1005 0 00000000
B 1005 0 00000000
P 1005 0 00000000
P 1005 1 00000000
P 1005 2 00000000
P 1005 3 00000000
P 1005 4 00000000
T 1006 0 00000000
T 1006 1 00000000
T 1006 2 00000000
C 1006 0 00000000
C 1006 1 00000000
C 1006 2 00000000
C 1006 3 00000000
C 1006 4 00000000
C 1006 5 00000000
C 1006 6 00000000
C 1006 7 00000000
C 1006 8 00000000
C 1006 9 00000000
C 1006 10 00000000
C 1006 11 00000000
C 1006 12 00000000
C 1006 13 00000000
C 1006 14 00000000
C 1006 15 00000000
D 1006 0 00000000
D 1006 1 00000000
V 1006 0 00000000
V 1006 1 00000000
R 1006 0 00000000
B 1006 0 00000000
P 1006 0 00000000
P 1006 1 00000000
P 1006 2 00000000
P 1006 3 00000000
P 1006 4 00000000
T 1007 0 00000000
T 1007 1 00000000
T 1007 2 00000000
C 1007 0 00000000
C 1007 1 00000000
C 1007 2 00000000
C 1007 3 00000000
C 1007 4 00000000
C 1007 5 00000000
C 1007 6 00000000
C 1007 7 00000000
C 1007 8 00000000
C 1007 9 00000000
C 1007 10 00000000
C 1007 11 00000000
C 1007 12 00000000
C 1007 13 00000000
C 1007 14 00000000
C 1007 15 00000000
D 1007 0 00000000
D 1007 1 00000000
V 1007 0 00000000
V 1007 1 00000000
R 1007 0 00000000
B 1007 0 00000000
P 1007 0 00000000
P 1007 1 00000000
P 1007 2 00000000
P 1007 3 00000000
P 1007 4 00000000
T 1008 0 00000000
T 1008 1 00000000
T 1008 2 00000000
C 1008 0 00000000
C 1008 1 00000000
C 1008 2 00000000
C 1008 3 00000000
C 1008 4 00000000
C 1008 5 00000000
C 1008 6 00000000
C 1008 7 00000000
C 1008 8 00000000
C 1008 9 00000000
C 1008 10 00000000
C 1008 11 00000000
C 1008 12 00000000
C 1008 13 00000000
C 1008 14 00000000
C 1008 15 00000000
D 1008 0 00000000
D 1008 1 00000000
V 1008 0 00000000
V 1008 1 00000000
R 1008 0 00000000
B 1008 0 00000000
P 1008 0 00000000
P 1008 1 00000000
P 1008 2 00000000
P 1008 3 00000000
P 1008 4 00000000
T 1009 0 00000000
T 1009 1 00000000
T 1009 2 00000000
C 1009 0 00000000
C 1009 1 00000000
C 1009 2 00000000
C 1009 3 00000000
C 1009 4 00000000
C 1009 5 00000000
C 1009 6 00000000
C 1009 7 00000000
C 1009 8 00000000
C 1009 9 00000000
C 1009 10 00000000
C 1009 11 00000000
C 1009 12 00000000
C 1009 13 00000000
C 1009 14 00000000
C 1009 15 00000000
D 1009 0 00000000
D 1009 1 00000000
V 1009 0 00000000
V 1009 1 00000000
R 1009 0 00000000
B 1009 0 00000000
P 1009 0 00000000
P 1009 1 00000000
P 1009 2 00000000
P 1009 3 00000000
P 1009 4 00000000
T 1010 0 00000000
T 1010 1 00000000
T 1010 2 00000000
C 1010 0 00000000
C 1010 1 00000000
C 1010 2 00000000
C 1010 3 00000000
C 1010 4 00000000
C 1010 5 00000000
C 1010 6 00000000
C 1010 7 00000000
C 1010 8 00000000
C 1010 9 00000000
C 1010 10 00000000
C 1010 11 00000000
C 1010 12 00000000
C 1010 13 00000000
C 1010 14 00000000
C 1010 15 00000000
D 1010 0 00000000
D 1010 1 00000000
V 1010 0 00000000
V 1010 1 00000000
R 1010 0 00000000
B 1010 0 00000000
P 1010 0 00000000
P 1010 1 00000000
P 1010 2 00000000
P 1010 3 00000000
P 1010 4 00000000
T 1011 0 00000000
T 1011 1 00000000
T 1011 2 00000000
C 1011 0 00000000
C 1011 1 00000000
C 1011 2 00000000
C 1011 3 00000000
C 1011 4 00000000
C 1011 5 00000000
C 1011 6 00000000
C 1011 7 00000000
C 1011 8 00000000
C 1011 9 00000000
C 1011 10 00000000
C 1011 11 00000000
C 1011 12 00000000
C 1011 13 00000000
C 1011 14 00000000
C 1011 15 00000000
D 1011 0 00000000
D 1011 1 00000000
V 1011 0 00000000
V 1011 1 00000000
R 1011 0 00000000
B 1011 0 00000000
P 1011 0 00000000
P 1011 1 00000000
P 1011 2 00000000
P 1011 3 00000000
P 1011 4 00000000
T 1012 0 00000000
T 1012 1 00000000
T 1012 2 00000000
C 1012 0 00000000
C 1012 1 00000000
C 1012 2 00000000
C 1012 3 00000000
C 1012 4 00000000
C 1012 5 00000000
C 1012 6 00000000
C 1012 7 00000000
C 1012 8 00000000
C 1012 9 00000000
C 1012 10 00000000
C 1012 11 00000000
C 1012 12 00000000
C 1012 13 00000000
C 1012 14 00000000
C 1012 15 00000000
D 1012 0 00000000
D 1012 1 00000000
V 1012 0 00000000
V 1012 1 00000000
R 1012 0 00000000
B 1012 0 00000000
P 1012 0 00000000
P 1012 1 00000000
P 1012 2 00000000
P 1012 3 00000000
P 1012 4 00000000
T 1013 0 00000000
T 1013 1 00000000
T 1013 2 00000000
C 1013 0 00000000
C 1013 1 00000000
C 1013 2 00000000
C 1013 3 00000000
C 1013 4 00000000
C 1013 5 00000000
C 1013 6 00000000
C 1013 7 00000000
C 1013 8 00000000
C 1013 9 00000000
C 1013 10 00000000
C 1013 11 00000000
C 1013 12 00000000
C 1013 13 00000000
C 1013 14 00000000
C 1013 15 00000000
D 1013 0 00000000
D 1013 1 00000000
V 1013 0 00000000
V 1013 1 00000000
R 1013 0 00000000
B 1013 0 00000000
P 1013 0 00000000
P 1013 1 00000000
P 1013 2 00000000
P 1013 3 00000000
P 1013 4 00000000
T 1014 0 00000000
T 1014 1 00000000
T 1014 2 00000000
C 1014 0 00000000
C 1014 1 00000000
C 1014 2 00000000
C 1014 3 00000000
C 1014 4 00000000
C 1014 5 00000000
C 1014 6 00000000
C 1014 7 00000000
C 1014 8 00000000
C 1014 9 00000000
C 1014 10 00000000
C 1014 11 00000000
C 1014 12 00000000
C 1014 13 00000000
C 1014 14 00000000
C 1014 15 00000000
D 1014 0 00000000
D 1014 1 00000000
V 1014 0 00000000
V 1014 1 00000000
R 1014 0 00000000
B 1014 0 00000000
P 1014 0 00000000
P 1014 1 00000000
P 1014 2 00000000
P 1014 3 00000000
P 1014 4 00000000
T 1015 0 00000000
T 1015 1 00000000
T 1015 2 00000000
C 1015 0 00000000
C 1015 1 00000000
C 1015 2 00000000
C 1015 3 00000000
C 1015 4 00000000
C 1015 5 00000000
C 1015 6 00000000
C 1015 7 00000000
C 1015 8 00000000
C 1015 9 00000000
C 1015 10 00000000
C 1015 11 00000000
C 1015 12 00000000
C 1015 13 00000000
C 1015 14 00000000
C 1015 15 00000000
D 1015 0 00000000
D 1015 1 00000000
V 1015 0 00000000
V 1015 1 00000000
R 1015 0 00000000
B 1015 0 00000000
P 1015 0 00000000
P 1015 1 00000000
P 1015 2 00000000
P 1015 3 00000000
P 1015 4 00000000
T 1016 0 00000000
T 1016 1 00000000
T 1016 2 00000000
C 1016 0 00000000
C 1016 1 00000000
C 1016 2 00000000
C 1016 3 00000000
C 1016 4 00000000
C 1016 5 00000000
C 1016 6 00000000
C 1016 7 00000000
C 1016 8 00000000
C 1016 9 00000000
C 1016 10 00000000
C 1016 11 00000000
C 1016 12 00000000
C 1016 13 00000000
C 1016 14 00000000
C 1016 15 00000000
D 1016 0 00000000
D 1016 1 00000000
V 1016 0 00000000
V 1016 1 00000000
R 1016 0 00000000
B 1016 0 00000000
P 1016 0 00000000
P 1016 1 00000000
P 1016 2 00000000
P 1016 3 00000000
P 1016 4 00000000
T 1017 0 00000000
T 1017 1 00000000
T 1017 2 00000000
C 1017 0 00000000
C 1017 1 00000000
C 1017 2 00000000
C 1017 3 00000000
C 1017 4 00000000
C 1017 5 00000000
C 1017 6 00000000
C 1017 7 00000000
C 1017 8 00000000
C 1017 9 00000000
C 1017 10 00000000
C 1017 11 00000000
C 1017 12 00000000
C 1017 13 00000000
C 1017 14 00000000
C 1017 15 00000000
D 1017 0 00000000
D 1017 1 00000000
V 1017 0 00000000
V 1017 1 00000000
R 1017 0 00000000
B 1017 0 00000000
P 1017 0 00000000
P 1017 1 00000000
P 1017 2 00000000
P 1017 3 00000000
P 1017 4 00000000
T 1018 0 00000000
T 1018 1 00000000
T 1018 2 00000000
C 1018 0 00000000
C 1018 1 00000000
C 1018 2 00000000
C 1018 3 00000000
C 1018 4 00000000
C 1018 5 00000000
C 1018 6 00000000
C 1018 7 00000000
C 1018 8 00000000
C 1018 9 00000000
C 1018 10 00000000
C 1018 11 00000000
C 1018 12 00000000
C 1018 13 00000000
C 1018 14 00000000
C 1018 15 00000000
D 1018 0 00000000
D 1018 1 00000000
V 1018 0 00000000
V 1018 1 00000000
R 1018 0 00000000
B 1018 0 00000000
P 1018 0 00000000
P 1018 1 00000000
P 1018 2 00000000
P 1018 3 00000000
P 1018 4 00000000
T 1019 0 00000000
T 1019 1 00000000
T 1019 2 00000000
C 1019 0 00000000
C 1019 1 00000000
C 1019 2 00000000
C 1019 3 00000000
C 1019 4 00000000
C 1019 5 00000000
C 1019 6 00000000
C 1019 7 00000000
C 1019 8 00000000
C 1019 9 00000000
C 1019 10 00000000
C 1019 11 00000000
C 1019 12 00000000
C 1019 13 00000000
C 1019 14 00000000
C 1019 15 00000000
D 1019 0 00000000
D 1019 1 00000000
V 1019 0 00000000
V 1019 1 00000000
R 1019 0 00000000
B 1019 0 00000000
P 1019 0 00000000
P 1019 1 00000000
P 1019 2 00000000
P 1019 3 00000000
P 1019 4 00000000
T 1020 0 00000000
T 1020 1 00000000
T 1020 2 00000000
C 1020 0 00000000
C 1020 1 00000000
C 1020 2 00000000
C 1020 3 00000000
C 1020 4 00000000
C 1020 5 00000000
C 1020 6 00000000
C 1020 7 00000000
C 1020 8 00000000
C 1020 9 00000000
C 1020 10 00000000
C 1020 11 00000000
C 1020 12 00000000
C 1020 13 00000000
C 1020 14 00000000
C 1020 15 00000000
D 1020 0 00000000
D 1020 1 00000000
V 1020 0 00000000
V 1020 1 00000000
R 1020 0 00000000
B 1020 0 00000000
P 1020 0 00000000
P 1020 1 00000000
P 1020 2 00000000
P 1020 3 00000000
P 1020 4 00000000
T 1021 0 00000000
T 1021 1 00000000
T 1021 2 00000000
C 1021 0 00000000
C 1021 1 00000000
C 1021 2 00000000
C 1021 3 00000000
C 1021 4 00000000
C 1021 5 00000000
C 1021 6 00000000
C 1021 7 00000000
C 1021 8 00000000
C 1021 9 00000000
C 1021 10 00000000
C 1021 11 00000000
C 1021 12 00000000
C 1021 13 00000000
C 1021 14 00000000
C 1021 15 00000000
D 1021 0 00000000
D 1021 1 00000000
V 1021 0 00000000
V 1021 1 00000000
R 1021 0 00000000
B 1021 0 00000000
P 1021 0 00000000
P 1021 1 00000000
P 1021 2 00000000
P 1021 3 00000000
P 1021 4 00000000
T 1022 0 00000000
T 1022 1 00000000
T 1022 2 00000000
C 1022 0 00000000
C 1022 1 00000000
C 1022 2 00000000
C 1022 3 00000000
C 1022 4 00000000
C 1022 5 00000000
C 1022 6 00000000
C 1022 7 00000000
C 1022 8 00000000
C 1022 9 00000000
C 1022 10 00000000
C 1022 11 00000000
C 1022 12 00000000
C 1022 13 00000000
C 1022 14 00000000
C 1022 15 00000000
D 1022 0 00000000
D 1022 1 00000000
V 1022 0 00000000
V 1022 1 00000000
R 1022 0 00000000
B 1022 0 00000000
P 1022 0 00000000
P 1022 1 00000000
P 1022 2 00000000
P 1022 3 00000000
P 1022 4 00000000
T 1023 0 00000000
T 1023 1 00000000
T 1023 2 00000000
C 1023 0 00000000
C 1023 1 00000000
C 1023 2 00000000
C 1023 3 00000000
C 1023 4 00000000
C 1023 5 00000000
C 1023 6 00000000
C 1023 7 00000000
C 1023 8 00000000
C 1023 9 00000000
C 1023 10 00000000
C 1023 11 00000000
C 1023 12 00000000
C 1023 13 00000000
C 1023 14 00000000
C 1023 15 00000000
D 1023 0 00000000
D 1023 1 00000000
V 1023 0 00000000
V 1023 1 00000000
R 1023 0 00000000
B 1023 0 00000000
P 1023 0 00000000
P 1023 1 00000000
P 1023 2 00000000
P 1023 3 00000000
P 1023 4 00000000
M 0 0 00000000
M 0 1 00002500
I 0 0 01c10000
I 0 1 00000000
I 1 0 0ffc0001
I 1 1 00000100
I 2 0 0ff00002
I 2 1 00000000
I 3 0 0ff70003
I 3 1 00000000
I 4 0 0ff70004
I 4 1 00100000
I 5 0 0ff70005
I 5 1 00200000
E 0 0 001900e9
E 0 1 06010108
E 0 2 00000030
E 0 3 00000000
