// generated from apu_tgsi_cc.bin
0003f117
00010113
02011113
02015113
094000ef
0000006f
40002737
08070713
00000793
00f72023
400027b7
08478793
00a7a023
00100693
00d72023
00b7a023
400027b7
08878793
00b00713
00e7a023
400026b7
08c68693
0006a783
0007871b
fe07cce3
00f77713
09000693
00077713
00e686b3
400027b7
00d787bb
02079793
0207d793
0007a503
00008067
0005f593
00b50533
02051513
02055513
00052503
00008067
e5010113
400027b7
00012023
0007a703
473647b7
1a113423
1a813023
14378793
02f70863
024017b7
00001737
00679793
bad70713
f0e7a023
00100413
1a813083
00040513
1a013403
1b010113
00008067
19213823
47415937
24690913
4c4347b7
05212823
40a78793
4d415737
04f12a23
32070713
5d306437
04e12c23
b5040413
58455737
04812e23
40a70713
545556b7
06e12023
f2068693
2c5d3737
06d12223
05b70713
5b4e56b7
06e12423
92068693
202c6637
06d12623
d3060613
504d46b7
06c12823
15368693
06d12a23
0a4436b7
06e12c23
22068693
0a445737
06d12e23
e4570713
08e12023
08012223
09212823
18913c23
4d4554b7
08f12a23
42048493
08912c23
08812e23
0af12023
5d3167b7
0a912223
19413023
b5078793
564f5a37
0af12423
d0aa0a13
0b412623
0a912823
455426b7
0a812a23
02c68693
315b57b7
0ad12c23
04d78793
4e451737
0af12e23
19313423
a5d70713
000019b7
0ce12023
a4498993
0d312223
05012783
04600613
0ff7f793
02c78a63
05012703
024017b7
00679793
0ff77713
c70006b7
00d76733
19813483
19013903
18813983
18013a03
f0e7a023
e95ff06f
09012603
0ff67613
00f60e63
09012703
024017b7
00679793
0ff77713
c60006b7
fc5ff06f
03212823
03412a23
02912c23
02812e23
325b57b7
04d12023
04d78793
04f12223
15a13823
fff00d13
04e12423
020d5d13
03010513
17513c23
17613823
17713423
17813023
15913c23
01a57533
05312623
00054783
10012823
0007f793
00f50533
11010c13
0d010b93
01000793
00810713
000c0693
01000613
000b8593
04d000ef
0005059b
00050c93
000b8513
d91ff0ef
00050a9b
000a8593
0d410513
0d512823
d7dff0ef
00050b1b
000b0593
000c0513
0d612a23
d69ff0ef
0005051b
160c9c63
00200793
16f51863
1a3007b7
16fa9463
080007b7
16fb1063
4d4d57b7
11212823
90a78793
205d3737
10f12a23
05b70713
335457b7
10e12c23
c4678793
307b2737
10f12e23
03270713
2e3027b7
12e12023
02c78793
31203737
12f12223
c3570713
7d3227b7
12e12423
02c78793
12f12623
13412823
12912a23
4d492737
12812c23
02c70713
5d3067b7
12e12e23
b4d78793
79798737
14f12023
92e70713
4e4517b7
14e12223
a7978793
14f12423
01ac7533
15312623
00054783
00012c23
0007f793
00f50533
01810493
01000793
00810713
00048693
01000613
000b8593
72c000ef
0005059b
00050a13
000b8513
c71ff0ef
0005099b
00098593
0d410513
0d312823
c5dff0ef
0005041b
00040593
0d810513
0c812a23
c49ff0ef
0005091b
00090593
00048513
0d212c23
c35ff0ef
0005051b
020a1263
00300793
00f51e63
aa0007b7
00f99a63
3f0007b7
00f41663
080007b7
06f90663
03041793
02401737
0307d793
d20006b7
00671713
00d7e7b3
f0f72023
0200006f
030a9a93
024017b7
030ada93
d1000737
00679793
00eaeab3
f157a023
19813483
19013903
18813983
18013a03
17813a83
17013b03
16813b83
16013c03
15813c83
15013d03
bf5ff06f
474157b7
24678793
20465737
00f12c23
90a70713
504d47b7
00e12e23
55478793
0a5d3737
02f12023
05b70713
0a4457b7
02e12223
e4578793
fff00913
02f12423
02095913
0124f533
02012623
00054783
00012223
0007f793
00f50533
01000793
00810713
00410693
01000613
000b8593
5dc000ef
fe600793
00050493
02f50263
40a007bb
03079793
02401737
0307d793
d30006b7
00671713
00d7e7b3
f15ff06f
05010413
01247433
00044783
00040513
0007f793
00f50533
01000793
00810713
00010693
01000613
000b8593
580000ef
02950263
40a007bb
03079793
02401737
0307d793
d40006b7
00671713
00d7e7b3
ec1ff06f
00044783
00040513
0007f793
00f50533
09010593
0125f5b3
0005c783
0007f793
00f585b3
01000693
00810793
00010713
01000813
000b8613
6f00d0ef
01b5079b
0007869b
01b00713
00050413
02d76263
02079693
0000e717
96c70713
01e6d793
00e787b3
0007a783
00e787b3
00078067
00012783
00814703
00914683
0107979b
00ff0637
0087171b
00c7f7b3
00e7e7b3
00d7e7b3
cc0006b7
02401737
00d7e7b3
00671713
0007879b
f0f72023
e35ff06f
00000593
00010513
9f5ff0ef
0005049b
00048593
000b8513
00912023
9e1ff0ef
0005091b
00090593
0d410513
0d212823
9cdff0ef
0005079b
0cf12a23
fff4869b
00f00713
22d76e63
1a280737
22e91a63
08000737
22e79663
40002737
400027b7
400025b7
40002637
00000693
00000e13
08070713
08478793
00100313
080008b7
00900813
08858593
08c60613
01000513
01c72023
00d7a023
00672023
0117a023
0105a023
00062e83
fe0ecee3
0016869b
fea690e3
00100793
02079793
ff078793
00fbfbb3
000ba603
004bab83
40002737
00000693
08070713
00d72023
400027b7
08478793
00d7a023
00100693
00d72023
00c7a023
400027b7
08878793
00900713
00e7a023
400027b7
08c78793
0007a703
fe074ee3
40002737
08070713
00000793
00f72023
400027b7
00100693
08478793
00d7a023
00d72023
0177a023
400027b7
08878793
00900713
00e7a023
400027b7
08c78793
0007a703
fe074ee3
40002737
400027b7
400025b7
40002637
00000693
00000f13
08070713
08478793
00100e93
00500e13
00200313
3f8008b7
00a00813
08858593
08c60613
00400513
01e72023
00d7a023
01d72023
01c7a023
00672023
0117a023
0105a023
00062f83
fe0fcee3
0016869b
fca69ce3
400027b7
08078793
00000713
00e7a023
400027b7
08478793
00100713
00e7a023
400027b7
08878793
00c00713
00e7a023
40002737
08c70713
00072683
0006879b
fe06cce3
00f7f793
1e078663
02401737
b10006b7
00671713
00d7e7b3
be9ff06f
00014703
024017b7
ce0006b7
00679793
00d76733
f0e7a023
bf1ff06f
024017b7
00679793
c3000737
f0e7a023
bddff06f
024017b7
00679793
c4000737
f0e7a023
bc9ff06f
024017b7
00679793
c5000737
f0e7a023
bb5ff06f
00ff0737
0104979b
03091913
00e7f7b3
03095913
0127e7b3
cd0006b7
02401737
00d7e7b3
00671713
0007879b
f0f72023
b81ff06f
024017b7
00679793
c6000737
f0e7a023
b6dff06f
024017b7
00679793
c1600737
f0e7a023
b59ff06f
024017b7
00679793
c1700737
f0e7a023
b45ff06f
024017b7
00679793
c1800737
f0e7a023
b31ff06f
024017b7
00679793
c2000737
f0e7a023
b1dff06f
024017b7
00679793
c2400737
f0e7a023
b09ff06f
024017b7
00679793
c2500737
f0e7a023
af5ff06f
024017b7
00679793
c2600737
f0e7a023
ae1ff06f
024017b7
00679793
c2700737
f0e7a023
acdff06f
024017b7
00679793
ca000737
f0e7a023
ab9ff06f
024017b7
00679793
cb000737
f0e7a023
aa5ff06f
024017b7
00679793
c1200737
f0e7a023
a91ff06f
024017b7
00679793
c1500737
f0e7a023
a7dff06f
024017b7
00679793
c8000737
f0e7a023
a69ff06f
024017b7
00679793
c9000737
f0e7a023
a55ff06f
00014703
024017b7
c70006b7
00679793
00d76733
f0e7a023
a39ff06f
00400593
00000513
d84ff0ef
00050493
00400593
00100513
d74ff0ef
00050913
00500593
00000513
d64ff0ef
0004849b
3f800737
0009091b
0005079b
04e49463
04991263
024017b7
600d0737
00679793
00b70713
19813483
19013903
18813983
18013a03
17813a83
17013b03
16813b83
16013c03
15813c83
15013d03
f0e7a023
dd4ff06f
3f800737
b20006b7
00e79463
b20106b7
03049793
02401737
0307d793
00671713
00d7e7b3
969ff06f
fff00813
ef010113
02085813
0f213c23
00078913
0105f7b3
0f313823
0d913023
00c13823
00f13423
01057cb3
0106f9b3
00071463
1440106f
01077733
000c9463
31c0406f
00813783
00079463
3100406f
00099463
3080406f
01013783
00f00693
fff7879b
00f6f463
2f40406f
00813783
00fc9463
1300106f
01971463
5150306f
013c9463
1dd0606f
000cc783
04600693
0ef7f613
00d60663
00078463
4ad0306f
10813423
0f513023
0d613c23
0d713823
0d813423
0ba13c23
0bb13823
07010793
0b010693
0007b023
0007b423
01078793
fef69ae3
06013023
06013423
06013683
fff00793
0207dc13
0186f6b3
000c8793
00d787b3
0007c783
28078263
00800ab7
011a8a93
02013023
00013c23
20000413
00a00d13
00000d93
02000b93
009a9a93
00100b13
06013683
06013783
02f47063
2b80006f
03a78863
06013783
00178793
06f13023
06013783
2af46063
06013603
000c8793
01867633
00c787b3
0007c783
fc079ae3
06013603
000c8793
01867633
00c787b3
0007c783
01a79863
06013783
00178793
06f13023
0186f6b3
000c8793
00d787b3
20000513
0180006f
02068863
00058793
016787b3
fff5051b
02050063
0187f5b3
00058693
01b686b3
0006c603
00cad6b3
0016f693
fccbfae3
000c8693
01b686b3
0006c683
04600613
02c68663
000c8693
01b686b3
0006c603
05600693
00d60c63
000c8693
01b686b3
0006c683
00068463
5ac0306f
0187f633
00060693
01b686b3
0006c683
14068463
00060693
01b686b3
0006c583
02300693
12d58a63
06813683
1e069463
00060793
00d787b3
0007c583
04600793
0cf58463
00060793
00000593
00b787b3
0007c583
05600793
04f59463
00060793
00100593
00b787b3
0007c583
04500793
02f59863
00060793
00200593
00b787b3
0007c583
05200793
00f59c63
00300793
00f60633
00064603
05400793
0af60a63
06070063
04090e63
00100793
00f91463
5e00606f
fff9081b
02081813
0000d797
22478793
02085813
0140006f
00c58023
00178793
00d81463
53d0306f
0007c603
00d705b3
0006851b
00168693
fe0610e3
02051793
0207d793
00f707b3
00078023
fec00513
0e00006f
00060793
00100593
00b787b3
0007c583
05200793
f2f594e3
00060793
00200593
00b787b3
0007c583
04100793
f0f598e3
00060793
00300593
00b787b3
0007c583
04700793
eef59ce3
00100793
06f13423
06013683
000c8793
02069693
0206d693
00d787b3
0007c783
da0796e3
06070263
06090063
00100793
00f91463
2dc0806f
fff9081b
02081813
0000d697
2b068693
02085813
00000793
0140006f
00c50023
00168693
00f81463
4a10506f
0006c603
00f70533
0007859b
00178793
fe0610e3
02059793
0207d793
00f707b3
00078023
fe500513
0080006f
fee00513
10813403
0e013a83
0d813b03
0d013b83
0c813c03
0b813d03
0b013d83
0f813903
0f013983
0c013c83
11010113
00008067
00060693
01b686b3
0006c583
04400693
06d59063
00060693
00100593
00b686b3
0006c583
04300693
04d59463
00060693
00200593
00b686b3
0006c583
04c00693
02d59863
00300593
00060693
00b686b3
0006c503
02000693
eed506e3
00060693
00b686b3
0006c583
00900693
ecd58ce3
008008b7
01188893
fff00313
00078693
20000813
02035313
00000e93
02000e13
00989893
00100f13
0180006f
02058863
000f8693
01e686b3
fff8081b
02080063
0066ffb3
000f8593
01d585b3
0005c503
00a8d5b3
0015f593
fcae7ae3
fff00593
0205d813
0106f6b3
00000893
00068593
011585b3
0005c503
04900593
46b51e63
00068593
00100513
00a585b3
0005c583
04d00513
46a59263
00068513
00200313
00650533
00054503
44b51863
00068593
00300513
00a585b3
0005c503
05b00593
42b51c63
00068613
00400793
00f60633
010677b3
00078693
011686b3
0006c583
02f00693
3ab6f463
011787b3
0007c683
03900793
38d7ec63
00a00513
00000693
00000e93
00900e13
00100313
010678b3
00088793
01d787b3
0007cf03
0026979b
00d787bb
fd0f059b
0017979b
0ff5f593
fd07879b
00be6c63
01e786bb
00088613
00660633
fff5051b
fc0512e3
fff00313
02035313
006677b3
00078613
00000593
00b60633
00064583
05d00613
32c59063
00300613
30d66c63
00100613
00c787b3
008005b7
01158593
20000513
00000f13
02000e93
00959593
00100e13
0180006f
02060863
00080793
01c787b3
fff5051b
02050063
0067f833
00080613
01e60633
00064883
0115d633
00167613
fd1efae3
fff00593
0205d593
00b7f533
00050613
00000813
01060633
00064803
02c00613
00c81463
3510806f
fff00813
02085813
0107f7b3
00078613
00000593
00b60633
00064583
04600613
26c59a63
00078613
00100593
00b60633
00064583
04c00613
24c59e63
00078613
00200593
00b60633
00064583
05400613
24c59263
00078613
00300593
00b60633
00064583
03300613
22c59663
00078613
00400593
00b60633
00064583
03200613
20c59a63
00500613
00c787b3
00800637
01160613
20000593
00000f13
02000e93
00961613
00100e13
0180006f
02050863
00088793
01c787b3
fff5859b
02058063
0107f8b3
00088513
01e50533
00054303
00665533
00157513
fc6efae3
fff00593
0205d593
00b7f7b3
00078613
00000513
00a60633
00064503
07b00613
18c51c63
00100613
00c787b3
02069613
01c65893
07010613
011608b3
01088613
00800f37
011f0f13
02c13823
00c88613
02c13423
00000813
02000393
009f1f13
00100313
20000613
0180006f
02050863
000e0793
006787b3
fff6061b
02060063
00b7fe33
000e0513
01050533
00054e83
01df5533
00157513
fdd3fae3
00b7f633
00060513
01050533
00054503
02d00e93
00000e13
01d51863
00060793
006787b3
00100e13
00b7f633
00060513
01050533
00054503
02f00e93
0eaef063
01060633
00064603
03900513
0cc56863
10913023
0f413423
00a00e93
00000513
00b7f2b3
00028613
01060633
00064483
0025161b
00a6063b
fd048f9b
0016161b
0fffff93
00900a13
fd06061b
01fa6c63
0096053b
00028793
006787b3
fffe8e9b
fc0e90e3
00b7feb3
000e8613
01060633
00064603
02e00f93
01f61463
5800a06f
00000f93
00000613
00a66eb3
000e9463
4d00a06f
00651463
5cc0a06f
00200e93
01d51463
5480a06f
02051663
00100e93
00900493
00c0006f
00129e9b
0015051b
002e929b
01d282bb
01f51463
4840a06f
fe9514e3
10013483
0e813a03
06070263
06090063
00100793
00f91463
3e90a06f
fff9061b
02061613
0000d597
bcc58593
02065613
00000693
0140006f
00a80023
00158593
00c69463
4b90606f
0005c503
00d70833
0006879b
00168693
fe0510e3
02079793
0207d793
00f707b3
00078023
10813403
7d80006f
00000593
00060693
00b686b3
0006c503
02f00693
00a6fc63
00b60633
00064603
03900693
00c6e463
35d0206f
02079793
0207d793
00078693
00000613
00c686b3
0006c603
04500693
7ed60063
00078693
00000613
00c686b3
0006c603
04d00693
00d61463
5090106f
00078693
00000613
00c686b3
0006c603
04100693
00d61463
5e80106f
00078693
00000613
00c686b3
0006c603
05300693
00d61463
3d80206f
00078693
00000613
00c686b3
0006c603
04d00693
00d61ce3
00078693
00100613
00c686b3
0006c603
05500693
00d610e3
00078693
00200613
00c686b3
0006c603
04c00693
7ed61463
00078693
00300613
00c686b3
0006c683
03900613
fbf6869b
0ff6f693
02d66063
fd100613
02061613
fff60613
00665613
00d656b3
0016f693
7a069663
00300693
00d787b3
00800837
01180813
fff00893
20000513
0208d893
00000e13
02000313
00981813
00100e93
0180006f
02068863
00058793
01d787b3
fff5051b
02050063
0117f5b3
00058693
01c686b3
0006c603
00c856b3
0016f693
fcc37ae3
00800837
01180813
fff00893
20000513
0208d893
00000e13
02000313
00981813
00100e93
0180006f
02068863
00058793
01d787b3
fff5051b
02050063
0117f5b3
00058693
01c686b3
0006c603
00c856b3
0016f693
fcc37ae3
02079793
0207d793
00078693
00000613
00c686b3
0006c603
04900693
00d61463
5410506f
00078693
00000613
00c686b3
0006c603
04f00693
00d61463
6090506f
00078693
00000613
00c686b3
0006c603
04300693
00d61463
5510506f
00078693
00000613
00c686b3
0006c603
05400693
00d60463
6a50506f
00078693
00100613
00c686b3
0006c603
04500693
00d60463
6890506f
00078693
00200613
00c686b3
0006c603
04d00693
00d60463
66d0506f
00078693
00300613
00c686b3
0006c603
05000693
00d60463
6510506f
00078693
00400613
00c686b3
0006c603
05b00693
00d60463
6350506f
00500693
00d787b3
00400693
fff00313
02035313
0067f633
00000513
00060593
00a585b3
0005c803
02f00593
0105e463
6010506f
00a60633
00064583
03900613
00b67463
5ed0506f
00a00513
00000593
00000f13
00900e93
00100e13
0067f8b3
00088613
01e60633
00064f83
0025961b
00b6063b
fd0f881b
0016161b
0ff87813
fd06061b
010eec63
01f605bb
00088793
01c787b3
fff5051b
fc0512e3
fff00513
02055513
00a7f7b3
00000893
00078613
01160633
00064803
05d00613
00c80463
5710506f
00100813
010787b3
00a7f633
00060313
01130333
00034e03
02e00313
0e6e1463
00060793
010787b3
00a7f7b3
00078613
01160633
00064503
07800613
00c51463
05d0606f
00078613
00000513
00a60633
00064503
07800613
00c51463
7f40606f
00078613
00000513
00a60633
00064503
07900613
00c51463
78c0606f
00078613
00000513
00a60633
00064503
07a00613
00c51463
7240606f
00078613
00000513
00a60633
00064503
07700613
00c50463
4bd0506f
00078613
00100813
01060633
00064803
00a80463
4a50506f
00078613
00200513
00a60633
00064503
01050463
48d0506f
00078613
00300813
01060633
00064603
00a60463
4750506f
00400613
00c787b3
00b68f3b
03e12423
00700693
01e6f463
4590506f
00800837
01180813
fff00893
10913023
0f413423
20000513
0208d893
00000e13
02000313
00981813
00100e93
0180006f
02068863
00058793
01d787b3
fff5051b
02050063
0117f5b3
00058693
01c686b3
0006c603
00c856b3
0016f693
fcc37ae3
02079613
02065613
00060693
00000593
00b686b3
0006c583
02c00693
00d59863
00060793
00100693
00d787b3
00800837
01180813
fff00893
20000513
0208d893
00000e13
02000313
00981813
00100e93
0180006f
02068863
00058793
01d787b3
fff5051b
02050063
0117f5b3
00058693
01c686b3
0006c603
00c856b3
0016f693
fcc37ae3
02079613
02065613
00060693
00000593
00b686b3
0006c503
02d00593
00000693
00b51463
5480506f
fff00513
02055513
00a7f5b3
00000813
00058613
01060633
00064883
04900613
00c89463
2c40506f
00000513
00058613
00a60633
00064803
02f00613
01066463
0d40406f
00058613
00a60633
00064503
03900613
00a67463
0bc0406f
00800eb7
011e8e93
fff00813
20000e13
02085813
00000313
02000893
009e9e93
00100f93
0180006f
02060863
00050793
01f787b3
fffe0e1b
020e0063
0107f533
00050613
00660633
00064583
00bed633
00167613
fcb8fae3
02079593
0205d593
00058613
00000513
00a60633
00064503
02d00613
00000893
00c51a63
00058793
00100613
00c787b3
00100893
fff00e13
020e5e13
01c7f633
00000513
00060593
00a585b3
0005c803
02f00593
0b05f863
00a60633
00064583
03900613
0ab66063
00a00313
00000613
00000f93
00900e93
00100293
01c7f533
00050593
01f585b3
0005c803
0026159b
00c585bb
fd08039b
0015959b
0ff3f393
fd05859b
007eec63
0105863b
00050793
005787b3
fff3031b
fc0312e3
fff00313
02035313
0067f533
00050593
00000813
010585b3
0005c803
02e00593
00b81463
2bd0506f
00061463
3e90406f
00100593
00b61463
1450806f
00200593
00b61463
1290806f
06070263
06090063
00100793
00f91463
5040606f
fff9061b
02061613
0000c597
4b458593
02065613
00000693
0140006f
00a80023
00158593
00c69463
0d80506f
0005c503
00d70833
0006879b
00168693
fe0510e3
02079793
0207d793
00f707b3
00078023
10813403
10013483
0e813a03
0e013a83
0d813b03
0d013b83
0c813c03
0b813d03
0b013d83
fff00513
a94ff06f
fe0c8ce3
00813783
fe0788e3
fe0986e3
01013783
00f00693
fff7879b
fcf6eee3
00813783
00fc8463
ee1fe06f
ff000513
a60ff06f
00078693
00100613
00c686b3
0006c603
04e00693
80d618e3
00078693
00200613
00c686b3
0006c603
04400693
fed61c63
00078693
00300613
00c686b3
0006c603
03900693
fbf6061b
0ff67613
02c6e063
fd100693
02069693
fff68693
0066d693
00c6d6b3
0016f693
fa069e63
01013783
01813683
00f6e463
76c0a06f
02069793
01e7d713
00813783
00e787b3
08000737
00e7a023
0016879b
00f9a023
00000513
9a0ff06f
00078693
00000613
00c686b3
0006c603
04d00693
06d61863
00078693
00100613
00c686b3
0006c603
04100693
04d61c63
00078693
00200613
00c686b3
0006c603
04400693
04d61063
00078693
00300613
00c686b3
0006c603
03900693
fbf6061b
0ff67613
08c6e663
fd100693
02069693
fff68693
0066d693
00c6d6b3
0016f693
06068863
06070263
06090063
00100793
00f91463
51d0706f
fff9081b
02081813
0000c697
34068693
02085813
00000793
0140006f
00c58023
00168693
00f81463
2c90306f
0006c603
00f705b3
0007851b
00178793
fe0610e3
02051793
0207d793
00f707b3
00078023
fe600513
8b0ff06f
00300693
00d787b3
00800837
01180813
fff00893
20000513
0208d893
00000e13
02000313
00981813
00100e93
0180006f
02068863
00058793
01d787b3
fff5051b
02050063
0117f5b3
00058693
01c686b3
0006c603
00c856b3
0016f693
fcc37ae3
00800837
01180813
fff00893
20000513
0208d893
00000e13
02000313
00981813
00100e93
0180006f
02068863
00058793
01d787b3
fff5051b
02050063
0117f5b3
00058693
01c686b3
0006c603
00c856b3
0016f693
fcc37ae3
02079793
0207d793
00078693
00000613
00c686b3
0006c603
04900693
00d61463
7b50206f
00078693
00000613
00c686b3
0006c603
04f00693
00d61463
7e10206f
00078693
00000613
00c686b3
0006c603
04300693
00d61463
1ec0206f
00078693
00000613
00c686b3
0006c603
05400693
00d60463
1e50306f
00078693
00100613
00c686b3
0006c603
04500693
00d60463
1c90306f
00078693
00200613
00c686b3
0006c603
04d00693
00d60463
1ad0306f
00078693
00300613
00c686b3
0006c603
05000693
00d60463
1910306f
00078693
00400613
00c686b3
0006c603
05b00693
00d60463
1750306f
00500693
00d787b3
00400693
fff00313
02035313
0067f633
00000513
00060593
00a585b3
0005c803
02f00593
0105e463
1410306f
00a60633
00064583
03900613
00b67463
12d0306f
00a00513
00000593
00000e93
00900e13
00100f13
0067f8b3
00088613
01d60633
00064f83
0025961b
00b6063b
fd0f881b
0016161b
0ff87813
fd06061b
010e6c63
01f605bb
00088793
01e787b3
fff5051b
fc0512e3
fff00613
02065893
0117f7b3
00000313
00078613
00660633
00064503
05d00613
00c50463
0b10306f
00100e13
01c787b3
0117f533
00050613
00660633
00064803
02e00613
0ec81263
01c50533
011577b3
00078613
00660633
00064503
07800613
00c51463
67c0406f
00078613
00000513
00a60633
00064503
07800613
00c51463
6140406f
00078613
00000513
00a60633
00064503
07900613
00c51463
5ac0406f
00078613
00000513
00a60633
00064503
07a00613
00c51463
5440406f
00078613
00000513
00a60633
00064503
07700613
00c50463
0010306f
00078613
00100813
01060633
00064803
00a80463
7e80306f
00078613
00200513
00a60633
00064503
01050463
7d00306f
00078613
00300813
01060633
00064603
00a60463
7b80306f
00400613
00c787b3
00b6833b
00700613
00030693
00667463
79c0306f
008008b7
01188893
fff00e13
10913023
0f413423
20000813
020e5e13
00000f13
02000e93
00989893
00100f93
0180006f
02060863
00050793
01f787b3
fff8081b
02080063
01c7f533
00050613
01e60633
00064583
00b8d633
00167613
fcbefae3
02079593
0205d593
00058613
00000513
00a60633
00064503
02c00613
00c51863
00058793
00100613
00c787b3
008008b7
01188893
fff00e13
20000813
020e5e13
00000f13
02000e93
00989893
00100f93
0180006f
02060863
00050793
01f787b3
fff8081b
02080063
01c7f533
00050613
01e60633
00064583
00b8d633
00167613
fcbefae3
02079513
02055513
00050613
00000593
00b60633
00064583
02d00613
00000e13
00c59463
71d0206f
fff00513
02055513
00a7f5b3
00000893
00058613
01160633
00064803
04900613
00c81463
4910206f
00000513
00058613
00a60633
00064803
02f00613
1d067063
00058613
00a60633
00064503
03900613
1aa66663
008008b7
01188893
fff00e93
20000813
020ede93
00000f93
02000f13
00989893
00100293
0180006f
02060863
00050793
005787b3
fff8081b
02080063
01d7f533
00050613
01f60633
00064583
00b8d633
00167613
fcbf7ae3
02079593
0205d593
00058613
00000513
00a60633
00064503
02d00613
00000e93
00c51463
7090106f
fff00f13
020f5f13
01e7f633
00000513
00060593
00a585b3
0005c803
02f00593
0b05f863
00a60633
00064583
03900613
0ab66063
00a00513
00000613
00000293
00900f93
00100393
01e7f833
00080593
005585b3
0005c883
0026159b
00c585bb
fd08849b
0015959b
0ff4f493
fd05859b
009fec63
0115863b
00080793
007787b3
fff5051b
fc0512e3
fff00f93
020fdf93
01f7f533
00050593
00000813
010585b3
0005c803
02e00593
00b81463
5950106f
00061463
4100206f
00100593
00b61463
7610406f
00200593
00b61463
3f40206f
fe070263
fe090063
00100793
00f91463
4850506f
fff9061b
02061613
0000c597
c6c58593
02065613
00000693
0140006f
00a80023
00158593
00c69463
0590406f
0005c503
00d70833
0006879b
00168693
fe0510e3
f80ff06f
00000513
00058613
00a60633
00064803
02d00613
e4c802e3
00a585b3
0005c583
02e00613
20000893
e2c588e3
00800eb7
011e8e93
fff00813
02085813
00000f93
02000f13
009e9e93
00100293
0180006f
02060863
00050793
005787b3
fff8889b
02088063
0107f533
00050613
01f60633
00064583
00bed633
00167613
fcbf7ae3
02079793
0207d793
00078613
00000593
00b60633
00064583
04900613
00c59463
3940406f
00078613
00000593
00b60633
00064583
04f00613
00c59463
71c0406f
00078613
00000593
00b60633
00064583
04300613
00c59463
6640406f
00078613
00000593
00b60633
00064583
05400613
eac59ce3
00078613
00100593
00b60633
00064583
04500613
eac590e3
00078613
00200593
00b60633
00064583
04d00613
e8c594e3
00078613
00300593
00b60633
00064583
05000613
e6c598e3
00078613
00400593
00b60633
00064583
05b00613
e4c59ce3
00500613
00c787b3
00400e93
fff00f13
020f5f13
01e7f633
00000513
00060593
00a585b3
0005c803
02f00593
e305f4e3
00a60633
00064583
03900613
e0b66ce3
00a00513
00000593
00000393
00900293
00100f93
01e7f833
00080613
00760633
00064883
0025961b
00b6063b
fd08849b
0016161b
0ff4f493
fd06061b
0092ec63
011605bb
00080793
01f787b3
fff5051b
fc0512e3
fff00f13
020f5f13
01e7f7b3
00000893
00078613
01160633
00064503
05d00613
dac510e3
00100813
010787b3
01e7f633
00060513
01150533
00054f83
02e00513
0caf9c63
00060793
010787b3
01e7f7b3
00078613
01160633
00064503
07800613
00c51463
6300506f
00078613
00000513
00a60633
00064503
07800613
00c51463
5c80506f
00078613
00000513
00a60633
00064503
07900613
00c51463
5600506f
00078613
00000513
00a60633
00064503
07a00613
00c51463
4f80506f
00078613
00000513
00a60633
00064503
07700613
cec518e3
00078613
00100813
01060633
00064803
cca81ee3
00078613
00200513
00a60633
00064503
cd0514e3
00078613
00300813
01060633
00064603
caa61ae3
00400613
00c787b3
00be8ebb
00700613
cbd660e3
02013c23
02013423
008008b7
01188893
fff00f13
20000813
020f5f13
00000293
02000f93
00989893
00100393
0180006f
02060863
00050793
007787b3
fff8081b
02080063
01e7f533
00050613
00560633
00064583
00b8d633
00167613
fcbffae3
02079593
0205d593
00058613
00000513
00a60633
00064503
02c00613
00c51863
00058793
00100613
00c787b3
008008b7
01188893
fff00f13
20000813
020f5f13
00000293
02000f93
00989893
00100393
0180006f
02060863
00050793
007787b3
fff8081b
02080063
01e7f533
00050613
00560633
00064583
00b8d633
00167613
fcbffae3
02079813
02085813
00080613
00000593
00b60633
00064583
02d00613
00000513
00c59463
41d0206f
fff00593
0205d593
00b7f833
00000893
00080613
01160633
00064f03
04900613
00cf1463
1990206f
00000593
00080613
00b60633
00064883
02f00613
01166463
7810106f
00080613
00b60633
00064583
03900613
00b67463
7690106f
00800f37
011f0f13
fff00f93
20000893
020fdf93
00000393
02000293
009f1f13
00100493
0180006f
02060863
00058793
009787b3
fff8889b
02088063
01f7f5b3
00058613
00760633
00064803
010f5633
00167613
fd02fae3
02079593
0205d593
00058613
00000813
01060633
00064883
02d00813
00000613
01089863
00058793
00100613
00c787b3
fff00293
0202d293
0057f5b3
00000893
00058813
01180833
00084f03
02f00813
0be87c63
011585b3
0005c803
03900593
0b05e463
00a00893
00000593
00000493
00900393
00100a13
02a13823
0057ff33
000f0513
00950533
00054f83
0025951b
00b5053b
fd0f881b
0015151b
0ff87813
fd05051b
0103ec63
01f505bb
000f0793
014787b3
fff8889b
fc0892e3
fff00393
0203d393
0077f8b3
03013503
00088813
00000f13
01e80833
00084f03
02e00813
010f1463
7410206f
00059463
04d0106f
00100813
01059463
5b00406f
00200813
01059463
0310106f
9a070c63
9a090a63
00100793
00f91463
6580506f
fff9061b
02061613
0000b597
65058593
02065613
00000693
0140006f
00a80023
00158593
00c69463
22c0406f
0005c503
00d70833
0006879b
00168693
fe0510e3
954ff06f
00078693
00100613
00c686b3
0006c683
04400613
00c68463
a05fe06f
00078613
00200593
00b60633
00064603
00d60463
9edfe06f
00078693
00300613
00c686b3
0006c603
03900693
fbf6061b
0ff67613
02c6e263
fd100693
02069693
fff68693
0066d693
00c6d6b3
0016f693
00068463
9adfe06f
00300693
00d787b3
00800837
01180813
fff00893
20000613
0208d893
00000e93
02000e13
00981813
00100313
0180006f
02068863
00058793
006787b3
fff6061b
02060063
0117f5b3
00058693
01d686b3
0006c503
00a856b3
0016f693
fcae7ae3
00800837
01180813
fff00893
20000613
0208d893
00000e93
02000e13
00981813
00100313
0180006f
02068863
00058793
006787b3
fff6061b
02060063
0117f5b3
00058693
01d686b3
0006c503
00a856b3
0016f693
fcae7ae3
02079793
0207d793
00078693
00000613
00c686b3
0006c603
04900693
00d61463
3ed0506f
00078693
00000613
00c686b3
0006c603
04f00693
00d61463
36d0506f
00078693
00000613
00c686b3
0006c603
04300693
00d61463
2b50506f
00078693
00000613
00c686b3
0006c603
05400693
00d60463
3890806f
00078693
00100613
00c686b3
0006c603
04500693
00d60463
36d0806f
00078693
00200613
00c686b3
0006c603
04d00693
00d60463
3510806f
00078693
00300613
00c686b3
0006c603
05000693
00d60463
3350806f
00078693
00400613
00c686b3
0006c603
05b00693
00d60463
3190806f
00500693
00d787b3
00400613
fff00813
02085813
0107f6b3
00000513
00068593
00a585b3
0005c883
02f00593
0115e463
2e50806f
00a686b3
0006c583
03900693
00b6f463
2d10806f
00a00593
00000f93
00900f13
00100e93
0107f333
00030693
01f686b3
0006ce03
0025169b
00a686bb
fd0e089b
0016969b
0ff8f893
fd06869b
011f6c63
01c6853b
00030793
01d787b3
fff5859b
fc0592e3
fff00593
0205d593
00b7f7b3
00000893
00078693
011686b3
0006c803
05d00693
00d80463
2590806f
00100813
010787b3
00b7f6b3
00068313
01130333
00034e03
02e00313
0e6e1463
00068793
010787b3
00b7f7b3
00078693
011686b3
0006c583
07800693
00d59463
2bc0a06f
00078693
00000593
00b686b3
0006c583
07800693
00d59463
2540a06f
00078693
00000593
00b686b3
0006c583
07900693
00d59463
1ec0a06f
00078693
00000593
00b686b3
0006c583
07a00693
00d59463
1840a06f
00078693
00000593
00b686b3
0006c583
07700693
00d58463
1a50806f
00078693
00100813
010686b3
0006c803
00b80463
18d0806f
00078693
00200593
00b686b3
0006c583
01058463
1750806f
00078693
00300813
010686b3
0006c683
00b68463
15d0806f
00400693
00d787b3
00a60e3b
00700693
000e0613
01c6f463
1410806f
008008b7
01188893
fff00313
10913023
20000593
02035313
00000f93
02000f13
00989893
00100e93
0180006f
02068863
00050793
01d787b3
fff5859b
02058063
0067f533
00050693
01f686b3
0006c803
0108d6b3
0016f693
fd0f7ae3
02079593
0205d593
00058693
00000513
00a686b3
0006c503
02c00693
00d51863
00058793
00100693
00d787b3
00800537
01150513
fff00313
20000893
02035313
00000f13
02000e93
00951513
00100f93
0180006f
02068863
00080793
01f787b3
fff8889b
02088063
0067f833
00080693
01e686b3
0006c583
00b556b3
0016f693
fcbefae3
02079693
0206d693
00068593
00000513
00a585b3
0005c803
02d00593
00b81463
2750606f
fff00813
02085813
0107f5b3
00000893
00058693
011686b3
0006c303
04900693
00d31463
6ed0506f
00000813
00058693
010686b3
0006c883
02f00693
0116e463
0650506f
00058693
010686b3
0006c803
03900693
0106f463
04d0506f
00800eb7
011e8e93
fff00893
20000313
0208d893
00000293
02000f93
009e9e93
00100f13
0180006f
02068863
00058793
01e787b3
fff3031b
02030063
0117f5b3
00058693
005686b3
0006c803
010ed6b3
0016f693
fd0ffae3
02079593
0205d593
00058693
00000813
010686b3
0006c883
02d00813
00000693
01089863
00058793
00100693
00d787b3
fff00893
0208d893
0117f5b3
00000313
00058813
00680833
00084e83
02f00813
0bd87863
006585b3
0005c803
03900593
0b05e063
00a00313
00000593
00000493
00900393
00100293
0117ff33
000f0813
00980833
00084f83
0025981b
00b8083b
fd0f8e9b
0018181b
0ffefe93
fd08081b
01d3ec63
01f805bb
000f0793
005787b3
fff3031b
fc0312e3
fff00e93
020ede93
01d7f8b3
00088813
00000313
00680833
00084303
02e00813
01031463
5180806f
00059463
5040806f
00100813
01059463
4c40806f
00200813
01059463
4ac0806f
00071463
66c0806f
00091463
6640806f
00100793
00f91463
6640806f
fff9061b
02061613
0000b597
e9458593
02065613
00000693
0140006f
00a80023
00158593
00d61463
6180806f
0005c503
00d70833
0006879b
00168693
fe0510e3
6040806f
00078693
00100613
00c686b3
0006c603
04f00693
00d60463
ae4fe06f
00078693
00200613
00c686b3
0006c603
05600693
00d60463
ac8fe06f
00078693
00300613
00c686b3
0006c603
03900693
fbf6061b
0ff67613
02c6e263
fd100693
02069693
fff68693
0066d693
00c6d6b3
0016f693
00068463
a88fe06f
00300693
00d787b3
00800837
01180813
fff00893
20000613
0208d893
00000e93
02000e13
00981813
00100313
0180006f
02068863
00058793
006787b3
fff6061b
02060063
0117f5b3
00058693
01d686b3
0006c503
00a856b3
0016f693
fcae7ae3
00800837
01180813
fff00893
20000613
0208d893
00000e93
02000e13
00981813
00100313
0180006f
02068863
00058793
006787b3
fff6061b
02060063
0117f5b3
00058693
01d686b3
0006c503
00a856b3
0016f693
fcae7ae3
02079793
0207d793
00078693
00000613
00c686b3
0006c603
04900693
00d61463
43d0406f
00078693
00000613
00c686b3
0006c603
04f00693
00d61463
3bd0406f
00078693
00000613
00c686b3
0006c603
04300693
00d61463
3050406f
00078693
00000613
00c686b3
0006c603
05400693
00d60463
0610806f
00078693
00100613
00c686b3
0006c603
04500693
00d60463
0450806f
00078693
00200613
00c686b3
0006c603
04d00693
00d60463
0290806f
00078693
00300613
00c686b3
0006c603
05000693
00d60463
00d0806f
00078693
00400613
00c686b3
0006c603
05b00693
00d60463
7f00806f
00500693
00d787b3
00400593
fff00813
02085813
0107f6b3
00000513
00068613
00a60633
00064883
02f00613
01166463
7bc0806f
00a686b3
0006c603
03900693
00c6f463
7a80806f
00a00613
00000f93
00900f13
00100e93
0107f333
00030693
01f686b3
0006ce03
0025169b
00a686bb
fd0e089b
0016969b
0ff8f893
fd06869b
011f6c63
01c6853b
00030793
01d787b3
fff6061b
fc0612e3
fff00613
02065613
00c7f7b3
00000893
00078693
011686b3
0006c803
05d00693
00d80463
7300806f
00100813
010787b3
00c7f6b3
00068313
01130333
00034e03
02e00313
0e6e1463
00068793
010787b3
00c7f7b3
00078693
011686b3
0006c603
07800693
00d61463
0dc0806f
00078693
00000613
00c686b3
0006c603
07800693
00d61463
0740806f
00078693
00000613
00c686b3
0006c603
07900693
00d61463
00c0806f
00078693
00000613
00c686b3
0006c603
07a00693
00d61463
7a50706f
00078693
00000613
00c686b3
0006c603
07700693
00d60463
67c0806f
00078693
00100813
010686b3
0006c803
00c80463
6640806f
00078693
00200613
00c686b3
0006c603
01060463
64c0806f
00078693
00300813
010686b3
0006c683
00c68463
6340806f
00400693
00d787b3
00a5863b
00700693
00060593
00c6f463
6180806f
00800337
01130313
fff00e13
20000513
020e5e13
00000f93
02000f13
00931313
00100e93
0180006f
02068863
00080793
01d787b3
fff5051b
02050063
01c7f833
00080693
01f686b3
0006c883
011356b3
0016f693
fd1f7ae3
02079513
02055513
00050693
00000813
010686b3
0006c803
02c00693
00d81863
00050793
00100693
00d787b3
00800337
01130313
fff00e13
20000513
020e5e13
00000f93
02000f13
00931313
00100e93
0180006f
02068863
00080793
01d787b3
fff5051b
02050063
01c7f833
00080693
01f686b3
0006c883
011356b3
0016f693
fd1f7ae3
02079513
02055513
00050693
00000813
010686b3
0006c883
02d00813
00000693
01089463
4990406f
fff00893
0208d893
0117f533
00000313
00050813
00680833
00084e03
04900813
010e1463
20d0406f
00000893
00050813
01180833
00084303
02f00813
00686463
0180406f
00050813
01180833
00084883
03900813
01187463
0000406f
00800837
01180813
fff00e13
20000593
020e5e13
00000f93
02000f13
00981813
00100e93
0180006f
02050863
00088793
01d787b3
fff5859b
02058063
01c7f8b3
00088513
01f50533
00054303
00685533
00157513
fc6f7ae3
02079513
02055513
00050593
00000813
010585b3
0005c883
02d00593
00b89a63
00050793
00100593
00b787b3
00100813
fff00893
0208d893
0117f5b3
00000313
00058513
00650533
00054e03
02f00513
0bc57863
006585b3
0005c503
03900593
0aa5e063
00a00313
00000513
00000293
00900f93
00100f13
0117fe33
000e0593
005585b3
0005ce83
0025159b
00a585bb
fd0e839b
0015959b
0ff3f393
fd05859b
007fec63
01d5853b
000e0793
01e787b3
fff3031b
fc0312e3
fff00e13
020e5e13
01c7f7b3
00078593
00000893
011585b3
0005c883
02e00593
00b89463
0a50906f
00051463
0950906f
00100793
00f51463
1390906f
00200793
00f51463
3010806f
00071463
5e90806f
00091463
5e10806f
00100793
00f91463
5dd0806f
fff9061b
02061613
0000a597
77c58593
02065613
00000693
0140006f
00a80023
00158593
00c69463
5950806f
0005c503
00d70833
0006879b
00168693
fe0510e3
5810806f
00078693
00100613
00c686b3
0006c603
05500693
00d60463
c15fd06f
00078693
00200613
00c686b3
0006c603
04200693
00d60463
bf9fd06f
00078693
00300613
00c686b3
0006c603
03900693
fbf6061b
0ff67613
02c6e263
fd100693
02069693
fff68693
0066d693
00c6d6b3
0016f693
00068463
bb9fd06f
00300693
00d787b3
008005b7
01158593
fff00893
20000813
0208d893
00000e13
02000313
00959593
00100e93
0180006f
02068863
00050793
01d787b3
fff8081b
02080063
0117f533
00050693
01c686b3
0006c603
00c5d6b3
0016f693
fcc37ae3
008005b7
01158593
fff00893
20000813
0208d893
00000e13
02000313
00959593
00100e93
0180006f
02068863
00050793
01d787b3
fff8081b
02080063
0117f533
00050693
01c686b3
0006c603
00c5d6b3
0016f693
fcc37ae3
02079793
0207d793
00078693
00000613
00c686b3
0006c603
04900693
00d61463
4950406f
00078693
00000613
00c686b3
0006c603
04f00693
00d61463
4150406f
00078693
00000613
00c686b3
0006c603
04300693
00d61463
35d0406f
00078693
00000613
00c686b3
0006c603
05400693
00d60463
08c0906f
00078693
00100613
00c686b3
0006c603
04500693
00d60463
0700906f
00078693
00200613
00c686b3
0006c603
04d00693
00d60463
0540906f
00078693
00300613
00c686b3
0006c603
05000693
00d60463
0380906f
00078693
00400613
00c686b3
0006c603
05b00693
00d60463
01c0906f
00500693
00d787b3
00400693
fff00813
02085813
0107f633
00000513
00060593
00a585b3
0005c883
02f00593
0115e463
7e90806f
00a60633
00064583
03900613
00b67463
7d50806f
00a00593
00000f93
00900f13
00100e93
0107f333
00030613
01f60633
00064e03
0025161b
00a6063b
fd0e089b
0016161b
0ff8f893
fd06061b
011f6c63
01c6053b
00030793
01d787b3
fff5859b
fc0592e3
fff00593
0205d593
00b7f7b3
00000893
00078613
01160633
00064803
05d00613
00c80463
75d0806f
00100813
010787b3
00b7f633
00060313
01130333
00034e03
02e00313
0e6e1463
00060793
010787b3
00b7f7b3
00078613
01160633
00064583
07800613
00c59463
3740906f
00078613
00000593
00b60633
00064583
07800613
00c59463
30c0906f
00078613
00000593
00b60633
00064583
07900613
00c59463
2a40906f
00078613
00000593
00b60633
00064583
07a00613
00c59463
23c0906f
00078613
00000593
00b60633
00064583
07700613
00c58463
6a90806f
00078613
00100813
01060633
00064803
00b80463
6910806f
00078613
00200593
00b60633
00064583
01058463
6790806f
00078613
00300813
01060633
00064603
00b60463
6610806f
00400613
00c787b3
00a6833b
00700613
00030693
00667463
6450806f
00800537
01150513
fff00e13
10913023
0f413423
20000893
020e5e13
00000f13
02000e93
00951513
00100f93
0180006f
02060863
00080793
01f787b3
fff8889b
02088063
01c7f833
00080613
01e60633
00064583
00b55633
00167613
fcbefae3
02079593
0205d593
00058613
00000513
00a60633
00064503
02c00613
00c51863
00058793
00100613
00c787b3
00800537
01150513
fff00e13
20000893
020e5e13
00000f13
02000e93
00951513
00100f93
0180006f
02060863
00080793
01f787b3
fff8889b
02088063
01c7f833
00080613
01e60633
00064583
00b55633
00167613
fcbefae3
02079613
02065613
00060593
00000513
00a585b3
0005c803
02d00593
00b81463
61d0506f
fff00813
02085813
0107f5b3
00000893
00058613
01160633
00064e03
04900613
00ce1463
1c10506f
00000813
00058613
01060633
00064883
02f00613
01166463
3400506f
00058613
01060633
00064803
03900613
01067463
3280506f
008005b7
01158593
fff00e13
20000813
020e5e13
00000f93
02000f13
00959593
00100293
0180006f
02060863
000e8793
005787b3
fff8081b
02080063
01c7feb3
000e8613
01f60633
00064883
0115d633
00167613
fd1f7ae3
02079593
0205d593
00058613
00000813
01060633
00064803
02d00613
00000e13
00c81a63
00058793
00100613
00c787b3
00100e13
fff00813
02085813
0107f633
00000893
00060593
011585b3
0005ce83
02f00593
0bd5f863
01160633
00064583
03900613
0ab66063
00a00893
00000613
00000493
00900393
00100293
0107ff33
000f0593
009585b3
0005cf83
0026159b
00c585bb
fd0f8e9b
0015959b
0ffefe93
fd05859b
01d3ec63
01f5863b
000f0793
005787b3
fff8889b
fc0892e3
fff00e93
020ede93
01d7f833
00080593
00000893
011585b3
0005c883
02e00593
00b89463
2b50706f
00061463
2a50706f
00100593
00b61463
2910706f
00200593
00b61463
2610706f
00071463
ca1fd06f
00091463
c99fd06f
00100793
00f91463
13c0406f
fff9061b
02061613
0000a597
0b458593
02065613
00000693
0140006f
00a80023
00158593
00c69463
5110206f
0005c503
00d70833
0006879b
00168693
fe0510e3
c39fd06f
fff00893
00a00593
0208d893
00000513
02f00e93
03900e13
00100313
0117f633
00060693
00a686b3
0006c803
00060693
030ef063
00a686b3
0006c683
00de6a63
00060793
006787b3
fff5859b
fc0598e3
00800837
01180813
fff00893
20000513
0208d893
00000e13
02000313
00981813
00100e93
0180006f
02068863
00058793
01d787b3
fff5051b
02050063
0117f5b3
00058693
01c686b3
0006c603
00c856b3
0016f693
fcc37ae3
fff00893
0208d893
0117f7b3
00078693
00000613
00c686b3
0006c603
03a00693
00d60463
2150706f
00100693
00d787b3
00800837
01180813
20000513
00000e13
02000313
00981813
00100e93
0200006f
00069463
bacfd06f
00058793
01d787b3
fff5051b
00051463
b98fd06f
0117f5b3
00058693
01c686b3
0006c603
00c856b3
0016f693
fcc376e3
b78fd06f
00078693
00100613
00c686b3
0006c603
04f00693
00d60463
e01fd06f
00078693
00200613
00c686b3
0006c603
04e00693
00d60463
de5fd06f
00078693
00300613
00c686b3
0006c603
05300693
00d60463
dc9fd06f
00078693
00400613
00c686b3
0006c603
05400693
00d60463
dadfd06f
00078693
00500613
00c686b3
0006c603
05b00693
00d60463
d91fd06f
00600693
00d787b3
00000693
e19fd06f
00050793
00100593
00b787b3
00000893
00000513
00000393
00900293
00100a13
00a00493
03313423
01f7ff33
000f0593
007585b3
0005c983
0025159b
00a585bb
fd09881b
0015959b
0ff87813
fd05859b
0102ec63
0135853b
0018889b
000f0793
014787b3
fc9892e3
00a665b3
02813983
00059463
6f00206f
00100593
00b61463
1580306f
00200593
5eb60863
00060463
a00fe06f
00089463
9f8fe06f
00100593
00900f13
0025981b
00b805bb
0016061b
0015959b
01161463
0e00306f
ffe614e3
9d0fe06f
00058793
00100613
00c787b3
00100e93
8ecfe06f
ff200513
c39fc06f
00080463
fd8fe06f
400005b7
40a0053b
40c0063b
00c54633
80000537
00a67633
00b64633
0006061b
04c13023
00100613
02c13823
00000513
00000813
00800fb7
011f8f93
fff00293
20000f13
0202d293
00000493
02000393
009f9f93
00100a13
0180006f
02060863
00058793
014787b3
ffff0f1b
020f0063
0057f5b3
00058613
00960633
00064883
011fd633
00167613
fd13fae3
02079593
0205d593
00058613
00000893
01160633
00064883
02c00613
00c89863
00058793
00100613
00c787b3
00800fb7
011f8f93
fff00293
20000f13
0202d293
00000493
02000393
009f9f93
00100a13
0180006f
02060863
00058793
014787b3
ffff0f1b
020f0063
0057f5b3
00058613
00960633
00064883
011fd633
00167613
fd13fae3
02079613
02065613
00060593
00000893
011585b3
0005c883
02d00593
00000f93
00b89463
42c0106f
fff00593
0205d593
00b7f633
00000893
00060f13
011f0f33
000f4283
04900f13
01e29463
18c0106f
00000593
00060893
00b888b3
0008cf03
02f00893
6fe8f863
00060893
00b888b3
0008c883
03900593
6d15ee63
00800f37
011f0f13
fff00293
20000893
0202d293
00000493
02000393
009f1f13
00100a13
05013423
0180006f
02060863
00080793
014787b3
fff8889b
02088063
0057f833
00080613
00960633
00064583
00bf5633
00167613
fcb3fae3
02079613
02065613
04813803
00060593
00000893
011585b3
0005cf03
02d00893
00000593
011f1a63
00060793
00100613
00c787b3
00100593
fff00f13
020f5f13
01e7f633
00000893
00060293
011282b3
0002c383
02f00293
0c72f063
01160633
00064883
03900613
0b166863
00a00893
00000613
00000393
00900293
00100493
05013423
04a13823
05f13c23
01e7ffb3
000f8513
00750533
00054a03
0026151b
00c5053b
fd0a081b
0015151b
0ff87813
fd05051b
0102ec63
0145063b
000f8793
009787b3
fff8889b
fc0892e3
fff00393
0203d393
0077f7b3
04813803
05013503
05813f83
00078893
00000f13
01e888b3
0008cf03
02e00893
011f1463
4d40106f
08060063
00100793
00f61463
5f50206f
00200793
06f60463
00071463
e88fd06f
00091463
e80fd06f
00100793
00f91463
3250306f
fff9061b
02061613
0000a597
b2c58593
02065613
00000693
0140006f
00a80023
00158593
00c69463
6f80206f
0005c503
00d70833
0006879b
00168693
fe0510e3
e20fd06f
fa0890e3
40000637
40b007bb
800008b7
0117f7b3
00c7c7b3
0007879b
000f8463
2a00106f
01c56533
00050463
2a40106f
00000613
00100f93
02813583
06058c63
ff930e93
01d03eb3
006e8e93
01013f03
01813e03
017e959b
a8000537
00a5e5b3
0005859b
01ee6463
6810206f
00813283
020e1893
01e8d513
00028893
00a888b3
001e051b
00b8a023
0005059b
01e5e463
6590206f
02051593
01e5d513
00028593
00a585b3
03813503
00a5a023
002e059b
00b13c23
03013583
08058663
00700593
00b31463
0fc0206f
00700813
010e9863
ffa30813
01003833
00580813
01013f03
01813e03
0178159b
a8000537
00a5e5b3
0005859b
01ee6463
5f10206f
00813283
020e1893
01e8d513
00028893
00a888b3
001e051b
00b8a023
0005059b
01e5e463
5c90206f
02051593
01e5d513
00028593
00a585b3
04013503
00a5a023
002e059b
00b13c23
080f8263
00700613
00c31463
0800206f
00ce9463
3c80206f
00c81463
0bd0206f
01013e03
01813303
0176159b
a8000537
00a5e5b3
0005859b
01c36463
5690206f
00813f03
02031893
01e8d513
000f0893
00a888b3
0013051b
00b8a023
0005059b
01c5e463
5410206f
02051593
01e5d513
000f0593
00a585b3
00f5a023
0023079b
00f13c23
0176979b
00b6169b
00d7e7b3
013e9e9b
01d7e7b3
00f8181b
600006b7
0107e7b3
00d7e7b3
01813583
01013683
0007879b
00d5e463
3780706f
02059693
01e6d613
00813683
00c686b3
00f6a023
0015879b
10013483
0e813a03
00f13c23
e1cfc06f
ff300513
ebcfc06f
00050463
c15fd06f
40000637
41c00e3b
41d005bb
01c5c5b3
80000537
00a5f5b3
00c5c633
0006061b
02c13c23
00100613
02c13423
00000e13
00000e93
f49fd06f
ff100513
e74fc06f
00000593
00080613
00b60633
00064883
02d00613
00c89463
884fe06f
00b80833
00084583
02e00613
20000893
00c59463
86cfe06f
00800f37
011f0f13
fff00f93
020fdf93
00000393
02000293
009f1f13
00100493
0180006f
02060863
00058793
009787b3
fff8889b
02088063
01f7f5b3
00058613
00760633
00064803
010f5633
00167613
fd02fae3
02079793
0207d793
00078613
00000593
00b60633
00064583
04900613
00c59463
1140206f
00078613
00000593
00b60633
00064583
04f00613
00c59463
0940206f
00078613
00000593
00b60633
00064583
04300613
00c59463
1240206f
00078613
00000593
00b60633
00064583
05400613
00c58463
900fe06f
00078613
00100593
00b60633
00064583
04500613
00c58463
8e4fe06f
00078613
00200593
00b60633
00064583
04d00613
00c58463
8c8fe06f
00078613
00300593
00b60633
00064583
05000613
00c58463
8acfe06f
00078613
00400593
00b60633
00064583
05b00613
00c58463
890fe06f
00500613
00c787b3
00400613
fff00293
0202d293
0057f5b3
00000893
00058813
01180833
00084f03
02f00813
01e86463
85cfe06f
011585b3
0005c803
03900593
0105f463
848fe06f
00a00f93
00000813
00000493
00900393
00100a13
02a13823
0057f8b3
00088593
009585b3
0005cf03
0028159b
010585bb
fd0f051b
0015959b
0ff57513
fd05859b
00a3ec63
01e5883b
00088793
014787b3
ffff8f9b
fc0f92e3
fff00893
0208d893
0117f7b3
03013503
00000f93
00078f13
01ff0f33
000f4f03
05d00593
00bf0463
fc5fd06f
00100f13
00078593
01e585b3
0115f7b3
00078293
01f282b3
0002c383
02e00293
00539463
5190106f
00058793
0106083b
00700613
01067463
f89fd06f
04013023
02013823
fdcff06f
0015051b
ad8fc06f
00000593
00060893
00b888b3
0008cf03
02d00893
911f0ae3
00b60633
00064583
02e00613
20000893
90c580e3
00800f37
011f0f13
fff00293
0202d293
00000493
02000393
009f1f13
00100a13
05013423
0180006f
02060863
00080793
014787b3
fff8889b
02088063
0057f833
00080613
00960633
00064583
00bf5633
00167613
fcb3fae3
02079793
0207d793
04813803
00078613
00000593
00b60633
00064583
04900613
00c59463
5dd0106f
00078613
00000593
00b60633
00064583
04f00613
00c59463
55d0106f
00078613
00000593
00b60633
00064583
04300613
00c59463
75d0106f
00078613
00000593
00b60633
00064583
05400613
9ac592e3
00078613
00100593
00b60633
00064583
04500613
98c596e3
00078613
00200593
00b60633
00064583
04d00613
96c59ae3
00078613
00300593
00b60633
00064583
05000613
94c59ee3
00078613
00400593
00b60633
00064583
05b00613
94c592e3
00500613
00c787b3
00400593
fff00493
0204d493
0097ff33
00000293
000f0613
00560633
00064883
02f00613
91167ae3
005f0f33
000f4883
03900613
911662e3
00a00f13
00000613
00000a13
05013423
04e13823
0097f2b3
00028813
01480833
00084383
0026181b
00c8083b
fd03889b
0018181b
0ff8f893
00900713
fd08081b
01176e63
0078063b
00028793
00100713
00e787b3
ffff0f1b
fa0f1ee3
fff00893
0208d293
0057ff33
04813803
05013703
00000393
000f0793
007787b3
0007c883
05d00793
86f89ee3
00100493
000f0793
009787b3
0057f7b3
00078893
007888b3
0008cf03
02e00893
0d1f1a63
009787b3
0057f7b3
00078893
007888b3
0008cf03
07800893
011f1463
0540306f
00078893
00000f13
01e888b3
0008c383
07800893
01139463
7ed0206f
00078893
00000f13
01e888b3
0008c383
07900893
01139463
0700306f
00078893
00000f13
01e888b3
0008c383
07a00893
01139463
4f90206f
00078893
00000f13
01e888b3
0008c383
07700893
fd139663
00078893
00100f13
01e888b3
0008c283
fa729c63
00078893
00200f13
01e888b3
0008cf03
fa5f1263
00078893
00300293
005888b3
0008c883
f9e89863
00400893
011787b3
00c5863b
00700793
f6c7ee63
01c56533
01f56fb3
2a0f90e3
00000793
801ff06f
00071463
e11fc06f
00091463
e09fc06f
00100793
00f91463
2900306f
00009697
16068693
fff9089b
00000793
40d70833
0100006f
00c58023
00168693
00f88e63
0006c603
0007851b
00d805b3
0017879b
fe0612e3
00050793
02079793
0207d793
00f707b3
00078023
fff00513
840fc06f
00078693
00100613
00c686b3
0006c603
04e00693
00d60463
838fd06f
00078693
00200613
00c686b3
0006c603
05b00693
00d60463
81cfd06f
00300693
00d787b3
00000693
8dcfd06f
00078693
00100613
00c686b3
0006c603
05500693
00d60463
80cfd06f
00078693
00200613
00c686b3
0006c603
05400693
00d60463
ff1fc06f
00078693
00300613
00c686b3
0006c603
05b00693
00d60463
fd5fc06f
00400693
00d787b3
00000693
878fd06f
00058613
00100813
01060633
00064803
04d00613
00c80463
b5cfd06f
00058613
00200e93
01d60633
00064603
01060463
b44fd06f
00058613
00300813
01060633
00064803
05b00613
00c80463
b28fd06f
00058793
00400613
00c787b3
00a7f633
00060593
011585b3
0005c803
02f00593
0105e463
c7cfd06f
01160633
00064583
03900613
00b67463
c68fd06f
00a00813
00000613
00000293
00900f93
00100f13
00a7f8b3
00088593
005585b3
0005ce83
0026159b
00c585bb
fd0e839b
0015959b
0ff3f393
fd05859b
007fec63
01d5863b
00088793
01e787b3
fff8081b
fc0812e3
fff00513
02055513
00a7f7b3
00000e93
00078593
01d585b3
0005c803
05d00593
00b80463
becfd06f
00300893
00c8f463
be0fd06f
00100813
010787b3
02013583
00c5d5bb
0015f593
00059463
bc4fd06f
00a7f5b3
00058f13
01df0f33
000f4f83
02e00f13
01ef8463
7150606f
00058793
010787b3
00a7f7b3
00078593
01d585b3
0005c503
07800593
00b51463
69d0606f
00078593
00000513
00a585b3
0005c503
07800593
00b51463
6290606f
00078593
00000513
00a585b3
0005c503
07900593
00b51463
5b50606f
00078593
00000513
00a585b3
0005c503
07a00593
00b51463
6e10606f
00078593
00000513
00a585b3
0005c503
07700593
00b50463
b14fd06f
00078593
00100813
010585b3
0005c803
00a80463
afcfd06f
00078593
00200513
00a585b3
0005c503
01050463
ae4fd06f
00078593
00300813
010585b3
0005c583
00a58463
accfd06f
00400593
00b787b3
02061513
01c55613
fff5859b
05060613
06010513
00259593
00a60633
00b60633
fc062583
41c0063b
80000537
00a67633
e98ff06f
00100593
00050613
00b60633
00064803
02f00613
01067e63
00050613
00b60633
00064583
03900613
00b66463
8bcfd06f
00100593
00050613
00b60633
00064803
02e00613
00000e13
00c81463
89cfd06f
00050793
00b787b3
008008b7
01188893
fff00e13
20000593
020e5e13
00000f93
02000f13
00989893
00100e93
0180006f
02060863
00050793
01d787b3
fff5859b
02058063
01c7f533
00050613
01f60633
00064803
0108d633
00167613
fd0f7ae3
00100e13
834fd06f
00080613
00100f13
01e60633
00064f03
04d00613
00cf0463
e54fd06f
00080613
00200f93
01f60633
00064603
01e60463
e3cfd06f
00080613
00300f13
01e60633
00064f03
05b00613
00cf0463
e20fd06f
00080793
00400613
00c787b3
00b7f633
00060813
01180833
00084f03
02f00813
01e86463
f8cfd06f
01160633
00064803
03900613
01067463
f78fd06f
00a00893
00000613
00000393
00900493
00100a13
00b7ffb3
000f8813
00780833
00084283
0026181b
00c8083b
fd028f1b
0018181b
0fff7f13
fd08081b
01e4ec63
0058063b
000f8793
014787b3
fff8889b
fc0892e3
fff00813
02085813
0107f7b3
00000f13
00078893
01e888b3
0008c883
05d00593
00b88463
efcfd06f
00300f93
00cff463
ef0fd06f
00100893
00078593
011585b3
02013783
00c7d7bb
0017f793
00079463
ed0fd06f
0105f7b3
00078293
01e282b3
0002c383
02e00293
00538463
3f80706f
011787b3
0107f7b3
00078593
01e585b3
0005c803
07800593
00b81463
3440706f
00078593
00000813
010585b3
0005c803
07800593
00b81463
2d00706f
00078593
00000813
010585b3
0005c803
07900593
00b81463
25c0706f
00078593
00000813
010585b3
0005c803
07a00593
00b81463
2e00606f
00078593
00000813
010585b3
0005c803
07700593
00b80463
e24fd06f
00078593
00100893
011585b3
0005c883
01088463
e0cfd06f
00078593
00200813
010585b3
0005c803
01180463
df4fd06f
00078593
00300893
011585b3
0005c583
01058463
ddcfd06f
00400593
00b787b3
02061813
01c85613
fff5859b
05060613
06010813
00259593
01060633
00b60633
fc062583
40a0063b
de5fe06f
00100593
00080613
00b60633
00064883
02f00613
01167e63
00080613
00b60633
00064583
03900613
00b66463
bbcfd06f
00100593
00080613
00b60633
00064883
02e00613
00000513
00c89463
b9cfd06f
00080793
00b787b3
008008b7
01188893
fff00f13
20000593
020f5f13
00000393
02000293
00989893
00100f93
0180006f
02060863
00050793
01f787b3
fff5859b
02058063
01e7f533
00050613
00760633
00064803
0108d633
00167613
fd02fae3
00100513
b34fd06f
00060f13
00100293
005f0f33
000f4383
04d00f13
01e38463
e61fe06f
00060f13
00200293
005f0f33
000f4f03
007f0463
e49fe06f
00060f13
00300293
005f0f33
000f4283
05b00f13
01e28463
e2dfe06f
00400793
00f60633
00b677b3
00078f13
011f0f33
000f4283
02f00f13
005f6463
fa9fe06f
011787b3
0007c883
03900793
0117f463
f95fe06f
00a00293
00000793
00b674b3
00048893
00000f13
01e888b3
0008c383
0027989b
00f888bb
fd038f1b
0018989b
0fff7f13
00900a13
fd08889b
01ea6e63
007887bb
00048613
00100893
01160633
fff2829b
fa029ce3
fff00593
0205d593
00b67f33
00000293
000f0613
00560633
00064883
05d00613
00c88463
f19fe06f
00300493
00f4f463
f0dfe06f
00100393
000f0613
00760633
02013883
00f8d8bb
0018f893
00089463
eedfe06f
00b67633
00060893
005888b3
0008cf03
02e00893
011f0463
7450606f
00760633
00b67633
00060593
005585b3
0005c883
07800593
00b89463
6d10606f
00060593
00000893
011585b3
0005c883
07800593
00b89463
65d0606f
00060593
00000893
011585b3
0005c883
07900593
00b89463
5e90606f
00060593
00000893
011585b3
0005c883
07a00593
00b89463
5750606f
00060593
00000893
011585b3
0005c883
07700593
00b88463
e41fe06f
00060593
00100f13
01e585b3
0005cf03
011f0463
e29fe06f
00060593
00200893
011585b3
0005c883
01e88463
e11fe06f
00060593
00300f13
01e585b3
0005c583
01158463
df9fe06f
00400593
00b60633
00400613
02079593
01c5d793
fff6061b
05078793
06010593
00b787b3
00261613
00c787b3
fc07a783
000f9463
e45fe06f
80000637
00c7c7b3
01c56533
0007879b
0c051e63
00000613
e3dfe06f
00100593
00060893
00b888b3
0008cf03
02f00893
01e8fe63
00060893
00b888b3
0008c883
03900593
0115e463
badfe06f
00100593
00060893
00b888b3
0008cf03
02e00893
00000f93
011f1463
b8dfe06f
00060793
00b787b3
00800fb7
011f8f93
fff00293
20000593
0202d293
00000a13
02000493
009f9f93
00100393
0180006f
02060863
00088793
007787b3
fff5859b
02058063
0057f8b3
00088613
01460633
00064f03
01efd633
00167613
fde4fae3
00100f93
b25fe06f
0015051b
d4cfc06f
0117c8b3
01c56533
0008879b
f20506e3
00071463
b58fc06f
00091463
b50fc06f
00100793
00f91463
7f40206f
fff9061b
02061613
00009597
80c58593
02065613
00000693
0140006f
00a80023
00158593
00c69463
3c80106f
0005c503
00d70833
0006879b
00168693
fe0510e3
af0fc06f
00071463
b29fb06f
00091463
b21fb06f
00100793
00f91463
6a80606f
fff9061b
02061613
00008597
77458593
02065613
00000693
0140006f
00a80023
00158593
00c69463
7780206f
0005c503
00d70833
0006879b
00168693
fe0510e3
ac1fb06f
00088793
00100813
010787b3
00000893
00000813
00000493
00900a13
02a13823
0077ffb3
000f8513
00950533
00054283
0028151b
0105053b
fd028f1b
0015151b
0fff7f13
fd05051b
03ea6063
0055083b
0018889b
000f8793
00100513
00a787b3
00a00513
faa89ee3
0105ef33
03013503
000f1463
12c0106f
00100f13
01e59463
5fc0106f
00200f13
01e59463
87dfe06f
00058463
850fd06f
00089463
848fd06f
00100f13
00900f93
002f129b
01e28f3b
0015859b
001f1f1b
01159463
2980106f
fff594e3
820fd06f
00100893
011787b3
00000f13
05013423
00000893
00000a13
00078813
04e13823
00787833
00080793
014787b3
0007c483
0028979b
011787bb
fd04829b
0017979b
0ff2f293
00900713
fd07879b
00576e63
009788bb
001f0f1b
00100793
00f80833
00a00793
faff1ee3
011667b3
04813803
05013703
00079463
0480106f
00100793
00f61463
0a50106f
00200793
00f61463
b19fe06f
00060463
ab1fe06f
000f1463
aa9fe06f
00100793
00900393
0027929b
00f287bb
0016061b
0017979b
01e61463
04d0106f
fe7614e3
a81fe06f
00000513
00058613
00a60633
00064803
02d00613
00c81463
f31fb06f
00a585b3
0005c583
02e00613
20000893
00c59463
f19fb06f
00800337
01130313
fff00813
02085813
00000f93
02000e93
00931313
00100e13
0180006f
02060863
00058793
01c787b3
fff8889b
02088063
0107f5b3
00058613
01f60633
00064503
00a35633
00167613
fcaefae3
02079793
0207d793
00078613
00000593
00b60633
00064583
04900613
00c59463
1a90206f
00078613
00000593
00b60633
00064583
04f00613
00c59463
1290206f
00078613
00000593
00b60633
00064583
04300613
00c59463
0290206f
00078613
00000593
00b60633
00064583
05400613
00c58463
fa9fb06f
00078613
00100593
00b60633
00064583
04500613
00c58463
f8dfb06f
00078613
00200593
00b60633
00064583
04d00613
00c58463
f71fb06f
00078613
00300593
00b60633
00064583
05000613
00c58463
f55fb06f
00078613
00400593
00b60633
00064583
05b00613
00c58463
f39fb06f
00500613
00c787b3
00400613
fff00513
02055513
00a7f5b3
00000893
00058813
01180833
00084303
02f00813
00686463
f05fb06f
011585b3
0005c803
03900593
0105f463
ef1fb06f
00a00893
00000813
00000293
00900f93
00100e93
00a7f333
00030593
005585b3
0005ce03
0028159b
010585bb
fd0e039b
0015959b
0ff3f393
fd05859b
007fec63
01c5883b
00030793
01d787b3
fff8889b
fc0892e3
fff00513
02055513
00a7f7b3
00000313
00078593
006585b3
0005c883
05d00593
00b88463
e75fb06f
00100893
011787b3
00a7f5b3
00058e13
006e0e33
000e4e83
02e00e13
0fce9463
00058793
011787b3
00a7f7b3
00078593
006585b3
0005c503
07800593
00b51463
4440606f
00078593
00000513
00a585b3
0005c503
07800593
00b51463
3dc0606f
00078593
00000513
00a585b3
0005c503
07900593
00b51463
4600606f
00078593
00000513
00a585b3
0005c503
07a00593
00b51463
3a50506f
00078593
00000513
00a585b3
0005c503
07700593
00b50463
dc1fb06f
00078593
00100893
011585b3
0005c883
00a88463
da9fb06f
00078593
00200513
00a585b3
0005c503
01150463
d91fb06f
00078593
00300893
011585b3
0005c583
00a58463
d79fb06f
00400593
00b787b3
0106063b
00700593
00c5f463
d61fb06f
00000e13
00000893
00800eb7
011e8e93
fff00f93
20000313
020fdf93
00000393
02000293
009e9e93
00100493
0180006f
02058863
00050793
009787b3
fff3031b
02030063
01f7f533
00050593
007585b3
0005c803
010ed5b3
0015f593
fd02fae3
02079513
02055513
00050593
00000813
010585b3
0005c803
02c00593
00b81863
00050793
00100593
00b787b3
00800eb7
011e8e93
fff00f93
20000313
020fdf93
00000393
02000293
009e9e93
00100493
0180006f
02058863
00050793
009787b3
fff3031b
02030063
01f7f533
00050593
007585b3
0005c803
010ed5b3
0015f593
fd02fae3
02079593
0205d593
00058513
00000813
01050533
00054803
02d00513
00000e93
00a81463
3240106f
fff00813
02085813
0107f5b3
00000513
00058313
00a30333
00034f83
04900313
006f9463
0a00106f
00000813
00058513
01050533
00054303
02f00513
1c657c63
00058513
01050533
00054803
03900513
1d056263
00800fb7
011f8f93
fff00293
20000513
0202d293
00000493
02000393
009f9f93
00100a13
0180006f
02058863
00080793
014787b3
fff5051b
02050063
0057f833
00080593
009585b3
0005c303
006fd5b3
0015f593
fc63fae3
02079813
02085813
00080593
00000513
00a585b3
0005c303
02d00593
00b31a63
00080793
00100593
00b787b3
00100513
fff00f93
020fdf93
01f7f5b3
00000313
00058813
00680833
00084283
02f00813
0a587e63
006585b3
0005c803
03900593
0b05e663
00a00313
00000593
00000493
00900393
00100293
03c13823
02c13c23
01f7fe33
000e0613
00960633
00064a03
0025961b
00b6063b
fd0a081b
0016161b
0ff87813
fd06061b
0103ec63
014605bb
000e0793
005787b3
fff3031b
fc0312e3
fff00293
0202d293
0057f7b3
03013e03
03813603
00078813
00000313
00680833
00084303
02e00813
01031463
4a40106f
50058863
00100793
00f59463
3040206f
00200793
00f59463
2e80206f
00071463
af9fb06f
00091463
af1fb06f
00100793
00f91463
7950106f
fff9061b
02061613
00008597
f5458593
02065613
00000693
0100006f
00a80023
00158593
36c686e3
0005c503
00d70833
0006879b
00168693
fe0512e3
a95fb06f
00000813
00058513
01050533
00054303
02d00513
e2a306e3
010585b3
0005c803
02e00593
20000513
e0b80ce3
00800fb7
011f8f93
fff00293
0202d293
00000a13
02000493
009f9f93
00100393
0180006f
02058863
00080793
007787b3
fff5051b
02050063
0057f833
00080593
014585b3
0005c303
006fd5b3
0015f593
fc64fae3
02079793
0207d793
00078593
00000513
00a585b3
0005c503
04900593
00b51463
29c0206f
00078593
00000513
00a585b3
0005c503
04f00593
00b51463
13d0306f
00078593
00000513
00a585b3
0005c503
04300593
00b51463
0850306f
00078593
00000513
00a585b3
0005c503
05400593
eab51ae3
00078593
00100513
00a585b3
0005c503
04500593
e8b51ee3
00078593
00200513
00a585b3
0005c503
04d00593
e8b512e3
00078593
00300513
00a585b3
0005c503
05000593
e6b516e3
00078593
00400513
00a585b3
0005c503
05b00593
e4b51ae3
00500593
00b787b3
00400813
fff00313
02035313
0067f5b3
00000f93
00058513
01f50533
00054283
02f00513
e25572e3
01f585b3
0005c503
03900593
e0a5eae3
00a00f93
00000593
0067f3b3
00038513
00000293
00550533
00054483
0025951b
00b5053b
fd04829b
0015151b
0ff2f293
00900a13
fd05051b
005a6e63
009505bb
00038793
00100513
00a787b3
ffff8f9b
fa0f9ce3
fff00513
02055513
00a7f7b3
00000f93
00078313
01f30333
00034283
05d00313
d8629ee3
00100313
006787b3
00a7f7b3
00078293
01f282b3
0002c383
02e00293
0c539a63
006787b3
00a7f7b3
00078513
01f50533
00054f83
07800513
00af9463
5690506f
00078513
00000313
00650533
00054303
07800513
00a31463
5010506f
00078513
00000313
00650533
00054303
07900513
00a31463
4990506f
00078513
00000313
00650533
00054303
07a00513
00a31463
4310506f
00078513
00000313
00650533
00054303
07700513
cea318e3
00078513
00100f93
01f50533
00054f83
cc6f9ee3
00078513
00200313
00650533
00054303
cdf314e3
00078513
00300f93
01f50533
00054503
ca651ae3
00400513
00a787b3
00b805bb
00700793
cab7e0e3
01d6e7b3
00078463
45c0606f
10088263
00000893
00000793
ff9f0613
00c03633
00660613
01013e83
01813303
0176169b
a8000537
00a6e6b3
0006869b
01d36463
2980506f
00813f83
02031813
01e85513
000f8813
00a80833
0013051b
00d82023
0005069b
01d6e463
2700506f
02051693
01e6d513
000f8693
00a686b3
01c6a023
0023069b
00d13c23
08088463
00700693
00df1463
0200106f
00700593
00b61863
ffaf0f13
01e035b3
00558593
01013303
01813883
0175951b
a80006b7
00d56533
0005051b
0068e463
2100506f
00813e03
02089813
01e85693
000e0813
00d80833
0018869b
00a82023
0006851b
00656463
1e80506f
02069513
01e55693
000e0513
00d50533
00f52023
0028879b
00f13c23
00f5969b
0136179b
00d7e7b3
02812683
01813583
0176969b
00d7e7b3
580006b7
00d7e7b3
01013683
0007879b
00d5f463
a2cfe06f
00071463
e50fb06f
00091463
e48fb06f
00000793
00008617
a1460613
0180006f
0005c683
00069463
e24fb06f
00d50023
00178793
0017869b
00c785b3
00f70533
ff26e0e3
e08fb06f
00000593
40a007bb
80000537
00a7f7b3
00b7c7b3
0007879b
000e8663
00a7c533
0005079b
00068463
2b00606f
00000593
e4089ee3
ecdff06f
00078613
00100813
01060633
00064803
00a80463
aadfb06f
00078613
00200513
00a60633
00064503
01050463
a95fb06f
00078613
00300813
01060633
00064603
00a60463
a7dfb06f
addfb06f
00078613
00100813
01060633
00064803
00a80463
a45fb06f
00078613
00200513
00a60633
00064503
01050463
a2dfb06f
00078613
00300813
01060633
00064603
00a60463
a15fb06f
a91fb06f
00078613
00100813
01060633
00064803
00a80463
9ddfb06f
00078613
00200513
00a60633
00064503
01050463
9c5fb06f
00078613
00300813
01060633
00064603
00a60463
9adfb06f
a45fb06f
00078613
01c60633
00064503
07900613
00c50463
975fb06f
00078613
00200513
00a60633
00064503
07a00613
00c50463
959fb06f
00078613
00300513
00a60633
00064503
07700613
00c50463
93dfb06f
9f1fb06f
00000613
40d006bb
411008bb
0116c6b3
800005b7
00b6f6b3
00c6c6b3
00068e1b
00100893
00000693
00000613
eb8ff06f
ffae8813
01003833
00580813
f11fd06f
00600593
00500613
00be9463
f89fd06f
ffa80613
00c03633
00560613
f79fd06f
01e787b3
0117f7b3
00078593
01f585b3
0005c883
07800593
00b89463
3d80106f
00078593
00000893
011585b3
0005c883
07800593
00b89463
3700106f
00078593
00000893
011585b3
0005c883
07900593
00b89463
3080106f
00078593
00000893
011585b3
0005c883
07a00593
00b89463
2a00106f
00078593
00000893
011585b3
0005c883
07700593
00b88463
9f8fc06f
00078593
00100f13
01e585b3
0005cf03
011f0463
9e0fc06f
00078593
00200893
011585b3
0005c883
01e88463
9c8fc06f
00078593
00300f13
01e585b3
0005c583
01158463
9b0fc06f
00400593
00b787b3
a10fe06f
00078613
00100593
00b60633
00064583
04e00613
00c58463
c59fb06f
00078613
00200593
00b60633
00064583
05b00613
00c58463
c3dfb06f
00300613
00c787b3
00000e93
ce9fb06f
00000613
f1dfd06f
00078613
00100593
00b60633
00064583
05500613
00c58463
a90fe06f
00078613
00200593
00b60633
00064583
05400613
00c58463
a74fe06f
00078613
00300593
00b60633
00064583
05b00613
00c58463
a58fe06f
00400613
00c787b3
00000593
ae8fe06f
00078613
00100593
00b60633
00064583
04e00613
00c58463
a10fe06f
00078613
00200593
00b60633
00064583
05b00613
00c58463
9f4fe06f
00300613
00c787b3
00000593
aa0fe06f
00078613
00100593
00b60633
00064583
05500613
00c58463
f59fd06f
00078613
00200593
00b60633
00064583
05400613
00c58463
f3dfd06f
00078613
00300593
00b60633
00064583
05b00613
00c58463
f21fd06f
00400613
00c787b3
00000613
fc5fd06f
00078613
00100593
00b60633
00064583
04e00613
00c58463
ed9fd06f
00078613
00200593
00b60633
00064583
05b00613
00c58463
ebdfd06f
00300613
00c787b3
00000613
f7dfd06f
00078613
00100593
00b60633
00064583
04f00613
00c58463
ec9fd06f
00078613
00200593
00b60633
00064583
04e00613
00c58463
eadfd06f
00078613
00300593
00b60633
00064583
05300613
00c58463
e91fd06f
00078613
00400593
00b60633
00064583
05400613
00c58463
e75fd06f
00078613
00500593
00b60633
00064583
05b00613
00c58463
e59fd06f
00600613
00c787b3
00000613
ee1fd06f
00000613
aedfd06f
00600613
cac31ee3
00500613
c39fd06f
00000593
f70fd06f
0015859b
b74fa06f
00078613
00100593
00b60633
00064583
04f00613
00c58463
890fe06f
00078613
00200593
00b60633
00064583
04e00613
00c58463
874fe06f
00078613
00300593
00b60633
00064583
05300613
00c58463
858fe06f
00078613
00400593
00b60633
00064583
05400613
00c58463
83cfe06f
00078613
00500593
00b60633
00064583
05b00613
00c58463
820fe06f
00600613
00c787b3
00000593
894fe06f
00078613
00100593
00b60633
00064583
04f00613
00c58463
989fb06f
00078613
00200593
00b60633
00064583
04e00613
00c58463
96dfb06f
00078613
00300593
00b60633
00064583
05300613
00c58463
951fb06f
00078613
00400593
00b60633
00064583
05400613
00c58463
935fb06f
00078613
00500593
00b60633
00064583
05b00613
00c58463
919fb06f
00600613
00c787b3
00000e93
98dfb06f
00078613
00100593
00b60633
00064583
05500613
00c58463
8d1fb06f
00078613
00200593
00b60633
00064583
05400613
00c58463
8b5fb06f
00078613
00300593
00b60633
00064583
05b00613
00c58463
899fb06f
00400613
00c787b3
00000e93
929fb06f
0017879b
f3dfa06f
0018159b
01e58463
d89fb06f
3f0005b7
db0fd06f
00058613
00100893
01160633
00064883
04d00613
00c88463
d29fa06f
00058613
00200313
00660633
00064603
01160463
d11fa06f
00058613
00300893
01160633
00064883
05b00613
00c88463
cf5fa06f
00058793
00400613
00c787b3
00a7f633
00060593
010585b3
0005c883
02f00593
0115e463
e5dfa06f
01060633
00064583
03900613
00b67463
e49fa06f
00a00813
00000613
00000f93
00900e93
00100e13
00a7f8b3
00088593
01f585b3
0005c303
0026159b
00c585bb
fd03029b
0015959b
0ff2f293
fd05859b
005eec63
0065863b
00088793
01c787b3
fff8081b
fc0812e3
fff00513
02055513
00a7f7b3
00000313
00078593
006585b3
0005c803
05d00593
00b80463
dcdfa06f
00300893
00c8f463
dc1fa06f
00100813
010787b3
02013583
00c5d5bb
0015f593
00059463
da5fa06f
00a7f5b3
00058e13
006e0e33
000e4e83
02e00e13
01ce8463
5ac0406f
00058793
010787b3
00a7f7b3
00078593
006585b3
0005c503
07800593
00b51463
5340406f
00078593
00000513
00a585b3
0005c503
07800593
00b51463
4c00406f
00078593
00000513
00a585b3
0005c503
07900593
00b51463
44c0406f
00078593
00000513
00a585b3
0005c503
07a00593
00b51463
3d80406f
00078593
00000513
00a585b3
0005c503
07700593
00b50463
cf5fa06f
00078593
00100813
010585b3
0005c803
00a80463
cddfa06f
00078593
00200513
00a585b3
0005c503
01050463
cc5fa06f
00078593
00300813
010585b3
0005c583
00a58463
cadfa06f
00400593
00b787b3
02061513
01c55613
fff5859b
05060613
06010513
00a60633
00259593
00b60633
fc062603
40d006bb
851ff06f
00100513
00060593
00a585b3
0005c803
02f00593
0105fe63
00060593
00a585b3
0005c503
03900593
00a5e463
a91fa06f
00100593
00060693
00b686b3
0006c803
02e00513
00000693
00a81463
a71fa06f
00060793
00b787b3
00800637
01160613
fff00893
20000593
0208d893
00000e93
02000e13
00961613
00100313
0180006f
02068863
00050793
006787b3
fff5859b
02058063
0117f533
00050693
01d686b3
0006c803
010656b3
0016f693
fd0e7ae3
00100693
a09fa06f
00080463
a65fb06f
3f8005b7
a8cfd06f
00600593
00500613
00b31463
f3cfd06f
ffae8613
00c03633
00560613
f2cfd06f
00058313
00100f93
01f30333
00034f83
04d00313
006f8463
f4dfe06f
00058313
00200293
00530333
00034303
01f30463
f35fe06f
00058313
00300f93
01f30333
00034f83
05b00313
006f8463
f19fe06f
00058793
00400593
00b787b3
0107f5b3
00058313
00a30333
00034f83
02f00313
89f37263
00a585b3
0005c503
03900593
86a5ea63
00a00313
00000593
00000493
00900a13
0107f2b3
00028513
00950533
00054383
0025951b
00b5053b
fd038f9b
0015151b
0fffff93
fd05051b
01fa6e63
007505bb
00028793
00100513
00a787b3
fff3031b
fc0310e3
fff00513
02055513
00a7f7b3
00000313
00078813
00680833
00084f83
05d00813
010f8463
ff9fe06f
00300f93
00bff463
fedfe06f
00100813
010787b3
02013283
00b2d2bb
0012f293
00029463
fd1fe06f
00a7f7b3
00078293
006282b3
0002c383
02e00293
00538463
3890506f
010787b3
00a7f7b3
00078513
00650533
00054303
07800513
00a31463
3150506f
00078513
00000813
01050533
00054803
07800513
00a81463
2a10506f
00078513
00000813
01050533
00054803
07900513
00a81463
22d0506f
00078513
00000813
01050533
00054803
07a00513
00a81463
1b90506f
00078513
00000813
01050533
00054803
07700513
00a80463
f25fe06f
00078513
00100313
00650533
00054303
01030463
f0dfe06f
00078513
00200813
01050533
00054803
00680463
ef5fe06f
00078513
00300313
00650533
00054503
01050463
eddfe06f
00400513
00a787b3
02059813
01c85793
fff5059b
05078793
06010513
00a787b3
00259593
00b787b3
fc07a783
bc0e8063
800005b7
00b7c7b3
0007879b
bb0ff06f
00100813
00058513
01050533
00054303
02f00513
00657e63
00058513
01050533
00054803
03900513
01056463
cb5fe06f
00100813
00058513
01050533
00054303
02e00513
00000e93
00a31463
c95fe06f
00058793
010787b3
00800537
01150513
fff00f93
20000813
020fdf93
00000493
02000393
00951513
00100293
0180006f
02058863
00030793
005787b3
fff8081b
02080063
01f7f333
00030593
009585b3
0005ce83
01d555b3
0015f593
fdd3fae3
00100e93
c2dfe06f
0015161b
00b60463
8f0fb06f
3f000637
cdcfd06f
0018961b
00f60463
a34fd06f
3f000637
a94fd06f
00000513
a5df906f
00088463
a1cfd06f
3f800637
a7cfd06f
00050463
8b4fb06f
3f800637
ca0fd06f
00078693
00100613
00c686b3
0006c603
04e00693
00d60463
aacfa06f
00078693
00200613
00c686b3
0006c603
05b00693
00d60463
a90fa06f
00300693
00d787b3
00000693
b50fa06f
00078693
00100613
00c686b3
0006c603
04f00693
00d60463
a9cfa06f
00078693
00200613
00c686b3
0006c603
04e00693
00d60463
a80fa06f
00078693
00300613
00c686b3
0006c603
05300693
00d60463
a64fa06f
00078693
00400613
00c686b3
0006c603
05400693
00d60463
a48fa06f
00078693
00500613
00c686b3
0006c603
05b00693
00d60463
a2cfa06f
00600693
00d787b3
00000693
ab4fa06f
00078693
00100613
00c686b3
0006c603
05500693
00d60463
9e4fa06f
00078693
00200613
00c686b3
0006c603
05400693
00d60463
9c8fa06f
00078693
00300613
00c686b3
0006c603
05b00693
00d60463
9acfa06f
00400693
00d787b3
00000693
a50fa06f
00071463
f40fa06f
00091463
f38fa06f
00100793
3ef900e3
fff9061b
02061613
00007597
af858593
02065613
00000693
0100006f
00a80023
00158593
fad60c63
0005c503
00d70833
0006879b
00168693
fe0512e3
ee0fa06f
fef00513
9a5f906f
ffa60593
00b035b3
00558593
fedfe06f
00071463
f01f906f
00091463
ef9f906f
00100793
00f91463
2810406f
fff9061b
02061613
00007597
b1458593
02065613
00000693
0100006f
00a80023
00158593
34d60ae3
0005c503
00d70833
0006879b
00168693
fe0512e3
e9df906f
00100813
010787b3
00000f93
00000813
0057f7b3
00078313
00000393
00730333
00034483
0028131b
0103033b
fd04839b
0013131b
0ff3f393
00900a13
fd03031b
007a6e63
0093083b
001f8f9b
00100313
006787b3
00a00313
fa6f9ce3
0105e7b3
80078663
00100793
60f580e3
00200793
5ef584e3
00058463
b05fe06f
000f9463
afdfe06f
00100313
00900293
0023179b
0067833b
0015859b
0013131b
01f59463
6480206f
fe5594e3
ad5fe06f
00050793
00100593
00b787b3
00000813
00000593
00000493
00900393
00100293
00a00a13
0067feb3
000e8513
00950533
00054f83
0025951b
00b5053b
fd0f8e1b
0015151b
0ffe7e13
fd05051b
01c3ec63
01f505bb
0018081b
000e8793
005787b3
fd4812e3
00b66533
8c050463
00100513
00a61463
6210206f
00200513
00a61463
6050206f
00060463
ce0fa06f
00081463
cd8fa06f
00100513
00900e13
0025131b
00a3053b
0016061b
0015151b
01061463
13c0106f
ffc614e3
cb0fa06f
00000893
00050813
01180833
00084303
02d00813
01031463
fedfb06f
01150533
00054883
02e00513
20000813
00a89463
fd5fb06f
00800637
01160613
fff00513
02055513
00000f93
02000f13
00961613
00100e93
0180006f
02088863
00030793
01d787b3
fff8081b
02080063
00a7f333
00030893
01f888b3
0008ce03
01c658b3
0018f893
fdcf7ae3
02079793
0207d793
00078613
00000513
00a60633
00064503
04900613
00c51463
4bc0406f
00078613
00000513
00a60633
00064503
04f00613
00c51463
43c0406f
00078613
00000513
00a60633
00064503
04300613
00c51463
6040406f
00078613
00000513
00a60633
00064503
05400613
00c50463
860fc06f
00078613
00100513
00a60633
00064503
04500613
00c50463
844fc06f
00078613
00200513
00a60633
00064503
04d00613
00c50463
828fc06f
00078613
00300513
00a60633
00064503
05000613
00c50463
80cfc06f
00078613
00400513
00a60633
00064503
05b00613
00c50463
ff1fb06f
00500613
00c787b3
00400613
fff00893
0208d893
0117f533
00000313
00050813
00680833
00084e03
02f00813
01c86463
fbdfb06f
00650533
00054803
03900513
01057463
fa9fb06f
00a00313
00000813
00000293
00900f93
00100f13
0117fe33
000e0513
00550533
00054e83
0028151b
0105053b
fd0e839b
0015151b
0ff3f393
fd05051b
007fec63
01d5083b
000e0793
01e787b3
fff3031b
fc0312e3
fff00513
02055513
00a7f7b3
00000313
00078893
006888b3
0008ce03
05d00893
011e0463
f2dfb06f
00100893
011787b3
00a7f7b3
00078e13
006e0e33
000e4e83
02e00e13
0fce9263
011787b3
00a7f7b3
00078513
00650533
00054303
07800513
00a31463
4200406f
00078513
00000893
01150533
00054883
07800513
00a89463
3b80406f
00078513
00000893
01150533
00054883
07900513
00a89463
3500406f
00078513
00000893
01150533
00054883
07a00513
00a89463
2e80406f
00078513
00000893
01150533
00054883
07700513
00a88463
e7dfb06f
00078513
00100313
00650533
00054303
01130463
e65fb06f
00078513
00200893
01150533
00054883
00688463
e4dfb06f
00078513
00300313
00650533
00054503
01150463
e35fb06f
00400513
00a787b3
0106053b
00700793
00050613
00a7f463
e19fb06f
00069463
1040406f
a00006b7
0175979b
0136161b
00c7e7b3
00d7e7b3
01813583
01013683
0007879b
00d5e463
0940406f
02059693
01e6d613
00813683
00c686b3
00f6a023
0015879b
00f13c23
b90f906f
00078893
00100f13
01e888b3
0008c283
00728463
af8fd06f
00078893
00200f13
01e888b3
0008cf03
005f0463
ae0fd06f
00078893
00300293
005888b3
0008c883
01e88463
ac8fd06f
b18fd06f
00078593
00100f13
01e585b3
0005cf03
011f0463
d51fe06f
00078593
00200893
011585b3
0005c883
01e88463
d39fe06f
00078593
00300f13
01e585b3
0005c583
01158463
d21fe06f
d81fe06f
00078593
00100f13
01e585b3
0005cf03
011f0463
ce9fe06f
00078593
00200893
011585b3
0005c883
01e88463
cd1fe06f
00078593
00300f13
01e585b3
0005c583
01158463
cb9fe06f
d35fe06f
00078593
00100f13
01e585b3
0005cf03
011f0463
c81fe06f
00078593
00200893
011585b3
0005c883
01e88463
c69fe06f
00078593
00300f13
01e585b3
0005c583
01158463
c51fe06f
ce9fe06f
00078593
01e585b3
0005c883
07900593
00b88463
c19fe06f
00078593
00200893
011585b3
0005c883
07a00593
00b88463
bfdfe06f
00078593
00300893
011585b3
0005c883
07700593
00b88463
be1fe06f
c95fe06f
00078613
00100813
01060633
00064803
00a80463
af9fa06f
00078613
00200513
00a60633
00064503
01050463
ae1fa06f
00078613
00300813
01060633
00064603
00a60463
ac9fa06f
b19fa06f
00078613
00100813
01060633
00064803
00a80463
a91fa06f
00078613
00200513
00a60633
00064503
01050463
a79fa06f
00078613
00300813
01060633
00064603
00a60463
a61fa06f
acdfa06f
00078613
00100813
01060633
00064803
00a80463
a29fa06f
00078613
00200513
00a60633
00064503
01050463
a11fa06f
00078613
00300813
01060633
00064603
00a60463
9f9fa06f
a81fa06f
00078613
01060633
00064503
07900613
00c50463
9c1fa06f
00078613
00200513
00a60633
00064503
07a00613
00c50463
9a5fa06f
00078613
00300513
00a60633
00064503
07700613
00c50463
989fa06f
a2dfa06f
00078893
00100f13
01e888b3
0008c283
00728463
804fd06f
00078893
00200f13
01e888b3
0008cf03
005f0463
fedfc06f
00078893
00300293
005888b3
0008c883
01e88463
fd5fc06f
85cfd06f
00078893
009888b3
0008cf03
07900893
011f0463
f9dfc06f
00078893
00200f13
01e888b3
0008cf03
07a00893
011f0463
f81fc06f
00078893
00300f13
01e888b3
0008cf03
07700893
011f0463
f65fc06f
808fd06f
00078893
00100f13
01e888b3
0008c283
00728463
f81fc06f
00078893
00200f13
01e888b3
0008cf03
005f0463
f69fc06f
00078893
00300293
005888b3
0008c883
01e88463
f51fc06f
fbdfc06f
00078693
00100613
00c686b3
0006c603
04f00693
00d60463
ce8fb06f
00078693
00200613
00c686b3
0006c603
04e00693
00d60463
cccfb06f
00078693
00300613
00c686b3
0006c603
05300693
00d60463
cb0fb06f
00078693
00400613
00c686b3
0006c603
05400693
00d60463
c94fb06f
00078693
00500613
00c686b3
0006c603
05b00693
00d60463
c78fb06f
00600693
00d787b3
00000593
d00fb06f
00078693
00100613
00c686b3
0006c603
05500693
00d60463
c30fb06f
00078693
00200613
00c686b3
0006c603
05400693
00d60463
c14fb06f
00078693
00300613
00c686b3
0006c603
05b00693
00d60463
bf8fb06f
00400693
00d787b3
00000593
c9cfb06f
00078693
00100613
00c686b3
0006c603
04e00693
00d60463
bb0fb06f
00078693
00200613
00c686b3
0006c603
05b00693
00d60463
b94fb06f
00300693
00d787b3
00000593
c54fb06f
00078613
00100813
01060633
00064803
00a80463
8cdf906f
00078613
00200513
00a60633
00064503
01050463
8b5f906f
00078613
00300813
01060633
00064603
00a60463
89df906f
8fdf906f
00078613
00100813
01060633
00064803
00a80463
865f906f
00078613
00200513
00a60633
00064503
01050463
84df906f
00078613
00300813
01060633
00064603
00a60463
835f906f
8b1f906f
00078613
00100813
01060633
00064803
00a80463
ffcf906f
00078613
00200513
00a60633
00064503
01050463
fe4f906f
00078613
00300813
01060633
00064603
00a60463
fccf906f
865f906f
00078613
01060633
00064503
07900613
00c50463
f94f906f
00078613
00200513
00a60633
00064503
07a00613
00c50463
f78f906f
00078613
00300513
00a60633
00064503
07700613
00c50463
f5cf906f
811f906f
00000793
b3df906f
00000793
dadfc06f
0017879b
b5cf906f
00050813
00100e13
01c80833
00084e03
04d00813
010e0463
de0fb06f
00050813
00200e93
01d80833
00084803
01c80463
dc8fb06f
00050813
00300e13
01c80833
00084e03
05b00813
010e0463
dacfb06f
00400793
00f50533
011575b3
00058793
006787b3
0007c803
02f00793
0107e463
f14fb06f
006585b3
0005c583
03900793
00b7f463
f00fb06f
00a00793
00000813
00000f93
00900f13
00100e93
01157333
00030593
01f585b3
0005ce03
0028159b
010585bb
fd0e029b
0015959b
0ff2f293
fd05859b
005f6c63
01c5883b
00030513
01d50533
fff7879b
fc0792e3
fff00593
0205d593
00b577b3
00000313
00078513
00650533
00054883
05d00513
00a88463
e84fb06f
00300893
0108f463
e78fb06f
00100513
00a787b3
02013e03
010e5e3b
001e7e13
000e1463
e5cfb06f
00b7f7b3
00078e13
006e0e33
000e4e83
02e00e13
01ce8463
40d0406f
00a787b3
00b7f7b3
00078593
006585b3
0005c303
07800593
00b31463
3990406f
00078593
00000513
00a585b3
0005c503
07800593
00b51463
3250406f
00078593
00000513
00a585b3
0005c503
07900593
00b51463
2b10406f
00078593
00000513
00a585b3
0005c503
07a00593
00b51463
0a50406f
00078593
00000513
00a585b3
0005c503
07700593
00b50463
db0fb06f
00078593
00100893
011585b3
0005c883
00a88463
d98fb06f
00078593
00200513
00a585b3
0005c503
01150463
d80fb06f
00078593
00300893
011585b3
0005c583
00a58463
d68fb06f
00400593
00b787b3
02081513
01c55793
fff5859b
05078793
06010513
00259593
00a787b3
00b787b3
fc07a583
40d007bb
800006b7
00d7f7b3
00b7c7b3
0007879b
0400406f
00100893
00050813
01180833
00084303
02f00813
00687e63
00050813
01180833
00084883
03900813
01186463
b40fb06f
00100813
00050693
010686b3
0006c883
02e00693
00d89463
4b10306f
00050793
010787b3
008006b7
01168693
fff00513
20000813
02055513
00000f93
02000f13
00969693
00100e93
0180006f
02088863
00030793
01d787b3
fff8081b
02080063
00a7f333
00030893
01f888b3
0008ce03
01c6d8b3
0018f893
fdcf7ae3
00100693
abcfb06f
00080463
d21fd06f
400005b7
a0cfe06f
00080463
d11fd06f
3f8005b7
9fcfe06f
00078613
00100593
00b60633
00064583
04f00613
00c58463
fc4fd06f
00078613
00200593
00b60633
00064583
04e00613
00c58463
fa8fd06f
00078613
00300593
00b60633
00064583
05300613
00c58463
f8cfd06f
00078613
00400593
00b60633
00064583
05400613
00c58463
f70fd06f
00078613
00500593
00b60633
00064583
05b00613
00c58463
f54fd06f
00600613
00c787b3
00000613
fdcfd06f
00078593
00100513
00a585b3
0005c503
04e00593
00b50463
d51fd06f
00078593
00200513
00a585b3
0005c503
05b00593
00b50463
d35fd06f
00300593
00b787b3
00000813
de1fd06f
00078613
00100593
00b60633
00064583
05500613
00c58463
ec4fd06f
00078613
00200593
00b60633
00064583
05400613
00c58463
ea8fd06f
00078613
00300593
00b60633
00064583
05b00613
00c58463
e8cfd06f
00400613
00c787b3
00000613
f30fd06f
00078613
00100593
00b60633
00064583
04e00613
00c58463
e44fd06f
00078613
00200593
00b60633
00064583
05b00613
00c58463
e28fd06f
00300613
00c787b3
00000613
ee8fd06f
00078693
00100613
00c686b3
0006c603
04f00693
00d60463
c90fb06f
00078693
00200613
00c686b3
0006c603
04e00693
00d60463
c74fb06f
00078693
00300613
00c686b3
0006c603
05300693
00d60463
c58fb06f
00078693
00400613
00c686b3
0006c603
05400693
00d60463
c3cfb06f
00078693
00500613
00c686b3
0006c603
05b00693
00d60463
c20fb06f
00600693
00d787b3
00000693
ca8fb06f
00078693
00100613
00c686b3
0006c603
05500693
00d60463
bd8fb06f
00078693
00200613
00c686b3
0006c603
05400693
00d60463
bbcfb06f
00078693
00300613
00c686b3
0006c603
05b00693
00d60463
ba0fb06f
00400693
00d787b3
00000693
c44fb06f
00078693
00100613
00c686b3
0006c603
04e00693
00d60463
b58fb06f
00078693
00200613
00c686b3
0006c603
05b00693
00d60463
b3cfb06f
00300693
00d787b3
00000693
bfcfb06f
00078693
00100613
00c686b3
0006c603
04f00693
00d60463
d38fa06f
00078693
00200613
00c686b3
0006c603
04e00693
00d60463
d1cfa06f
00078693
00300613
00c686b3
0006c603
05300693
00d60463
d00fa06f
00078693
00400613
00c686b3
0006c603
05400693
00d60463
ce4fa06f
00078693
00500613
00c686b3
0006c603
05b00693
00d60463
cc8fa06f
00600693
00d787b3
00000613
d50fa06f
00078693
00100613
00c686b3
0006c603
05500693
00d60463
c80fa06f
00078693
00200613
00c686b3
0006c603
05400693
00d60463
c64fa06f
00078693
00300613
00c686b3
0006c603
05b00693
00d60463
c48fa06f
00400693
00d787b3
00000613
cecfa06f
00078693
00100613
00c686b3
0006c603
04e00693
00d60463
c00fa06f
00078693
00200613
00c686b3
0006c603
05b00693
00d60463
be4fa06f
00300693
00d787b3
00000613
ca4fa06f
0015961b
00a60463
b74f906f
3f000637
f39fd06f
00000813
00058693
010686b3
0006c883
02d00693
00d89463
fa0fa06f
010585b3
0005c583
02e00693
20000813
00d59463
f88fa06f
008006b7
01168693
fff00593
0205d593
00000293
02000f93
00969693
00100f13
0180006f
02088863
00030793
01e787b3
fff8081b
02080063
00b7f333
00030893
005888b3
0008ce83
01d6d8b3
0018f893
fddffae3
02079793
0207d793
00078693
00000593
00b686b3
0006c583
04900693
00d59463
3890206f
00078693
00000593
00b686b3
0006c583
04f00693
00d59463
3090206f
00078693
00000593
00b686b3
0006c583
04300693
00d59463
0b50206f
00078693
00000593
00b686b3
0006c583
05400693
00d58463
815fa06f
00078693
00100593
00b686b3
0006c583
04500693
00d58463
ff8fa06f
00078693
00200593
00b686b3
0006c583
04d00693
00d58463
fdcfa06f
00078693
00300593
00b686b3
0006c583
05000693
00d58463
fc0fa06f
00078693
00400593
00b686b3
0006c583
05b00693
00d58463
fa4fa06f
00500693
00d787b3
00400593
fff00813
02085813
0107f6b3
00000313
00068893
006888b3
0008ce83
02f00893
01d8e463
f70fa06f
006686b3
0006c883
03900693
0116f463
f5cfa06f
00a00313
00000893
00000493
00900393
00100293
0107ff33
000f0693
009686b3
0006cf83
0028969b
011686bb
fd0f8e9b
0016969b
0ffefe93
fd06869b
01d3ec63
01f688bb
000f0793
005787b3
fff3031b
fc0312e3
fff00813
02085813
0107f7b3
00000e93
00078693
01d686b3
0006c303
05d00693
00d30463
ee0fa06f
00100313
006787b3
0107f6b3
00068f13
01df0f33
000f4f83
02e00f13
0fef9463
00068793
006787b3
0107f7b3
00078693
01d686b3
0006c803
07800693
00d81463
5d10306f
00078693
00000813
010686b3
0006c803
07800693
00d81463
5690306f
00078693
00000813
010686b3
0006c803
07900693
00d81463
5010306f
00078693
00000813
010686b3
0006c803
07a00693
00d81463
4990306f
00078693
00000813
010686b3
0006c803
07700693
00d80463
e2cfa06f
00078693
00100313
006686b3
0006c303
01030463
e14fa06f
00078693
00200813
010686b3
0006c803
00680463
dfcfa06f
00078693
00300313
006686b3
0006c683
01068463
de4fa06f
00400693
00d787b3
011585bb
00700693
00b6f463
dccfa06f
0f413423
00000813
00000f13
008008b7
01188893
fff00293
20000313
0202d293
00000a13
02000493
00989893
00100393
0180006f
02068863
000e8793
007787b3
fff3031b
02030063
0057feb3
000e8693
014686b3
0006cf83
01f8d6b3
0016f693
fdf4fae3
02079893
0208d893
00088693
00000313
006686b3
0006c303
02c00693
00d31863
00088793
00100693
00d787b3
008008b7
01188893
fff00293
20000313
0202d293
00000a13
02000493
00989893
00100393
0180006f
02068863
000e8793
007787b3
fff3031b
02030063
0057feb3
000e8693
014686b3
0006cf83
01f8d6b3
0016f693
fdf4fae3
02079693
0206d693
00068893
00000313
006888b3
0008ce83
02d00313
00000893
006e9463
77c0106f
fff00e93
020ede93
01d7f6b3
00000313
00068f93
006f8fb3
000fc283
04900f93
01f29463
4f40106f
00000e93
00068313
01d30333
00034f83
02f00313
01f36463
0200106f
00068313
01d30333
00034e83
03900313
01d37463
0080106f
008006b7
01168693
fff00e93
20000313
020ede93
00000a13
02000493
00969693
01c0006f
020f8a63
00028793
00100f93
01f787b3
fff3031b
02030063
01d7f2b3
00028f93
014f8fb3
000fc383
0076dfb3
001fff93
fc74f8e3
02079313
02035313
00030693
00000e93
01d686b3
0006cf83
02d00e93
02013423
01df9a63
00030793
00100693
00d787b3
02d13423
fff00f93
020fdf93
01f7f333
00000293
00030e93
005e8eb3
000ec383
02f00e93
0a7ef863
00530333
00034e83
03900313
0bd36063
00a00293
00000313
01f7f4b3
00048e93
00000393
007e8eb3
000eca03
00231e9b
006e8ebb
fd0a039b
001e9e9b
0ff3f393
00900693
fd0e8e9b
0076ee63
014e833b
00048793
00100693
00d787b3
fff2829b
fa029ce3
fff00393
0203d393
0077f7b3
00078e93
00000f93
01fe8eb3
000ecf83
02e00e93
01df9463
7f10106f
00031463
7e10106f
00100793
00f31463
7cd0106f
00200793
00f31463
7850106f
00071463
db9f806f
00091463
db1f806f
00100793
a4f90c63
fff9061b
02061613
00005597
1a858593
02065613
00000693
0140006f
00a80023
00158593
00d61463
e2dfd06f
0005c503
00d70833
0006879b
00168693
fe0510e3
d55f806f
00058693
00100313
006686b3
0006c303
04d00693
00d30463
900fa06f
00058693
00200e93
01d686b3
0006c683
00668463
8e8fa06f
00058693
00300313
006686b3
0006c303
05b00693
00d30463
8ccfa06f
00058793
00400693
00d787b3
0107f6b3
00068593
011585b3
0005c303
02f00593
0065e463
a30fa06f
011686b3
0006c583
03900693
00b6f463
a1cfa06f
00a00893
00000693
00000293
00900f93
00100f13
0107f333
00030593
005585b3
0005ce83
0026959b
00d585bb
fd0e839b
0015959b
0ff3f393
fd05859b
007fec63
01d586bb
00030793
01e787b3
fff8889b
fc0892e3
fff00813
02085813
0107f7b3
00000e93
00078593
01d585b3
0005c883
05d00593
00b88463
9a0fa06f
00300313
00d37463
994fa06f
00100893
011787b3
02013583
00d5d5bb
0015f593
00059463
978fa06f
0107f5b3
00058f13
01df0f33
000f4f83
02e00f13
01ef8463
2b50306f
00058793
011787b3
0107f7b3
00078593
01d585b3
0005c803
07800593
00b81463
23d0306f
00078593
00000813
010585b3
0005c803
07800593
00b81463
1c50306f
00078593
00000813
010585b3
0005c803
07900593
00b81463
14d0306f
00078593
00000813
010585b3
0005c803
07a00593
00b81463
0d50306f
00078593
00000813
010585b3
0005c803
07700593
00b80463
8c8fa06f
00078593
00100893
011585b3
0005c883
01088463
8b0fa06f
00078593
00200813
010585b3
0005c803
01180463
898fa06f
00078593
00300893
011585b3
0005c583
01058463
880fa06f
0f413423
00400593
00b787b3
02069813
01c85693
fff5859b
05068693
06010813
010686b3
00259593
00b686b3
fc06a683
40a0083b
800005b7
00b87833
00d84833
0008081b
00100f13
00000513
00000593
a71ff06f
00000593
d65f706f
00000813
00058613
01060633
00064883
02d00613
00c89463
cc5fa06f
010585b3
0005c583
02e00613
20000813
00c59463
cadfa06f
00800637
01160613
fff00593
0205d593
00000293
02000f93
00961613
00100f13
0180006f
02088863
000e0793
01e787b3
fff8081b
02080063
00b7fe33
000e0893
005888b3
0008ce83
01d658b3
0018f893
fddffae3
02079793
0207d793
00078613
00000593
00b60633
00064583
04900613
00c59463
0500406f
00078613
00000593
00b60633
00064583
04f00613
00c59463
7d10306f
00078613
00000593
00b60633
00064583
04300613
00c59463
3c00406f
00078613
00000593
00b60633
00064583
05400613
00c58463
d3dfa06f
00078613
00100593
00b60633
00064583
04500613
00c58463
d21fa06f
00078613
00200593
00b60633
00064583
04d00613
00c58463
d05fa06f
00078613
00300593
00b60633
00064583
05000613
00c58463
ce9fa06f
00078613
00400593
00b60633
00064583
05b00613
00c58463
ccdfa06f
00500613
00c787b3
00400593
fff00813
02085813
0107f633
00000e13
00060893
01c888b3
0008ce83
02f00893
01d8e463
c99fa06f
01c60633
00064883
03900613
01167463
c85fa06f
00a00e13
00000893
00000493
00900393
00100293
0107ff33
000f0613
00960633
00064f83
0028961b
0116063b
fd0f8e9b
0016161b
0ffefe93
fd06061b
01d3ec63
01f608bb
000f0793
005787b3
fffe0e1b
fc0e12e3
fff00813
02085813
0107f7b3
00000e93
00078613
01d60633
00064e03
05d00613
00ce0463
c09fa06f
00100e13
01c787b3
0107f633
00060f13
01df0f33
000f4f83
02e00f13
0fef9463
00060793
01c787b3
0107f7b3
00078613
01d60633
00064803
07800613
00c81463
5800406f
00078613
00000813
01060633
00064803
07800613
00c81463
5180406f
00078613
00000813
01060633
00064803
07900613
00c81463
4b00406f
00078613
00000813
01060633
00064803
07a00613
00c81463
4480406f
00078613
00000813
01060633
00064803
07700613
00c80463
b55fa06f
00078613
00100e13
01c60633
00064e03
010e0463
b3dfa06f
00078613
00200813
01060633
00064803
01c80463
b25fa06f
00078613
00300e13
01c60633
00064603
01060463
b0dfa06f
00400613
00c787b3
011585bb
00700613
00b67463
af5fa06f
00000813
00000f13
008008b7
01188893
fff00293
20000e13
0202d293
00000a13
02000493
00989893
00100393
0180006f
02060863
000e8793
007787b3
fffe0e1b
020e0063
0057feb3
000e8613
01460633
00064f83
01f8d633
00167613
fdf4fae3
02079893
0208d893
00088613
00000e13
01c60633
00064e03
02c00613
00ce1863
00088793
00100613
00c787b3
008008b7
01188893
fff00293
20000e13
0202d293
00000a13
02000493
00989893
00100393
0180006f
02060863
000e8793
007787b3
fffe0e1b
020e0063
0057feb3
000e8613
01460633
00064f83
01f8d633
00167613
fdf4fae3
02079613
02065613
00060893
00000e13
01c888b3
0008ce83
02d00e13
00000893
01ce9463
65c0106f
fff00e93
020ede93
01d7f633
00000e13
00060f93
01cf8fb3
000fc283
04900f93
01f29463
3c00106f
00000e93
00060e13
01de0e33
000e4f83
02f00e13
73fe72e3
00060e13
01de0e33
000e4e83
03900e13
71de68e3
00800637
01160613
fff00e93
20000e13
020ede93
00000a13
02000493
00961613
01c0006f
020f8a63
00028793
00100f93
01f787b3
fffe0e1b
020e0063
01d7f2b3
00028f93
014f8fb3
000fc383
00765fb3
001fff93
fc74f8e3
02079e13
020e5e13
000e0613
00000e93
01d60633
00064f83
02d00e93
02013423
01df9a63
000e0793
00100613
00c787b3
02c13423
fff00f93
020fdf93
01f7fe33
00000293
000e0e93
005e8eb3
000ec383
02f00e93
0a7ef863
005e0e33
000e4e83
03900e13
0bde6063
00a00293
00000e13
01f7f4b3
00048e93
00000393
007e8eb3
000eca03
002e1e9b
01ce8ebb
fd0a039b
001e9e9b
0ff3f393
00900613
fd0e8e9b
00766e63
014e8e3b
00048793
00100613
00c787b3
fff2829b
fa029ce3
fff00393
0203d393
0077f7b3
00078e93
00000f93
01fe8eb3
000ecf83
02e00e93
01df9463
3700406f
000e1463
3600406f
00100793
00fe1463
34c0406f
00200793
00fe1463
3040406f
00071463
cd4f806f
00091463
cccf806f
00100793
00f91463
971fe06f
fff9061b
02061613
00005597
8f858593
02065613
00000693
0140006f
00a80023
00158593
00d61463
d44fd06f
0005c503
00d70833
0006879b
00168693
fe0510e3
c6cf806f
00058613
00100e13
01c60633
00064e03
04d00613
00ce0463
e2cfa06f
00058613
00200e93
01d60633
00064603
01c60463
e14fa06f
00058613
00300e13
01c60633
00064e03
05b00613
00ce0463
df8fa06f
00058793
00400613
00c787b3
0107f633
00060593
011585b3
0005ce03
02f00593
01c5e463
f60fa06f
01160633
00064583
03900613
00b67463
f4cfa06f
00a00893
00000613
00000293
00900f93
00100f13
0107fe33
000e0593
005585b3
0005ce83
0026159b
00c585bb
fd0e839b
0015959b
0ff3f393
fd05859b
007fec63
01d5863b
000e0793
01e787b3
fff8889b
fc0892e3
fff00813
02085813
0107f7b3
00000e93
00078593
01d585b3
0005c883
05d00593
00b88463
ed0fa06f
00300e13
00ce7463
ec4fa06f
00100893
011787b3
02013583
00c5d5bb
0015f593
00059463
ea8fa06f
0107f5b3
00058f13
01df0f33
000f4f83
02e00f13
01ef8463
0bd0106f
00058793
011787b3
0107f7b3
00078593
01d585b3
0005c803
07800593
00b81463
0450106f
00078593
00000813
010585b3
0005c803
07800593
00b81463
7d00106f
00078593
00000813
010585b3
0005c803
07900593
00b81463
75c0106f
00078593
00000813
010585b3
0005c803
07a00593
00b81463
5700106f
00078593
00000813
010585b3
0005c803
07700593
00b80463
df8fa06f
00078593
00100893
011585b3
0005c883
01088463
de0fa06f
00078593
00200813
010585b3
0005c803
01180463
dc8fa06f
00078593
00300893
011585b3
0005c583
01058463
db0fa06f
00400593
00b787b3
02061813
01c85613
fff5859b
05060613
06010813
01060633
00259593
00b60633
fc062603
40a0083b
800005b7
00b87833
01064833
0008081b
00100f13
00000513
00000593
a79ff06f
00100813
00068593
010585b3
0005c883
02f00593
0115fe63
00068593
010585b3
0005c803
03900593
0105e463
d64f906f
00100513
00068593
00a585b3
0005c803
02e00593
00b81463
5c90106f
00068793
00a787b3
008006b7
01168693
fff00593
20000513
0205d593
00000f93
02000f13
00969693
00100e93
0180006f
02080863
00088793
01d787b3
fff5051b
02050063
00b7f8b3
00088813
01f80833
00084303
0066d833
00187813
fc6f7ae3
00100513
ce0f906f
00000513
b24f806f
00078593
00100513
00a585b3
0005c503
04f00593
00b50463
f68fc06f
00078593
00200513
00a585b3
0005c503
04e00593
00b50463
f4cfc06f
00078593
00300513
00a585b3
0005c503
05300593
00b50463
f30fc06f
00078593
00400513
00a585b3
0005c503
05400593
00b50463
f14fc06f
00078593
00500513
00a585b3
0005c503
05b00593
00b50463
ef8fc06f
00600593
00b787b3
00000813
f6cfc06f
00078593
00100513
00a585b3
0005c503
05500593
00b50463
eb0fc06f
00078593
00200513
00a585b3
0005c503
05400593
00b50463
e94fc06f
00078593
00300513
00a585b3
0005c503
05b00593
00b50463
e78fc06f
00400593
00b787b3
00000813
f08fc06f
00100813
00060593
010585b3
0005c883
02f00593
0115fe63
00060593
010585b3
0005c803
03900593
0105e463
9bcfa06f
00100513
00060593
00a585b3
0005c803
02e00593
00b81463
0a90106f
00060793
00a787b3
00800637
01160613
fff00593
20000513
0205d593
00000f93
02000f13
00961613
00100e93
0180006f
02080863
00088793
01d787b3
fff5051b
02050063
00b7f8b3
00088813
01f80833
00084e03
01c65833
00187813
fdcf7ae3
00100513
938fa06f
0018179b
00678463
c8cfc06f
3f0005b7
979fc06f
00050793
00100613
00c787b3
00800637
01160613
20000513
00000f13
02000e93
00961613
00100e13
0200006f
00081463
c84f706f
00088793
01c787b3
fff5051b
00051463
c70f706f
00b7f8b3
00088813
01e80833
00084303
00665833
00187813
fc6ef6e3
c50f706f
00000e93
00068313
01d30333
00034f83
02d00313
006f9463
fe5fe06f
01d686b3
0006c303
02e00693
20000e93
00d31463
fcdfe06f
008006b7
01168693
fff00313
02035313
00000a13
02000493
00969693
01c0006f
020f8a63
00028793
00100f93
01f787b3
fffe8e9b
020e8063
0067f2b3
00028f93
014f8fb3
000fc383
0076dfb3
001fff93
fc74f8e3
02079793
0207d793
00078693
00000313
006686b3
0006c303
04900693
00d31463
43d0306f
00078693
00000313
006686b3
0006c303
04f00693
00d31463
3bd0306f
00078693
00000313
006686b3
0006c303
04300693
00d31463
0950306f
00078693
00000313
006686b3
0006c303
05400693
86d31063
00078693
00100313
006686b3
0006c303
04500693
84d31463
00078693
00200313
006686b3
0006c303
04d00693
82d31863
00078693
00300313
006686b3
0006c303
05000693
80d31c63
00078693
00400313
006686b3
0006c303
05b00693
80d31063
00500693
00d787b3
00400e93
fff00f93
020fdf93
01f7f6b3
00000293
00068313
00530333
00034383
02f00313
00736463
fcdfe06f
005686b3
0006c303
03900693
0066f463
fb9fe06f
00a00293
00000693
01f7f4b3
00048313
00000393
00730333
00034a03
0026931b
00d3033b
0013131b
fd03031b
fd0a039b
02612423
0ff3f393
00900313
02736063
02812783
00100313
014786bb
00048793
006787b3
fff2829b
fa0298e3
fff00313
02035313
0067f7b3
00000293
00078f93
005f8fb3
000fc383
05d00f93
01f38463
f35fe06f
00100f93
01f787b3
0067f7b3
00078393
005383b3
0003c483
02e00393
0e749263
01f787b3
0067f7b3
00078313
00530333
00034283
07800313
00629463
5900306f
00078313
00000f93
01f30333
00034f83
07800313
006f9463
5280306f
00078313
00000f93
01f30333
00034f83
07900313
006f9463
4c00306f
00078313
00000f93
01f30333
00034f83
07a00313
006f9463
4580306f
00078313
00000f93
01f30333
00034f83
07700313
006f8463
e85fe06f
00078313
00100293
00530333
00034283
01f28463
e6dfe06f
00078313
00200f93
01f30333
00034f83
005f8463
e55fe06f
00078313
00300293
00530333
00034303
01f30463
e3dfe06f
00400313
006787b3
01d686bb
00700793
00d7f463
e25fe06f
00000793
00000e93
00050463
5040306f
060f0a63
ff9e0593
00b035b3
00658593
01013283
01813f83
0175951b
a8000337
00656533
0005051b
005fe463
51c0306f
00813383
020f9f13
01ef5313
00038f13
006f0f33
001f831b
00af2023
0003051b
00556463
4f40306f
02031513
01e55313
00038513
00650533
01052023
002f851b
00a13c23
060e8e63
00700693
00de1463
37c0206f
00d59463
3600206f
01013e83
01813e03
0176951b
a8000837
01056533
0005051b
01de6463
4a00306f
00813f03
020e1313
01e35813
000f0313
01030333
001e081b
00a32023
0008051b
01d56463
4780306f
02081513
01e55813
000f0513
01050533
00f52023
002e079b
00f13c23
50000537
00088463
98000537
0135959b
0176161b
00b66633
00f6979b
01813583
01013683
00f667b3
00a7e7b3
0007879b
00d5f463
e7cfa06f
00071463
aa1f706f
00091463
a99f706f
00000793
00004617
e6460613
0180006f
0005c683
00069463
a75f706f
00d50023
00178793
0017869b
00c785b3
00f70533
ff26e0e3
a59f706f
00068f93
00100293
005f8fb3
000fc283
04d00f93
01f28463
af9fe06f
00068f93
00200393
007f8fb3
000fcf83
005f8463
ae1fe06f
00068f93
00300293
005f8fb3
000fc283
05b00f93
01f28463
ac5fe06f
00068793
00400693
00d787b3
01d7f6b3
00068f93
006f8fb3
000fc283
02f00f93
005fe463
c2dfe06f
006686b3
0006c303
03900693
0066f463
c19fe06f
00a00f93
00000693
01d7f3b3
00038313
00000293
00530333
00034483
0026931b
00d3033b
fd04829b
0013131b
0ff2f293
00900a13
fd03031b
005a6e63
009306bb
00038793
00100313
006787b3
ffff8f9b
fa0f9ce3
fff00313
02035313
0067f7b3
00000f93
00078e93
01fe8eb3
000ec283
05d00e93
01d28463
b9dfe06f
00300293
00d2f463
b91fe06f
00100e93
01d787b3
02013383
00d3d3bb
0013f393
00039463
b75fe06f
0067f7b3
00078393
01f383b3
0003c483
02e00393
567494e3
01d787b3
0067f7b3
00078313
01f30333
00034f83
07800313
506f82e3
00078313
00000e93
01d30333
00034e83
07800313
4a6e80e3
00078313
00000e93
01d30333
00034e83
07900313
426e8ee3
00078313
00000e93
01d30333
00034e83
07a00313
3c6e82e3
00078313
00000e93
01d30333
00034e83
07700313
006e8463
addfe06f
00078313
00100f93
01f30333
00034f83
01df8463
ac5fe06f
00078313
00200e93
01d30333
00034e83
01fe8463
aadfe06f
00078313
00300f93
01f30333
00034303
01d30463
a95fe06f
00400313
006787b3
02069e93
01ced793
fff3069b
05078793
06010313
00269693
006787b3
00d787b3
fc07a683
411007bb
800008b7
0117f7b3
00d7c7b3
0007879b
00100e93
00000893
00000693
c2dff06f
00100e93
00068313
01d30333
00034f83
02f00313
01f37e63
00068313
01d30333
00034e83
03900313
01d36463
85dfe06f
00100313
00068893
006888b3
0008ce83
02e00893
011e9463
4e00206f
00068793
006787b3
008006b7
01168693
fff00893
20000313
0208d893
00000a13
02000493
00969693
00100393
0180006f
020e8863
000f8793
007787b3
fff3031b
02030063
0117ffb3
000f8e93
014e8eb3
000ec283
0056deb3
001efe93
fc54fae3
00100893
fd8fe06f
00058463
ee0f706f
40000637
aa4fc06f
00058463
ed0f706f
3f800637
a94fc06f
00000e93
00060e13
01de0e33
000e4f83
02d00e13
8fcf8063
01d60633
00064e03
02e00613
20000e93
8cce0663
00800637
01160613
fff00e13
020e5e13
00000a13
02000493
00961613
01c0006f
020f8a63
00028793
00100f93
01f787b3
fffe8e9b
020e8063
01c7f2b3
00028f93
014f8fb3
000fc383
00765fb3
001fff93
fc74f8e3
02079793
0207d793
00078613
00000e13
01c60633
00064e03
04900613
00ce1463
6980306f
00078613
00000e13
01c60633
00064e03
04f00613
00ce1463
5880306f
00078613
00000e13
01c60633
00064e03
04300613
72ce0063
00078613
00000e13
01c60633
00064e03
05400613
96ce1263
00078613
00100e13
01c60633
00064e03
04500613
94ce1663
00078613
00200e13
01c60633
00064e03
04d00613
92ce1a63
00078613
00300e13
01c60633
00064e03
05000613
90ce1e63
00078613
00400e13
01c60633
00064e03
05b00613
90ce1263
00500613
00c787b3
00400e93
fff00f93
020fdf93
01f7f633
00000293
00060e13
005e0e33
000e4383
02f00e13
8c7e7a63
00560633
00064e03
03900613
8dc66263
00a00293
00000613
01f7f4b3
00048e13
00000393
007e0e33
000e4a03
00261e1b
00ce0e3b
001e1e1b
fd0e0e1b
fd0a039b
03c12423
0ff3f393
00900e13
027e6063
02812783
00100e13
0147863b
00048793
01c787b3
fff2829b
fa0298e3
fff00e13
020e5e13
01c7f7b3
00000293
00078f93
005f8fb3
000fc383
05d00f93
85f39263
00100f93
01f787b3
01c7f7b3
00078393
005383b3
0003c483
02e00393
0e749263
01f787b3
01c7f7b3
00078e13
005e0e33
000e4283
07800e13
01c29463
0bc0306f
00078e13
00000f93
01fe0e33
000e4f83
07800e13
01cf9463
0540306f
00078e13
00000f93
01fe0e33
000e4f83
07900e13
01cf9463
7ed0206f
00078e13
00000f93
01fe0e33
000e4f83
07a00e13
01cf9463
7850206f
00078e13
00000f93
01fe0e33
000e4f83
07700e13
01cf8463
f95fe06f
00078e13
00100293
005e0e33
000e4283
01f28463
f7dfe06f
00078e13
00200f93
01fe0e33
000e4f83
005f8463
f65fe06f
00078e13
00300293
005e0e33
000e4e03
01fe0463
f4dfe06f
00400e13
01c787b3
00ce863b
00700793
00c7f463
f35fe06f
00000793
00000e93
48051263
060f0663
ff930593
00b035b3
00658593
01013283
01813f83
0175951b
a8000e37
01c56533
0005051b
525ff463
00813383
020f9f13
01ef5e13
00038f13
01cf0f33
001f8e1b
00af2023
000e051b
50557263
020e1513
01e55e13
00038513
01c50533
01052023
002f851b
00a13c23
060e8663
00700613
52c30a63
52c58063
01013e83
01813e03
0176151b
a8000837
01056533
0005051b
4bde7e63
00813f03
020e1313
01e35813
000f0313
01030333
001e081b
00a32023
0008051b
49d57c63
02081513
01e55813
000f0513
01050533
00f52023
002e079b
00f13c23
98000537
00088463
50000537
0135959b
0176969b
00b6e6b3
00f6179b
00f6e7b3
01813583
01013683
00a7e7b3
0007879b
00d5f463
ec5f906f
00071463
ae8f706f
00091463
ae0f706f
00000793
00003617
6ac60613
0180006f
0005c683
00069463
abcf706f
00d50023
00178793
0017869b
00c785b3
00f70533
ff26e0e3
aa0f706f
00060f93
00100293
005f8fb3
000fc283
04d00f93
01f28463
c2dfe06f
00060f93
00200393
007f8fb3
000fcf83
005f8463
c15fe06f
00060f93
00300293
005f8fb3
000fc283
05b00f93
01f28463
bf9fe06f
00060793
00400613
00c787b3
01d7f633
00060f93
01cf8fb3
000fc283
02f00f93
005fe463
d59fe06f
01c60633
00064e03
03900613
01c67463
d45fe06f
00a00f93
00000613
01d7f3b3
00038e13
00000293
005e0e33
000e4483
00261e1b
00ce0e3b
fd04829b
001e1e1b
0ff2f293
00900a13
fd0e0e1b
005a6e63
009e063b
00038793
00100e13
01c787b3
ffff8f9b
fa0f9ce3
fff00e13
020e5e13
01c7f7b3
00000f93
00078e93
01fe8eb3
000ec283
05d00e93
01d28463
cc9fe06f
00300293
00c2f463
cbdfe06f
00100e93
01d787b3
02013383
00c3d3bb
0013f393
00039463
ca1fe06f
01c7f7b3
00078393
01f383b3
0003c483
02e00393
00748463
11d0206f
01d787b3
01c7f7b3
00078e13
01fe0e33
000e4f83
07800e13
01cf9463
0a90206f
00078e13
00000e93
01de0e33
000e4e83
07800e13
01ce9463
0350206f
00078e13
00000e93
01de0e33
000e4e83
07900e13
01ce9463
7c00206f
00078e13
00000e93
01de0e33
000e4e83
07a00e13
01ce9463
74c0206f
00078e13
00000e93
01de0e33
000e4e83
07700e13
01ce8463
bf5fe06f
00078e13
00100f93
01fe0e33
000e4f83
01df8463
bddfe06f
00078e13
00200e93
01de0e33
000e4e83
01fe8463
bc5fe06f
00078e13
00300f93
01fe0e33
000e4e03
01de0463
badfe06f
00400e13
01c787b3
02061e93
01ced793
fffe061b
05078793
06010e13
00261613
01c787b3
00c787b3
fc07a603
411007bb
800008b7
0117f7b3
00c7c7b3
0007879b
00100e93
00000893
00000613
c35ff06f
00100e93
00060e13
01de0e33
000e4f83
02f00e13
01fe7e63
00060e13
01de0e33
000e4e83
03900e13
01de6463
97dfe06f
00100e13
00060893
01c888b3
0008ce83
02e00893
011e9463
6010206f
00060793
01c787b3
00800637
01160613
fff00893
20000e13
0208d893
00000a13
02000493
00961613
00100393
0180006f
020e8863
000f8793
007787b3
fffe0e1b
020e0063
0117ffb3
000f8e93
014e8eb3
000ec283
00565eb3
001efe93
fc54fae3
00100893
8f9fe06f
00071463
f79f606f
00091463
f71f606f
00000793
00003617
3bc60613
0180006f
0005c683
00069463
f4df606f
00d50023
00178793
0017869b
00c785b3
00f70533
ff26e0e3
f31f606f
00078613
00100e13
01c60633
00064e03
04f00613
8cce18e3
00078613
00200e13
01c60633
00064e03
04e00613
8ace1ce3
00078613
00300e13
01c60633
00064e03
05300613
8ace10e3
00078613
00400e13
01c60633
00064e03
05400613
88ce14e3
00078613
00500e13
01c60633
00064e03
05b00613
86ce18e3
00600613
00c787b3
00000e93
8e5ff06f
00071463
ea9f606f
00091463
ea1f606f
00000793
00003617
26c60613
0180006f
0005c683
00069463
e7df606f
00d50023
00178793
0017869b
00c785b3
00f70533
ff26e0e3
e61f606f
00600613
aec310e3
00500613
ad9ff06f
00600613
acc598e3
00500613
ac9ff06f
000e8463
884fe06f
40000fb7
02813783
411008bb
800006b7
40f007bb
0117c7b3
00d7f7b3
01f7c7b3
0007879b
00100e93
00000893
00000693
a38ff06f
000e8463
848fe06f
3f800fb7
fc5ff06f
00000f93
fbdff06f
00100e93
01d787b3
00000293
00000e93
0077f7b3
00078f93
00000693
00df8fb3
000fca03
002e9f9b
01df8fbb
fd0a049b
001f9f9b
0ff4f493
00900693
fd0f8f9b
0096ee63
014f8ebb
0012829b
00100693
00d787b3
00a00693
fad29ce3
01d36fb3
f40f8ce3
00100793
f8f300e3
00200793
f2f30ee3
00030463
fbdfd06f
00029463
fb5fd06f
00100f93
00900393
002f979b
01f787bb
0013031b
00179f9b
0a530863
fe7316e3
f91fd06f
00078593
00100893
011585b3
0005c883
01088463
a81fe06f
00078593
00200813
010585b3
0005c803
01180463
a69fe06f
00078593
00300893
011585b3
0005c583
01058463
a51fe06f
00400593
00b787b3
00300593
aadfe06f
00078313
00100f93
01f30333
00034f83
c3df9863
00078313
00200e93
01d30333
00034e83
c1fe9e63
00078313
00300f93
01f30333
00034303
c1d31463
00400313
006787b3
00300313
c64ff06f
001e979b
01f78463
ee1fd06f
3f000fb7
e5dff06f
00078313
00100f93
01f30333
00034f83
bbdf9c63
00078313
00200e93
01d30333
00034e83
bbfe9263
00078313
00300f93
01f30333
00034303
b9d31863
00400313
006787b3
00200313
c04ff06f
00078313
00100f93
01f30333
00034f83
b5df9a63
00078313
00200e93
01d30333
00034e83
b5fe9063
00078313
00300f93
01f30333
00034303
b3d31663
00400313
006787b3
00100313
bb8ff06f
00078313
01d30333
00034e83
07900313
ae6e9863
00078313
00200e93
01d30333
00034e83
07a00313
ac6e9c63
00078313
00530333
00034e83
07700313
ac6e9263
00400313
006787b3
02069313
01c35793
07010693
00f687b3
0007a303
0047a683
00668463
dd9fd06f
0087a303
00d30463
dcdfd06f
00c7a683
b6d30063
dc1fd06f
00078593
00100893
011585b3
0005c883
01088463
895fe06f
00078593
00200813
010585b3
0005c803
01180463
87dfe06f
00078593
00300893
011585b3
0005c583
01058463
865fe06f
00400593
00b787b3
00200593
8ddfe06f
00078593
00100893
011585b3
0005c883
01088463
821fe06f
00078593
00200813
010585b3
0005c803
01180463
809fe06f
00078593
00300893
011585b3
0005c583
01058463
ff0fe06f
00400593
00b787b3
00100593
885fe06f
00078593
011585b3
0005c803
07900593
00b80463
facfe06f
00078593
00200813
010585b3
0005c803
07a00593
00b80463
f90fe06f
00078593
01c585b3
0005c803
07700593
00b80463
f78fe06f
00400593
00b787b3
02061593
01c5d613
07010593
00c58633
00062583
00462803
00b80463
db5f806f
00862583
01058463
da9f806f
00c62603
00c59463
81dfe06f
d99f806f
00078693
00100593
00b686b3
0006c583
04f00693
00d58463
f38fd06f
00078693
00200593
00b686b3
0006c583
04e00693
00d58463
f1cfd06f
00078693
00300593
00b686b3
0006c583
05300693
00d58463
f00fd06f
00078693
00400593
00b686b3
0006c583
05400693
00d58463
ee4fd06f
00078693
00500593
00b686b3
0006c583
05b00693
00d58463
ec8fd06f
00600693
00d787b3
00000593
f50fd06f
00078593
00100813
010585b3
0005c803
00a80463
c19fb06f
00078593
00200513
00a585b3
0005c503
01050463
c01fb06f
00078593
00300813
010585b3
0005c583
00a58463
be9fb06f
00400593
00b787b3
00300593
c45fb06f
00078593
00100813
010585b3
0005c803
00a80463
ba5fb06f
00078593
00200513
00a585b3
0005c503
01050463
b8dfb06f
00078593
00300813
010585b3
0005c583
00a58463
b75fb06f
00400593
00b787b3
00200593
bedfb06f
00078593
00100813
010585b3
0005c803
00a80463
b31fb06f
00078593
00200513
00a585b3
0005c503
01050463
b19fb06f
00078593
00300813
010585b3
0005c583
00a58463
b01fb06f
00400593
00b787b3
00100593
b95fb06f
00078593
010585b3
0005c503
07900593
00b50463
abdfb06f
00078593
00200513
00a585b3
0005c503
07a00593
00b50463
aa1fb06f
00078593
011585b3
0005c503
07700593
00b50463
a89fb06f
00400593
00b787b3
02061593
01c5d613
07010593
00c58633
00062583
00462503
00b50463
fc0f606f
00862583
00a58463
fb4f606f
00c62603
00c58463
fa8f606f
40d006bb
b78fb06f
00078693
00100593
00b686b3
0006c583
05500693
00d58463
ce4fd06f
00078693
00200593
00b686b3
0006c583
05400693
00d58463
cc8fd06f
00078693
00300593
00b686b3
0006c583
05b00693
00d58463
cacfd06f
00400693
00d787b3
00000593
d50fd06f
00078693
00100593
00b686b3
0006c583
04e00693
00d58463
c64fd06f
00078693
00200593
00b686b3
0006c583
05b00693
00d58463
c48fd06f
00300693
00d787b3
00000593
d08fd06f
00000513
8f5f806f
00078693
00100813
010686b3
0006c803
00c80463
84cf806f
00078693
00200613
00c686b3
0006c603
01060463
834f806f
00078693
00300813
010686b3
0006c683
00c68463
81cf806f
87cf806f
00078693
00100813
010686b3
0006c803
00c80463
fe5f706f
00078693
00200613
00c686b3
0006c603
01060463
fcdf706f
00078693
00300813
010686b3
0006c683
00c68463
fb5f706f
830f806f
00078693
00100813
010686b3
0006c803
00c80463
f7df706f
00078693
00200613
00c686b3
0006c603
01060463
f65f706f
00078693
00300813
010686b3
0006c683
00c68463
f4df706f
fe5f706f
00078693
010686b3
0006c603
07900693
00d60463
f15f706f
00078693
00200613
00c686b3
0006c603
07a00693
00d60463
ef9f706f
00078693
00300613
00c686b3
0006c603
07700693
00d60463
eddf706f
f91f706f
0f413423
400008b7
00c0006f
0f413423
3f8008b7
40a0053b
40d0083b
00a84833
800006b7
00d87833
01184833
0008081b
00100f13
00000513
00000593
d60fd06f
0f413423
00000893
fcdff06f
0f413423
00088793
00100813
010787b3
00000313
00000813
00000a13
00900493
00100393
01d7ffb3
000f8893
014888b3
0008c283
0028189b
010888bb
fd028f1b
0018989b
0fff7f13
fd08889b
01e4ee63
0058883b
0013031b
000f8793
007787b3
00a00893
fd1310e3
00b868b3
f4088ee3
00100893
19158463
00200893
17158a63
02059463
02030263
00100893
00900e93
00289f1b
011f08bb
0015859b
0018989b
14658063
ffd596e3
0e813a03
a61f706f
00078593
00100893
011585b3
0005c883
01088463
d11f906f
00078593
00200813
010585b3
0005c803
01180463
cf9f906f
00078593
00300893
011585b3
0005c583
01058463
ce1f906f
00400593
00b787b3
00300593
d3df906f
00071463
cbcf606f
00091463
cb4f606f
00100793
00f91463
959fc06f
fff9061b
02061613
00003597
87058593
02065613
00000693
0140006f
00a80023
00158593
00c69463
d2cfb06f
0005c503
00d70833
0006879b
00168693
fe0510e3
c54f606f
0017879b
02079793
0207d793
00f707b3
00078023
10813403
10013483
c50f606f
00000793
fe1ff06f
00071463
c65f506f
00091463
c5df506f
00000793
00003617
81860613
0180006f
0005c683
00069463
c39f506f
00d50023
00178793
0017869b
00c785b3
00f70533
ff26e0e3
c1df506f
00000513
f7cf706f
0018159b
ed1592e3
3f0008b7
dddff06f
dc0804e3
0e813a03
915f706f
ea0816e3
3f8008b7
dc5ff06f
0016161b
01d60463
b7df506f
3f000eb7
41c0063b
80000537
00a67633
01d64633
00c8a023
20000613
0180006f
02050863
000e0793
006787b3
fff6061b
02060063
00b7fe33
000e0513
01050533
00054e83
01df5533
00157513
fdd3fae3
02813603
1b1608e3
00b7f7b3
00078613
01060633
00064603
02c00513
00a60463
b09f506f
006787b3
03013603
00488893
191602e3
10013483
0e813a03
9a1f506f
00060463
ae5f506f
40000eb7
f69ff06f
000e8793
006787b3
00000f93
00000613
00b7f4b3
00048e93
010e8eb3
000eca03
00261e9b
00ce8ebb
001e9e9b
fd0e8e9b
fd0a029b
03d12c23
0ff2f293
00900e93
005ef463
a49f506f
03812783
001f8f9b
0147863b
00048793
006787b3
00a00e93
fbdf98e3
a29f506f
00060463
a6df506f
3f800eb7
ef1ff06f
00078593
00100893
011585b3
0005c883
00a88463
c4cfa06f
00078593
00200513
00a585b3
0005c503
01150463
c34fa06f
00078593
00300893
011585b3
0005c583
00a58463
c1cfa06f
c7cfa06f
00058463
da8f806f
40000837
40a0063b
41c00e3b
01c64633
800005b7
00b67633
818fe06f
00058463
d84f806f
3f800837
fddff06f
00000813
fd5ff06f
00080793
00100593
00b787b3
00000893
00000593
00000a13
00900493
00100393
01d7ffb3
000f8813
01480833
00084283
0025981b
00b8083b
fd028f1b
0018181b
0fff7f13
fd08081b
01e4ee63
005805bb
0018889b
000f8793
007787b3
00a00813
fd0890e3
00c5e833
f60804e3
00100813
f7060ce3
00200813
f50606e3
00060463
cf0f806f
00089463
ce8f806f
00100813
00900e93
00281f1b
010f083b
0016061b
0018181b
3f160063
ffd616e3
cc4f806f
00071463
991f506f
00091463
989f506f
00100793
50f90a63
fff9061b
02061613
00002597
50858593
02065613
00000693
0140006f
00a80023
00158593
00d61463
de4fc06f
0005c503
00d70833
0006879b
00168693
fe0510e3
92df506f
00071463
935f506f
00091463
92df506f
00000793
00002617
4c860613
0180006f
0005c683
00069463
909f506f
00d50023
00178793
0017869b
00c785b3
00f70533
ff26e0e3
8edf506f
180006b7
f01fb06f
00071463
8b4f606f
00091463
8acf606f
00100793
00f91463
d50fc06f
fff9061b
02061613
00002597
46858593
02065613
00000693
0140006f
00a80023
00158593
00c69463
924fb06f
0005c503
00d70833
0006879b
00168693
fe0510e3
84cf606f
04070063
00000793
00002617
43460613
00091c63
02c0006f
0005c683
00068e63
00d50023
00178793
0017869b
00c785b3
00f70533
ff26e2e3
00f707b3
00078023
fe800513
ab4f506f
00078613
00100513
00a60633
00064503
05500613
00c50463
bb1fb06f
00078613
00200513
00a60633
00064503
05400613
00c50463
b95fb06f
00078613
00300513
00a60633
00064503
05b00613
00c50463
b79fb06f
00400613
00c787b3
00000613
c1dfb06f
00078613
00100513
00a60633
00064503
04e00613
00c50463
b31fb06f
00078613
00200513
00a60633
00064503
05b00613
00c50463
b15fb06f
00300613
00c787b3
00000613
bd5fb06f
00078513
00100313
00650533
00054303
01130463
d09fb06f
00078513
00200893
01150533
00054883
00688463
cf1fb06f
00078513
00300313
00650533
00054503
01150463
cd9fb06f
d39fb06f
00078513
00100313
00650533
00054303
01130463
ca1fb06f
00078513
00200893
01150533
00054883
00688463
c89fb06f
00078513
00300313
00650533
00054503
01150463
c71fb06f
cedfb06f
00078513
00100313
00650533
00054303
01130463
c39fb06f
00078513
00200893
01150533
00054883
00688463
c21fb06f
00078513
00300313
00650533
00054503
01150463
c09fb06f
ca1fb06f
00078513
01150533
00054883
07900513
00a88463
bd1fb06f
00078513
00200893
01150533
00054883
07a00513
00a88463
bb5fb06f
00078513
00300893
01150533
00054883
07700513
00a88463
b99fb06f
c4dfb06f
00078613
00100513
00a60633
00064503
04f00613
00c50463
9e9fb06f
00078613
00200513
00a60633
00064503
04e00613
00c50463
9cdfb06f
00078613
00300513
00a60633
00064503
05300613
00c50463
9b1fb06f
00078613
00400513
00a60633
00064503
05400613
00c50463
995fb06f
00078613
00500513
00a60633
00064503
05b00613
00c50463
979fb06f
00600613
00c787b3
00000613
a01fb06f
0015961b
01060463
8e4f806f
3f000837
b3dff06f
00078593
00100813
010585b3
0005c803
00a80463
a3cf906f
00078593
00200513
00a585b3
0005c503
01050463
a24f906f
00078593
00300813
010585b3
0005c583
00a58463
a0cf906f
00400593
00b787b3
00200593
a84f906f
00078593
00100813
010585b3
0005c803
00a80463
9c8f906f
00078593
00200513
00a585b3
0005c503
01050463
9b0f906f
00078593
00300813
010585b3
0005c583
00a58463
998f906f
00400593
00b787b3
00100593
a2cf906f
00078593
010585b3
0005c503
07900593
00b50463
954f906f
00078593
00200513
00a585b3
0005c503
07a00593
00b50463
938f906f
00078593
011585b3
0005c503
07700593
00b50463
920f906f
00400593
00b787b3
02061593
01c5d613
07010593
00c58633
00062503
00462583
00a58463
c78f606f
00862503
00b50463
c6cf606f
00c62583
00b51463
9c4f906f
c5cf606f
00000793
c58f506f
00078593
00100813
010585b3
0005c803
00a80463
910f906f
00078593
00200513
00a585b3
0005c503
01050463
8f8f906f
00078593
00300813
010585b3
0005c583
00a58463
8e0f906f
00400593
00b787b3
00300593
93cf906f
00000693
e70f706f
00078513
00100f93
01f50533
00054f83
006f8463
bc0fa06f
00078513
00200313
00650533
00054303
01f30463
ba8fa06f
00078513
00300f93
01f50533
00054503
00650463
b90fa06f
be0fa06f
00078513
00100f93
01f50533
00054f83
006f8463
b58fa06f
00078513
00200313
00650533
00054303
01f30463
b40fa06f
00078513
00300f93
01f50533
00054503
00650463
b28fa06f
b94fa06f
00078513
00100f93
01f50533
00054f83
006f8463
af0fa06f
00078513
00200313
00650533
00054303
01f30463
ad8fa06f
00078513
00300f93
01f50533
00054503
00650463
ac0fa06f
b48fa06f
00078513
00650533
00054303
07900513
00a30463
a88fa06f
00078513
00200313
00650533
00054303
07a00513
00a30463
a6cfa06f
00078513
00300313
00650533
00054303
07700513
00a30463
a50fa06f
af4fa06f
00078593
00100893
011585b3
0005c883
00a88463
c15f906f
00078593
00200513
00a585b3
0005c503
01150463
bfdf906f
00078593
00300893
011585b3
0005c583
00a58463
be5f906f
c7df906f
00078593
011585b3
0005c503
07900593
00b50463
badf906f
00078593
00200513
00a585b3
0005c503
07a00593
00b50463
b91f906f
00078593
00300513
00a585b3
0005c503
07700593
00b50463
b75f906f
c29f906f
00078593
00100893
011585b3
0005c883
00a88463
b91f906f
00078593
00200513
00a585b3
0005c503
01150463
b79f906f
00078593
00300893
011585b3
0005c583
00a58463
b61f906f
bddf906f
00800637
01160613
fff00593
20000513
0205d593
00000f13
02000e93
00961613
00100e13
0180006f
02080863
00088793
01c787b3
fff5051b
02050063
00b7f8b3
00088813
01e80833
00084303
00665833
00187813
fc6efae3
fff00513
02055513
00a7f7b3
00078613
00000593
00b60633
00064583
07d00613
00c58463
8f8f506f
00100613
00d616bb
02013603
00d666b3
0006869b
02d13023
00100693
00d787b3
008006b7
01168693
20000613
00000e13
02000313
00969693
00100893
0140006f
02058663
011787b3
fff6061b
02060063
00a7f7b3
00078593
01c585b3
0005c803
0106d5b3
0015f593
fd037ce3
10013483
0e813a03
ad1f406f
400005b7
40d007bb
4100083b
0107c7b3
800006b7
00d7f7b3
00b7c7b3
0007879b
00700693
00060463
00060693
a80005b7
0176969b
00b6e6b3
01813503
01013583
0006869b
00b56463
0390106f
01813803
00813303
02081513
01e55593
00030513
00b50533
01013883
0018059b
00d52023
0005869b
0116e463
0090106f
02059693
01e6d593
00030513
00b50533
0028069b
00f52023
0006879b
00060463
e9cfb06f
01013603
00c7e463
7900106f
02069793
01e7d693
00813783
00d787b3
183806b7
00d7a023
01813783
0037879b
00f13c23
9fdf406f
00600693
00de0463
c9dfd06f
00500693
c95fd06f
00600693
00d58463
c89fd06f
00500693
c81fd06f
00071463
fe9f406f
00091463
fe1f406f
00000793
00002617
b7c60613
0180006f
0005c683
00069463
fbdf406f
00d50023
00178793
0017869b
00c785b3
00f70533
ff26e0e3
fa1f406f
00060593
00100f13
01e585b3
0005cf03
011f0463
a7cf906f
00060593
00200893
011585b3
0005c883
01e88463
a64f906f
00060593
00300f13
01e585b3
0005c583
01158463
a4cf906f
00400593
00b60633
00300613
aacf906f
00060593
00100f13
01e585b3
0005cf03
011f0463
a08f906f
00060593
00200893
011585b3
0005c883
01e88463
9f0f906f
00060593
00300f13
01e585b3
0005c583
01158463
9d8f906f
00400593
00b60633
00200613
a54f906f
00060593
00100f13
01e585b3
0005cf03
011f0463
994f906f
00060593
00200893
011585b3
0005c883
01e88463
97cf906f
00060593
00300f13
01e585b3
0005c583
01158463
964f906f
00400593
00b60633
00100613
9fcf906f
00060593
007585b3
0005c883
07900593
00b88463
920f906f
00060593
00200893
011585b3
0005c883
07a00593
00b88463
904f906f
00060593
009585b3
0005c883
07700593
00b88463
8ecf906f
00400593
00b60633
02079613
01c65793
07010613
00f607b3
0007a603
0047a583
00c58463
f71f706f
0087a603
00b60463
f65f706f
00c7a783
00f61463
994f906f
f55f706f
0017879b
02079793
0207d793
00f707b3
00078023
fe700513
865f406f
00000793
fe5ff06f
00078593
00100893
011585b3
0005c883
01088463
d95f806f
00078593
00200813
010585b3
0005c803
01180463
d7df806f
00078593
00300893
011585b3
0005c583
01058463
d65f806f
00400593
00b787b3
00200593
dddf806f
00078593
00100893
011585b3
0005c883
01088463
d21f806f
00078593
00200813
010585b3
0005c803
01180463
d09f806f
00078593
00300893
011585b3
0005c583
01058463
cf1f806f
00400593
00b787b3
00100593
d85f806f
00078593
011585b3
0005c803
07900593
00b80463
cadf806f
00078593
00200813
010585b3
0005c803
07a00593
00b80463
c91f806f
00078593
01f585b3
0005c803
07700593
00b80463
c79f806f
00400593
00b787b3
02061593
01c5d613
07010593
00c58633
00062803
00462583
01058463
ae0f606f
00862803
00b80463
ad4f606f
00c62583
00b80463
ac8f606f
40a0063b
afdf706f
00058793
fbdff06f
00078693
00100313
006686b3
0006c303
01030463
b58fc06f
00078693
00200813
010686b3
0006c803
00680463
b40fc06f
00078693
00300313
006686b3
0006c683
01068463
b28fc06f
b88fc06f
00078693
00100313
006686b3
0006c303
01030463
af0fc06f
00078693
00200813
010686b3
0006c803
00680463
ad8fc06f
00078693
00300313
006686b3
0006c683
01068463
ac0fc06f
b3cfc06f
00078693
00100313
006686b3
0006c303
01030463
a88fc06f
00078693
00200813
010686b3
0006c803
00680463
a70fc06f
00078693
00300313
006686b3
0006c683
01068463
a58fc06f
af0fc06f
00078693
006686b3
0006c803
07900693
00d80463
a20fc06f
00078693
00200813
010686b3
0006c803
07a00693
00d80463
a04fc06f
00078693
00300813
010686b3
0006c803
07700693
00d80463
9e8fc06f
a9cfc06f
00071463
b30f506f
00091463
b28f506f
00100793
00f91463
fccfb06f
fff9061b
02061613
00001597
79c58593
02065613
00000693
0140006f
00a80023
00158593
00c69463
ba0fa06f
0005c503
00d70833
0006879b
00168693
fe0510e3
ac8f506f
00000893
b5cfc06f
00078593
00100893
011585b3
0005c883
01088463
f1cfc06f
00078593
00200813
010585b3
0005c803
01180463
f04fc06f
00078593
00300893
011585b3
0005c583
01058463
eecfc06f
0f413423
00400593
00b787b3
00300593
f48fc06f
00078593
00100893
011585b3
0005c883
01088463
ea4fc06f
00078593
00200813
010585b3
0005c803
01180463
e8cfc06f
00078593
00300893
011585b3
0005c583
01058463
e74fc06f
0f413423
00400593
00b787b3
00200593
eecfc06f
00078593
00100893
011585b3
0005c883
01088463
e2cfc06f
00078593
00200813
010585b3
0005c803
01180463
e14fc06f
00078593
00300893
011585b3
0005c583
01058463
dfcfc06f
0f413423
00400593
00b787b3
00100593
e90fc06f
00078593
011585b3
0005c803
07900593
00b80463
db4fc06f
00078593
00200813
010585b3
0005c803
07a00593
00b80463
d98fc06f
00078593
006585b3
0005c803
07700593
00b80463
d80fc06f
00400593
00b787b3
02069593
01c5d693
07010593
00d586b3
0006a583
0046a803
00b80463
e8cf606f
0086a583
01058463
e80f606f
00c6a683
00d58463
e74f606f
0f413423
e20fc06f
00071463
951f406f
00091463
949f406f
00000793
00001617
53c60613
0180006f
0005c683
00069463
925f406f
00d50023
00178793
0017869b
00c785b3
00f70533
ff26e0e3
909f406f
00078593
00100893
011585b3
0005c883
00a88463
f4cfb06f
00078593
00200513
00a585b3
0005c503
01150463
f34fb06f
00078593
00300893
011585b3
0005c583
00a58463
f1cfb06f
00400593
00b787b3
00300593
f78fb06f
00078513
00100313
00650533
00054303
01030463
e38fa06f
00078513
00200813
01050533
00054803
00680463
e20fa06f
00078513
00300313
00650533
00054503
01050463
e08fa06f
00400513
00a787b3
00300513
e64fa06f
00078513
00100313
00650533
00054303
01030463
dc4fa06f
00078513
00200813
01050533
00054803
00680463
dacfa06f
00078513
00300313
00650533
00054503
01050463
d94fa06f
00400513
00a787b3
00200513
e0cfa06f
00078513
00100313
00650533
00054303
01030463
d50fa06f
00078513
00200813
01050533
00054803
00680463
d38fa06f
00078513
00300313
00650533
00054503
01050463
d20fa06f
00400513
00a787b3
00100513
db4fa06f
00078513
01050533
00054803
07900513
00a80463
cdcfa06f
00078513
00200813
01050533
00054803
07a00513
00a80463
cc0fa06f
00078513
01f50533
00054803
07700513
00a80463
ca8fa06f
00400513
00a787b3
02059513
01c55793
07010593
00f587b3
0007a583
0047a503
00b50463
c10f906f
0087a583
00a58463
c04f906f
00c7a783
00f59463
d4cfa06f
bf4f906f
00078593
00100893
011585b3
0005c883
00a88463
d40fb06f
00078593
00200513
00a585b3
0005c503
01150463
d28fb06f
00078593
00300893
011585b3
0005c583
00a58463
d10fb06f
00400593
00b787b3
00200593
d88fb06f
00078593
00100893
011585b3
0005c883
00a88463
cccfb06f
00078593
00200513
00a585b3
0005c503
01150463
cb4fb06f
00078593
00300893
011585b3
0005c583
00a58463
c9cfb06f
00400593
00b787b3
00100593
d30fb06f
00078593
00a585b3
0005c503
07900593
00b50463
c58fb06f
00078593
00200513
00a585b3
0005c503
07a00593
00b50463
c3cfb06f
00078593
011585b3
0005c503
07700593
00b50463
c24fb06f
00400593
00b787b3
02081593
01c5d793
07010593
00f587b3
0007a503
0047a583
00a58463
a19f606f
0087a503
00b50463
a0df606f
00c7a583
00b51463
cc8fb06f
9fdf606f
00078613
00100813
01060633
00064803
00b80463
db5f606f
00078613
00200593
00b60633
00064583
01058463
d9df606f
00078613
00300813
01060633
00064603
00b60463
d85f606f
de5f606f
00078613
00100813
01060633
00064803
00b80463
d4df606f
00078613
00200593
00b60633
00064583
01058463
d35f606f
00078613
00300813
01060633
00064603
00b60463
d1df606f
d99f606f
00078613
00100813
01060633
00064803
00b80463
ce5f606f
00078613
00200593
00b60633
00064583
01058463
ccdf606f
00078613
00300813
01060633
00064603
00b60463
cb5f606f
d4df606f
00078613
01060633
00064583
07900613
00c58463
c7df606f
00078613
00200593
00b60633
00064583
07a00613
00c58463
c61f606f
00078613
00300593
00b60633
00064583
07700613
00c58463
c45f606f
cf9f606f
00078693
00100813
010686b3
0006c803
00b80463
e6df506f
00078693
00200593
00b686b3
0006c583
01058463
e55f506f
00078693
00300813
010686b3
0006c683
00b68463
e3df506f
e9df506f
00078693
00100813
010686b3
0006c803
00b80463
e05f506f
00078693
00200593
00b686b3
0006c583
01058463
dedf506f
00078693
00300813
010686b3
0006c683
00b68463
dd5f506f
e51f506f
00078693
00100813
010686b3
0006c803
00b80463
d9df506f
00078693
00200593
00b686b3
0006c583
01058463
d85f506f
00078693
00300813
010686b3
0006c683
00b68463
d6df506f
e05f506f
00078693
010686b3
0006c583
07900693
00d58463
d35f506f
00078693
00200593
00b686b3
0006c583
07a00693
00d58463
d19f506f
00078693
00300593
00b686b3
0006c583
07700693
00d58463
cfdf506f
db1f506f
00000593
a84ff06f
10913023
00100593
00b787b3
00000313
00000893
00000393
00900293
00100f93
00a00f13
01c7f7b3
00078593
007585b3
0005c483
0028959b
011585bb
fd048e9b
0015959b
0ffefe93
fd05859b
01d2ea63
009588bb
0013031b
01f787b3
fde314e3
011565b3
08058063
00100793
06f50463
00200793
04f50863
02051463
02030263
00100593
00900793
00259e1b
00be05bb
0015051b
0015959b
00650c63
fef516e3
10013483
edcf606f
3f8005b7
9d4ff06f
0018979b
feb796e3
10013483
3f0005b7
9c0ff06f
fc089ee3
10013483
400005b7
9b0ff06f
fc0896e3
10013483
3f8005b7
9a0ff06f
10013483
998ff06f
00078613
00100593
00b60633
00064583
05500613
00c58463
81cfc06f
00078613
00200593
00b60633
00064583
05400613
00c58463
800fc06f
00078613
00300593
00b60633
00064583
05b00613
00c58463
fe5fb06f
00400613
00c787b3
00000593
888fc06f
00078613
00100593
00b60633
00064583
04e00613
00c58463
f9dfb06f
00078613
00200593
00b60633
00064583
05b00613
00c58463
f81fb06f
00300613
00c787b3
00000593
840fc06f
00078e13
00100f93
01fe0e33
000e4f83
01df8463
8a5fd06f
00078e13
00200e93
01de0e33
000e4e83
01fe8463
88dfd06f
00078e13
00300f93
01fe0e33
000e4e03
01de0463
875fd06f
00400e13
01c787b3
00300e13
8d1fd06f
00078e13
00100f93
01fe0e33
000e4f83
01df8463
831fd06f
00078e13
00200e93
01de0e33
000e4e83
01fe8463
819fd06f
00078e13
00300f93
01fe0e33
000e4e03
01de0463
801fd06f
00400e13
01c787b3
00200e13
879fd06f
00078e13
00100f93
01fe0e33
000e4f83
01df8463
fbcfd06f
00078e13
00200e93
01de0e33
000e4e83
01fe8463
fa4fd06f
00078e13
00300f93
01fe0e33
000e4e03
01de0463
f8cfd06f
00400e13
01c787b3
00100e13
821fd06f
00078e13
01de0e33
000e4e83
07900e13
01ce8463
f48fd06f
00078e13
00200e93
01de0e33
000e4e83
07a00e13
01ce8463
f2cfd06f
00078e13
005e0e33
000e4e83
07700e13
01ce8463
f14fd06f
00400e13
01c787b3
02061e13
01ce5793
07010613
00f607b3
0007ae03
0047a603
01c60463
b4cfc06f
0087ae03
00ce0463
b40fc06f
00c7a603
00ce1463
fb8fd06f
b30fc06f
00078313
00100293
00530333
00034283
01f28463
b99fc06f
00078313
00200f93
01f30333
00034f83
005f8463
b81fc06f
00078313
00300293
00530333
00034303
01f30463
b69fc06f
bc9fc06f
00078313
00100293
00530333
00034283
01f28463
b31fc06f
00078313
00200f93
01f30333
00034f83
005f8463
b19fc06f
00078313
00300293
00530333
00034303
01f30463
b01fc06f
b7dfc06f
00078313
00100293
00530333
00034283
01f28463
ac9fc06f
00078313
00200f93
01f30333
00034f83
005f8463
ab1fc06f
00078313
00300293
00530333
00034303
01f30463
a99fc06f
b31fc06f
00078313
01f30333
00034f83
07900313
006f8463
a61fc06f
00078313
00200f93
01f30333
00034f83
07a00313
006f8463
a45fc06f
00078313
00300f93
01f30333
00034f83
07700313
006f8463
a29fc06f
addfc06f
00071463
ec8f406f
00091463
ec0f406f
00000793
00001617
ad460613
0180006f
0005c683
00069463
e9cf406f
00d50023
00178793
0017869b
00c785b3
00f70533
ff26e0e3
e80f406f
00071463
e80f406f
00091463
e78f406f
00000793
00001617
a4460613
0180006f
0005c683
00069463
e54f406f
00d50023
00178793
0017869b
00c785b3
00f70533
ff26e0e3
e38f406f
00078613
00100593
00b60633
00064583
04f00613
00c58463
c2dfb06f
00078613
00200593
00b60633
00064583
04e00613
00c58463
c11fb06f
00078613
00300593
00b60633
00064583
05300613
00c58463
bf5fb06f
00078613
00400593
00b60633
00064583
05400613
00c58463
bd9fb06f
00078613
00500593
00b60633
00064583
05b00613
00c58463
bbdfb06f
00600613
00c787b3
00000593
c45fb06f
00078693
00100313
006686b3
0006c303
04f00693
00d30463
f58fc06f
00078693
00200313
006686b3
0006c303
04e00693
00d30463
f3cfc06f
00078693
00300313
006686b3
0006c303
05300693
00d30463
f20fc06f
00078693
00400313
006686b3
0006c303
05400693
00d30463
f04fc06f
00078693
00500313
006686b3
0006c303
05b00693
00d30463
ee8fc06f
00600693
00d787b3
00000e93
f5cfc06f
00078e13
00100293
005e0e33
000e4283
01f28463
86cfd06f
00078e13
00200f93
01fe0e33
000e4f83
005f8463
854fd06f
00078e13
00300293
005e0e33
000e4e03
01fe0463
83cfd06f
89cfd06f
00078e13
00100293
005e0e33
000e4283
01f28463
804fd06f
00078e13
00200f93
01fe0e33
000e4f83
005f8463
fedfc06f
00078e13
00300293
005e0e33
000e4e03
01fe0463
fd5fc06f
850fd06f
00078e13
00100293
005e0e33
000e4283
01f28463
f9dfc06f
00078e13
00200f93
01fe0e33
000e4f83
005f8463
f85fc06f
00078e13
00300293
005e0e33
000e4e03
01fe0463
f6dfc06f
804fd06f
00078e13
01fe0e33
000e4f83
07900e13
01cf8463
f35fc06f
00078e13
00200f93
01fe0e33
000e4f83
07a00e13
01cf8463
f19fc06f
00078e13
00300f93
01fe0e33
000e4f83
07700e13
01cf8463
efdfc06f
fb1fc06f
00078613
00100e13
01c60633
00064e03
010e0463
ba9fb06f
00078613
00200813
01060633
00064803
01c80463
b91fb06f
00078613
00300e13
01c60633
00064603
01060463
b79fb06f
bd9fb06f
00078613
00100e13
01c60633
00064e03
010e0463
b41fb06f
00078613
00200813
01060633
00064803
01c80463
b29fb06f
00078613
00300e13
01c60633
00064603
01060463
b11fb06f
b8dfb06f
00078613
00100e13
01c60633
00064e03
010e0463
ad9fb06f
00078613
00200813
01060633
00064803
01c80463
ac1fb06f
00078613
00300e13
01c60633
00064603
01060463
aa9fb06f
b41fb06f
00078613
01c60633
00064803
07900613
00c80463
a71fb06f
00078613
00200813
01060633
00064803
07a00613
00c80463
a55fb06f
00078613
00300813
01060633
00064803
07700613
00c80463
a39fb06f
aedfb06f
00078693
00100313
006686b3
0006c303
05500693
00d30463
c30fc06f
00078693
00200313
006686b3
0006c303
05400693
00d30463
c14fc06f
00078693
00300313
006686b3
0006c303
05b00693
00d30463
bf8fc06f
00400693
00d787b3
00000e93
c88fc06f
00078693
00100313
006686b3
0006c303
04e00693
00d30463
bb0fc06f
00078693
00200313
006686b3
0006c303
05b00693
00d30463
b94fc06f
00300693
00d787b3
00000e93
c40fc06f
00000893
b5dfb06f
000e8463
d05fb06f
40000fb7
02813783
411008bb
80000637
40f007bb
0117c7b3
00c7f7b3
01f7c7b3
0007879b
00100e93
00000893
00000613
da9fc06f
000e8463
cc9fb06f
3f800fb7
fc5ff06f
00000f93
fbdff06f
00100e93
01d787b3
00000293
00000e93
0077f7b3
00078f93
00000613
00cf8fb3
000fca03
002e9f9b
01df8fbb
fd0a049b
001f9f9b
0ff4f493
00900613
fd0f8f9b
00966e63
014f8ebb
0012829b
00100613
00c787b3
00a00613
fac29ce3
01ceefb3
f40f8ce3
00100793
f8fe00e3
00200793
f2fe0ee3
000e0463
c3dfb06f
00029463
c35fb06f
00100f93
00900393
002f979b
01f787bb
001e0e1b
00179f9b
145e0463
fe7e16e3
c11fb06f
00078613
00100e13
01c60633
00064e03
05500613
00ce0463
a65fc06f
00078613
00200e13
01c60633
00064e03
05400613
00ce0463
a49fc06f
00078613
00300e13
01c60633
00064e03
05b00613
00ce0463
a2dfc06f
00400613
00c787b3
00000e93
ab9fc06f
00071463
8adf306f
00091463
8a5f306f
00000793
00000617
44060613
0180006f
0005c683
00069463
881f306f
00d50023
00178793
0017869b
00c785b3
00f70533
ff26e0e3
865f306f
00071463
865f306f
00091463
85df306f
00000793
00000617
3f860613
0180006f
0005c683
00069463
839f306f
00d50023
00178793
0017869b
00c785b3
00f70533
ff26e0e3
81df306f
00078613
00100e13
01c60633
00064e03
04e00613
00ce0463
955fc06f
00078613
00200e13
01c60633
00064e03
05b00613
00ce0463
939fc06f
00300613
00c787b3
00000e93
9e1fc06f
001e979b
01f78463
ac9fb06f
3f000fb7
dc5ff06f
02051513
02055513
00054803
00087813
01050533
e35f206f
fff00313
fb010113
02035313
03213823
03413023
04113423
04813023
00657533
00054883
00070913
00078a13
00012623
0008f893
01150533
0065f433
00044883
0008f893
01140433
00054783
04600713
22e79063
01613823
00044b03
1efb1863
02913c23
03313423
00060493
00068993
00080793
000a0713
00c10693
00098613
00048593
01513c23
00080a93
f5dff0ef
1e050663
00044783
1d679063
000a8793
000a0713
00090693
00098613
00048593
00040513
f35ff0ef
0005071b
01b7079b
00e12623
0007861b
00e00693
02c6e263
02079613
00000697
3b068693
01e65793
00d787b3
0007a783
00d787b3
00078067
00000513
12071a63
03813483
02813983
01813a83
01013b03
0180006f
03813483
02813983
01813a83
01013b03
fe500513
04813083
04013403
03013903
02013a03
05010113
00008067
03813483
02813983
01813a83
01013b03
fe600513
fd5ff06f
03813483
02813983
01813a83
01013b03
fe700513
fbdff06f
03813483
02813983
01813a83
01013b03
fe800513
fa5ff06f
03813483
02813983
01813a83
01013b03
fec00513
f8dff06f
03813483
02813983
01813a83
01013b03
fee00513
f75ff06f
03813483
02813983
01813a83
01013b03
fef00513
f5dff06f
03813483
02813983
01813a83
01013b03
ff000513
f45ff06f
03813483
02813983
01813a83
01013b03
ff100513
f2dff06f
03813483
02813983
01813a83
01013b03
ff400513
f15ff06f
03813483
02813983
01813a83
01013b03
ff500513
efdff06f
00044503
03813483
02813983
fba50513
00153513
01813a83
01013b03
ffc50513
ed9ff06f
01013b03
ffa00513
ecdff06f
03813483
02813983
01813a83
01013b03
ffb00513
eb5ff06f
00f92023
ff900513
ea9ff06f
03813483
02813983
01813a83
01013b03
ffe00513
e91ff06f
00000000
ffff2a44
ffff2a30
ffff2a1c
ffff2a08
ffff26b0
ffff26b0
ffff26b0
ffff29f4
ffff26b0
ffff29e0
ffff29cc
ffff29b8
ffff2a94
ffff26b0
ffff26b0
ffff2a80
ffff2a6c
ffff2a58
ffff2abc
ffff2aa8
ffff2ad0
ffff29a4
ffff295c
ffff2948
ffff2934
ffff2918
ffff26b0
ffff26f0
20646162
73677261
00000000
00000000
65707865
64657463
52455620
726f2054
41524620
00000047
204d4d49
6c636564
00000000
00000000
20646162
6562616c
0000006c
00000000
6d656d69
6c756620
0000006c
00000000
20564f4d
00747364
20564f4d
00637273
20444441
00747364
20444441
30637273
00000000
00000000
20444441
31637273
00000000
00000000
20444441
30637273
67656e20
00657461
20425553
00747364
20425553
30637273
00000000
00000000
20425553
31637273
00000000
00000000
20425553
30637273
67656e20
00657461
204c554d
00747364
204c554d
30637273
00000000
00000000
204c554d
31637273
00000000
00000000
204c554d
6167656e
00006574
00000000
2044414d
00747364
2044414d
30637273
00000000
00000000
2044414d
31637273
00000000
00000000
2044414d
32637273
00000000
00000000
2044414d
6167656e
00006574
00000000
75736e75
726f7070
20646574
49534754
00000000
00000000
7373696d
20676e69
00444e45
fffffc88
fffffcb4
fffffccc
fffffce4
fffffc6c
fffffc6c
fffffc6c
fffffcfc
fffffc6c
fffffd14
fffffd2c
fffffd44
fffffd5c
fffffd74
fffffd8c
