// generated from venus_probe.bin
30401073
34401073
00070117
ff810113
00000297
03428293
30529073
00014297
c7428293
00014317
cbc30313
0062f663
0002b023
bfdd02a1
9073428d
00ef30a2
a0010e20
00001297
ee428293
0002b283
031b6305
0352bad3
0ee30313
0062b023
0737a001
8f49bad0
008007b7
170207bd
07a29301
a00fe398
000f0027
a0010ff0
00400737
08b7071d
07262000
38188893
10000837
088ac308
1c180813
080007b7
00b8a023
8793080e
05b70e17
20232000
079200c8
0006861b
38558593
9681c390
c194058a
00014617
c1460613
06b7420c
86932000
258538f6
068ac20c
200fc28c
a00f0027
07b70027
87930400
07960717
0027a00f
080007b7
0e378793
a00f0792
000f0027
07b70ff0
07f50100
a00f079e
000f0007
43980ff0
9ae34214
8082fee6
f4867159
0ff0000f
400017b7
27014398
0ff0000f
747277b7
97678793
3cf71ce3
0ff0000f
40001737
2781435c
0ff0000f
9fe34709
000f58e7
17370ff0
471c4000
000f2781
47410ff0
4ce792e3
0ff0000f
400017b7
270147d8
0ff0000f
475357b7
c4378793
48f716e3
400017b7
07078793
0007a023
0ff0000f
c3984705
0ff0000f
c394468d
0ff0000f
40001637
20230651
000f0006
000f0ff0
16b70ff0
4a884000
250106c1
0ff0000f
000fc218
000f0ff0
42900ff0
000f2601
46e50ff0
01957593
40d59ae3
10167693
10100593
3eb696e3
400015b7
02458593
0005a023
0ff0000f
400016b7
02068693
000fc288
c1980ff0
0ff0000f
000fc290
46ad0ff0
000fc394
000f0ff0
439c0ff0
000f2781
8ba10ff0
380786e3
400017b7
0ae7a623
0ff0000f
0ff0000f
40001737
0b072783
000f2781
07370ff0
95e30010
000f34e7
17370ff0
27834000
27810b47
0ff0000f
30079ce3
0ff0000f
40001737
0b872783
000f2781
07370ff0
95e38200
000f2ae7
17370ff0
27834000
27810bc7
0ff0000f
3e079fe3
400017b7
0a07a623
0ff0000f
0ff0000f
40001737
0b072783
000f2781
577d0ff0
3ae79fe3
0ff0000f
400016b7
0b86a703
000f2701
16e30ff0
e0d238f7
0ff0000f
400017b7
10c7aa03
000f2a01
47850ff0
34fa1ce3
0ff0000f
40001737
10872783
000f2781
95e30ff0
1e373c07
0e134000
2023030e
000f000e
000f0ff0
13370ff0
27834000
03130343
27810343
0ff0000f
03f00713
38f771e3
400018b7
03888893
04000793
00f8a023
0ff0000f
40001837
08080813
800807b7
00f82023
0ff0000f
40001537
08450513
00052023
0ff0000f
400015b7
09058593
800817b7
000fc19c
16370ff0
06134000
20230946
000f0006
16b70ff0
86934000
27b70a06
c29c8008
0ff0000f
40001737
0a470713
00072023
0ff0000f
400017b7
04478793
0147a023
0ff0000f
014e2023
0ff0000f
0ff0000f
00032303
000f2301
4e3d0ff0
eca6f0a2
e4cee8ca
f85afc56
f062f45e
e86aec66
2e6e7de3
a0234341
000f0068
38b70ff0
20238008
000f0118
20230ff0
000f0005
45370ff0
c1888008
0ff0000f
00062023
0ff0000f
80085637
000fc290
20230ff0
000f0007
a0230ff0
000f0147
17b70ff0
a8234000
000f07c7
1b970ff0
8b930000
4785b26b
49174401
09130001
449785a9
84930001
b70385a4
b603000b
0693008b
30230047
e09400c9
4a9dc3a1
00001997
ab498993
08fae4e3
97ce078a
97ce439c
c6028782
47b24354
e0980721
00d7f863
278547b2
47b2c63e
fed7ece3
431c6098
00470693
f7f9e094
008007b7
073707bd
07a2600d
7c040a63
e3980709
0027a00f
0ff0000f
429ca001
e0980741
42cc4719
61634690
17177ef7
07130000
078aa6a7
439c97ba
878297ba
01870513
00472883
474c471c
4b544b10
2573e088
0813c000
97130410
93010207
16820866
92819742
27f3a031
8f89c000
04f6e2e3
0007200f
0ff0000f
8fed431c
fef615e3
00093783
43904691
4cd61563
926343d4
47944d16
0007200f
0ff0000f
9a63431c
37834af6
a8a90009
01470593
00472803
4750471c
e08c4b14
c00025f3
04100513
02079713
05669301
972a1682
a0319281
c00027f3
e5638f8d
200f7ef6
000f0007
431c0ff0
fef616e3
00093783
4394470d
46e69563
126343d8
47984707
44c71f63
87936098
30230207
431c00f9
00470693
9be3e094
b5ddea07
0006a883
00870613
00013297
6ec28293
3797e090
b9230001
a3036a07
35170002
05130001
87636a65
4e050a08
450185b2
0e7e4f81
80080f37
e3838e9a
e6830045
a8030005
07bb00c5
138200a3
03f7f793
e3b32505
979b00d3
36b30047
87bb0100
969b01e7
3d330016
8c330115
873b01c3
178200ae
01a6e6b3
0085a083
0c9b9381
7713000c
969b03f7
a0230106
5c130197
171b420c
d69b0107
a2230106
8f550187
0017a423
c7d82701
00080463
4f858b1e
94e305c1
9713f8a8
57930208
073301c7
e09800f6
00013517
60050513
000f8463
01653023
01001737
87ba071e
40070713
0027a00f
9de307c1
000ffee7
3e970ff0
8e930001
609c60ee
000ea583
0002a683
0087e703
03f5f613
80081837
0047ef03
161b2811
a3830016
af830007
86bb0107
063b0116
25850106
03f6f693
18371702
1c134004
16020303
01e76733
a02307d1
3e1700d2
0e130001
389758ee
88930001
3f175728
0f130001
309757af
80930001
5c1357a0
9201030c
80180813
03059693
00e8b023
2023e09c
2023007e
a02301ff
10230060
92c10186
07b70806
87370008
10230800
879300d8
07130817
a0231097
07b200be
a00f0712
07c10027
fee79de3
0ff0000f
400017b7
0407a823
0ff0000f
0000ae83
000e2e03
000f2583
00053303
0008b683
c0002ff3
40041537
3f370506
88aa0131
00013817
50880813
0f130509
a039d00f
c00027f3
41f787b3
58ff6663
0008a00f
0ff0000f
00082703
00055603
0017079b
93c117c2
fcf61ee3
40041637
03f77793
15370606
078e4004
05060611
00c78733
9b410531
776397aa
200f00f7
07410007
fef76de3
0ff0000f
00082783
40041737
f7930706
072103f7
97ba078e
851b439c
000f0007
17370ff0
533c4000
000f2781
8b850ff0
50078463
400017b7
d3f84705
0ff0000f
00093783
19634390
af0344e6
86130047
30230207
a88300c9
47d80087
4eaf1663
00082f03
40041537
77930506
078e03ff
97aa0511
9163439c
2f054efe
01e82023
0e031663
1513cb01
57930207
97b201b5
00f93023
001e7e13
be0e0ce3
00093783
43904721
3ee61e63
02078793
45214601
00f93023
fb0ff0ef
2803bee1
07930047
e09c0107
05e34714
0513bc08
46010410
60980566
02069793
430c9381
071197aa
c38ce098
0027a00f
0ff0000f
26912605
fec811e3
6503be71
43500087
01070313
07fe4785
0064b023
ca0d953e
02061e13
020e5e13
1893587d
4781002e
02085813
00f706b3
f6b34a8c
96aa0107
0791c28c
fef898e3
93720e0a
0064b023
0026171b
93011702
ff057793
f763972a
a00f00e7
07c10027
fee7ede3
0ff0000f
431c6098
00470693
91e3e094
be0db007
0067061b
161b4505
057e0026
951a1602
77939201
962aff05
00c7f763
0007a00f
ede307c1
000ffec7
411c0ff0
56f89463
ee070ce3
00093783
16134505
057e0207
01b65713
88330561
460100e7
4e894881
a839932a
02061713
971a9301
43c84318
52e51263
02078793
48852611
29078f63
01e34398
8463ffd7
30230008
051300f9
f0ef0260
0513e58f
f0ef0430
0513e50f
f0ef0410
87e3e48f
0893a805
0e370410
0eb78000
37830080
48010009
08e64329
fffe4e13
0fb74289
0f377f80
1efd7f80
1563a811
07f12ae5
00f93023
26112805
a5058ae3
16634398
43d82267
30230791
1d6300f9
171328c7
93010206
200f9746
000f0007
37830ff0
43180009
069b43c8
19630007
a38326e5
479800c7
fa038be3
fae68be3
01c6f533
14051e63
01c77533
d51bd15d
539b01f6
186301f7
76630075
873b16d7
f8e340e6
0513f8e2
f0ef03d0
3c03d9cf
47990009
000c2703
20f71c63
004c6683
45814601
f0ef4519
2703d9ef
47ad020c
1ef71c63
024c6683
45814601
0c13452d
f0ef040c
3023d82f
b25d0189
00093c03
2703479d
1563000c
66831cf7
451d00cc
020c0c13
d60ff0ef
01893023
3603b251
478d0009
11634218
425c1af7
18b79e63
010bb783
0ff00693
08634398
806300d7
47d80ee5
1ce307b1
6683fed7
450d0086
f0ef4601
3783d22f
bc990009
00093603
42184791
14f71e63
9b63425c
b78314b7
0693010b
43980ff0
00d70863
0ce58963
07b147d8
fed71ce3
00866683
46014511
ce4ff0ef
00093783
83e3bc21
08139005
37030410
46810009
08664895
435ca81d
30230711
979b00e9
9fb10027
93811782
a00f97c2
000f0007
37030ff0
439c0009
17634348
077116f5
00e93023
81e32685
431c8cd5
fd1785e3
03400513
c6aff0ef
01f6f533
14e32501
f533ebe5
00e301d6
7533ea05
250101f7
e9e51be3
01d77533
e80507e3
9f15b53d
e2e2f5e3
43dcbd69
84e3577d
0713f2e7
17820410
93810766
a00f97ba
000f0007
37030ff0
439c0009
08e34718
051390f7
f0ef0310
479cc0cf
8be3577d
0713f2e7
17820410
93810766
a00f97ba
000f0007
37030ff0
439c0009
00e34718
05138ef7
f0ef0330
0513bdcf
f0ef0390
3023bd4f
b92900f9
e3980705
0027a00f
0ff0000f
020bb783
8b938452
439c020b
fb6ff06f
02200513
baaff0ef
02800513
ba2ff0ef
03f00513
b9aff0ef
03200513
b92ff0ef
03000513
b8aff0ef
03800513
b82ff0ef
03700513
b7aff0ef
03600513
b72ff0ef
03c00513
b6aff0ef
03b00513
b62ff0ef
03a00513
b5aff0ef
04400513
b52ff0ef
f0a24505
e8caeca6
e0d2e4ce
f85afc56
f062f45e
e86aec66
b36ff0ef
f0a24529
e8caeca6
e0d2e4ce
f85afc56
f062f45e
e86aec66
b1aff0ef
03500513
b12ff0ef
02100513
b0aff0ef
02000513
b02ff0ef
02300513
afaff0ef
04200513
af2ff0ef
02400513
aeaff0ef
04000513
ae2ff0ef
f0a24525
e8caeca6
e0d2e4ce
f85afc56
f062f45e
e86aec66
ac6ff0ef
f0a24521
e8caeca6
e0d2e4ce
f85afc56
f062f45e
e86aec66
aaaff0ef
f0a2451d
e8caeca6
e0d2e4ce
f85afc56
f062f45e
e86aec66
a8eff0ef
f0a24519
e8caeca6
e0d2e4ce
f85afc56
f062f45e
e86aec66
a72ff0ef
f0a24515
e8caeca6
e0d2e4ce
f85afc56
f062f45e
e86aec66
a56ff0ef
f0a24511
e8caeca6
e0d2e4ce
f85afc56
f062f45e
e86aec66
a3aff0ef
f0a2450d
e8caeca6
e0d2e4ce
f85afc56
f062f45e
e86aec66
a1eff0ef
f0a24539
e8caeca6
fc56e4ce
f45ef85a
ec66f062
f0efe86a
4535a04f
eca6f0a2
e4cee8ca
fc56e0d2
f45ef85a
ec66f062
f0efe86a
45319e8f
eca6f0a2
e4cee8ca
fc56e0d2
f45ef85a
ec66f062
f0efe86a
452d9ccf
eca6f0a2
e4cee8ca
fc56e0d2
f45ef85a
ec66f062
f0efe86a
45419b0f
eca6f0a2
e4cee8ca
f85afc56
f062f45e
e86aec66
996ff0ef
f0a2453d
e8caeca6
fc56e4ce
f45ef85a
ec66f062
f0efe86a
454597cf
976ff0ef
f0a24509
e8caeca6
e0d2e4ce
f85afc56
f062f45e
e86aec66
95aff0ef
00088463
00f93023
02700513
94aff0ef
02500513
942ff0ef
00000000
80000f00
00000000
fffffddc
fffff9e2
fffff6a4
fffff9a6
fffff634
fffff5c8
fffff5a6
fffff562
fffffbda
fffffc18
fffffc56
fffffb7a
fffffbb8
fffffd74
ffffface
00000000
8002f348
00000000
80028da0
00000000
80028d90
00000000
80033c60
00000000
80023128
00000000
80020fc0
00000000
80020fb0
00000000
80033c78
00000000
000000ff
00000000
00000000
00000000
00000001
00000048
00001102
00000004
00000000
00000000
00000000
00000000
00000002
00000004
00000000
00000000
00000000
00000000
00000000
00000000
00000002
000000a0
00000000
00000000
00000000
00000000
00000000
00000000
00000002
00000000
00000000
00000000
00000000
00000000
00000000
00000000
00000002
00000000
00000000
00000000
00000000
00000000
00000000
00000000
00000001
000000d8
00001103
00000028
00000000
00000000
00000000
00000000
00000002
00000001
00000000
00000000
00000000
00000000
00000000
00000000
00000002
0040414e
00000000
00000000
00000000
00000000
00000000
00000000
00000002
00000001
00000000
00000000
00000000
00000000
00000000
00000000
00000002
00000003
00000000
00000000
00000000
00000000
00000000
00000000
00000002
00000001
00000000
00000000
00000000
00000000
00000000
00000000
00000002
00000001
00000000
00000000
00000000
00000000
00000000
00000000
00000002
00000000
00000000
00000000
00000000
00000000
00000000
00000000
00000002
00000000
00000000
00000000
00000000
00000000
00000000
00000000
00000002
00000000
00000000
00000000
00000000
00000000
00000000
00000000
00000002
00000000
00000000
00000000
00000000
00000000
00000000
00000000
00000002
00000000
00000000
00000000
00000000
00000000
00000000
00000000
00000002
00000000
00000000
00000000
00000000
00000000
00000000
00000000
00000002
00000000
00000000
00000000
00000000
00000000
00000000
00000000
00000002
00000000
00000000
00000000
00000000
00000000
00000000
00000000
00000002
00000000
00000000
00000000
00000000
00000000
00000000
00000000
00000002
00000000
00000000
00000000
00000000
00000000
00000000
00000000
00000002
00000000
00000000
00000000
00000000
00000000
00000000
00000000
00000002
00000000
00000000
00000000
00000000
00000000
00000000
00000000
00000002
00000000
00000000
00000000
00000000
00000000
00000000
00000000
00000002
00000000
00000000
00000000
00000000
00000000
00000000
00000000
00000002
00000000
00000000
00000000
00000000
00000000
00000000
00000000
00000002
00000000
00000000
00000000
00000000
00000000
00000000
00000000
00000002
00000000
00000000
00000000
00000000
00000000
00000000
00000000
00000002
00000000
00000000
00000000
00000000
00000000
00000000
00000000
00000002
00000000
00000000
00000000
00000000
00000000
00000000
00000000
00000002
00000000
00000000
00000000
00000000
00000000
00000000
00000000
00000002
00000000
00000000
00000000
00000000
00000000
00000000
00000000
00000002
00000000
00000000
00000000
00000000
00000000
00000000
00000000
00000002
00000000
00000000
00000000
00000000
00000000
00000000
00000000
00000002
00000000
00000000
00000000
00000000
00000000
00000000
00000000
00000002
00000000
00000000
00000000
00000000
00000000
00000000
00000000
00000002
00000000
00000000
00000000
00000000
00000000
00000000
00000000
00000002
00000000
00000000
00000000
00000000
00000000
00000000
00000000
00000002
00000000
00000000
00000000
00000000
00000000
00000000
00000000
00000002
00000000
00000000
00000000
00000000
00000000
00000000
00000000
00000002
00000000
00000000
00000000
00000000
00000000
00000000
00000000
00000002
00000000
00000000
00000000
00000000
00000000
00000000
00000000
00000002
00000001
00000000
00000000
00000000
00000000
00000000
00000000
00000002
00000001
00000000
00000000
00000000
00000000
00000000
00000000
00000002
00000000
00000000
00000000
00000000
00000000
00000000
00000000
00000001
00000078
00001100
00000000
00000000
00000000
00000000
00000000
00000001
00000050
00001100
00000000
00000000
00000000
00000000
00000000
00000001
00000050
00001100
00000000
00000000
00000000
00000000
00000000
00000001
00000050
00001100
00000000
00000000
00000000
00000000
00000000
00000001
00000050
00001100
00000000
00000000
00000000
00000000
00000000
00000001
00000048
00001106
00000002
00000000
00000000
00000000
00000000
00000002
00000003
00000000
00000000
00000000
00000000
00000000
00000000
00000002
00000000
00000000
00000000
00000000
00000000
00000000
00000000
00000001
00000048
00001106
00000002
00000000
00000000
00000000
00000000
00000002
00000003
00000000
00000000
00000000
00000000
00000000
00000000
00000002
00003000
00000000
00000000
00000000
00000000
00000000
00000000
00000001
00000048
00001106
00000002
00000000
00000000
00000000
00000000
00000002
00000003
00000000
00000000
00000000
00000000
00000000
00000000
00000002
00007000
00000000
00000000
00000000
00000000
00000000
00000000
00000001
00000048
00001106
00000002
00000000
00000000
00000000
00000000
00000002
00000003
00000000
00000000
00000000
00000000
00000000
00000000
00000002
00009000
00000000
00000000
00000000
00000000
00000000
00000000
00000001
00000038
00001100
00000000
00000000
00000000
00000000
00000000
00000001
000000c4
00001100
00000000
00000000
00000000
00000000
00000000
00000008
00000011
00000000
00000000
00000000
00000000
00000000
00000000
00000004
00000000
00000004
00000000
00000000
00000000
00000000
00000000
00000006
00000005
00000000
00000000
00000000
00000000
00000000
00000000
0000000b
0000000a
00000000
00000000
00000000
00000000
00000000
00000000
00000003
00000000
00000bec
00000000
00000000
00000000
00000000
00000000
00000005
00000000
00000000
00000000
00000000
00000000
00000000
00000000
00000005
00000001
00000000
00000000
00000000
00000000
00000000
00000000
00000005
00000002
00000001
00000000
00000000
00000000
00000000
00000000
00000005
00000003
00000000
00000000
00000000
00000000
00000000
00000000
00000005
00000004
00001000
00000000
00000000
00000000
00000000
00000000
00000005
00000005
00004000
00000000
00000000
00000000
00000000
00000000
00000005
00000000
00000002
00000000
00000000
00000000
00000000
00000000
00000005
00000001
00000000
00000000
00000000
00000000
00000000
00000000
00000005
00000002
00000001
00000000
00000000
00000000
00000000
00000000
00000005
00000003
00000000
00000000
00000000
00000000
00000000
00000000
00000005
00000004
00000001
00000000
00000000
00000000
00000000
00000000
00000005
00000005
00000001
00000000
00000000
00000000
00000000
00000000
00000005
00000006
00000000
00000000
00000000
00000000
00000000
00000000
00000005
00000007
10001001
00000000
00000000
00000000
00000000
00000000
00000005
00000008
00004000
00000000
00000000
00000000
00000000
00000000
00000005
00000000
0000000b
00000000
00000000
00000000
00000000
00000000
00000005
00000001
00000000
00000000
00000000
00000000
00000000
00000000
00000005
00000002
00000001
00000000
00000000
00000000
00000000
00000000
00000005
00000003
00000000
00000000
00000000
00000000
00000000
00000000
00000005
00000004
20001002
00000000
00000000
00000000
00000000
00000000
00000005
00000005
00004000
00000000
00000000
00000000
00000000
00000000
00000005
00000000
00000011
00000000
00000000
00000000
00000000
00000000
00000005
00000001
00000001
00000000
00000000
00000000
00000000
00000000
00000005
00000002
00000000
00000000
00000000
00000000
00000000
00000000
00000005
00000003
30001003
00000000
00000000
00000000
00000000
00000000
00000005
00000004
00004000
00000000
00000000
00000000
00000000
00000000
00000005
00000000
00000032
00000000
00000000
00000000
00000000
00000000
00000005
00000001
00000000
00000000
00000000
00000000
00000000
00000000
00000005
00000002
00000001
00000000
00000000
00000000
00000000
00000000
00000005
00000003
00000000
00000000
00000000
00000000
00000000
00000000
00000005
00000004
00001000
00000000
00000000
00000000
00000000
00000000
00000005
00000005
00005000
00000000
00000000
00000000
00000000
00000000
00000005
00000000
0000001e
00000000
00000000
00000000
00000000
00000000
00000005
00000001
00000001
00000000
00000000
00000000
00000000
00000000
00000005
00000002
00000000
00000000
00000000
00000000
00000000
00000000
00000005
00000003
00000100
00000000
00000000
00000000
00000000
00000000
00000005
00000004
00000000
00000000
00000000
00000000
00000000
00000000
00000005
00000005
00000100
00000000
00000000
00000000
00000000
00000000
00000005
00000006
00000000
00000000
00000000
00000000
00000000
00000000
00000005
00000007
00000003
00000000
00000000
00000000
00000000
00000000
00000005
00000000
00000015
00000000
00000000
00000000
00000000
00000000
00000005
00000001
00000000
00000000
00000000
00000000
00000000
00000000
00000005
00000002
00000001
00000000
00000000
00000000
00000000
00000000
00000005
00000003
00000000
00000000
00000000
00000000
00000000
00000000
00000005
00000004
00001000
00000000
00000000
00000000
00000000
00000000
00000005
00000005
00006000
00000000
00000000
00000000
00000000
00000000
00000005
00000000
0000001c
00000000
00000000
00000000
00000000
00000000
00000005
00000001
00000000
00000000
00000000
00000000
00000000
00000000
00000005
00000000
00000032
00000000
00000000
00000000
00000000
00000000
00000005
00000001
00000000
00000000
00000000
00000000
00000000
00000000
00000005
00000002
00000001
00000000
00000000
00000000
00000000
00000000
00000005
00000003
00000000
00000000
00000000
00000000
00000000
00000000
00000005
00000004
10001001
00000000
00000000
00000000
00000000
00000000
00000005
00000005
00005000
00000000
00000000
00000000
00000000
00000000
00000005
00000000
0000001e
00000000
00000000
00000000
00000000
00000000
00000005
00000001
00000001
00000000
00000000
00000000
00000000
00000000
00000005
00000002
00000000
00000000
00000000
00000000
00000000
00000000
00000005
00000003
00000100
00000000
00000000
00000000
00000000
00000000
00000005
00000004
00000000
00000000
00000000
00000000
00000000
00000000
00000005
00000005
00000100
00000000
00000000
00000000
00000000
00000000
00000005
00000006
00000000
00000000
00000000
00000000
00000000
00000000
00000005
00000007
00000003
00000000
00000000
00000000
00000000
00000000
00000005
00000000
00000015
00000000
00000000
00000000
00000000
00000000
00000005
00000001
00000000
00000000
00000000
00000000
00000000
00000000
00000005
00000002
00000001
00000000
00000000
00000000
00000000
00000000
00000005
00000003
00000000
00000000
00000000
00000000
00000000
00000000
00000005
00000004
10001001
00000000
00000000
00000000
00000000
00000000
00000005
00000005
00006000
00000000
00000000
00000000
00000000
00000000
00000005
00000000
0000001c
00000000
00000000
00000000
00000000
00000000
00000005
00000001
00000000
00000000
00000000
00000000
00000000
00000000
00000005
00000000
0000003b
00000000
00000000
00000000
00000000
00000000
00000005
00000001
00000000
00000000
00000000
00000000
00000000
00000000
00000005
00000002
00000001
00000000
00000000
00000000
00000000
00000000
00000005
00000003
00000000
00000000
00000000
00000000
00000000
00000000
00000005
00000004
40001004
00000000
00000000
00000000
00000000
00000000
00000005
00000005
00004000
00000000
00000000
00000000
00000000
00000000
00000005
00000000
00000048
00000000
00000000
00000000
00000000
00000000
00000005
00000001
00000000
00000000
00000000
00000000
00000000
00000000
00000005
00000002
00000001
00000000
00000000
00000000
00000000
00000000
00000005
00000003
00000000
00000000
00000000
00000000
00000000
00000000
00000005
00000004
50001005
00000000
00000000
00000000
00000000
00000000
00000005
00000005
00004000
00000000
00000000
00000000
00000000
00000000
00000005
00000000
00000044
00000000
00000000
00000000
00000000
00000000
00000005
00000001
00000000
00000000
00000000
00000000
00000000
00000000
00000005
00000002
00000001
00000000
00000000
00000000
00000000
00000000
00000005
00000003
00000000
00000000
00000000
00000000
00000000
00000000
00000005
00000004
60001006
00000000
00000000
00000000
00000000
00000000
00000005
00000005
00004000
00000000
00000000
00000000
00000000
00000000
00000005
00000000
00000042
00000000
00000000
00000000
00000000
00000000
00000005
00000001
00000000
00000000
00000000
00000000
00000000
00000000
00000005
00000002
00000001
00000000
00000000
00000000
00000000
00000000
00000005
00000003
00000000
00000000
00000000
00000000
00000000
00000000
00000005
00000004
70001007
00000000
00000000
00000000
00000000
00000000
00000005
00000005
00004000
00000000
00000000
00000000
00000000
00000000
00000001
00000050
00001100
00000000
00000000
00000000
00000000
00000000
00000001
00000048
00001106
00000002
00000000
00000000
00000000
00000000
00000002
00000003
00000000
00000000
00000000
00000000
00000000
00000000
00000002
0000a000
00000000
00000000
00000000
00000000
00000000
00000000
00000001
00000050
00001100
00000000
00000000
00000000
00000000
00000000
00000001
00000048
00001106
00000002
00000000
00000000
00000000
00000000
00000002
00000003
00000000
00000000
00000000
00000000
00000000
00000000
00000002
0000b000
00000000
00000000
00000000
00000000
00000000
00000000
00000004
00000000
00000005
00000000
00000000
00000000
00000000
00000000
00000001
00000050
00001100
00000000
00000000
00000000
00000000
00000000
00000003
00000000
00000ff0
00000000
00000000
00000000
00000000
00000000
00000005
00000000
0000004a
00000000
00000000
00000000
00000000
00000000
00000005
00000001
00000000
00000000
00000000
00000000
00000000
00000000
00000005
00000002
00000001
00000000
00000000
00000000
00000000
00000000
00000005
00000003
00000000
00000000
00000000
00000000
00000000
00000000
00000005
00000004
80001008
00000000
00000000
00000000
00000000
00000000
00000005
00000005
00004000
00000000
00000000
00000000
00000000
00000000
00000005
00000000
0000004d
00000000
00000000
00000000
00000000
00000000
00000005
00000001
00000000
00000000
00000000
00000000
00000000
00000000
00000005
00000002
00000001
00000000
00000000
00000000
00000000
00000000
00000005
00000003
00000000
00000000
00000000
00000000
00000000
00000000
00000005
00000004
90001009
00000000
00000000
00000000
00000000
00000000
00000005
00000005
00004000
00000000
00000000
00000000
00000000
00000000
00000005
00000000
00000055
00000000
00000000
00000000
00000000
00000000
00000005
00000001
00000000
00000000
00000000
00000000
00000000
00000000
00000005
00000002
00000001
00000000
00000000
00000000
00000000
00000000
00000005
00000003
00000000
00000000
00000000
00000000
00000000
00000000
00000005
00000004
a000100a
00000000
00000000
00000000
00000000
00000000
00000005
00000005
00004000
00000000
00000000
00000000
00000000
00000000
00000005
00000000
00000058
00000000
00000000
00000000
00000000
00000000
00000005
00000001
00000000
00000000
00000000
00000000
00000000
00000000
00000005
00000002
00000001
00000000
00000000
00000000
00000000
00000000
00000005
00000003
00000000
00000000
00000000
00000000
00000000
00000000
00000005
00000004
b000100b
00000000
00000000
00000000
00000000
00000000
00000005
00000005
00004000
00000000
00000000
00000000
00000000
00000000
00000005
00000000
0000005a
00000000
00000000
00000000
00000000
00000000
00000005
00000001
00000000
00000000
00000000
00000000
00000000
00000000
00000005
00000000
0000005b
00000000
00000000
00000000
00000000
00000000
00000005
00000001
00000000
00000000
00000000
00000000
00000000
00000000
00000005
00000000
00000023
00000000
00000000
00000000
00000000
00000000
00000005
00000001
00000000
00000000
00000000
00000000
00000000
00000000
00000005
00000002
00000001
00000000
00000000
00000000
00000000
00000000
00000005
00000003
00000000
00000000
00000000
00000000
00000000
00000000
00000005
00000004
c000100c
00000000
00000000
00000000
00000000
00000000
00000005
00000005
00004000
00000000
00000000
00000000
00000000
00000000
00000004
00000000
00000005
00000000
00000000
00000000
00000000
00000000
00000001
00000050
00001100
00000000
00000000
00000000
00000000
00000000
00000003
00000000
0000113c
00000000
00000000
00000000
00000000
00000000
00000005
00000000
00000012
00000000
00000000
00000000
00000000
00000000
00000005
00000001
00000000
00000000
00000000
00000000
00000000
00000000
00000005
00000000
00000014
00000000
00000000
00000000
00000000
00000000
00000005
00000001
00000000
00000000
00000000
00000000
00000000
00000000
00000005
00000000
00000027
00000000
00000000
00000000
00000000
00000000
00000005
00000001
00000000
00000000
00000000
00000000
00000000
00000000
00000005
00000000
00000026
00000000
00000000
00000000
00000000
00000000
00000005
00000001
00000000
00000000
00000000
00000000
00000000
00000000
0000000a
0000b000
c0303e3e
c0303e3e
00000001
00000000
00000000
00000000
0000000a
0000b004
c26c2edc
c26c2edc
00000001
00000000
00000000
00000000
0000000a
0000b008
c261a379
c261a379
00000001
00000000
00000000
00000000
0000000a
0000b00c
c22c97b9
c22c97b9
00000001
00000000
00000000
00000000
0000000a
0000b010
c222b215
c222b215
00000001
00000000
00000000
00000000
0000000a
0000b014
c0ecff27
c0ecff27
00000001
00000000
00000000
00000000
0000000a
0000b018
c0e6b931
c0e6b931
00000001
00000000
00000000
00000000
0000000a
0000b01c
42462bd0
42462bd0
00000001
00000000
00000000
00000000
0000000a
0000b020
41d596f8
41d596f8
00000001
00000000
00000000
00000000
0000000a
0000b024
41b79fa1
41b79fa1
00000001
00000000
00000000
00000000
0000000a
0000b028
c21e133d
c21e133d
00000001
00000000
00000000
00000000
0000000a
0000b02c
c1bfd45d
c1bfd45d
00000001
00000000
00000000
00000000
0000000a
0000b030
c20561b1
c20561b1
00000001
00000000
00000000
00000000
0000000a
0000b034
41207773
41207773
00000001
00000000
00000000
00000000
0000000a
0000b038
c210a2e0
c210a2e0
00000001
00000000
00000000
00000000
0000000a
0000b03c
4176525d
4176525d
00000001
00000000
00000000
00000000
0000000a
0000b040
c22d08c6
c22d08c6
00000001
00000000
00000000
00000000
0000000a
0000b044
41446459
41446459
00000001
00000000
00000000
00000000
0000000a
0000b048
c13da8ab
c13da8ab
00000001
00000000
00000000
00000000
0000000a
0000b04c
426c292e
426c292e
00000001
00000000
00000000
00000000
0000000a
0000b050
c0b57b13
c0b57b13
00000001
00000000
00000000
00000000
0000000a
0000b054
c13deaed
c13deaed
00000001
00000000
00000000
00000000
0000000a
0000b058
c1d4a20b
c1d4a20b
00000001
00000000
00000000
00000000
0000000a
0000b05c
426008df
426008df
00000001
00000000
00000000
00000000
0000000a
0000b060
41827145
41827145
00000001
00000000
00000000
00000000
0000000a
0000b064
421e037c
421e037c
00000001
00000000
00000000
00000000
0000000a
0000b068
c258bfea
c258bfea
00000001
00000000
00000000
00000000
0000000a
0000b06c
c2358387
c2358387
00000001
00000000
00000000
00000000
0000000a
0000b070
4232d6b6
4232d6b6
00000001
00000000
00000000
00000000
0000000a
0000b074
c12ceb83
c12ceb83
00000001
00000000
00000000
00000000
0000000a
0000b078
40d1179c
40d1179c
00000001
00000000
00000000
00000000
0000000a
0000b07c
c1e7d6c0
c1e7d6c0
00000001
00000000
00000000
00000000
00000004
00000000
00000005
00000000
00000000
00000000
00000000
00000000
00000001
00000050
00001100
00000000
00000000
00000000
00000000
00000000
00000003
00000000
00001348
00000000
00000000
00000000
00000000
00000000
00000005
00000000
0000004e
00000000
00000000
00000000
00000000
00000000
00000005
00000001
00000000
00000000
00000000
00000000
00000000
00000000
00000001
00000038
00001100
00000000
00000000
00000000
00000000
00000000
00000001
00000038
00001100
00000000
00000000
00000000
00000000
00000000
00000001
00000038
00001100
00000000
00000000
00000000
00000000
00000000
00000001
00000038
00001100
00000000
00000000
00000000
00000000
00000000
00000001
00000038
00001100
00000000
00000000
00000000
00000000
00000000
00000001
00000048
00001100
00000000
00000000
00000000
00000000
00000000
00000001
00000038
00001100
00000000
00000000
00000000
00000000
00000000
00000001
00000030
00001100
00000000
00000000
00000000
00000000
00000000
00000006
00000000
00000000
00000000
00000000
00000000
00000000
00000000
0000000b
00000000
00000000
00000000
00000000
00000000
00000000
00000000
ffffffff
ffffffff
00000001
00000008
00004000
00000000
00000107
00000000
00000000
00000000
00000000
00000000
00000000
00000000
00000002
00000002
00004000
00000000
00000020
00000000
00010000
00000000
00000028
00000001
00000000
00000000
00000000
00000000
00000000
00000001
00000008
00004000
00000000
00000108
00000000
00000000
00000000
00000000
00000000
00000004
00000000
00000002
00000002
00004000
00000000
00000020
00000000
00010100
00000000
000000b8
00000001
00000000
00000000
00000000
00000000
00000000
00000001
00000018
00004000
00000000
00000200
00000000
00000000
00000000
00000004
00000000
0000000c
00000004
7262696c
726f6365
6e762d65
00000000
00000000
00000000
00000000
00000000
00000000
00000000
00000000
00000000
00000000
00000000
00000000
00000000
00000002
00000002
00004000
00000000
00000060
00000000
00010200
00000000
00000018
00000001
00000000
00000000
00000000
00000004
00000000
00000001
0000000e
00004000
00000000
0000010b
00000000
00000000
00000000
00000004
00000000
00000064
00000002
00000001
00000000
00000000
00000000
000020c0
00000000
00000002
00000002
00004000
00000000
00000038
00000000
00010300
00000000
00000018
00000001
00000000
00000000
00000000
00000004
00000000
00000001
0000000e
00004000
00000000
0000010b
00000000
00000000
00000000
00000004
00000000
00000065
00000002
00000001
00000000
00000000
00000000
00004000
00000000
00000002
00000002
00004000
00000000
00000038
00000000
00010400
00000000
00000018
00000001
00000000
00000000
00000000
00000004
00000000
00000001
0000000e
00004000
00000000
0000010b
00000000
00000000
00000000
00000004
00000000
00000066
00000002
00000001
00000000
00000000
00000000
000011c0
00000000
00000002
00000002
00004000
00000000
00000038
00000000
00010500
00000000
00000018
00000001
00000000
00000000
00000000
00000004
00000000
00000001
0000000e
00004000
00000000
0000010b
00000000
00000000
00000000
00000004
00000000
00000067
00000002
00000001
00000000
00000000
00000000
00001000
00000000
00000002
00000002
00004000
00000000
00000038
00000000
00010600
00000000
00000018
00000001
00000000
00000000
00000000
00000004
00000000
00000001
0000000a
00004000
00000000
00000208
00000000
00000000
00000000
00000004
00000000
00000064
00000000
00000000
00000000
00000002
00000002
00004000
00000000
00000028
00000000
00010700
00000000
00000020
00000001
00000000
00000000
00000000
00000004
00000000
00000001
0000000a
00004000
00000000
00000208
00000000
00000000
00000000
00000004
00000000
00000065
00000000
00000000
00000000
00000002
00000002
00004000
00000000
00000028
00000000
00010800
00000000
00000020
00000001
00000000
00000000
00000000
00000004
00000000
00000001
0000000a
00004000
00000000
00000208
00000000
00000000
00000000
00000004
00000000
00000066
00000000
00000000
00000000
00000002
00000002
00004000
00000000
00000028
00000000
00010900
00000000
00000020
00000001
00000000
00000000
00000000
00000004
00000000
00000001
0000000a
00004000
00000000
00000208
00000000
00000000
00000000
00000004
00000000
00000067
00000000
00000000
00000000
00000002
00000002
00004000
00000000
00000028
00000000
00010a00
00000000
00000020
00000001
00000000
00000000
00000000
00000004
00000000
00000001
00000008
00004000
00000000
00000202
00000000
00000000
00000000
00000004
00000000
00000065
00000000
00000002
00000002
00004000
00000000
00000020
00000000
00010b00
00000000
00000018
00000001
00000000
00000000
00000000
00000004
00000000
00000003
00000830
00000000
00000000
00000000
00000000
00000000
00000000
00000000
00000000
00000000
00000000
00000000
00000000
00000000
00000000
00000000
00000000
00000000
00000000
00000000
00000000
00000000
00000000
00000000
00000000
00000000
00000000
00000000
00000000
00000000
00000000
00000000
00000000
00000000
00000000
00000000
00000000
00000000
00000000
00000000
00000000
00000000
00000000
00000000
00000000
00000000
00000000
00000000
00000000
00000000
00000000
00000000
00000000
00000000
00000000
00000000
00000000
00000000
00000000
00000000
00000000
00000000
00000000
00000000
00000000
00000000
00000000
00000000
00000000
00000000
00000000
00000000
00000000
00000000
00000000
00000000
00000000
00000000
00000000
00000000
00000000
00000000
00000000
00000000
00000000
00000000
00000000
00000000
00000000
00000000
00000000
00000000
00000000
00000000
00000000
00000000
00000000
00000000
00000000
00000000
00000000
00000000
00000000
00000000
00000000
00000000
00000000
00000000
00000000
00000000
00000000
00000000
00000000
00000000
00000000
00000000
00000000
00000000
00000000
00000000
00000000
00000000
00000000
00000000
00000000
00000000
00000000
00000000
00000000
00000000
00000000
00000000
00000000
00000000
00000000
00000000
00000000
00000000
00000000
00000000
00000000
00000000
00000000
00000000
00000000
00000000
00000000
00000000
00000000
00000000
00000000
00000000
00000000
00000000
00000000
00000000
00000000
00000000
00000000
00000000
00000000
00000000
00000000
00000000
00000000
00000000
00000000
00000000
00000000
00000000
00000000
00000000
00000000
00000000
00000000
00000000
00000000
00000000
00000000
00000000
00000000
00000000
00000000
00000000
00000000
00000000
00000000
00000000
00000000
00000000
00000000
00000000
00000000
00000000
00000000
00000000
00000000
00000000
00000000
00000000
00000000
00000000
00000000
00000000
00000000
00000000
00000000
00000000
00000000
00000000
00000000
00000000
00000000
00000000
00000000
00000000
00000000
00000000
00000000
00000000
00000000
00000000
00000000
00000000
00000000
00000000
00000000
00000000
00000000
00000000
00000000
00000000
00000000
00000000
00000000
00000000
00000000
00000000
00000000
00000000
00000000
00000000
00000000
00000000
00000000
00000000
00000000
00000000
00000000
00000000
00000000
00000000
00000000
00000000
00000000
00000000
00000000
00000000
00000000
00000000
00000000
00000000
00000000
00000000
00000000
00000000
00000000
00000000
00000000
00000000
00000000
00000000
00000000
00000000
00000000
00000000
00000000
00000000
00000000
00000000
00000000
00000000
00000000
00000000
00000000
00000000
00000000
00000000
00000000
00000000
00000000
00000000
00000000
00000000
00000000
00000000
00000000
00000000
00000000
00000000
00000000
00000000
00000000
00000000
00000000
00000000
00000000
00000000
00000000
00000000
00000000
00000000
00000000
00000000
00000000
00000000
00000000
00000000
00000000
00000000
00000000
00000000
00000000
00000000
00000000
00000000
00000000
00000000
00000000
00000000
00000000
00000000
00000000
00000000
00000000
00000000
00000000
00000000
00000000
00000000
00000000
00000000
00000000
00000000
00000000
00000000
00000000
00000000
00000000
00000000
00000000
00000000
00000000
00000000
00000000
00000000
00000000
00000000
00000000
00000000
00000000
00000000
00000000
00000000
00000000
00000000
00000000
00000000
00000000
00000000
00000000
00000000
00000000
00000000
00000000
00000000
00000000
00000000
00000000
00000000
00000000
00000000
00000000
00000000
00000000
00000000
00000000
00000000
00000000
00000000
00000000
00000000
00000000
00000000
00000000
00000000
00000000
00000000
00000000
00000000
00000000
00000000
00000000
00000000
00000000
00000000
00000000
00000000
00000000
00000000
00000000
00000000
00000000
00000000
00000000
00000000
00000000
00000000
00000000
00000000
00000000
00000000
00000000
00000000
00000000
00000000
00000000
00000000
00000000
00000000
00000000
00000000
00000000
00000000
00000000
00000000
00000000
00000000
00000000
00000000
00000000
00000000
00000000
00000000
00000000
00000000
00000000
00000000
00000000
00000000
00000000
00000000
00000000
00000000
00000000
00000000
00000000
00000000
00000000
00000000
00000000
00000000
00000000
00000000
00000000
00000000
00000000
00000000
00000000
00000000
00000000
00000000
00000000
00000000
00000000
00000000
00000000
00000000
00000000
00000000
00000000
00000000
00000000
00000000
00000000
00000000
00000000
00000000
00000000
00000000
00000000
00000000
00000000
00000000
00000000
00000000
00000000
00000000
00000000
00000000
00000000
00000000
00000000
00000000
00000000
00000000
00000000
00000000
00000000
00000000
00000000
00000000
00000000
00000000
00000000
00000000
00000000
00000000
00000000
00000000
00000000
00000000
00000000
00000000
00000000
00000000
00000000
00000000
00000000
00000000
00000000
00000000
00000000
00000000
00000000
00000000
00000000
00000000
00000000
00000000
00000000
00000000
00000000
00000000
00000000
00000000
00000000
00000000
00000000
00000000
00000000
00000000
00000000
00000000
00000000
00000000
00000000
00000000
00000000
00000000
00000000
00000000
00000000
00000000
00000000
00000000
00000000
00000000
00000000
00000000
00000000
00000000
00000000
00000000
00000000
00000000
00000000
00000000
00000000
00000000
00000000
00000000
00000000
00000000
00000000
00000000
00000000
00000000
00000000
00000000
00000000
00000000
00000000
00000000
00000000
00000000
00000000
00000000
00000000
00000000
00000000
00000000
00000000
00000000
00000000
00000000
00000000
00000000
00000000
00000000
00000000
00000000
00000000
00000000
00000000
00000000
00000000
00000000
00000000
00000000
00000000
00000000
00000000
00000000
00000000
00000000
00000000
00000000
00000000
00000000
00000000
00000000
00000000
00000000
00000000
00000000
00000000
00000000
00000000
00000000
00000000
00000000
00000000
00000000
00000000
00000000
00000000
00000000
00000000
00000000
00000000
00000000
00000000
00000000
00000000
00000000
00000000
00000000
00000000
00000000
00000000
00000000
00000000
00000000
00000000
00000000
00000000
00000000
00000000
00000000
00000000
00000000
00000000
00000000
00000000
00000000
00000000
00000000
00000000
00000000
00000000
00000000
00000000
00000000
00000000
00000000
00000000
00000000
00000000
00000000
00000000
00000000
00000000
00000000
00000000
00000000
00000000
00000000
00000000
00000000
00000000
00000000
00000000
00000000
00000000
00000000
00000000
00000000
00000000
00000000
00000000
00000000
00000000
00000000
00000000
00000000
00000000
00000000
00000000
00000000
00000000
00000000
00000000
00000000
00000000
00000000
00000000
00000000
00000000
00000000
00000000
00000000
00000000
00000000
00000000
00000000
00000000
00000000
00000000
00000000
00000000
00000000
00000000
00000000
00000000
00000000
00000000
00000000
00000000
00000000
00000000
00000000
00000000
00000000
00000000
00000000
00000000
00000000
00000000
00000000
00000000
00000000
00000000
00000000
00000000
00000000
00000000
00000000
00000000
00000000
00000000
00000000
00000000
00000000
00000000
00000000
00000000
00000000
00000000
00000000
00000000
00000000
00000000
00000000
00000000
00000000
00000000
00000000
00000000
00000000
00000000
00000000
00000000
00000000
00000000
00000000
00000000
00000000
00000000
00000000
00000000
00000000
00000000
00000000
00000000
00000000
00000000
00000000
00000000
00000000
00000000
00000000
00000000
00000000
00000000
00000000
00000000
00000000
00000000
00000000
00000000
00000000
00000000
00000000
00000000
00000000
00000000
00000000
00000000
00000000
00000000
00000000
00000000
00000000
00000000
00000000
00000000
00000000
00000000
00000000
00000000
00000000
00000000
00000000
00000000
00000000
00000000
00000000
00000000
00000000
00000000
00000000
00000000
00000000
00000000
00000000
00000000
00000000
00000000
00000000
00000000
00000000
00000000
00000000
00000000
00000000
00000000
00000000
00000000
00000000
00000000
00000000
00000000
00000000
00000000
00000000
00000000
00000000
00000000
00000000
00000000
00000000
00000000
00000000
00000000
00000000
00000000
00000000
00000000
00000000
00000000
00000000
00000000
00000000
00000000
00000000
00000000
00000000
00000000
00000000
00000000
00000000
00000000
00000000
00000000
00000000
00000000
00000000
00000000
00000000
00000000
00000000
00000000
00000000
00000000
00000000
00000000
00000000
00000000
00000000
00000000
00000000
00000000
00000000
00000000
00000000
00000000
00000000
00000000
00000000
00000000
00000000
00000000
00000000
00000000
00000000
00000000
00000000
00000000
00000000
00000000
00000000
00000000
00000000
00000000
00000000
00000000
00000000
00000000
00000000
00000000
00000000
00000000
00000000
00000000
00000000
00000000
00000000
00000000
00000000
00000000
00000000
00000000
00000000
00000000
00000000
00000000
00000000
00000000
00000000
00000000
00000000
00000000
00000000
00000000
00000000
00000000
00000000
00000000
00000000
00000000
00000000
00000000
00000000
00000000
00000000
00000000
00000000
00000000
00000000
00000000
00000000
00000000
00000000
00000000
00000000
00000000
00000000
00000000
00000000
00000000
00000000
00000000
00000000
00000000
00000000
00000000
00000000
00000000
00000000
00000000
00000000
00000000
00000000
00000000
00000000
00000000
00000000
00000000
00000000
00000000
00000000
00000000
00000000
00000000
00000000
00000000
00000000
00000000
00000000
00000000
00000000
00000000
00000000
00000000
00000000
00000000
00000000
00000000
00000000
00000000
00000000
00000000
00000000
00000000
00000000
00000000
00000000
00000000
00000000
00000000
00000000
00000000
00000000
00000000
00000000
00000000
00000000
00000000
00000000
00000000
00000000
00000000
00000000
00000000
00000000
00000000
00000000
00000000
00000000
00000000
00000000
00000000
00000000
00000000
00000000
00000000
00000000
00000000
00000000
00000000
00000000
00000000
00000000
00000000
00000000
00000000
00000000
00000000
00000000
00000000
00000000
00000000
00000000
00000000
00000000
00000000
00000000
00000000
00000000
00000000
00000000
00000000
00000000
00000000
00000000
00000000
00000000
00000000
00000000
00000000
00000000
00000000
00000000
00000000
00000000
00000000
00000000
00000000
00000000
00000000
00000000
00000000
00000000
00000000
00000000
00000000
00000000
00000000
00000000
00000000
00000000
00000000
00000000
00000000
00000000
00000000
00000000
00000000
00000000
00000000
00000000
00000000
00000000
00000000
00000000
00000000
00000000
00000000
00000000
00000000
00000000
00000000
00000000
00000000
00000000
00000000
00000000
00000000
00000000
00000000
00000000
00000000
00000000
00000000
00000000
00000000
00000000
00000000
00000000
00000000
00000000
00000000
00000000
00000000
00000000
00000000
00000000
00000000
00000000
00000000
00000000
00000000
00000000
00000000
00000000
00000000
00000000
00000000
00000000
00000000
00000000
00000000
00000000
00000000
00000000
00000000
00000000
00000000
00000000
00000000
00000000
00000000
00000000
00000000
00000000
00000000
00000000
00000000
00000000
00000000
00000000
00000000
00000000
00000000
00000000
00000000
00000000
00000000
00000000
00000000
00000000
00000000
00000000
00000000
00000000
00000000
00000000
00000000
00000000
00000000
00000000
00000000
00000000
00000000
00000000
00000000
00000000
00000000
00000000
00000000
00000000
00000000
00000000
00000000
00000000
00000000
00000000
00000000
00000000
00000000
00000000
00000000
00000000
00000000
00000000
00000000
00000000
00000000
00000000
00000000
00000000
00000000
00000000
00000000
00000000
00000000
00000000
00000000
00000000
00000000
00000000
00000000
00000000
00000000
00000000
00000000
00000000
00000000
00000000
00000000
00000000
00000000
00000000
00000000
00000000
00000000
00000000
00000000
00000000
00000000
00000000
00000000
00000000
00000000
00000000
00000000
00000000
00000000
00000000
00000000
00000000
00000000
00000000
00000000
00000000
00000000
00000000
00000000
00000000
00000000
00000000
00000000
00000000
00000000
00000000
00000000
00000000
00000000
00000000
00000000
00000000
00000000
00000000
00000000
00000000
00000000
00000000
00000000
00000000
00000000
00000000
00000000
00000000
00000000
00000000
00000000
00000000
00000000
00000000
00000000
00000000
00000000
00000000
00000000
00000000
00000000
00000000
00000000
00000000
00000000
00000000
00000000
00000000
00000000
00000000
00000000
00000000
00000000
00000000
00000000
00000000
00000000
00000000
00000000
00000000
00000000
00000000
00000000
00000000
00000000
00000000
00000000
00000000
00000000
00000000
00000000
00000000
00000000
00000000
00000000
00000000
00000000
00000000
00000000
00000000
00000000
00000000
00000000
00000000
00000000
00000000
00000000
00000000
00000000
00000000
00000000
00000000
00000000
00000000
00000000
00000000
00000000
00000000
00000000
00000000
00000000
00000000
00000000
00000000
00000000
00000000
00000000
00000000
00000000
00000000
00000000
00000000
00000000
00000000
00000000
00000000
00000000
00000000
00000000
00000000
00000000
00000000
00000000
00000000
00000000
00000000
00000000
00000000
00000000
00000000
00000000
00000000
00000000
00000000
00000000
00000000
00000000
00000000
00000000
00000000
00000000
00000000
00000000
00000000
00000000
00000000
00000000
00000000
00000000
00000000
00000000
00000000
00000000
00000000
00000000
00000000
00000000
00000000
00000000
00000000
00000000
00000000
00000000
00000000
00000000
00000000
00000000
00000000
00000000
00000000
00000000
00000000
00000000
00000000
00000000
00000000
00000000
00000000
00000000
00000000
00000000
00000000
00000000
00000000
00000000
00000000
00000000
00000000
00000000
00000000
00000000
00000000
00000000
00000000
00000000
00000000
00000000
00000000
00000000
00000000
00000000
00000000
00000000
00000000
00000000
00000000
00000000
00000000
00000000
00000000
00000000
00000000
00000000
00000000
00000000
00000000
00000000
00000000
00000000
00000000
00000000
00000000
00000000
00000000
00000000
00000000
00000000
00000000
00000000
00000000
00000000
00000000
00000000
00000000
00000000
00000000
00000000
00000000
00000000
00000000
00000000
00000000
00000000
00000000
00000000
00000000
00000000
00000000
00000000
00000000
00000000
00000000
00000000
00000000
00000000
00000000
00000000
00000000
00000000
00000000
00000000
00000000
00000000
00000000
00000000
00000000
00000000
00000000
00000000
00000000
00000000
00000000
00000000
00000000
00000000
00000000
00000000
00000000
00000000
00000000
00000000
00000000
00000000
00000000
00000000
00000000
00000000
00000000
00000000
00000000
00000000
00000000
00000000
00000000
00000000
00000000
00000000
00000000
00000000
00000000
00000000
00000000
00000000
00000000
00000000
00000000
00000000
00000000
00000000
00000000
00000000
00000000
00000000
00000000
00000000
00000000
00000000
00000000
00000000
00000000
00000000
00000000
00000000
00000000
00000000
00000000
00000000
00000000
00000000
00000000
00000000
00000000
00000000
00000000
00000000
00000000
00000000
00000000
00000000
00000000
00000000
00000000
00000000
00000000
00000000
00000000
00000000
00000000
00000000
00000000
00000000
00000000
00000000
00000000
00000000
00000000
00000000
00000000
00000000
00000000
00000000
00000000
00000000
00000000
00000000
00000000
00000000
00000000
00000000
00000000
00000000
00000000
00000000
00000000
00000000
00000000
00000000
00000000
00000000
00000000
00000000
00000000
00000000
00000000
00000000
00000000
00000000
00000000
00000000
00000000
00000000
00000000
00000000
00000000
00000000
00000000
00000000
00000000
00000000
00000000
00000000
00000000
00000000
00000000
00000000
00000000
00000000
00000000
00000000
00000000
00000000
00000000
00000000
00000000
00000000
00000000
00000000
00000000
00000000
00000000
00000000
00000000
00000000
00000000
00000000
00000000
00000000
00000000
00000000
00000000
00000000
00000000
00000000
00000000
00000000
00000000
00000000
00000000
00000000
00000000
00000000
00000000
00000000
00000000
00000000
00000000
00000000
00000000
00000000
00000000
00000000
00000000
00000000
00000000
00000000
00000000
00000000
00000000
00000000
00000000
00000000
00000000
00000000
00000000
00000000
00000000
00000000
00000000
00000000
00000000
00000000
00000000
00000000
00000000
00000000
00000000
00000000
00000000
00000000
00000000
00000000
00000000
00000000
00000000
00000000
00000000
00000000
00000000
00000000
00000000
00000000
00000000
00000000
00000000
00000000
00000000
00000000
00000000
00000000
00000000
00000000
00000000
00000000
00000000
00000000
00000000
00000000
00000000
00000000
00000000
00000000
00000000
00000000
00000000
00000000
00000000
00000000
00000000
00000000
00000000
00000000
00000000
00000000
00000000
00000000
00000000
00000000
00000000
00000000
00000000
00000000
00000000
00000000
00000000
00000000
00000000
00000000
00000000
00000000
00000000
00000000
00000000
00000000
00000000
00000000
00000000
00000000
00000000
00000000
00000000
00000000
00000000
00000000
00000000
00000000
00000000
00000000
00000000
00000000
00000000
00000000
00000000
00000000
00000000
00000000
00000000
00000000
00000000
00000000
00000000
00000000
00000000
00000000
00000000
00000000
00000000
00000000
00000000
00000000
00000000
00000000
00000000
00000000
00000000
00000000
00000000
00000000
00000000
00000000
00000000
00000000
00000000
00000000
00000000
00000000
00000000
00000000
00000000
00000000
00000000
00000000
00000000
00000000
00000000
00000000
00000000
00000000
00000000
00000000
00000000
00000000
00000000
00000000
00000000
00000000
00000000
00000000
00000000
00000000
00000000
00000000
00000000
00000000
00000000
00000000
00000000
00000000
00000000
00000000
00000000
00000000
00000000
00000000
00000000
00000000
00000000
00000000
00000000
00000000
00000000
00000000
00000000
00000000
00000000
00000000
00000000
00000000
00000000
00000000
00000000
00000000
00000000
00000000
00000000
00000000
00000000
00000000
00000000
00000000
00000000
00000000
00000000
00000000
00000000
00000000
00000000
00000000
00000000
00000000
00000000
00000000
00000000
00000000
00000000
00000000
00000000
00000000
00000000
00000000
00000000
00000000
00000000
00000000
00000000
00000000
00000000
00000000
00000000
00000000
00000000
00000000
00000000
00000000
00000000
00000000
00000000
00000000
00000000
00000000
00000000
00000000
00000000
00000000
00000000
00000000
00000000
00000000
00000000
00000000
00000000
00000000
00000000
00000000
00000000
00000000
00000000
00000000
00000000
00000000
00000000
00000000
00000000
00000000
00000000
00000000
00000000
00000000
00000000
00000000
00000000
00000000
00000000
00000000
00000000
00000000
00000000
00000000
00000000
00000000
00000000
00000000
00000000
00000000
00000000
00000000
00000000
00000000
00000000
00000000
00000000
00000000
00000000
00000000
00000000
00000000
00000000
00000000
00000000
00000000
00000000
00000000
00000000
00000000
00000000
00000000
00000000
00000000
00000000
00000000
00000000
00000000
00000000
00000000
00000000
00000000
00000000
00000000
00000000
00000000
00000000
00000000
00000000
00000000
00000000
00000000
00000000
00000000
00000000
00000000
00000000
00000000
00000000
00000000
00000003
00000470
00007000
00000000
00000000
00000000
00000000
00000000
00000000
00000000
00000000
00000000
00000000
00000000
00000000
00000000
00000000
00000000
00000000
00000000
00000000
00000000
00000000
00000000
00000000
00000000
00000000
00000000
00000000
00000000
00000000
00000000
00000000
00000000
00000000
00000000
00000000
00000000
00000000
00000000
00000000
00000000
00000000
00000000
00000000
00000000
00000000
00000000
00000000
00000000
00000000
00000000
00000000
00000000
00000000
00000000
00000000
00000000
00000000
00000000
00000000
00000000
00000000
00000000
00000000
00000000
00000000
00000000
00000000
00000000
00000000
00000000
00000000
00000000
00000000
00000000
00000000
00000000
00000000
00000000
00000000
00000000
00000000
00000000
00000000
00000000
00000000
00000000
00000000
00000000
00000000
00000000
00000000
00000000
00000000
00000000
00000000
00000000
00000000
00000000
00000000
00000000
00000000
00000000
00000000
00000000
00000000
00000000
00000000
00000000
00000000
00000000
00000000
00000000
00000000
00000000
00000000
00000000
00000000
00000000
00000000
00000000
00000000
00000000
00000000
00000000
00000000
00000000
00000000
00000000
00000000
00000000
00000000
00000000
00000000
00000000
00000000
00000000
00000000
00000000
00000000
00000000
00000000
00000000
00000000
00000000
00000000
00000000
00000000
00000000
00000000
00000000
00000000
00000000
00000000
00000000
00000000
00000000
00000000
00000000
00000000
00000000
00000000
00000000
00000000
00000000
00000000
00000000
00000000
00000000
00000000
00000000
00000000
00000000
00000000
00000000
00000000
00000000
00000000
00000000
00000000
00000000
00000000
00000000
00000000
00000000
00000000
00000000
00000000
00000000
00000000
00000000
00000000
00000000
00000000
00000000
00000000
00000000
00000000
00000000
00000000
00000000
00000000
00000000
00000000
00000000
00000000
00000000
00000000
00000000
00000000
00000000
00000000
00000000
00000000
00000000
00000000
00000000
00000000
00000000
00000000
00000000
00000000
00000000
00000000
00000000
00000000
00000000
00000000
00000000
00000000
00000000
00000000
00000000
00000000
00000000
00000000
00000000
00000000
00000000
00000000
00000000
00000000
00000000
00000000
00000000
00000000
00000000
00000000
00000000
00000000
00000000
00000000
00000000
00000000
00000000
00000000
00000000
00000000
00000000
00000000
00000000
00000000
00000000
00000000
00000000
00000000
00000000
00000000
00000000
00000000
00000000
00000000
00000000
00000000
00000000
00000000
00000000
00000000
00000000
00000000
00000000
00000000
00000000
00000000
00000000
00000000
00000000
00000000
00000000
00000000
00000000
00000000
00000000
00000000
00000000
00000000
00000000
00000000
00000000
00000000
00000000
00000000
00000000
00000000
00000000
00000000
00000000
00000000
00000000
00000000
00000000
00000000
00000000
00000000
00000000
00000000
00000000
00000000
00000000
00000000
00000000
00000000
00000000
00000000
00000000
00000000
00000000
00000000
00000000
00000000
00000000
00000000
00000000
00000000
00000000
00000000
00000000
00000000
00000000
00000000
00000000
00000000
00000000
00000000
00000000
00000000
00000000
00000000
00000000
00000000
00000000
00000000
00000000
00000000
00000000
00000000
00000000
00000000
00000000
00000000
00000000
00000000
00000000
00000000
00000000
00000000
00000000
00000000
00000000
00000000
00000000
00000000
00000000
00000000
00000000
00000000
00000000
00000000
00000000
00000000
00000000
00000000
00000000
00000000
00000000
00000000
00000000
00000000
00000000
00000000
00000000
00000000
00000000
00000000
00000000
00000000
00000000
00000000
00000000
00000000
00000000
00000000
00000000
00000000
00000000
00000000
00000000
00000000
00000000
00000000
00000000
00000000
00000000
00000000
00000000
00000000
00000000
00000000
00000000
00000000
00000000
00000000
00000000
00000000
00000000
00000000
00000000
00000000
00000000
00000000
00000000
00000000
00000000
00000000
00000000
00000000
00000000
00000000
00000000
00000000
00000000
00000000
00000000
00000000
00000000
00000000
00000000
00000000
00000000
00000000
00000000
00000000
00000000
00000000
00000000
00000000
00000000
00000000
00000000
00000000
00000000
00000000
00000000
00000000
00000000
00000000
00000000
00000000
00000000
00000000
00000000
00000000
00000000
00000000
00000000
00000000
00000000
00000000
00000000
00000000
00000000
00000000
00000000
00000000
00000000
00000000
00000000
00000000
00000000
00000000
00000000
00000000
00000000
00000000
00000000
00000000
00000000
00000000
00000000
00000000
00000000
00000000
00000000
00000000
00000000
00000000
00000000
00000000
00000000
00000000
00000000
00000000
00000000
00000000
00000000
00000000
00000000
00000000
00000000
00000000
00000000
00000000
00000000
00000000
00000000
00000000
00000000
00000000
00000000
00000000
00000000
00000000
00000000
00000000
00000000
00000000
00000000
00000000
00000000
00000000
00000000
00000000
00000000
00000000
00000000
00000000
00000000
00000000
00000000
00000000
00000000
00000000
00000000
00000000
00000000
00000000
00000000
00000000
00000000
00000000
00000000
00000000
00000000
00000000
00000000
00000000
00000000
00000000
00000000
00000000
00000000
00000000
00000000
00000000
00000000
00000000
00000000
00000000
00000000
00000000
00000000
00000000
00000000
00000000
00000000
00000000
00000000
00000000
00000000
00000000
00000000
00000000
00000000
00000000
00000000
00000000
00000000
00000000
00000000
00000000
00000000
00000000
00000000
00000000
00000000
00000000
00000000
00000000
00000000
00000000
00000000
00000000
00000000
00000000
00000000
00000000
00000000
00000000
00000000
00000000
00000000
00000000
00000000
00000000
00000000
00000000
00000000
00000000
00000000
00000000
00000000
00000000
00000000
00000000
00000000
00000000
00000000
00000000
00000000
00000000
00000000
00000000
00000000
00000000
00000000
00000000
00000000
00000000
00000000
00000000
00000000
00000000
00000000
00000000
00000000
00000000
00000000
00000000
00000000
00000000
00000000
00000000
00000000
00000000
00000000
00000000
00000000
00000000
00000000
00000000
00000000
00000000
00000000
00000000
00000000
00000000
00000000
00000000
00000000
00000000
00000000
00000000
00000000
00000000
00000000
00000000
00000000
00000000
00000000
00000000
00000000
00000000
00000000
00000000
00000000
00000000
00000000
00000000
00000000
00000000
00000000
00000000
00000000
00000000
00000000
00000000
00000000
00000000
00000000
00000000
00000000
00000000
00000000
00000000
00000000
00000000
00000000
00000000
00000000
00000000
00000000
00000000
00000000
00000000
00000000
00000000
00000000
00000000
00000000
00000000
00000000
00000000
00000000
00000000
00000000
00000000
00000000
00000000
00000000
00000000
00000000
00000000
00000000
00000000
00000000
00000000
00000000
00000000
00000000
00000000
00000000
00000000
00000000
00000000
00000000
00000000
00000000
00000000
00000000
00000000
00000000
00000000
00000000
00000000
00000000
00000000
00000000
00000000
00000000
00000000
00000000
00000000
00000000
00000000
00000000
00000000
00000000
00000000
00000000
00000000
00000000
00000000
00000000
00000000
00000000
00000000
00000000
00000000
00000000
00000000
00000000
00000000
00000000
00000000
00000000
00000000
00000000
00000000
00000000
00000000
00000000
00000000
00000000
00000000
00000000
00000000
00000000
00000000
00000000
00000000
00000000
00000000
00000000
00000000
00000000
00000000
00000000
00000000
00000000
00000000
00000000
00000000
00000000
00000000
00000000
00000000
00000000
00000000
00000000
00000000
00000000
00000000
00000000
00000000
00000000
00000000
00000000
00000000
00000000
00000000
00000000
00000000
00000000
00000000
00000000
00000000
00000000
00000000
00000000
00000000
00000000
00000000
00000000
00000000
00000000
00000000
00000000
00000000
00000000
00000000
00000000
00000000
00000000
00000000
00000000
00000000
00000000
00000000
00000000
00000000
00000000
00000000
00000000
00000000
00000000
00000000
00000000
00000000
00000000
00000000
00000000
00000000
00000000
00000000
00000000
00000000
00000000
00000000
00000000
00000000
00000000
00000000
00000000
00000000
00000000
00000000
00000000
00000000
00000000
00000000
00000000
00000000
00000000
00000000
00000000
00000000
00000000
00000000
00000000
00000000
00000000
00000000
00000000
00000000
00000000
00000000
00000000
00000000
00000000
00000000
00000000
00000000
00000000
00000000
00000000
00000000
00000000
00000000
00000000
00000000
00000000
00000000
00000000
00000000
00000000
00000000
00000000
00000000
00000000
00000000
00000000
00000000
00000000
00000000
00000000
00000000
00000000
00000000
00000000
00000000
00000000
00000000
00000000
00000000
00000000
00000000
00000000
00000000
00000000
00000000
00000000
00000000
00000000
00000000
00000000
00000000
00000000
00000000
00000000
00000000
00000000
00000000
00000000
00000000
00000000
00000000
00000000
00000000
00000000
00000000
00000000
00000000
00000000
00000000
00000000
00000000
00000000
00000000
00000000
00000000
00000000
00000000
00000000
00000000
00000000
00000000
00000000
00000000
00000000
00000000
00000000
00000000
00000000
00000000
00000000
00000000
00000000
00000000
00000000
00000000
00000000
00000000
00000000
00000000
00000000
00000000
00000000
00000000
00000000
00000000
00000000
00000000
00000000
00000000
00000000
00000000
00000000
00000000
00000000
00000000
00000000
00000000
00000000
00000000
00000000
00000000
00000000
00000000
00000000
00000000
00000000
00000000
00000000
00000000
00000000
00000000
00000000
00000000
00000000
00000000
00000000
00000000
00000000
00000000
00000000
00000000
00000000
00000000
00000000
00000000
00000000
00000000
00000000
00000000
00000000
00000000
00000000
00000000
00000000
00000000
00000000
00000000
00000000
00000000
00000000
00000000
00000000
00000000
00000000
00000000
00000000
00000000
00000000
00000000
00000000
00000000
00000000
00000000
00000000
00000000
00000000
00000000
00000000
00000000
00000000
00000000
00000000
00000000
00000000
00000000
00000000
00000000
00000000
00000000
00000000
00000000
00000000
00000000
00000000
00000000
00000000
00000000
00000000
00000000
00000000
00000000
00000000
00000000
00000000
00000000
00000000
00000000
00000000
00000000
00000000
00000000
00000000
00000000
00000000
00000000
00000000
00000000
00000000
00000000
00000000
00000000
00000000
00000000
00000000
00000001
0000002b
00004000
00000000
00000207
00000001
00000011
00000000
00000004
00000000
0000008c
00000000
000000bc
00000000
00000100
00000000
00000001
00000000
3ba0a600
00000001
00000000
3ba0a606
00000000
00000000
000003e8
00000000
00000064
00000000
00000000
000020c0
00000000
0000012c
00000000
00000000
00000000
00000040
00000000
00000080
00000000
000000c0
00000000
00002000
00000000
000020c0
00000000
00000000
00000000
00000002
00000002
00004000
00000000
000000ac
00000000
00010c00
00000000
00000018
00000001
00000001
00000011
00000000
00000004
00000000
00000006
00000001
00000000
00000000
00000006
00000003
00000000
00000000
00000003
00000009
000000c0
00000000
000000b2
00000000
00000001
00000000
00000065
00000000
00000000
00004000
00000000
00000003
0000004c
000000e4
00000000
00000000
00000001
00000001
00000000
00000001
00000000
00000000
6e80fa48
00000001
00000000
00000000
00000000
00000000
00000007
00000000
34727473
00003630
257e8454
00000007
00000000
37727473
00003633
f5bb9188
2904acec
00000004
00000004
00000000
00000009
00000000
36747865
305f3439
00000000
00000009
00000000
34747865
315f3633
00000000
00000009
00000000
35747865
325f3735
00000000
00000009
00000000
38747865
335f3235
00000000
00000004
00000004
00000000
00000009
00000000
34747865
305f3136
00000000
00000009
00000000
32747865
315f3832
00000000
00000009
00000000
35747865
325f3633
00000000
00000009
00000000
36747865
335f3436
00000000
00000000
00000000
00000001
00000000
00001000
00004000
00000003
00000009
00000214
00000000
000000b2
00000000
00000001
00000000
00000065
00000200
00000000
00003e00
00000000
00000003
0000000b
00000238
00000000
00000002
00000001
00001000
00004000
00000001
00000000
00000001
00000001
00000000
10001001
00004000
00000003
00000009
00000264
00000000
000000b2
00000000
00000001
00000000
00000065
00000400
00000000
00003c00
00000000
00000003
00000024
00000288
00000000
0000000b
00000001
10001001
00004000
00000001
00000000
00000003
00000000
00000000
06839eb9
00000001
00000001
00000000
00000002
00000000
00000000
b8b6d8fe
00000000
00000001
00000001
00000000
3f800000
00000000
00000000
00000000
00000000
00000000
00000000
00000000
00000000
00000000
00000000
00000001
00000000
20001002
00004000
00000003
00000009
00000318
00000000
000000b2
00000000
00000001
00000000
00000065
00000600
00000000
00003a00
00000000
00000003
0000000a
0000033c
00000000
00000011
00000001
20001002
00004000
00000000
00000000
00000001
00000000
30001003
00004000
00000003
00000009
00000364
00000000
000000b2
00000000
00000001
00000000
00000065
00000800
00000000
00003800
00000000
00000003
00000017
00000388
00000000
00000032
00000001
20001002
00004000
00000001
00000000
0000000c
00000000
00000000
f9341c68
00000080
00000000
00000022
00000000
00000000
00000000
00000000
00000000
00000000
00000001
00000000
00001000
00005000
00000003
00000009
000003e4
00000000
000000b2
00000000
00000001
00000000
00000065
00000a00
00000000
00003600
00000000
00000003
00000008
00000408
00000000
0000001e
00000001
20001002
00004000
00001000
00005000
00000001
00000000
00000003
00000009
00000428
00000000
000000b2
00000000
00000001
00000000
00000065
00000c00
00000000
00003400
00000000
00000003
00000012
0000044c
00000000
00000015
00000001
20001002
00004000
00000001
00000000
00000005
00000000
00000000
00000080
00000000
00000000
00000000
00000000
00000001
00000000
00001000
00006000
00000003
00000009
00000494
00000000
000000b2
00000000
00000001
00000000
00000065
00000e00
00000000
00003200
00000000
00000003
0000000a
000004b8
00000000
0000001c
00000001
20001002
00004000
00001000
00005000
00001000
00006000
00000000
00000000
00000003
00000009
000004e0
00000000
000000b2
00000000
00000001
00000000
00000065
00001000
00000000
00003000
00000000
00000003
00000017
00000504
00000000
00000032
00000001
20001002
00004000
00000001
00000000
0000000c
00000000
00000000
bcfbb050
00000080
00000000
00000022
00000000
00000000
00000000
00000000
00000000
00000000
00000001
00000000
10001001
00005000
00000003
00000009
00000560
00000000
000000b2
00000000
00000001
00000000
00000065
00001200
00000000
00002e00
00000000
00000003
00000008
00000584
00000000
0000001e
00000001
20001002
00004000
10001001
00005000
00000001
00000000
00000003
00000009
000005a4
00000000
000000b2
00000000
00000001
00000000
00000065
00001400
00000000
00002c00
00000000
00000003
00000012
000005c8
00000000
00000015
00000001
20001002
00004000
00000001
00000000
00000005
00000000
00000000
00000080
00000000
00000000
00000000
00000000
00000001
00000000
10001001
00006000
00000003
00000009
00000610
00000000
000000b2
00000000
00000001
00000000
00000065
00001600
00000000
00002a00
00000000
00000003
0000000a
00000634
00000000
0000001c
00000001
20001002
00004000
10001001
00005000
10001001
00006000
00000000
00000000
00000003
00000009
0000065c
00000000
000000b2
00000000
00000001
00000000
00000065
00001800
00000000
00002800
00000000
00000003
00000114
00000680
00000000
0000003b
00000001
20001002
00004000
00000001
00000000
00000010
00000000
00000000
b410d93c
00000400
00000000
00000100
00000000
07230203
00010300
0008000b
00000024
00000000
00020011
00000001
0006000b
00000001
4c534c47
6474732e
3035342e
00000000
0003000e
00000000
00000001
0006000f
00000005
00000004
6e69616d
00000000
0000000b
00060010
00000004
00000011
00000008
00000001
00000001
00030003
00000002
000001cc
00040005
00000004
6e69616d
00000000
00030005
00000008
00000069
00080005
0000000b
475f6c67
61626f6c
766e496c
7461636f
496e6f69
00000044
00030005
00000012
00747344
00040006
00000012
00000000
00747364
00030005
00000014
00000000
00030005
00000019
00637253
00040006
00000019
00000000
00637273
00030005
0000001b
00000000
00040047
0000000b
0000000b
0000001c
00040047
00000011
00000006
00000004
00030047
00000012
00000002
00050048
00000012
00000000
00000023
00000000
00040047
00000014
00000021
00000001
00040047
00000014
00000022
00000000
00040047
00000018
00000006
00000004
00030047
00000019
00000002
00050048
00000019
00000000
00000023
00000000
00040047
0000001b
00000021
00000000
00040047
0000001b
00000022
00000000
00040047
00000023
0000000b
00000019
00020013
00000002
00030021
00000003
00000002
00040015
00000006
00000020
00000000
00040020
00000007
00000007
00000006
00040017
00000009
00000006
00000003
00040020
0000000a
00000001
00000009
0004003b
0000000a
0000000b
00000001
0004002b
00000006
0000000c
00000000
00040020
0000000d
00000001
00000006
00030016
00000010
00000020
0003001d
00000011
00000010
0003001e
00000012
00000011
00040020
00000013
0000000c
00000012
0004003b
00000013
00000014
0000000c
00040015
00000015
00000020
00000001
0004002b
00000015
00000016
00000000
0003001d
00000018
00000010
0003001e
00000019
00000018
00040020
0000001a
0000000c
00000019
0004003b
0000001a
0000001b
0000000c
00040020
0000001d
0000000c
00000010
0004002b
00000006
00000021
00000008
0004002b
00000006
00000022
00000001
0006002c
00000009
00000023
00000021
00000022
00000022
00050036
00000002
00000004
00000000
00000003
000200f8
00000005
0004003b
00000007
00000008
00000007
00050041
0000000d
0000000e
0000000b
0000000c
0004003d
00000006
0000000f
0000000e
0003003e
00000008
0000000f
0004003d
00000006
00000017
00000008
0004003d
00000006
0000001c
00000008
00060041
0000001d
0000001e
0000001b
00000016
0000001c
0004003d
00000010
0000001f
0000001e
00060041
0000001d
00000020
00000014
00000016
00000017
0003003e
00000020
0000001f
000100fd
00010038
00000000
00000000
00000001
00000000
40001004
00004000
00000003
00000009
00000ad0
00000000
000000b2
00000000
00000001
00000000
00000065
00001a00
00000000
00002600
00000000
00000003
0000001f
00000af4
00000000
00000048
00000001
20001002
00004000
00000001
00000000
00000020
00000000
00000000
44ef7feb
00000002
00000002
00000000
00000000
00000007
00000001
00000020
00000000
00000000
00000001
00000007
00000001
00000020
00000000
00000000
00000000
00000000
00000001
00000000
50001005
00004000
00000003
00000009
00000b70
00000000
000000b2
00000000
00000001
00000000
00000065
00001c00
00000000
00002400
00000000
00000003
00000018
00000b94
00000000
00000044
00000001
20001002
00004000
00000001
00000000
0000001e
00000000
00000000
2d5db79b
00000001
00000001
00000000
50001005
00004000
00000000
00000000
00000000
00000000
00000000
00000001
00000000
60001006
00004000
00000003
00000009
00000bf4
00000000
000000b2
00000000
00000001
00000000
00000065
00001e00
00000000
00002200
00000000
00000003
00000025
00000c18
00000000
00000042
00000001
20001002
00004000
00000000
00000000
00000001
00000001
00000000
0000001d
00000000
00000000
7f1a355e
00000012
00000000
00000000
c10faa40
00000020
40001004
00004000
00000005
00000000
6e69616d
00000000
00000000
00000000
60001006
00004000
00000000
00000000
00000000
00000000
00000000
00000001
00000000
70001007
00004000
00000003
00000001
00000040
00000000
00000bec
00000004
00000000
00000000
00000bec
00061a80
00000006
00000002
00000006
00003000
00000006
00000002
00000009
00003200
00000006
00000002
00000006
00003400
00000006
00000002
00000005
00003600
00000006
00000002
00000006
00003800
00000006
00000002
00000008
00003a00
00000006
00000002
00000006
00003c00
00000006
00000002
00000002
00003e00
00000006
00000002
00000006
00004000
00000006
00000002
00000008
00004200
00000006
00000002
00000006
00004400
00000006
00000002
00000002
00004600
00000006
00000002
00000006
00004800
00000006
00000002
00000006
00004a00
00000006
00000002
00000006
00004c00
00000006
00000002
00000006
00004e00
00000001
0000000e
00004000
00000000
0000010b
00000000
00000000
00000000
00000004
00000000
000000c8
00000002
00000001
00000000
00001000
00006000
00000080
00000000
00000002
00000002
00004000
00000000
00000038
00000000
00010d00
00000000
00000018
00000001
00000000
00000000
00000000
00000004
00000000
00000001
0000000a
00004000
00000000
00000208
00000000
00000000
00000000
00000004
00000000
000000c8
00000000
00000000
00000000
00000002
00000002
00004000
00000000
00000028
00000000
00010e00
00000000
00000020
00000001
00000000
00000000
00000000
00000004
00000000
00000003
00000020
0000a000
00000000
c0303e3e
c26c2edc
c261a379
c22c97b9
c222b215
c0ecff27
c0e6b931
42462bd0
41d596f8
41b79fa1
c21e133d
c1bfd45d
c20561b1
41207773
c210a2e0
4176525d
c22d08c6
41446459
c13da8ab
426c292e
c0b57b13
c13deaed
c1d4a20b
426008df
41827145
421e037c
c258bfea
c2358387
4232d6b6
c12ceb83
40d1179c
c1e7d6c0
00000001
0000000e
00004000
00000000
0000010b
00000000
00000000
00000000
00000004
00000000
000000c9
00000002
00000001
00000000
10001001
00006000
00000080
00000000
00000002
00000002
00004000
00000000
00000038
00000000
00010f00
00000000
00000018
00000001
00000000
00000000
00000000
00000004
00000000
00000001
0000000a
00004000
00000000
00000208
00000000
00000000
00000000
00000004
00000000
000000c9
00000000
00000000
00000000
00000002
00000002
00004000
00000000
00000028
00000000
00011000
00000000
00000020
00000001
00000000
00000000
00000000
00000004
00000000
00000003
00000020
0000b000
00000000
426abbf2
41e9936a
c1176ef7
41e6b2cf
42454b6e
c275d5c2
c205010c
c16e28f2
4271188d
415df09a
42264133
41b50e63
4254e98f
3c37a243
41fe4d20
41a5a909
426761fa
40bd4372
42418b68
c1b4a4fb
c070998e
c1a97ace
4227a85b
c2197580
426c5779
420efd6c
c268d60e
41a8e6c9
42432461
4273a004
420ddfdc
c21de601
00000007
00000258
00000005
00000000
00000080
00000001
00000001
00061a80
00000003
00000009
00000cac
00000000
000000b2
00000000
00000001
00000000
00000065
00002000
00000000
00002000
00000000
00000003
00000004
00000cd0
00000000
000000b3
00000000
00000040
00000000
00000003
00000016
00000ce0
00000000
0000004a
00000001
20001002
00004000
00000001
00000000
00000021
00000000
00000000
4e3d4d0f
00000001
00000001
00000001
00000000
00000007
00000002
00000000
00000000
00000001
00000000
80001008
00004000
00000003
00000009
00000d38
00000000
000000b2
00000000
00000001
00000000
00000065
00002240
00000000
00001dc0
00000000
00000003
00000014
00000d5c
00000000
0000004d
00000001
20001002
00004000
00000001
00000000
00000022
00000000
00000000
80001008
00004000
00000001
00000001
00000000
50001005
00004000
00000001
00000000
90001009
00004000
00000003
00000034
00000dac
00000000
0000004f
00000000
20001002
00004000
00000002
00000002
00000000
00000023
00000000
00000000
90001009
00004000
00000000
00000000
00000001
00000007
00000000
00000000
00000001
00000000
00001000
00005000
00000000
00000000
00000080
00000000
00000000
00000000
00000023
00000000
00000000
90001009
00004000
00000001
00000000
00000001
00000007
00000000
00000000
00000001
00000000
10001001
00005000
00000000
00000000
00000080
00000000
00000000
00000000
00000000
00000000
00000000
00000003
00000009
00000e7c
00000000
000000b2
00000000
00000001
00000000
00000065
00002440
00000000
00001bc0
00000000
00000003
00000011
00000ea0
00000000
00000055
00000001
20001002
00004000
00000001
00000000
00000027
00000000
00000000
9b29b54b
00000000
00000000
00000000
00000001
00000000
a000100a
00004000
00000003
00000009
00000ee4
00000000
000000b2
00000000
00000001
00000000
00000065
00002640
00000000
000019c0
00000000
00000003
00000011
00000f08
00000000
00000058
00000001
20001002
00004000
00000001
00000000
00000028
00000000
00000000
a000100a
00004000
00000000
00000001
00000001
00000000
b000100b
00004000
00000003
00000009
00000f4c
00000000
000000b2
00000000
00000001
00000000
00000065
00002840
00000000
000017c0
00000000
00000003
0000000c
00000f70
00000000
0000005a
00000001
b000100b
00004000
00000001
00000000
0000002a
00000000
00000000
00000000
00000000
00000000
00000003
00000007
00000fa0
00000000
0000005d
00000000
b000100b
00004000
00000001
70001007
00004000
00000003
00000010
00000fbc
00000000
00000067
00000000
b000100b
00004000
00000001
60001006
00004000
00000000
00000001
00000001
00000000
90001009
00004000
00000000
00000000
00000000
00000003
00000007
00000ffc
00000000
0000006e
00000000
b000100b
00004000
00000004
00000001
00000001
00000003
00000009
00001018
00000000
000000b2
00000000
00000001
00000000
00000065
00002a40
00000000
000015c0
00000000
00000003
00000004
0000103c
00000000
0000005b
00000001
b000100b
00004000
00000003
00000009
0000104c
00000000
000000b2
00000000
00000001
00000000
00000065
00002c40
00000000
000013c0
00000000
00000003
00000010
00001070
00000000
00000023
00000001
20001002
00004000
00000001
00000000
00000008
00000000
00000000
00000000
00000000
00000000
00000001
00000000
c000100c
00004000
00000003
00000001
00000040
00000000
00000ff0
00000001
0000000e
00004000
00000000
00000207
00000000
00000000
00000000
00000004
00000000
00000018
00000000
000000be
00000000
00000100
00000000
00000ff0
00000000
00000002
00000002
00004000
00000000
00000038
00000000
00011100
00000000
00000018
00000001
00000000
00000000
00000000
00000004
00000000
00000004
00000000
00000000
00000ff0
00061a80
00000006
00000002
00000006
00005040
00000006
00000002
00000006
00005240
00000006
00000002
00000006
00005440
00000006
00000002
00000006
00005640
00000006
00000002
00000002
00005840
00000006
00000002
00000002
00005a40
00000006
00000002
00000006
00005c40
00000007
00000258
00000005
00000000
00000080
00000001
00000001
00061a80
00000003
00000009
000010b0
00000000
000000b2
00000000
00000001
00000000
00000065
00002e40
00000000
000011c0
00000000
00000003
00000019
000010d4
00000000
00000012
00000001
30001003
00004000
00000001
00000001
00000000
00000004
00000000
00000000
00000000
00000000
00000000
00000000
00000000
00000001
00000001
00000000
b000100b
00004000
00000000
00000000
00000000
c000100c
00004000
00000003
00000009
00001138
00000000
000000b2
00000000
00000001
00000000
00000065
00003040
00000000
00000fc0
00000000
00000003
00000004
0000115c
00000000
00000014
00000001
20001002
00004000
00000003
00000009
0000116c
00000000
000000b2
00000000
00000001
00000000
00000065
00003240
00000000
00000dc0
00000000
00000003
0000000c
00001190
00000000
00000027
00000001
20001002
00004000
00000001
00000001
00000000
c000100c
00004000
00000001
ffffffff
ffffffff
00000003
00000009
000011c0
00000000
000000b2
00000000
00000001
00000000
00000065
00003440
00000000
00000bc0
00000000
00000003
00000006
000011e4
00000000
00000026
00000001
20001002
00004000
c000100c
00004000
00000003
00000001
00000040
00000000
0000113c
00000001
0000000e
00004000
00000000
00000207
00000000
00000000
00000000
00000004
00000000
00000018
00000000
000000be
00000000
00000100
00000000
0000113c
00000000
00000002
00000002
00004000
00000000
00000038
00000000
00011200
00000000
00000018
00000001
00000000
00000000
00000000
00000004
00000000
00000004
00000000
00000000
0000113c
00061a80
00000006
00000002
00000002
00005e40
00000006
00000002
00000002
00006040
00000006
00000002
00000002
00006240
00000006
00000002
00000002
00006440
00000006
00000006
00000020
0000b000
00000007
00000258
00000005
00000000
00000080
00000001
00000001
00061a80
00000003
00000008
000011fc
00000000
00000024
00000000
20001002
00004000
c000100c
00004000
00000000
00000000
00000003
0000000b
0000121c
00000000
00000059
00000000
20001002
00004000
a000100a
00004000
00000001
00000001
00000000
b000100b
00004000
00000003
00000008
00001248
00000000
00000056
00000000
20001002
00004000
a000100a
00004000
00000000
00000000
00000003
00000009
00001268
00000000
000000b2
00000000
00000001
00000000
00000065
00003640
00000000
000009c0
00000000
00000003
0000000b
0000128c
00000000
0000004e
00000001
20001002
00004000
80001008
00004000
00000001
00000001
00000000
90001009
00004000
00000003
00000008
000012b8
00000000
0000004b
00000000
20001002
00004000
80001008
00004000
00000000
00000000
00000003
00000008
000012d8
00000000
00000043
00000000
20001002
00004000
70001007
00004000
00000000
00000000
00000003
00000008
000012f8
00000000
00000045
00000000
20001002
00004000
60001006
00004000
00000000
00000000
00000003
00000008
00001318
00000000
00000049
00000000
20001002
00004000
50001005
00004000
00000000
00000000
00000003
00000008
00001338
00000000
0000003c
00000000
20001002
00004000
40001004
00004000
00000000
00000000
00000003
00000008
00001358
00000000
00000033
00000000
20001002
00004000
00001000
00005000
00000000
00000000
00000003
00000008
00001378
00000000
00000016
00000000
20001002
00004000
00001000
00006000
00000000
00000000
00000003
00000008
00001398
00000000
00000033
00000000
20001002
00004000
10001001
00005000
00000000
00000000
00000003
00000008
000013b8
00000000
00000016
00000000
20001002
00004000
10001001
00006000
00000000
00000000
00000003
00000006
000013d8
00000000
0000000c
00000000
20001002
00004000
00000000
00000000
00000003
00000006
000013f0
00000000
00000001
00000000
00001000
00004000
00000000
00000000
00000003
00000001
00000040
00000000
00001348
00000001
0000000e
00004000
00000000
00000207
00000000
00000000
00000000
00000004
00000000
00000018
00000000
000000be
00000000
00000100
00000000
00001348
00000000
00000002
00000002
00004000
00000000
00000038
00000000
00011300
00000000
00000018
00000001
00000000
00000000
00000000
00000004
00000000
00000004
00000000
00000000
00001348
00061a80
00000006
00000002
00000002
00006640
00000001
00000008
00004000
00000000
00000102
00000000
00000000
00000000
00000004
00000000
000000c8
00000000
00000002
00000002
00004000
00000000
00000020
00000000
00011400
00000000
00000018
00000001
00000000
00000000
00000000
00000004
00000000
00000001
00000008
00004000
00000000
00000102
00000000
00000000
00000000
00000004
00000000
000000c9
00000000
00000002
00000002
00004000
00000000
00000020
00000000
00011500
00000000
00000018
00000001
00000000
00000000
00000000
00000004
00000000
00000001
00000008
00004000
00000000
00000102
00000000
00000000
00000000
00000004
00000000
00000067
00000000
00000002
00000002
00004000
00000000
00000020
00000000
00011600
00000000
00000018
00000001
00000000
00000000
00000000
00000004
00000000
00000001
00000008
00004000
00000000
00000102
00000000
00000000
00000000
00000004
00000000
00000065
00000000
00000002
00000002
00004000
00000000
00000020
00000000
00011700
00000000
00000018
00000001
00000000
00000000
00000000
00000004
00000000
00000001
00000008
00004000
00000000
00000102
00000000
00000000
00000000
00000004
00000000
00000066
00000000
00000002
00000002
00004000
00000000
00000020
00000000
00011800
00000000
00000018
00000001
00000000
00000000
00000000
00000004
00000000
00000001
0000000c
00004000
00000000
00000207
00000000
00000000
00000000
00000004
00000000
00000010
00000000
000000bd
00000000
00000100
00000000
00000002
00000002
00004000
00000000
00000030
00000000
00011900
00000000
00000018
00000001
00000000
00000000
00000000
00000004
00000000
00000001
00000008
00004000
00000000
00000102
00000000
00000000
00000000
00000004
00000000
00000064
00000000
00000002
00000002
00004000
00000000
00000020
00000000
00011a00
00000000
00000018
00000001
00000000
00000000
00000000
00000004
00000000
00000001
00000006
00004000
00000000
00000201
00000000
00000000
00000000
00000004
00000000
00000002
00000002
00004000
00000000
00000018
00000000
00011b00
00000000
00000018
00000001
00000000
00000000
00000000
00000004
00000000
00000006
00000003
00000000
00000000
00000000
000000ff
00000000
00000000
00000000
00000001
00000048
00001102
00000004
00000000
00000000
00000000
00000000
00000002
00000004
00000000
00000000
00000000
00000000
00000000
00000000
00000002
000000a0
00000000
00000000
00000000
00000000
00000000
00000000
00000002
00000000
00000000
00000000
00000000
00000000
00000000
00000000
00000002
00000000
00000000
00000000
00000000
00000000
00000000
00000000
00000001
000000d8
00001103
00000028
00000000
00000000
00000000
00000000
00000002
00000001
00000000
00000000
00000000
00000000
00000000
00000000
00000002
0040414e
00000000
00000000
00000000
00000000
00000000
00000000
00000002
00000001
00000000
00000000
00000000
00000000
00000000
00000000
00000002
00000003
00000000
00000000
00000000
00000000
00000000
00000000
00000002
00000001
00000000
00000000
00000000
00000000
00000000
00000000
00000002
00000001
00000000
00000000
00000000
00000000
00000000
00000000
00000002
00000000
00000000
00000000
00000000
00000000
00000000
00000000
00000002
00000000
00000000
00000000
00000000
00000000
00000000
00000000
00000002
00000000
00000000
00000000
00000000
00000000
00000000
00000000
00000002
00000000
00000000
00000000
00000000
00000000
00000000
00000000
00000002
00000000
00000000
00000000
00000000
00000000
00000000
00000000
00000002
00000000
00000000
00000000
00000000
00000000
00000000
00000000
00000002
00000000
00000000
00000000
00000000
00000000
00000000
00000000
00000002
00000000
00000000
00000000
00000000
00000000
00000000
00000000
00000002
00000000
00000000
00000000
00000000
00000000
00000000
00000000
00000002
00000000
00000000
00000000
00000000
00000000
00000000
00000000
00000002
00000000
00000000
00000000
00000000
00000000
00000000
00000000
00000002
00000000
00000000
00000000
00000000
00000000
00000000
00000000
00000002
00000000
00000000
00000000
00000000
00000000
00000000
00000000
00000002
00000000
00000000
00000000
00000000
00000000
00000000
00000000
00000002
00000000
00000000
00000000
00000000
00000000
00000000
00000000
00000002
00000000
00000000
00000000
00000000
00000000
00000000
00000000
00000002
00000000
00000000
00000000
00000000
00000000
00000000
00000000
00000002
00000000
00000000
00000000
00000000
00000000
00000000
00000000
00000002
00000000
00000000
00000000
00000000
00000000
00000000
00000000
00000002
00000000
00000000
00000000
00000000
00000000
00000000
00000000
00000002
00000000
00000000
00000000
00000000
00000000
00000000
00000000
00000002
00000000
00000000
00000000
00000000
00000000
00000000
00000000
00000002
00000000
00000000
00000000
00000000
00000000
00000000
00000000
00000002
00000000
00000000
00000000
00000000
00000000
00000000
00000000
00000002
00000000
00000000
00000000
00000000
00000000
00000000
00000000
00000002
00000000
00000000
00000000
00000000
00000000
00000000
00000000
00000002
00000000
00000000
00000000
00000000
00000000
00000000
00000000
00000002
00000000
00000000
00000000
00000000
00000000
00000000
00000000
00000002
00000000
00000000
00000000
00000000
00000000
00000000
00000000
00000002
00000000
00000000
00000000
00000000
00000000
00000000
00000000
00000002
00000000
00000000
00000000
00000000
00000000
00000000
00000000
00000002
00000001
00000000
00000000
00000000
00000000
00000000
00000000
00000002
00000001
00000000
00000000
00000000
00000000
00000000
00000000
00000002
00000000
00000000
00000000
00000000
00000000
00000000
00000000
00000001
00000078
00001100
00000000
00000000
00000000
00000000
00000000
00000001
00000050
00001100
00000000
00000000
00000000
00000000
00000000
00000001
00000050
00001100
00000000
00000000
00000000
00000000
00000000
00000001
00000050
00001100
00000000
00000000
00000000
00000000
00000000
00000001
00000050
00001100
00000000
00000000
00000000
00000000
00000000
00000001
00000048
00001106
00000002
00000000
00000000
00000000
00000000
00000002
00000003
00000000
00000000
00000000
00000000
00000000
00000000
00000002
00000000
00000000
00000000
00000000
00000000
00000000
00000000
00000001
00000048
00001106
00000002
00000000
00000000
00000000
00000000
00000002
00000003
00000000
00000000
00000000
00000000
00000000
00000000
00000002
00001000
00000000
00000000
00000000
00000000
00000000
00000000
00000001
00000048
00001106
00000002
00000000
00000000
00000000
00000000
00000002
00000003
00000000
00000000
00000000
00000000
00000000
00000000
00000002
00005000
00000000
00000000
00000000
00000000
00000000
00000000
00000001
00000048
00001106
00000002
00000000
00000000
00000000
00000000
00000002
00000003
00000000
00000000
00000000
00000000
00000000
00000000
00000002
00007000
00000000
00000000
00000000
00000000
00000000
00000000
00000001
00000038
00001100
00000000
00000000
00000000
00000000
00000000
00000001
000000c4
00001100
00000000
00000000
00000000
00000000
00000000
00000008
00000011
00000000
00000000
00000000
00000000
00000000
00000000
00000004
00000000
00000004
00000000
00000000
00000000
00000000
00000000
00000006
00000005
00000000
00000000
00000000
00000000
00000000
00000000
0000000b
00000008
00000000
00000000
00000000
00000000
00000000
00000000
00000001
000000c4
00001100
00000000
00000000
00000000
00000000
00000000
00000003
00000000
0000052c
00000000
00000000
00000000
00000000
00000000
00000005
00000000
00000000
00000000
00000000
00000000
00000000
00000000
00000005
00000001
00000000
00000000
00000000
00000000
00000000
00000000
00000005
00000002
00000001
00000000
00000000
00000000
00000000
00000000
00000005
00000003
00000000
00000000
00000000
00000000
00000000
00000000
00000005
00000004
00001000
00000000
00000000
00000000
00000000
00000000
00000005
00000005
00004000
00000000
00000000
00000000
00000000
00000000
00000005
00000000
00000002
00000000
00000000
00000000
00000000
00000000
00000005
00000001
00000000
00000000
00000000
00000000
00000000
00000000
00000005
00000002
00000001
00000000
00000000
00000000
00000000
00000000
00000005
00000003
00000000
00000000
00000000
00000000
00000000
00000000
00000005
00000004
00000001
00000000
00000000
00000000
00000000
00000000
00000005
00000005
00000001
00000000
00000000
00000000
00000000
00000000
00000005
00000006
00000000
00000000
00000000
00000000
00000000
00000000
00000005
00000007
10001001
00000000
00000000
00000000
00000000
00000000
00000005
00000008
00004000
00000000
00000000
00000000
00000000
00000000
00000005
00000000
00000006
00000000
00000000
00000000
00000000
00000000
00000005
00000001
00000001
00000000
00000000
00000000
00000000
00000000
00000005
00000002
00000000
00000000
00000000
00000000
00000000
00000000
00000005
00000003
20400000
00000000
00000000
00000000
00000000
00000000
00000005
00000004
00000000
00000000
00000000
00000000
00000000
00000000
00000005
00000005
00000000
00000000
00000000
00000000
00000000
00000000
00000005
00000006
00000000
00000000
00000000
00000000
00000000
00000000
00000005
00000007
00000000
00000000
00000000
00000000
00000000
00000000
00000005
00000008
00000100
00000000
00000000
00000000
00000000
00000000
00000005
00000009
00000000
00000000
00000000
00000000
00000000
00000000
00000005
0000000a
7262694c
00000000
00000000
00000000
00000000
00000000
00000005
0000000b
726f4365
00000000
00000000
00000000
00000000
00000000
00000005
0000000c
50412065
00000000
00000000
00000000
00000000
00000000
00000005
0000000d
75282055
00000000
00000000
00000000
00000000
00000000
00000005
0000000e
6175716e
00000000
00000000
00000000
00000000
00000000
00000005
0000000f
6966696c
00000000
00000000
00000000
00000000
00000000
00000005
00000010
00296465
00000000
00000000
00000000
00000000
00000000
00000005
00000011
00000000
00000000
00000000
00000000
00000000
00000000
00000005
00000012
00000000
00000000
00000000
00000000
00000000
00000000
00000005
00000013
00000000
00000000
00000000
00000000
00000000
00000000
00000005
00000014
00000000
00000000
00000000
00000000
00000000
00000000
00000005
00000015
00000000
00000000
00000000
00000000
00000000
00000000
00000005
00000016
00000000
00000000
00000000
00000000
00000000
00000000
00000005
00000017
00000000
00000000
00000000
00000000
00000000
00000000
00000005
00000018
00000000
00000000
00000000
00000000
00000000
00000000
00000005
00000019
00000000
00000000
00000000
00000000
00000000
00000000
00000005
0000001a
00000000
00000000
00000000
00000000
00000000
00000000
00000005
0000001b
00000000
00000000
00000000
00000000
00000000
00000000
00000005
0000001c
00000000
00000000
00000000
00000000
00000000
00000000
00000005
0000001d
00000000
00000000
00000000
00000000
00000000
00000000
00000005
0000001e
00000000
00000000
00000000
00000000
00000000
00000000
00000005
0000001f
00000000
00000000
00000000
00000000
00000000
00000000
00000005
00000020
00000000
00000000
00000000
00000000
00000000
00000000
00000005
00000021
00000000
00000000
00000000
00000000
00000000
00000000
00000005
00000022
00000000
00000000
00000000
00000000
00000000
00000000
00000005
00000023
00000000
00000000
00000000
00000000
00000000
00000000
00000005
00000024
00000000
00000000
00000000
00000000
00000000
00000000
00000005
00000025
00000000
00000000
00000000
00000000
00000000
00000000
00000005
00000026
00000000
00000000
00000000
00000000
00000000
00000000
00000005
00000027
00000000
00000000
00000000
00000000
00000000
00000000
00000005
00000028
00000000
00000000
00000000
00000000
00000000
00000000
00000005
00000029
00000000
00000000
00000000
00000000
00000000
00000000
00000005
0000002a
00000000
00000000
00000000
00000000
00000000
00000000
00000005
0000002b
00000000
00000000
00000000
00000000
00000000
00000000
00000005
0000002c
00000000
00000000
00000000
00000000
00000000
00000000
00000005
0000002d
00000000
00000000
00000000
00000000
00000000
00000000
00000005
0000002e
00000000
00000000
00000000
00000000
00000000
00000000
00000005
0000002f
00000000
00000000
00000000
00000000
00000000
00000000
00000005
00000030
00000000
00000000
00000000
00000000
00000000
00000000
00000005
00000031
00000000
00000000
00000000
00000000
00000000
00000000
00000005
00000032
00000000
00000000
00000000
00000000
00000000
00000000
00000005
00000033
00000000
00000000
00000000
00000000
00000000
00000000
00000005
00000034
00000000
00000000
00000000
00000000
00000000
00000000
00000005
00000035
00000000
00000000
00000000
00000000
00000000
00000000
00000005
00000036
00000000
00000000
00000000
00000000
00000000
00000000
00000005
00000037
00000000
00000000
00000000
00000000
00000000
00000000
00000005
00000038
00000000
00000000
00000000
00000000
00000000
00000000
00000005
00000039
00000000
00000000
00000000
00000000
00000000
00000000
00000005
0000003a
00000000
00000000
00000000
00000000
00000000
00000000
00000005
0000003b
00000000
00000000
00000000
00000000
00000000
00000000
00000005
0000003c
00000000
00000000
00000000
00000000
00000000
00000000
00000005
0000003d
00000000
00000000
00000000
00000000
00000000
00000000
00000005
0000003e
00000000
00000000
00000000
00000000
00000000
00000000
00000005
0000003f
00000000
00000000
00000000
00000000
00000000
00000000
00000005
00000040
00000000
00000000
00000000
00000000
00000000
00000000
00000005
00000041
00000000
00000000
00000000
00000000
00000000
00000000
00000005
00000042
00000000
00000000
00000000
00000000
00000000
00000000
00000005
00000043
00000000
00000000
00000000
00000000
00000000
00000000
00000005
00000044
00000000
00000000
00000000
00000000
00000000
00000000
00000005
00000045
00000000
00000000
00000000
00000000
00000000
00000000
00000005
00000046
00000000
00000000
00000000
00000000
00000000
00000000
00000005
00000047
00000000
00000000
00000000
00000000
00000000
00000000
00000005
00000048
00000000
00000000
00000000
00000000
00000000
00000000
00000005
00000049
00000000
00000000
00000000
00000000
00000000
00000000
00000005
0000004a
00000010
00000000
00000000
00000000
00000000
00000000
00000005
0000004b
00000000
00000000
00000000
00000000
00000000
00000000
00000005
0000004c
00000000
00000000
00000000
00000000
00000000
00000000
00000005
0000004d
00000000
00000000
00000000
00000000
00000000
00000000
00000005
0000004e
00000000
00000000
00000000
00000000
00000000
00000000
00000005
0000004f
00000000
00000000
00000000
00000000
00000000
00000000
00000005
00000050
00000000
00000000
00000000
00000000
00000000
00000000
00000005
00000051
00001000
00000000
00000000
00000000
00000000
00000000
00000005
00000052
00000000
00000000
00000000
00000000
00000000
00000000
00000005
00000053
00000000
00000000
00000000
00000000
00000000
00000000
00000005
00000054
00000000
00000000
00000000
00000000
00000000
00000000
00000005
00000055
00000000
00000000
00000000
00000000
00000000
00000000
00000005
00000056
00000000
00000000
00000000
00000000
00000000
00000000
00000005
00000057
00000000
00000000
00000000
00000000
00000000
00000000
00000005
00000058
00000080
00000000
00000000
00000000
00000000
00000000
00000005
00000059
00000000
00000000
00000000
00000000
00000000
00000000
00000005
0000005a
00000000
00000000
00000000
00000000
00000000
00000000
00000005
0000005b
00000000
00000000
00000000
00000000
00000000
00000000
00000005
0000005c
00000000
00000000
00000000
00000000
00000000
00000000
00000005
0000005d
00000000
00000000
00000000
00000000
00000000
00000000
00000005
0000005e
00000000
00000000
00000000
00000000
00000000
00000000
00000005
0000005f
00000004
00000000
00000000
00000000
00000000
00000000
00000005
00000060
00000000
00000000
00000000
00000000
00000000
00000000
00000005
00000061
00000000
00000000
00000000
00000000
00000000
00000000
00000005
00000062
00000000
00000000
00000000
00000000
00000000
00000000
00000005
00000063
00000000
00000000
00000000
00000000
00000000
00000000
00000005
00000064
00000000
00000000
00000000
00000000
00000000
00000000
00000005
00000065
00000000
00000000
00000000
00000000
00000000
00000000
00000005
00000066
00000000
00000000
00000000
00000000
00000000
00000000
00000005
00000067
00000000
00000000
00000000
00000000
00000000
00000000
00000005
00000068
00000000
00000000
00000000
00000000
00000000
00000000
00000005
00000069
00000000
00000000
00000000
00000000
00000000
00000000
00000005
0000006a
00000000
00000000
00000000
00000000
00000000
00000000
00000005
0000006b
00000000
00000000
00000000
00000000
00000000
00000000
00000005
0000006c
00000000
00000000
00000000
00000000
00000000
00000000
00000005
0000006d
00000000
00000000
00000000
00000000
00000000
00000000
00000005
0000006e
00000000
00000000
00000000
00000000
00000000
00000000
00000005
0000006f
00000010
00000000
00000000
00000000
00000000
00000000
00000005
00000070
00000010
00000000
00000000
00000000
00000000
00000000
00000005
00000071
00000000
00000000
00000000
00000000
00000000
00000000
00000005
00000072
00000000
00000000
00000000
00000000
00000000
00000000
00000005
00000073
00000000
00000000
00000000
00000000
00000000
00000000
00000005
00000074
00000000
00000000
00000000
00000000
00000000
00000000
00000005
00000075
00000000
00000000
00000000
00000000
00000000
00000000
00000005
00000076
00000000
00000000
00000000
00000000
00000000
00000000
00000005
00000077
00000000
00000000
00000000
00000000
00000000
00000000
00000005
00000078
00000000
00000000
00000000
00000000
00000000
00000000
00000005
00000079
00000000
00000000
00000000
00000000
00000000
00000000
00000005
0000007a
00000000
00000000
00000000
00000000
00000000
00000000
00000005
0000007b
00000000
00000000
00000000
00000000
00000000
00000000
00000005
0000007c
00000000
00000000
00000000
00000000
00000000
00000000
00000005
0000007d
00000000
00000000
00000000
00000000
00000000
00000000
00000005
0000007e
00000000
00000000
00000000
00000000
00000000
00000000
00000005
0000007f
00000000
00000000
00000000
00000000
00000000
00000000
00000005
00000080
00000000
00000000
00000000
00000000
00000000
00000000
00000005
00000081
00000000
00000000
00000000
00000000
00000000
00000000
00000005
00000082
00000000
00000000
00000000
00000000
00000000
00000000
00000005
00000083
00000000
00000000
00000000
00000000
00000000
00000000
00000005
00000084
00000000
00000000
00000000
00000000
00000000
00000000
00000005
00000085
00004000
00000000
00000000
00000000
00000000
00000000
00000005
00000086
00000003
00000000
00000000
00000000
00000000
00000000
00000005
00000087
00000000
00000000
00000000
00000000
00000000
00000000
00000005
00000088
00000000
00000000
00000000
00000000
00000000
00000000
00000005
00000089
00000000
00000000
00000000
00000000
00000000
00000000
00000005
0000008a
00000000
00000000
00000000
00000000
00000000
00000000
00000005
0000008b
00000040
00000000
00000000
00000000
00000000
00000000
00000005
0000008c
00000003
00000000
00000000
00000000
00000000
00000000
00000005
0000008d
00000000
00000000
00000000
00000000
00000000
00000000
00000005
0000008e
00000040
00000000
00000000
00000000
00000000
00000000
00000005
0000008f
00000040
00000000
00000000
00000000
00000000
00000000
00000005
00000090
00000040
00000000
00000000
00000000
00000000
00000000
00000005
00000091
00000000
00000000
00000000
00000000
00000000
00000000
00000005
00000092
00000000
00000000
00000000
00000000
00000000
00000000
00000005
00000093
00000000
00000000
00000000
00000000
00000000
00000000
00000005
00000094
00000000
00000000
00000000
00000000
00000000
00000000
00000005
00000095
00000000
00000000
00000000
00000000
00000000
00000000
00000005
00000096
00000000
00000000
00000000
00000000
00000000
00000000
00000005
00000097
00000000
00000000
00000000
00000000
00000000
00000000
00000005
00000098
00000001
00000000
00000000
00000000
00000000
00000000
00000005
00000099
00000002
00000000
00000000
00000000
00000000
00000000
00000005
0000009a
00000000
00000000
00000000
00000000
00000000
00000000
00000005
0000009b
00000000
00000000
00000000
00000000
00000000
00000000
00000005
0000009c
00000000
00000000
00000000
00000000
00000000
00000000
00000005
0000009d
00000002
00000000
00000000
00000000
00000000
00000000
00000005
0000009e
00000000
00000000
00000000
00000000
00000000
00000000
00000005
0000009f
00000000
00000000
00000000
00000000
00000000
00000000
00000005
000000a0
00000000
00000000
00000000
00000000
00000000
00000000
00000005
000000a1
00000000
00000000
00000000
00000000
00000000
00000000
00000005
000000a2
00000000
00000000
00000000
00000000
00000000
00000000
00000005
000000a3
00000000
00000000
00000000
00000000
00000000
00000000
00000005
000000a4
00000000
00000000
00000000
00000000
00000000
00000000
00000005
000000a5
00000000
00000000
00000000
00000000
00000000
00000000
00000005
000000a6
00000100
00000000
00000000
00000000
00000000
00000000
00000005
000000a7
00000000
00000000
00000000
00000000
00000000
00000000
00000005
000000a8
00000100
00000000
00000000
00000000
00000000
00000000
00000005
000000a9
00000000
00000000
00000000
00000000
00000000
00000000
00000005
000000aa
00000000
00000000
00000000
00000000
00000000
00000000
00000005
000000ab
00000000
00000000
00000000
00000000
00000000
00000000
00000005
000000ac
00000000
00000000
00000000
00000000
00000000
00000000
00000005
000000ad
00000000
00000000
00000000
00000000
00000000
00000000
00000005
000000ae
00000000
00000000
00000000
00000000
00000000
00000000
00000005
000000af
00000000
00000000
00000000
00000000
00000000
00000000
00000005
000000b0
00000000
00000000
00000000
00000000
00000000
00000000
00000005
000000b1
00001000
00000000
00000000
00000000
00000000
00000000
00000005
000000b2
00001000
00000000
00000000
00000000
00000000
00000000
00000005
000000b3
00000000
00000000
00000000
00000000
00000000
00000000
00000005
000000b4
00000000
00000000
00000000
00000000
00000000
00000000
00000005
000000b5
00000000
00000000
00000000
00000000
00000000
00000000
00000005
000000b6
00000000
00000000
00000000
00000000
00000000
00000000
00000005
000000b7
00000000
00000000
00000000
00000000
00000000
00000000
00000005
000000b8
00000004
00000000
00000000
00000000
00000000
00000000
00000005
000000b9
00000000
00000000
00000000
00000000
00000000
00000000
00000005
000000ba
00000000
00000000
00000000
00000000
00000000
00000000
00000005
000000bb
00000000
00000000
00000000
00000000
00000000
00000000
00000005
000000bc
00000000
00000000
00000000
00000000
00000000
00000000
00000005
000000bd
00000000
00000000
00000000
00000000
00000000
00000000
00000005
000000be
00000000
00000000
00000000
00000000
00000000
00000000
00000005
000000bf
00000000
00000000
00000000
00000000
00000000
00000000
00000005
000000c0
00000000
00000000
00000000
00000000
00000000
00000000
00000005
000000c1
00000000
00000000
00000000
00000000
00000000
00000000
00000005
000000c2
00000000
00000000
00000000
00000000
00000000
00000000
00000005
000000c3
00000000
00000000
00000000
00000000
00000000
00000000
00000005
000000c4
00000000
00000000
00000000
00000000
00000000
00000000
00000005
000000c5
00000002
00000000
00000000
00000000
00000000
00000000
00000005
000000c6
00000000
00000000
00000000
00000000
00000000
00000000
00000005
000000c7
00000000
00000000
00000000
00000000
00000000
00000000
00000005
000000c8
00000000
00000000
00000000
00000000
00000000
00000000
00000005
000000c9
00000002
00000000
00000000
00000000
00000000
00000000
00000005
000000ca
00000000
00000000
00000000
00000000
00000000
00000000
00000005
000000cb
00000000
00000000
00000000
00000000
00000000
00000000
00000005
000000cc
00000000
00000000
00000000
00000000
00000000
00000000
00000005
000000cd
00000000
00000000
00000000
00000000
00000000
00000000
00000005
000000ce
00000000
00000000
00000000
00000000
00000000
00000000
00000005
000000cf
00000000
00000000
00000000
00000000
00000000
00000000
00000005
000000d0
00000000
00000000
00000000
00000000
00000000
00000000
00000005
000000d1
00000000
00000000
00000000
00000000
00000000
00000000
00000005
000000d2
00000000
00000000
00000000
00000000
00000000
00000000
00000005
000000d3
00000000
00000000
00000000
00000000
00000000
00000000
00000005
000000d4
00000000
00000000
00000000
00000000
00000000
00000000
00000005
000000d5
00000040
00000000
00000000
00000000
00000000
00000000
00000005
000000d6
00000000
00000000
00000000
00000000
00000000
00000000
00000005
000000d7
00000000
00000000
00000000
00000000
00000000
00000000
00000005
000000d8
00000000
00000000
00000000
00000000
00000000
00000000
00000005
000000d9
00000000
00000000
00000000
00000000
00000000
00000000
00000005
000000da
00000000
00000000
00000000
00000000
00000000
00000000
00000005
000000db
00000000
00000000
00000000
00000000
00000000
00000000
00000005
00000000
00000094
00000000
00000000
00000000
00000000
00000000
00000005
00000001
00000001
00000000
00000000
00000000
00000000
00000000
00000005
00000002
00000000
00000000
00000000
00000000
00000000
00000000
00000005
00000003
3b9bb079
00000000
00000000
00000000
00000000
00000000
00000005
00000004
00000001
00000000
00000000
00000000
00000000
00000000
00000005
00000005
00000000
00000000
00000000
00000000
00000000
00000000
00000005
00000006
3b9c3930
00000000
00000000
00000000
00000000
00000000
00000005
00000007
00000000
00000000
00000000
00000000
00000000
00000000
00000005
00000008
00000000
00000000
00000000
00000000
00000000
00000000
00000005
00000009
20400000
00000000
00000000
00000000
00000000
00000000
00000005
0000000a
00000000
00000000
00000000
00000000
00000000
00000000
00000005
0000000b
00000000
00000000
00000000
00000000
00000000
00000000
00000005
0000000c
00000000
00000000
00000000
00000000
00000000
00000000
00000005
0000000d
20400000
00000000
00000000
00000000
00000000
00000000
00000005
0000000e
00000000
00000000
00000000
00000000
00000000
00000000
00000005
0000000f
00000000
00000000
00000000
00000000
00000000
00000000
00000005
00000010
00000000
00000000
00000000
00000000
00000000
00000000
00000005
00000011
00000000
00000000
00000000
00000000
00000000
00000000
00000005
00000012
00000100
00000000
00000000
00000000
00000000
00000000
00000005
00000013
00000000
00000000
00000000
00000000
00000000
00000000
00000005
00000014
7262694c
00000000
00000000
00000000
00000000
00000000
00000005
00000015
726f4365
00000000
00000000
00000000
00000000
00000000
00000005
00000016
50412065
00000000
00000000
00000000
00000000
00000000
00000005
00000017
75282055
00000000
00000000
00000000
00000000
00000000
00000005
00000018
6175716e
00000000
00000000
00000000
00000000
00000000
00000005
00000019
6966696c
00000000
00000000
00000000
00000000
00000000
00000005
0000001a
00296465
00000000
00000000
00000000
00000000
00000000
00000005
0000001b
00000000
00000000
00000000
00000000
00000000
00000000
00000005
0000001c
00000000
00000000
00000000
00000000
00000000
00000000
00000005
0000001d
00000000
00000000
00000000
00000000
00000000
00000000
00000005
0000001e
00000000
00000000
00000000
00000000
00000000
00000000
00000005
0000001f
00000000
00000000
00000000
00000000
00000000
00000000
00000005
00000020
00000000
00000000
00000000
00000000
00000000
00000000
00000005
00000021
00000000
00000000
00000000
00000000
00000000
00000000
00000005
00000022
00000000
00000000
00000000
00000000
00000000
00000000
00000005
00000023
00000000
00000000
00000000
00000000
00000000
00000000
00000005
00000024
00000000
00000000
00000000
00000000
00000000
00000000
00000005
00000025
00000000
00000000
00000000
00000000
00000000
00000000
00000005
00000026
00000000
00000000
00000000
00000000
00000000
00000000
00000005
00000027
00000000
00000000
00000000
00000000
00000000
00000000
00000005
00000028
00000000
00000000
00000000
00000000
00000000
00000000
00000005
00000029
00000000
00000000
00000000
00000000
00000000
00000000
00000005
0000002a
00000000
00000000
00000000
00000000
00000000
00000000
00000005
0000002b
00000000
00000000
00000000
00000000
00000000
00000000
00000005
0000002c
00000000
00000000
00000000
00000000
00000000
00000000
00000005
0000002d
00000000
00000000
00000000
00000000
00000000
00000000
00000005
0000002e
00000000
00000000
00000000
00000000
00000000
00000000
00000005
0000002f
00000000
00000000
00000000
00000000
00000000
00000000
00000005
00000030
00000000
00000000
00000000
00000000
00000000
00000000
00000005
00000031
00000000
00000000
00000000
00000000
00000000
00000000
00000005
00000032
00000000
00000000
00000000
00000000
00000000
00000000
00000005
00000033
00000000
00000000
00000000
00000000
00000000
00000000
00000005
00000034
00000000
00000000
00000000
00000000
00000000
00000000
00000005
00000035
00000000
00000000
00000000
00000000
00000000
00000000
00000005
00000036
00000000
00000000
00000000
00000000
00000000
00000000
00000005
00000037
00000000
00000000
00000000
00000000
00000000
00000000
00000005
00000038
00000000
00000000
00000000
00000000
00000000
00000000
00000005
00000039
00000000
00000000
00000000
00000000
00000000
00000000
00000005
0000003a
00000000
00000000
00000000
00000000
00000000
00000000
00000005
0000003b
00000000
00000000
00000000
00000000
00000000
00000000
00000005
0000003c
00000000
00000000
00000000
00000000
00000000
00000000
00000005
0000003d
00000000
00000000
00000000
00000000
00000000
00000000
00000005
0000003e
00000000
00000000
00000000
00000000
00000000
00000000
00000005
0000003f
00000000
00000000
00000000
00000000
00000000
00000000
00000005
00000040
00000000
00000000
00000000
00000000
00000000
00000000
00000005
00000041
00000000
00000000
00000000
00000000
00000000
00000000
00000005
00000042
00000000
00000000
00000000
00000000
00000000
00000000
00000005
00000043
00000000
00000000
00000000
00000000
00000000
00000000
00000005
00000044
00000000
00000000
00000000
00000000
00000000
00000000
00000005
00000045
00000000
00000000
00000000
00000000
00000000
00000000
00000005
00000046
00000000
00000000
00000000
00000000
00000000
00000000
00000005
00000047
00000000
00000000
00000000
00000000
00000000
00000000
00000005
00000048
00000000
00000000
00000000
00000000
00000000
00000000
00000005
00000049
00000000
00000000
00000000
00000000
00000000
00000000
00000005
0000004a
00000000
00000000
00000000
00000000
00000000
00000000
00000005
0000004b
00000000
00000000
00000000
00000000
00000000
00000000
00000005
0000004c
00000000
00000000
00000000
00000000
00000000
00000000
00000005
0000004d
00000000
00000000
00000000
00000000
00000000
00000000
00000005
0000004e
00000000
00000000
00000000
00000000
00000000
00000000
00000005
0000004f
00000000
00000000
00000000
00000000
00000000
00000000
00000005
00000050
00000000
00000000
00000000
00000000
00000000
00000000
00000005
00000051
00000000
00000000
00000000
00000000
00000000
00000000
00000005
00000052
00000000
00000000
00000000
00000000
00000000
00000000
00000005
00000053
00000000
00000000
00000000
00000000
00000000
00000000
00000005
00000054
00000010
00000000
00000000
00000000
00000000
00000000
00000005
00000055
00000000
00000000
00000000
00000000
00000000
00000000
00000005
00000056
00000000
00000000
00000000
00000000
00000000
00000000
00000005
00000057
00000000
00000000
00000000
00000000
00000000
00000000
00000005
00000058
00000000
00000000
00000000
00000000
00000000
00000000
00000005
00000059
00000000
00000000
00000000
00000000
00000000
00000000
00000005
0000005a
00000000
00000000
00000000
00000000
00000000
00000000
00000005
0000005b
00001000
00000000
00000000
00000000
00000000
00000000
00000005
0000005c
00000000
00000000
00000000
00000000
00000000
00000000
00000005
0000005d
00000000
00000000
00000000
00000000
00000000
00000000
00000005
0000005e
00000000
00000000
00000000
00000000
00000000
00000000
00000005
0000005f
00000000
00000000
00000000
00000000
00000000
00000000
00000005
00000060
00000000
00000000
00000000
00000000
00000000
00000000
00000005
00000061
00000000
00000000
00000000
00000000
00000000
00000000
00000005
00000062
00000080
00000000
00000000
00000000
00000000
00000000
00000005
00000063
00000000
00000000
00000000
00000000
00000000
00000000
00000005
00000064
00000000
00000000
00000000
00000000
00000000
00000000
00000005
00000065
00000000
00000000
00000000
00000000
00000000
00000000
00000005
00000066
00000000
00000000
00000000
00000000
00000000
00000000
00000005
00000067
00000000
00000000
00000000
00000000
00000000
00000000
00000005
00000068
00000000
00000000
00000000
00000000
00000000
00000000
00000005
00000069
00000004
00000000
00000000
00000000
00000000
00000000
00000005
0000006a
00000000
00000000
00000000
00000000
00000000
00000000
00000005
0000006b
00000000
00000000
00000000
00000000
00000000
00000000
00000005
0000006c
00000000
00000000
00000000
00000000
00000000
00000000
00000005
0000006d
00000000
00000000
00000000
00000000
00000000
00000000
00000005
0000006e
00000000
00000000
00000000
00000000
00000000
00000000
00000005
0000006f
00000000
00000000
00000000
00000000
00000000
00000000
00000005
00000070
00000000
00000000
00000000
00000000
00000000
00000000
00000005
00000071
00000000
00000000
00000000
00000000
00000000
00000000
00000005
00000072
00000000
00000000
00000000
00000000
00000000
00000000
00000005
00000073
00000000
00000000
00000000
00000000
00000000
00000000
00000005
00000074
00000000
00000000
00000000
00000000
00000000
00000000
00000005
00000075
00000000
00000000
00000000
00000000
00000000
00000000
00000005
00000076
00000000
00000000
00000000
00000000
00000000
00000000
00000005
00000077
00000000
00000000
00000000
00000000
00000000
00000000
00000005
00000078
00000000
00000000
00000000
00000000
00000000
00000000
00000005
00000079
00000010
00000000
00000000
00000000
00000000
00000000
00000005
0000007a
00000010
00000000
00000000
00000000
00000000
00000000
00000005
0000007b
00000000
00000000
00000000
00000000
00000000
00000000
00000005
0000007c
00000000
00000000
00000000
00000000
00000000
00000000
00000005
0000007d
00000000
00000000
00000000
00000000
00000000
00000000
00000005
0000007e
00000000
00000000
00000000
00000000
00000000
00000000
00000005
0000007f
00000000
00000000
00000000
00000000
00000000
00000000
00000005
00000080
00000000
00000000
00000000
00000000
00000000
00000000
00000005
00000081
00000000
00000000
00000000
00000000
00000000
00000000
00000005
00000082
00000000
00000000
00000000
00000000
00000000
00000000
00000005
00000083
00000000
00000000
00000000
00000000
00000000
00000000
00000005
00000084
00000000
00000000
00000000
00000000
00000000
00000000
00000005
00000085
00000000
00000000
00000000
00000000
00000000
00000000
00000005
00000086
00000000
00000000
00000000
00000000
00000000
00000000
00000005
00000087
00000000
00000000
00000000
00000000
00000000
00000000
00000005
00000088
00000000
00000000
00000000
00000000
00000000
00000000
00000005
00000089
00000000
00000000
00000000
00000000
00000000
00000000
00000005
0000008a
00000000
00000000
00000000
00000000
00000000
00000000
00000005
0000008b
00000000
00000000
00000000
00000000
00000000
00000000
00000005
0000008c
00000000
00000000
00000000
00000000
00000000
00000000
00000005
0000008d
00000000
00000000
00000000
00000000
00000000
00000000
00000005
0000008e
00000000
00000000
00000000
00000000
00000000
00000000
00000005
0000008f
00004000
00000000
00000000
00000000
00000000
00000000
00000005
00000090
00000003
00000000
00000000
00000000
00000000
00000000
00000005
00000091
00000000
00000000
00000000
00000000
00000000
00000000
00000005
00000092
00000000
00000000
00000000
00000000
00000000
00000000
00000005
00000093
00000000
00000000
00000000
00000000
00000000
00000000
00000005
00000094
00000000
00000000
00000000
00000000
00000000
00000000
00000005
00000095
00000040
00000000
00000000
00000000
00000000
00000000
00000005
00000096
00000003
00000000
00000000
00000000
00000000
00000000
00000005
00000097
00000000
00000000
00000000
00000000
00000000
00000000
00000005
00000098
00000040
00000000
00000000
00000000
00000000
00000000
00000005
00000099
00000040
00000000
00000000
00000000
00000000
00000000
00000005
0000009a
00000040
00000000
00000000
00000000
00000000
00000000
00000005
0000009b
00000000
00000000
00000000
00000000
00000000
00000000
00000005
0000009c
00000000
00000000
00000000
00000000
00000000
00000000
00000005
0000009d
00000000
00000000
00000000
00000000
00000000
00000000
00000005
0000009e
00000000
00000000
00000000
00000000
00000000
00000000
00000005
0000009f
00000000
00000000
00000000
00000000
00000000
00000000
00000005
000000a0
00000000
00000000
00000000
00000000
00000000
00000000
00000005
000000a1
00000000
00000000
00000000
00000000
00000000
00000000
00000005
000000a2
00000001
00000000
00000000
00000000
00000000
00000000
00000005
000000a3
00000002
00000000
00000000
00000000
00000000
00000000
00000005
000000a4
00000000
00000000
00000000
00000000
00000000
00000000
00000005
000000a5
00000000
00000000
00000000
00000000
00000000
00000000
00000005
000000a6
00000000
00000000
00000000
00000000
00000000
00000000
00000005
000000a7
00000002
00000000
00000000
00000000
00000000
00000000
00000005
000000a8
00000000
00000000
00000000
00000000
00000000
00000000
00000005
000000a9
00000000
00000000
00000000
00000000
00000000
00000000
00000005
000000aa
00000000
00000000
00000000
00000000
00000000
00000000
00000005
000000ab
00000000
00000000
00000000
00000000
00000000
00000000
00000005
000000ac
00000000
00000000
00000000
00000000
00000000
00000000
00000005
000000ad
00000000
00000000
00000000
00000000
00000000
00000000
00000005
000000ae
00000000
00000000
00000000
00000000
00000000
00000000
00000005
000000af
00000000
00000000
00000000
00000000
00000000
00000000
00000005
000000b0
00000100
00000000
00000000
00000000
00000000
00000000
00000005
000000b1
00000000
00000000
00000000
00000000
00000000
00000000
00000005
000000b2
00000100
00000000
00000000
00000000
00000000
00000000
00000005
000000b3
00000000
00000000
00000000
00000000
00000000
00000000
00000005
000000b4
00000000
00000000
00000000
00000000
00000000
00000000
00000005
000000b5
00000000
00000000
00000000
00000000
00000000
00000000
00000005
000000b6
00000000
00000000
00000000
00000000
00000000
00000000
00000005
000000b7
00000000
00000000
00000000
00000000
00000000
00000000
00000005
000000b8
00000000
00000000
00000000
00000000
00000000
00000000
00000005
000000b9
00000000
00000000
00000000
00000000
00000000
00000000
00000005
000000ba
00000000
00000000
00000000
00000000
00000000
00000000
00000005
000000bb
00001000
00000000
00000000
00000000
00000000
00000000
00000005
000000bc
00001000
00000000
00000000
00000000
00000000
00000000
00000005
000000bd
00000000
00000000
00000000
00000000
00000000
00000000
00000005
000000be
00000000
00000000
00000000
00000000
00000000
00000000
00000005
000000bf
00000000
00000000
00000000
00000000
00000000
00000000
00000005
000000c0
00000000
00000000
00000000
00000000
00000000
00000000
00000005
000000c1
00000000
00000000
00000000
00000000
00000000
00000000
00000005
000000c2
00000004
00000000
00000000
00000000
00000000
00000000
00000005
000000c3
00000000
00000000
00000000
00000000
00000000
00000000
00000005
000000c4
00000000
00000000
00000000
00000000
00000000
00000000
00000005
000000c5
00000000
00000000
00000000
00000000
00000000
00000000
00000005
000000c6
00000000
00000000
00000000
00000000
00000000
00000000
00000005
000000c7
00000000
00000000
00000000
00000000
00000000
00000000
00000005
000000c8
00000000
00000000
00000000
00000000
00000000
00000000
00000005
000000c9
00000000
00000000
00000000
00000000
00000000
00000000
00000005
000000ca
00000000
00000000
00000000
00000000
00000000
00000000
00000005
000000cb
00000000
00000000
00000000
00000000
00000000
00000000
00000005
000000cc
00000000
00000000
00000000
00000000
00000000
00000000
00000005
000000cd
00000000
00000000
00000000
00000000
00000000
00000000
00000005
000000ce
00000000
00000000
00000000
00000000
00000000
00000000
00000005
000000cf
00000002
00000000
00000000
00000000
00000000
00000000
00000005
000000d0
00000000
00000000
00000000
00000000
00000000
00000000
00000005
000000d1
00000000
00000000
00000000
00000000
00000000
00000000
00000005
000000d2
00000000
00000000
00000000
00000000
00000000
00000000
00000005
000000d3
00000002
00000000
00000000
00000000
00000000
00000000
00000005
000000d4
00000000
00000000
00000000
00000000
00000000
00000000
00000005
000000d5
00000000
00000000
00000000
00000000
00000000
00000000
00000005
000000d6
00000000
00000000
00000000
00000000
00000000
00000000
00000005
000000d7
00000000
00000000
00000000
00000000
00000000
00000000
00000005
000000d8
00000000
00000000
00000000
00000000
00000000
00000000
00000005
000000d9
00000000
00000000
00000000
00000000
00000000
00000000
00000005
000000da
00000000
00000000
00000000
00000000
00000000
00000000
00000005
000000db
00000000
00000000
00000000
00000000
00000000
00000000
00000005
000000dc
00000000
00000000
00000000
00000000
00000000
00000000
00000005
000000dd
00000000
00000000
00000000
00000000
00000000
00000000
00000005
000000de
00000000
00000000
00000000
00000000
00000000
00000000
00000005
000000df
00000040
00000000
00000000
00000000
00000000
00000000
00000005
000000e0
00000000
00000000
00000000
00000000
00000000
00000000
00000005
000000e1
00000000
00000000
00000000
00000000
00000000
00000000
00000005
000000e2
00000000
00000000
00000000
00000000
00000000
00000000
00000005
000000e3
00000000
00000000
00000000
00000000
00000000
00000000
00000005
000000e4
00000000
00000000
00000000
00000000
00000000
00000000
00000005
000000e5
00000000
00000000
00000000
00000000
00000000
00000000
00000005
00000000
00000098
00000000
00000000
00000000
00000000
00000000
00000005
00000001
00000001
00000000
00000000
00000000
00000000
00000000
00000005
00000002
00000000
00000000
00000000
00000000
00000000
00000000
00000005
00000003
3b9bb07e
00000000
00000000
00000000
00000000
00000000
00000005
00000004
00000000
00000000
00000000
00000000
00000000
00000000
00000005
00000005
00000000
00000000
00000000
00000000
00000000
00000000
00000005
00000006
00000002
00000000
00000000
00000000
00000000
00000000
00000005
00000007
00000020
00000000
00000000
00000000
00000000
00000000
00000005
00000008
00000000
00000000
00000000
00000000
00000000
00000000
00000005
00000009
00000001
00000000
00000000
00000000
00000000
00000000
00000005
0000000a
00000000
00000000
00000000
00000000
00000000
00000000
00000005
0000000b
00000006
00000000
00000000
00000000
00000000
00000000
00000005
0000000c
00000000
00000000
00000000
00000000
00000000
00000000
00000005
0000000d
00000000
00000000
00000000
00000000
00000000
00000000
00000005
0000000e
00000000
00000000
00000000
00000000
00000000
00000000
00000005
0000000f
00000000
00000000
00000000
00000000
00000000
00000000
00000005
00000010
00000000
00000000
00000000
00000000
00000000
00000000
00000005
00000011
00000000
00000000
00000000
00000000
00000000
00000000
00000005
00000012
00000000
00000000
00000000
00000000
00000000
00000000
00000005
00000013
00000000
00000000
00000000
00000000
00000000
00000000
00000005
00000014
00000000
00000000
00000000
00000000
00000000
00000000
00000005
00000015
00000000
00000000
00000000
00000000
00000000
00000000
00000005
00000016
00000000
00000000
00000000
00000000
00000000
00000000
00000005
00000017
00000000
00000000
00000000
00000000
00000000
00000000
00000005
00000018
00000000
00000000
00000000
00000000
00000000
00000000
00000005
00000019
00000000
00000000
00000000
00000000
00000000
00000000
00000005
0000001a
00000000
00000000
00000000
00000000
00000000
00000000
00000005
0000001b
00000000
00000000
00000000
00000000
00000000
00000000
00000005
0000001c
00000000
00000000
00000000
00000000
00000000
00000000
00000005
0000001d
00000000
00000000
00000000
00000000
00000000
00000000
00000005
0000001e
00000000
00000000
00000000
00000000
00000000
00000000
00000005
0000001f
00000000
00000000
00000000
00000000
00000000
00000000
00000005
00000020
00000000
00000000
00000000
00000000
00000000
00000000
00000005
00000021
00000000
00000000
00000000
00000000
00000000
00000000
00000005
00000022
00000000
00000000
00000000
00000000
00000000
00000000
00000005
00000023
00000000
00000000
00000000
00000000
00000000
00000000
00000005
00000024
00000000
00000000
00000000
00000000
00000000
00000000
00000005
00000025
00000000
00000000
00000000
00000000
00000000
00000000
00000005
00000026
00000000
00000000
00000000
00000000
00000000
00000000
00000005
00000027
00000000
00000000
00000000
00000000
00000000
00000000
00000005
00000028
00000000
00000000
00000000
00000000
00000000
00000000
00000005
00000029
00000000
00000000
00000000
00000000
00000000
00000000
00000005
0000002a
00000000
00000000
00000000
00000000
00000000
00000000
00000005
0000002b
00000000
00000000
00000000
00000000
00000000
00000000
00000005
0000002c
00000000
00000000
00000000
00000000
00000000
00000000
00000005
0000002d
00000000
00000000
00000000
00000000
00000000
00000000
00000005
0000002e
00000000
00000000
00000000
00000000
00000000
00000000
00000005
0000002f
00000000
00000000
00000000
00000000
00000000
00000000
00000005
00000030
00000000
00000000
00000000
00000000
00000000
00000000
00000005
00000031
00000000
00000000
00000000
00000000
00000000
00000000
00000005
00000032
00000000
00000000
00000000
00000000
00000000
00000000
00000005
00000033
00000000
00000000
00000000
00000000
00000000
00000000
00000005
00000034
00000000
00000000
00000000
00000000
00000000
00000000
00000005
00000035
00000000
00000000
00000000
00000000
00000000
00000000
00000005
00000036
00000000
00000000
00000000
00000000
00000000
00000000
00000005
00000037
00000000
00000000
00000000
00000000
00000000
00000000
00000005
00000038
00000000
00000000
00000000
00000000
00000000
00000000
00000005
00000039
00000000
00000000
00000000
00000000
00000000
00000000
00000005
0000003a
00000000
00000000
00000000
00000000
00000000
00000000
00000005
0000003b
00000000
00000000
00000000
00000000
00000000
00000000
00000005
0000003c
00000000
00000000
00000000
00000000
00000000
00000000
00000005
0000003d
00000000
00000000
00000000
00000000
00000000
00000000
00000005
0000003e
00000000
00000000
00000000
00000000
00000000
00000000
00000005
0000003f
00000000
00000000
00000000
00000000
00000000
00000000
00000005
00000040
00000000
00000000
00000000
00000000
00000000
00000000
00000005
00000041
00000000
00000000
00000000
00000000
00000000
00000000
00000005
00000042
00000000
00000000
00000000
00000000
00000000
00000000
00000005
00000043
00000000
00000000
00000000
00000000
00000000
00000000
00000005
00000044
00000000
00000000
00000000
00000000
00000000
00000000
00000005
00000045
00000000
00000000
00000000
00000000
00000000
00000000
00000005
00000046
00000000
00000000
00000000
00000000
00000000
00000000
00000005
00000047
00000000
00000000
00000000
00000000
00000000
00000000
00000005
00000048
00000000
00000000
00000000
00000000
00000000
00000000
00000005
00000049
00000001
00000000
00000000
00000000
00000000
00000000
00000005
0000004a
00000010
00000000
00000000
00000000
00000000
00000000
00000005
0000004b
00000000
00000000
00000000
00000000
00000000
00000000
00000005
0000004c
10000000
00000000
00000000
00000000
00000000
00000000
00000005
0000004d
00000000
00000000
00000000
00000000
00000000
00000000
00000005
0000004e
00000001
00000000
00000000
00000000
00000000
00000000
00000005
0000004f
00000000
00000000
00000000
00000000
00000000
00000000
00000005
00000050
00000000
00000000
00000000
00000000
00000000
00000000
00000005
00000051
00000000
00000000
00000000
00000000
00000000
00000000
00000005
00000052
00000000
00000000
00000000
00000000
00000000
00000000
00000005
00000053
00000000
00000000
00000000
00000000
00000000
00000000
00000005
00000054
00000000
00000000
00000000
00000000
00000000
00000000
00000005
00000055
00000000
00000000
00000000
00000000
00000000
00000000
00000005
00000056
00000000
00000000
00000000
00000000
00000000
00000000
00000005
00000057
00000000
00000000
00000000
00000000
00000000
00000000
00000005
00000058
00000000
00000000
00000000
00000000
00000000
00000000
00000005
00000059
00000000
00000000
00000000
00000000
00000000
00000000
00000005
0000005a
00000000
00000000
00000000
00000000
00000000
00000000
00000005
0000005b
00000000
00000000
00000000
00000000
00000000
00000000
00000005
0000005c
00000000
00000000
00000000
00000000
00000000
00000000
00000005
0000005d
00000000
00000000
00000000
00000000
00000000
00000000
00000005
0000005e
00000000
00000000
00000000
00000000
00000000
00000000
00000005
0000005f
00000000
00000000
00000000
00000000
00000000
00000000
00000005
00000060
00000000
00000000
00000000
00000000
00000000
00000000
00000005
00000061
00000000
00000000
00000000
00000000
00000000
00000000
00000005
00000062
00000000
00000000
00000000
00000000
00000000
00000000
00000005
00000063
00000000
00000000
00000000
00000000
00000000
00000000
00000005
00000064
00000000
00000000
00000000
00000000
00000000
00000000
00000005
00000065
00000000
00000000
00000000
00000000
00000000
00000000
00000005
00000066
00000000
00000000
00000000
00000000
00000000
00000000
00000005
00000067
00000000
00000000
00000000
00000000
00000000
00000000
00000005
00000068
00000000
00000000
00000000
00000000
00000000
00000000
00000005
00000069
00000000
00000000
00000000
00000000
00000000
00000000
00000005
0000006a
00000000
00000000
00000000
00000000
00000000
00000000
00000005
0000006b
00000000
00000000
00000000
00000000
00000000
00000000
00000005
0000006c
00000000
00000000
00000000
00000000
00000000
00000000
00000005
0000006d
00000000
00000000
00000000
00000000
00000000
00000000
00000005
0000006e
00000000
00000000
00000000
00000000
00000000
00000000
00000005
0000006f
00000000
00000000
00000000
00000000
00000000
00000000
00000005
00000070
00000000
00000000
00000000
00000000
00000000
00000000
00000005
00000071
00000000
00000000
00000000
00000000
00000000
00000000
00000005
00000072
00000000
00000000
00000000
00000000
00000000
00000000
00000005
00000073
00000000
00000000
00000000
00000000
00000000
00000000
00000005
00000074
00000000
00000000
00000000
00000000
00000000
00000000
00000005
00000075
00000000
00000000
00000000
00000000
00000000
00000000
00000005
00000076
00000000
00000000
00000000
00000000
00000000
00000000
00000005
00000077
00000000
00000000
00000000
00000000
00000000
00000000
00000005
00000078
00000000
00000000
00000000
00000000
00000000
00000000
00000005
00000079
00000000
00000000
00000000
00000000
00000000
00000000
00000005
0000007a
00000000
00000000
00000000
00000000
00000000
00000000
00000005
0000007b
00000000
00000000
00000000
00000000
00000000
00000000
00000005
00000000
0000000b
00000000
00000000
00000000
00000000
00000000
00000005
00000001
00000000
00000000
00000000
00000000
00000000
00000000
00000005
00000002
00000001
00000000
00000000
00000000
00000000
00000000
00000005
00000003
00000000
00000000
00000000
00000000
00000000
00000000
00000005
00000004
20001002
00000000
00000000
00000000
00000000
00000000
00000005
00000005
00004000
00000000
00000000
00000000
00000000
00000000
00000005
00000000
00000011
00000000
00000000
00000000
00000000
00000000
00000005
00000001
00000001
00000000
00000000
00000000
00000000
00000000
00000005
00000002
00000000
00000000
00000000
00000000
00000000
00000000
00000005
00000003
30001003
00000000
00000000
00000000
00000000
00000000
00000005
00000004
00004000
00000000
00000000
00000000
00000000
00000000
00000005
00000000
00000015
00000000
00000000
00000000
00000000
00000000
00000005
00000001
00000000
00000000
00000000
00000000
00000000
00000000
00000005
00000002
00000001
00000000
00000000
00000000
00000000
00000000
00000005
00000003
00000000
00000000
00000000
00000000
00000000
00000000
00000005
00000004
40001004
00000000
00000000
00000000
00000000
00000000
00000005
00000005
00004000
00000000
00000000
00000000
00000000
00000000
00000005
00000000
00000032
00000000
00000000
00000000
00000000
00000000
00000005
00000001
00000000
00000000
00000000
00000000
00000000
00000000
00000005
00000002
00000001
00000000
00000000
00000000
00000000
00000000
00000005
00000003
00000000
00000000
00000000
00000000
00000000
00000000
00000005
00000004
50001005
00000000
00000000
00000000
00000000
00000000
00000005
00000005
00004000
00000000
00000000
00000000
00000000
00000000
00000005
00000000
0000001e
00000000
00000000
00000000
00000000
00000000
00000005
00000001
00000001
00000000
00000000
00000000
00000000
00000000
00000005
00000002
00000000
00000000
00000000
00000000
00000000
00000000
00000005
00000003
00001000
00000000
00000000
00000000
00000000
00000000
00000005
00000004
00000000
00000000
00000000
00000000
00000000
00000000
00000005
00000005
00000100
00000000
00000000
00000000
00000000
00000000
00000005
00000006
00000000
00000000
00000000
00000000
00000000
00000000
00000005
00000007
00000003
00000000
00000000
00000000
00000000
00000000
00000005
00000000
0000001c
00000000
00000000
00000000
00000000
00000000
00000005
00000001
00000000
00000000
00000000
00000000
00000000
00000000
00000005
00000000
000000c0
00000000
00000000
00000000
00000000
00000000
00000005
00000001
00000000
00000000
00000000
00000000
00000000
00000000
00000005
00000002
00000001
00000000
00000000
00000000
00000000
00000000
00000005
00000003
00000000
00000000
00000000
00000000
00000000
00000000
00000005
00000004
3ba0a601
00000000
00000000
00000000
00000000
00000000
00000005
00000005
00000000
00000000
00000000
00000000
00000000
00000000
00000005
00000006
00000000
00000000
00000000
00000000
00000000
00000000
00000005
00000007
00000003
00000000
00000000
00000000
00000000
00000000
00000004
00000000
00000005
00000000
00000000
00000000
00000000
00000000
00000001
00000050
00001100
00000000
00000000
00000000
00000000
00000000
00000003
00000000
000009c8
00000000
00000000
00000000
00000000
00000000
00000005
00000000
0000003b
00000000
00000000
00000000
00000000
00000000
00000005
00000001
00000000
00000000
00000000
00000000
00000000
00000000
00000005
00000002
00000001
00000000
00000000
00000000
00000000
00000000
00000005
00000003
00000000
00000000
00000000
00000000
00000000
00000000
00000005
00000004
70001007
00000000
00000000
00000000
00000000
00000000
00000005
00000005
00004000
00000000
00000000
00000000
00000000
00000000
00000004
00000000
00000005
00000000
00000000
00000000
00000000
00000000
00000001
00000050
00001100
00000000
00000000
00000000
00000000
00000000
00000003
00000000
00000e78
00000000
00000000
00000000
00000000
00000000
00000005
00000000
00000048
00000000
00000000
00000000
00000000
00000000
00000005
00000001
00000000
00000000
00000000
00000000
00000000
00000000
00000005
00000002
00000001
00000000
00000000
00000000
00000000
00000000
00000005
00000003
00000000
00000000
00000000
00000000
00000000
00000000
00000005
00000004
80001008
00000000
00000000
00000000
00000000
00000000
00000005
00000005
00004000
00000000
00000000
00000000
00000000
00000000
00000005
00000000
00000044
00000000
00000000
00000000
00000000
00000000
00000005
00000001
00000000
00000000
00000000
00000000
00000000
00000000
00000005
00000002
00000001
00000000
00000000
00000000
00000000
00000000
00000005
00000003
00000000
00000000
00000000
00000000
00000000
00000000
00000005
00000004
90001009
00000000
00000000
00000000
00000000
00000000
00000005
00000005
00004000
00000000
00000000
00000000
00000000
00000000
00000005
00000000
00000042
00000000
00000000
00000000
00000000
00000000
00000005
00000001
00000000
00000000
00000000
00000000
00000000
00000000
00000005
00000002
00000001
00000000
00000000
00000000
00000000
00000000
00000005
00000003
00000000
00000000
00000000
00000000
00000000
00000000
00000005
00000004
a000100a
00000000
00000000
00000000
00000000
00000000
00000005
00000005
00004000
00000000
00000000
00000000
00000000
00000000
00000005
00000000
0000004a
00000000
00000000
00000000
00000000
00000000
00000005
00000001
00000000
00000000
00000000
00000000
00000000
00000000
00000005
00000002
00000001
00000000
00000000
00000000
00000000
00000000
00000005
00000003
00000000
00000000
00000000
00000000
00000000
00000000
00000005
00000004
b000100b
00000000
00000000
00000000
00000000
00000000
00000005
00000005
00004000
00000000
00000000
00000000
00000000
00000000
00000005
00000000
0000004d
00000000
00000000
00000000
00000000
00000000
00000005
00000001
00000000
00000000
00000000
00000000
00000000
00000000
00000005
00000002
00000001
00000000
00000000
00000000
00000000
00000000
00000005
00000003
00000000
00000000
00000000
00000000
00000000
00000000
00000005
00000004
c000100c
00000000
00000000
00000000
00000000
00000000
00000005
00000005
00004000
00000000
00000000
00000000
00000000
00000000
00000005
00000000
00000055
00000000
00000000
00000000
00000000
00000000
00000005
00000001
00000000
00000000
00000000
00000000
00000000
00000000
00000005
00000002
00000001
00000000
00000000
00000000
00000000
00000000
00000005
00000003
00000000
00000000
00000000
00000000
00000000
00000000
00000005
00000004
d000100d
00000000
00000000
00000000
00000000
00000000
00000005
00000005
00004000
00000000
00000000
00000000
00000000
00000000
00000005
00000000
00000058
00000000
00000000
00000000
00000000
00000000
00000005
00000001
00000000
00000000
00000000
00000000
00000000
00000000
00000005
00000002
00000001
00000000
00000000
00000000
00000000
00000000
00000005
00000003
00000000
00000000
00000000
00000000
00000000
00000000
00000005
00000004
e000100e
00000000
00000000
00000000
00000000
00000000
00000005
00000005
00004000
00000000
00000000
00000000
00000000
00000000
00000005
00000000
0000005a
00000000
00000000
00000000
00000000
00000000
00000005
00000001
00000000
00000000
00000000
00000000
00000000
00000000
00000004
00000000
00000005
00000000
00000000
00000000
00000000
00000000
00000001
00000050
00001100
00000000
00000000
00000000
00000000
00000000
00000003
00000000
00001244
00000000
00000000
00000000
00000000
00000000
00000005
00000000
0000005b
00000000
00000000
00000000
00000000
00000000
00000005
00000001
00000000
00000000
00000000
00000000
00000000
00000000
00000005
00000000
00000023
00000000
00000000
00000000
00000000
00000000
00000005
00000001
00000000
00000000
00000000
00000000
00000000
00000000
00000005
00000002
00000001
00000000
00000000
00000000
00000000
00000000
00000005
00000003
00000000
00000000
00000000
00000000
00000000
00000000
00000005
00000004
f000100f
00000000
00000000
00000000
00000000
00000000
00000005
00000005
00004000
00000000
00000000
00000000
00000000
00000000
00000005
00000000
00000012
00000000
00000000
00000000
00000000
00000000
00000005
00000001
00000000
00000000
00000000
00000000
00000000
00000000
00000005
00000000
00000014
00000000
00000000
00000000
00000000
00000000
00000005
00000001
00000000
00000000
00000000
00000000
00000000
00000000
00000005
00000000
00000027
00000000
00000000
00000000
00000000
00000000
00000005
00000001
00000000
00000000
00000000
00000000
00000000
00000000
00000005
00000000
00000026
00000000
00000000
00000000
00000000
00000000
00000005
00000001
00000000
00000000
00000000
00000000
00000000
00000000
00000005
00000000
0000004e
00000000
00000000
00000000
00000000
00000000
00000005
00000001
00000000
00000000
00000000
00000000
00000000
00000000
00000003
00000000
00001260
00000000
00000000
00000000
00000000
00000000
00000007
00000001
00000000
deadbeef
00000000
00000000
00000000
00000000
00000003
00000000
000012a8
00000000
00000000
00000000
00000000
00000000
00000005
00000000
0000001e
00000000
00000000
00000000
00000000
00000000
00000005
00000001
00000001
00000000
00000000
00000000
00000000
00000000
00000005
00000002
00000000
00000000
00000000
00000000
00000000
00000000
00000005
00000003
20400000
00000000
00000000
00000000
00000000
00000000
00000005
00000004
00000000
00000000
00000000
00000000
00000000
00000000
00000005
00000005
00000000
00000000
00000000
00000000
00000000
00000000
00000005
00000006
00000000
00000000
00000000
00000000
00000000
00000000
00000005
00000007
00000000
00000000
00000000
00000000
00000000
00000000
00000006
00000009
00000000
00000000
00000000
00000000
00000000
00000000
0000000b
00000008
00000000
00000000
00000000
00000000
00000000
00000000
00000001
00000078
00001205
00000000
00000000
00000000
00000000
00000000
00000001
00000050
00001203
00000000
00000000
00000000
00000000
00000000
00000001
00000038
00001200
00000000
00000000
00000000
00000000
00000000
00000001
00000038
00001200
00000000
00000000
00000000
00000000
00000000
00000001
00000048
00001100
00000000
00000000
00000000
00000000
00000000
00000001
000000c4
00001100
00000000
00000000
00000000
00000000
00000000
00000004
00000001
00000004
00000000
00000000
00000000
00000000
00000000
00000003
00000001
00000018
00000000
00000000
00000000
00000000
00000000
00000004
00000001
00000006
00000000
00000000
00000000
00000000
00000000
00000001
00000048
00001100
00000000
00000000
00000000
00000000
00000000
00000001
000000c4
00001100
00000000
00000000
00000000
00000000
00000000
00000004
00000001
00000006
00000000
00000000
00000000
00000000
00000000
00000003
00000001
00000000
00000000
00000000
00000000
00000000
00000000
00000001
00000048
00001100
00000000
00000000
00000000
00000000
00000000
00000001
00000038
00001100
00000000
00000000
00000000
00000000
00000000
00000001
00000038
00001100
00000000
00000000
00000000
00000000
00000000
00000001
00000038
00001100
00000000
00000000
00000000
00000000
00000000
00000001
00000048
00001100
00000000
00000000
00000000
00000000
00000000
00000001
00000038
00001100
00000000
00000000
00000000
00000000
00000000
00000001
00000030
00001100
00000000
00000000
00000000
00000000
00000000
00000006
00000000
00000000
00000000
00000000
00000000
00000000
00000000
0000000b
00000000
00000000
00000000
00000000
00000000
00000000
00000000
ffffffff
ffffffff
00000001
00000008
00004000
00000000
00000107
00000000
00000000
00000000
00000000
00000000
00000000
00000000
00000002
00000002
00004000
00000000
00000020
00000000
00010000
00000000
00000028
00000001
00000000
00000000
00000000
00000000
00000000
00000001
00000008
00004000
00000000
00000108
00000000
00000000
00000000
00000000
00000000
00000004
00000000
00000002
00000002
00004000
00000000
00000020
00000000
00010100
00000000
000000b8
00000001
00000000
00000000
00000000
00000000
00000000
00000001
00000018
00004000
00000000
00000200
00000000
00000000
00000000
00000004
00000000
0000000c
00000004
7262696c
726f6365
6e762d65
00000000
00000000
00000000
00000000
00000000
00000000
00000000
00000000
00000000
00000000
00000000
00000000
00000000
00000002
00000002
00004000
00000000
00000060
00000000
00010200
00000000
00000018
00000001
00000000
00000000
00000000
00000004
00000000
00000001
0000000e
00004000
00000000
0000010b
00000000
00000000
00000000
00000004
00000000
00000064
00000002
00000001
00000000
00000000
00000000
000008c0
00000000
00000002
00000002
00004000
00000000
00000038
00000000
00010300
00000000
00000018
00000001
00000000
00000000
00000000
00000004
00000000
00000001
0000000e
00004000
00000000
0000010b
00000000
00000000
00000000
00000004
00000000
00000065
00000002
00000001
00000000
00000000
00000000
00004000
00000000
00000002
00000002
00004000
00000000
00000038
00000000
00010400
00000000
00000018
00000001
00000000
00000000
00000000
00000004
00000000
00000001
0000000e
00004000
00000000
0000010b
00000000
00000000
00000000
00000004
00000000
00000066
00000002
00000001
00000000
00000000
00000000
000011c0
00000000
00000002
00000002
00004000
00000000
00000038
00000000
00010500
00000000
00000018
00000001
00000000
00000000
00000000
00000004
00000000
00000001
0000000e
00004000
00000000
0000010b
00000000
00000000
00000000
00000004
00000000
00000067
00000002
00000001
00000000
00000000
00000000
00001000
00000000
00000002
00000002
00004000
00000000
00000038
00000000
00010600
00000000
00000018
00000001
00000000
00000000
00000000
00000004
00000000
00000001
0000000a
00004000
00000000
00000208
00000000
00000000
00000000
00000004
00000000
00000064
00000000
00000000
00000000
00000002
00000002
00004000
00000000
00000028
00000000
00010700
00000000
00000020
00000001
00000000
00000000
00000000
00000004
00000000
00000001
0000000a
00004000
00000000
00000208
00000000
00000000
00000000
00000004
00000000
00000065
00000000
00000000
00000000
00000002
00000002
00004000
00000000
00000028
00000000
00010800
00000000
00000020
00000001
00000000
00000000
00000000
00000004
00000000
00000001
0000000a
00004000
00000000
00000208
00000000
00000000
00000000
00000004
00000000
00000066
00000000
00000000
00000000
00000002
00000002
00004000
00000000
00000028
00000000
00010900
00000000
00000020
00000001
00000000
00000000
00000000
00000004
00000000
00000001
0000000a
00004000
00000000
00000208
00000000
00000000
00000000
00000004
00000000
00000067
00000000
00000000
00000000
00000002
00000002
00004000
00000000
00000028
00000000
00010a00
00000000
00000020
00000001
00000000
00000000
00000000
00000004
00000000
00000001
00000008
00004000
00000000
00000202
00000000
00000000
00000000
00000004
00000000
00000065
00000000
00000002
00000002
00004000
00000000
00000020
00000000
00010b00
00000000
00000018
00000001
00000000
00000000
00000000
00000004
00000000
00000003
00000230
00000000
00000000
00000000
00000000
00000000
00000000
00000000
00000000
00000000
00000000
00000000
00000000
00000000
00000000
00000000
00000000
00000000
00000000
00000000
00000000
00000000
00000000
00000000
00000000
00000000
00000000
00000000
00000000
00000000
00000000
00000000
00000000
00000000
00000000
00000000
00000000
00000000
00000000
00000000
00000000
00000000
00000000
00000000
00000000
00000000
00000000
00000000
00000000
00000000
00000000
00000000
00000000
00000000
00000000
00000000
00000000
00000000
00000000
00000000
00000000
00000000
00000000
00000000
00000000
00000000
00000000
00000000
00000000
00000000
00000000
00000000
00000000
00000000
00000000
00000000
00000000
00000000
00000000
00000000
00000000
00000000
00000000
00000000
00000000
00000000
00000000
00000000
00000000
00000000
00000000
00000000
00000000
00000000
00000000
00000000
00000000
00000000
00000000
00000000
00000000
00000000
00000000
00000000
00000000
00000000
00000000
00000000
00000000
00000000
00000000
00000000
00000000
00000000
00000000
00000000
00000000
00000000
00000000
00000000
00000000
00000000
00000000
00000000
00000000
00000000
00000000
00000000
00000000
00000000
00000000
00000000
00000000
00000000
00000000
00000000
00000000
00000000
00000000
00000000
00000000
00000000
00000000
00000000
00000000
00000000
00000000
00000000
00000000
00000000
00000000
00000000
00000000
00000000
00000000
00000000
00000000
00000000
00000000
00000000
00000000
00000000
00000000
00000000
00000000
00000000
00000000
00000000
00000000
00000000
00000000
00000000
00000000
00000000
00000000
00000000
00000000
00000000
00000000
00000000
00000000
00000000
00000000
00000000
00000000
00000000
00000000
00000000
00000000
00000000
00000000
00000000
00000000
00000000
00000000
00000000
00000000
00000000
00000000
00000000
00000000
00000000
00000000
00000000
00000000
00000000
00000000
00000000
00000000
00000000
00000000
00000000
00000000
00000000
00000000
00000000
00000000
00000000
00000000
00000000
00000000
00000000
00000000
00000000
00000000
00000000
00000000
00000000
00000000
00000000
00000000
00000000
00000000
00000000
00000000
00000000
00000000
00000000
00000000
00000000
00000000
00000000
00000000
00000000
00000000
00000000
00000000
00000000
00000000
00000000
00000000
00000000
00000000
00000000
00000000
00000000
00000000
00000000
00000000
00000000
00000000
00000000
00000000
00000000
00000000
00000000
00000000
00000000
00000000
00000000
00000000
00000000
00000000
00000000
00000000
00000000
00000000
00000000
00000000
00000000
00000000
00000000
00000000
00000000
00000000
00000000
00000000
00000000
00000000
00000000
00000000
00000000
00000000
00000000
00000000
00000000
00000000
00000000
00000000
00000000
00000000
00000000
00000000
00000000
00000000
00000000
00000000
00000000
00000000
00000000
00000000
00000000
00000000
00000000
00000000
00000000
00000000
00000000
00000000
00000000
00000000
00000000
00000000
00000000
00000000
00000000
00000000
00000000
00000000
00000000
00000000
00000000
00000000
00000000
00000000
00000000
00000000
00000000
00000000
00000000
00000000
00000000
00000000
00000000
00000000
00000000
00000000
00000000
00000000
00000000
00000000
00000000
00000000
00000000
00000000
00000000
00000000
00000000
00000000
00000000
00000000
00000000
00000000
00000000
00000000
00000000
00000000
00000000
00000000
00000000
00000000
00000000
00000000
00000000
00000000
00000000
00000000
00000000
00000000
00000000
00000000
00000000
00000000
00000000
00000000
00000000
00000000
00000000
00000000
00000000
00000000
00000000
00000000
00000000
00000000
00000000
00000000
00000000
00000000
00000000
00000000
00000000
00000000
00000000
00000000
00000000
00000000
00000000
00000000
00000000
00000000
00000000
00000000
00000000
00000000
00000000
00000000
00000000
00000000
00000000
00000000
00000000
00000000
00000000
00000000
00000000
00000000
00000000
00000000
00000000
00000000
00000000
00000000
00000000
00000000
00000000
00000000
00000000
00000000
00000000
00000000
00000000
00000000
00000000
00000000
00000000
00000000
00000000
00000000
00000000
00000000
00000000
00000000
00000000
00000000
00000000
00000000
00000000
00000000
00000000
00000000
00000000
00000000
00000000
00000000
00000000
00000000
00000000
00000000
00000000
00000000
00000000
00000000
00000000
00000000
00000000
00000000
00000000
00000000
00000000
00000000
00000000
00000000
00000000
00000000
00000000
00000000
00000000
00000000
00000000
00000000
00000000
00000000
00000000
00000000
00000000
00000000
00000000
00000000
00000000
00000000
00000000
00000000
00000000
00000000
00000000
00000000
00000000
00000000
00000000
00000000
00000000
00000000
00000000
00000000
00000000
00000000
00000000
00000000
00000000
00000000
00000000
00000000
00000000
00000000
00000000
00000000
00000000
00000000
00000000
00000000
00000000
00000000
00000000
00000000
00000000
00000000
00000000
00000000
00000000
00000000
00000000
00000000
00000000
00000000
00000000
00000000
00000000
00000000
00000000
00000000
00000000
00000000
00000000
00000000
00000000
00000000
00000000
00000000
00000000
00000000
00000000
00000000
00000003
00000470
00005000
00000000
00000000
00000000
00000000
00000000
00000000
00000000
00000000
00000000
00000000
00000000
00000000
00000000
00000000
00000000
00000000
00000000
00000000
00000000
00000000
00000000
00000000
00000000
00000000
00000000
00000000
00000000
00000000
00000000
00000000
00000000
00000000
00000000
00000000
00000000
00000000
00000000
00000000
00000000
00000000
00000000
00000000
00000000
00000000
00000000
00000000
00000000
00000000
00000000
00000000
00000000
00000000
00000000
00000000
00000000
00000000
00000000
00000000
00000000
00000000
00000000
00000000
00000000
00000000
00000000
00000000
00000000
00000000
00000000
00000000
00000000
00000000
00000000
00000000
00000000
00000000
00000000
00000000
00000000
00000000
00000000
00000000
00000000
00000000
00000000
00000000
00000000
00000000
00000000
00000000
00000000
00000000
00000000
00000000
00000000
00000000
00000000
00000000
00000000
00000000
00000000
00000000
00000000
00000000
00000000
00000000
00000000
00000000
00000000
00000000
00000000
00000000
00000000
00000000
00000000
00000000
00000000
00000000
00000000
00000000
00000000
00000000
00000000
00000000
00000000
00000000
00000000
00000000
00000000
00000000
00000000
00000000
00000000
00000000
00000000
00000000
00000000
00000000
00000000
00000000
00000000
00000000
00000000
00000000
00000000
00000000
00000000
00000000
00000000
00000000
00000000
00000000
00000000
00000000
00000000
00000000
00000000
00000000
00000000
00000000
00000000
00000000
00000000
00000000
00000000
00000000
00000000
00000000
00000000
00000000
00000000
00000000
00000000
00000000
00000000
00000000
00000000
00000000
00000000
00000000
00000000
00000000
00000000
00000000
00000000
00000000
00000000
00000000
00000000
00000000
00000000
00000000
00000000
00000000
00000000
00000000
00000000
00000000
00000000
00000000
00000000
00000000
00000000
00000000
00000000
00000000
00000000
00000000
00000000
00000000
00000000
00000000
00000000
00000000
00000000
00000000
00000000
00000000
00000000
00000000
00000000
00000000
00000000
00000000
00000000
00000000
00000000
00000000
00000000
00000000
00000000
00000000
00000000
00000000
00000000
00000000
00000000
00000000
00000000
00000000
00000000
00000000
00000000
00000000
00000000
00000000
00000000
00000000
00000000
00000000
00000000
00000000
00000000
00000000
00000000
00000000
00000000
00000000
00000000
00000000
00000000
00000000
00000000
00000000
00000000
00000000
00000000
00000000
00000000
00000000
00000000
00000000
00000000
00000000
00000000
00000000
00000000
00000000
00000000
00000000
00000000
00000000
00000000
00000000
00000000
00000000
00000000
00000000
00000000
00000000
00000000
00000000
00000000
00000000
00000000
00000000
00000000
00000000
00000000
00000000
00000000
00000000
00000000
00000000
00000000
00000000
00000000
00000000
00000000
00000000
00000000
00000000
00000000
00000000
00000000
00000000
00000000
00000000
00000000
00000000
00000000
00000000
00000000
00000000
00000000
00000000
00000000
00000000
00000000
00000000
00000000
00000000
00000000
00000000
00000000
00000000
00000000
00000000
00000000
00000000
00000000
00000000
00000000
00000000
00000000
00000000
00000000
00000000
00000000
00000000
00000000
00000000
00000000
00000000
00000000
00000000
00000000
00000000
00000000
00000000
00000000
00000000
00000000
00000000
00000000
00000000
00000000
00000000
00000000
00000000
00000000
00000000
00000000
00000000
00000000
00000000
00000000
00000000
00000000
00000000
00000000
00000000
00000000
00000000
00000000
00000000
00000000
00000000
00000000
00000000
00000000
00000000
00000000
00000000
00000000
00000000
00000000
00000000
00000000
00000000
00000000
00000000
00000000
00000000
00000000
00000000
00000000
00000000
00000000
00000000
00000000
00000000
00000000
00000000
00000000
00000000
00000000
00000000
00000000
00000000
00000000
00000000
00000000
00000000
00000000
00000000
00000000
00000000
00000000
00000000
00000000
00000000
00000000
00000000
00000000
00000000
00000000
00000000
00000000
00000000
00000000
00000000
00000000
00000000
00000000
00000000
00000000
00000000
00000000
00000000
00000000
00000000
00000000
00000000
00000000
00000000
00000000
00000000
00000000
00000000
00000000
00000000
00000000
00000000
00000000
00000000
00000000
00000000
00000000
00000000
00000000
00000000
00000000
00000000
00000000
00000000
00000000
00000000
00000000
00000000
00000000
00000000
00000000
00000000
00000000
00000000
00000000
00000000
00000000
00000000
00000000
00000000
00000000
00000000
00000000
00000000
00000000
00000000
00000000
00000000
00000000
00000000
00000000
00000000
00000000
00000000
00000000
00000000
00000000
00000000
00000000
00000000
00000000
00000000
00000000
00000000
00000000
00000000
00000000
00000000
00000000
00000000
00000000
00000000
00000000
00000000
00000000
00000000
00000000
00000000
00000000
00000000
00000000
00000000
00000000
00000000
00000000
00000000
00000000
00000000
00000000
00000000
00000000
00000000
00000000
00000000
00000000
00000000
00000000
00000000
00000000
00000000
00000000
00000000
00000000
00000000
00000000
00000000
00000000
00000000
00000000
00000000
00000000
00000000
00000000
00000000
00000000
00000000
00000000
00000000
00000000
00000000
00000000
00000000
00000000
00000000
00000000
00000000
00000000
00000000
00000000
00000000
00000000
00000000
00000000
00000000
00000000
00000000
00000000
00000000
00000000
00000000
00000000
00000000
00000000
00000000
00000000
00000000
00000000
00000000
00000000
00000000
00000000
00000000
00000000
00000000
00000000
00000000
00000000
00000000
00000000
00000000
00000000
00000000
00000000
00000000
00000000
00000000
00000000
00000000
00000000
00000000
00000000
00000000
00000000
00000000
00000000
00000000
00000000
00000000
00000000
00000000
00000000
00000000
00000000
00000000
00000000
00000000
00000000
00000000
00000000
00000000
00000000
00000000
00000000
00000000
00000000
00000000
00000000
00000000
00000000
00000000
00000000
00000000
00000000
00000000
00000000
00000000
00000000
00000000
00000000
00000000
00000000
00000000
00000000
00000000
00000000
00000000
00000000
00000000
00000000
00000000
00000000
00000000
00000000
00000000
00000000
00000000
00000000
00000000
00000000
00000000
00000000
00000000
00000000
00000000
00000000
00000000
00000000
00000000
00000000
00000000
00000000
00000000
00000000
00000000
00000000
00000000
00000000
00000000
00000000
00000000
00000000
00000000
00000000
00000000
00000000
00000000
00000000
00000000
00000000
00000000
00000000
00000000
00000000
00000000
00000000
00000000
00000000
00000000
00000000
00000000
00000000
00000000
00000000
00000000
00000000
00000000
00000000
00000000
00000000
00000000
00000000
00000000
00000000
00000000
00000000
00000000
00000000
00000000
00000000
00000000
00000000
00000000
00000000
00000000
00000000
00000000
00000000
00000000
00000000
00000000
00000000
00000000
00000000
00000000
00000000
00000000
00000000
00000000
00000000
00000000
00000000
00000000
00000000
00000000
00000000
00000000
00000000
00000000
00000000
00000000
00000000
00000000
00000000
00000000
00000000
00000000
00000000
00000000
00000000
00000000
00000000
00000000
00000000
00000000
00000000
00000000
00000000
00000000
00000000
00000000
00000000
00000000
00000000
00000000
00000000
00000000
00000000
00000000
00000000
00000000
00000000
00000000
00000000
00000000
00000000
00000000
00000000
00000000
00000000
00000000
00000000
00000000
00000000
00000000
00000000
00000000
00000000
00000000
00000000
00000000
00000000
00000000
00000000
00000000
00000000
00000000
00000000
00000000
00000000
00000000
00000000
00000000
00000000
00000000
00000000
00000000
00000000
00000000
00000000
00000000
00000000
00000000
00000000
00000000
00000000
00000000
00000000
00000000
00000000
00000000
00000000
00000000
00000000
00000000
00000000
00000000
00000000
00000000
00000000
00000000
00000000
00000000
00000000
00000000
00000000
00000000
00000000
00000000
00000000
00000000
00000000
00000000
00000000
00000000
00000000
00000000
00000000
00000000
00000000
00000000
00000000
00000000
00000000
00000000
00000000
00000000
00000000
00000000
00000000
00000000
00000000
00000000
00000000
00000000
00000000
00000000
00000000
00000000
00000000
00000000
00000000
00000000
00000000
00000000
00000000
00000000
00000000
00000000
00000000
00000000
00000000
00000000
00000000
00000000
00000000
00000000
00000000
00000000
00000000
00000000
00000000
00000000
00000000
00000000
00000000
00000000
00000000
00000000
00000000
00000000
00000000
00000000
00000000
00000000
00000000
00000000
00000000
00000000
00000000
00000000
00000000
00000000
00000000
00000000
00000000
00000000
00000000
00000000
00000000
00000000
00000000
00000000
00000000
00000000
00000000
00000000
00000000
00000000
00000000
00000000
00000000
00000000
00000000
00000000
00000000
00000000
00000000
00000000
00000000
00000000
00000000
00000000
00000000
00000000
00000000
00000000
00000000
00000000
00000000
00000000
00000000
00000000
00000000
00000000
00000000
00000000
00000000
00000000
00000000
00000000
00000000
00000000
00000000
00000000
00000000
00000000
00000000
00000000
00000000
00000000
00000000
00000000
00000000
00000000
00000000
00000000
00000000
00000000
00000000
00000000
00000000
00000000
00000000
00000000
00000000
00000000
00000000
00000000
00000000
00000000
00000000
00000000
00000000
00000000
00000000
00000000
00000000
00000000
00000000
00000000
00000000
00000000
00000000
00000000
00000000
00000000
00000000
00000000
00000000
00000000
00000000
00000000
00000000
00000000
00000000
00000000
00000000
00000000
00000000
00000000
00000000
00000000
00000000
00000000
00000000
00000000
00000000
00000000
00000000
00000000
00000000
00000000
00000000
00000000
00000000
00000000
00000000
00000000
00000000
00000000
00000000
00000000
00000000
00000000
00000000
00000000
00000000
00000000
00000000
00000000
00000000
00000000
00000000
00000000
00000000
00000000
00000000
00000000
00000000
00000000
00000000
00000000
00000000
00000000
00000000
00000000
00000000
00000000
00000000
00000000
00000000
00000000
00000000
00000000
00000000
00000000
00000000
00000000
00000000
00000000
00000000
00000000
00000000
00000000
00000000
00000000
00000000
00000000
00000000
00000000
00000000
00000000
00000000
00000000
00000000
00000000
00000000
00000000
00000000
00000000
00000000
00000000
00000000
00000000
00000000
00000001
0000002b
00004000
00000000
00000207
00000001
00000011
00000000
00000004
00000000
0000008c
00000000
000000bc
00000000
00000100
00000000
00000001
00000000
3ba0a600
00000001
00000000
3ba0a606
00000000
00000000
000003e8
00000000
00000064
00000000
00000000
000008c0
00000000
0000012c
00000000
00000000
00000000
00000040
00000000
00000080
00000000
000000c0
00000000
00000800
00000000
000008c0
00000000
00000000
00000000
00000002
00000002
00004000
00000000
000000ac
00000000
00010c00
00000000
00000018
00000001
00000001
00000011
00000000
00000004
00000000
00000006
00000001
00000000
00000000
00000006
00000003
00000000
00000000
00000001
0000002b
00004000
00000000
00000207
00000000
00000000
00000000
00000004
00000000
0000008c
00000000
000000bc
00000000
00000101
00000000
00000001
00000000
3ba0a600
00000001
00000000
3ba0a606
00000000
00000000
000003e8
00000000
00000066
00000000
00000000
000011c0
00000000
0000012c
00000000
00000000
00000000
00000040
00000000
00000080
00000000
000000c0
00000000
00001000
00000000
000010c0
00000000
00000100
00000000
00000002
00000002
00004000
00000000
000000ac
00000000
00010d00
00000000
00000018
00000001
00000000
00000000
00000000
00000004
00000000
00000003
00000009
000000c0
00000000
000000b2
00000000
00000001
00000000
00000065
00000000
00000000
00004000
00000000
00000003
00000038
000000e4
00000000
00000000
00000001
00000001
00000000
00000001
00000000
00000000
3bc8996b
00000001
00000000
00000000
00000000
00000000
00000007
00000000
35727473
00003231
e49df6bb
00000007
00000000
39727473
00003235
afbf5310
a39cc4b2
00000001
00000001
00000000
00000009
00000000
32747865
305f3434
00000000
00000003
00000003
00000000
00000009
00000000
37747865
305f3330
00000000
00000009
00000000
34747865
315f3039
00000000
00000009
00000000
39747865
325f3937
00000000
00000000
00000000
00000001
00000000
00001000
00004000
00000003
00000009
000001c4
00000000
000000b2
00000000
00000001
00000000
00000065
00000200
00000000
00003e00
00000000
00000003
0000000b
000001e8
00000000
00000002
00000001
00001000
00004000
00000001
00000000
00000001
00000001
00000000
10001001
00004000
00000003
00000009
00000214
00000000
000000b2
00000000
00000001
00000000
00000065
00000400
00000000
00003c00
00000000
00000003
00000006
00000238
00000000
00000006
00000001
10001001
00004000
00000001
00000000
00000003
00000009
00000250
00000000
000000b2
00000000
00000001
00000000
00000065
00000780
00000000
00003880
00000000
00000003
0000000c
00000274
00000000
00000094
00000001
10001001
00004000
00000001
00000000
3b9bb079
00000001
00000000
3b9c3930
00000000
00000000
00000003
00000009
000002a4
00000000
000000b2
00000000
00000001
00000000
00000065
00000b40
00000000
000034c0
00000000
00000003
0000000d
000002c8
00000000
00000098
00000001
10001001
00004000
00000001
00000000
3b9bb07e
00000000
00000000
00000020
00000000
00000010
00000000
00000003
00000009
000002fc
00000000
000000b2
00000000
00000001
00000000
00000065
00000d40
00000000
000032c0
00000000
00000003
00000024
00000320
00000000
0000000b
00000001
10001001
00004000
00000001
00000000
00000003
00000000
00000000
21615022
00000001
00000001
00000000
00000002
00000000
00000000
eacc110e
00000000
00000001
00000001
00000000
3f800000
00000000
00000000
00000000
00000000
00000000
00000000
00000000
00000000
00000000
00000000
00000001
00000000
20001002
00004000
00000003
00000009
000003b0
00000000
000000b2
00000000
00000001
00000000
00000065
00000f40
00000000
000030c0
00000000
00000003
0000000a
000003d4
00000000
00000011
00000001
20001002
00004000
00000000
00000000
00000001
00000000
30001003
00004000
00000003
00000009
000003fc
00000000
000000b2
00000000
00000001
00000000
00000065
00001140
00000000
00002ec0
00000000
00000003
00000012
00000420
00000000
00000015
00000001
20001002
00004000
00000001
00000000
00000005
00000000
00000000
00040000
00000000
00000001
00000000
00000000
00000001
00000000
40001004
00004000
00000003
00000009
00000468
00000000
000000b2
00000000
00000001
00000000
00000065
00001340
00000000
00002cc0
00000000
00000003
00000017
0000048c
00000000
00000032
00000001
20001002
00004000
00000001
00000000
0000000c
00000000
00000000
58068a9d
00001000
00000000
00000061
00000000
00000000
00000000
00000000
00000000
00000000
00000001
00000000
50001005
00004000
00000003
00000009
000004e8
00000000
000000b2
00000000
00000001
00000000
00000065
00001540
00000000
00002ac0
00000000
00000003
00000008
0000050c
00000000
0000001e
00000001
20001002
00004000
50001005
00004000
00000001
00000000
00000003
00000009
0000052c
00000000
000000b2
00000000
00000001
00000000
00000065
00001740
00000000
000028c0
00000000
00000003
0000000a
00000550
00000000
0000001c
00000001
20001002
00004000
50001005
00004000
40001004
00004000
00000000
00000000
00000003
00000009
00000578
00000000
000000b2
00000000
00000001
00000000
00000065
00001940
00000000
000026c0
00000000
00000003
0000000a
0000059c
00000000
000000c0
00000001
20001002
00004000
00000064
00000001
00000000
3ba0a601
00000000
00000000
00000003
00000006
000005c4
00000000
000000fb
00000000
00000100
00000000
00003000
00000000
00000003
00000004
000005dc
00000000
000000fc
00000000
00000000
00000000
00000003
00000001
00000040
00000000
0000052c
00000004
00000000
00000000
0000052c
00061a80
00000006
00000002
00000006
00001000
00000006
00000002
00000009
00001200
00000006
00000002
000000dc
00001400
00000006
00000002
000000e6
00001780
00000006
00000002
0000007c
00001b40
00000006
00000002
00000006
00001d40
00000006
00000002
00000005
00001f40
00000006
00000002
00000006
00002140
00000006
00000002
00000006
00002340
00000006
00000002
00000008
00002540
00000006
00000002
00000002
00002740
00000006
00000002
00000008
00002940
00000007
00000258
00000005
00000000
00000080
00000001
00000001
00061a80
00000003
00000006
000005ec
00000000
000000fd
00000000
00000100
00000000
00000000
00000000
00000003
00000009
00000604
00000000
000000b2
00000000
00000001
00000000
00000065
00001b40
00000000
000024c0
00000000
00000003
00000004
00000628
00000000
000000b3
00000000
00000040
00000000
00000003
000000a2
00000638
00000000
0000003b
00000001
20001002
00004000
00000001
00000000
00000010
00000000
00000000
99a74924
00000400
00000000
00000100
00000000
07230203
00010300
0008000b
00000024
00000000
00020011
00000001
0006000b
00000001
4c534c47
6474732e
3035342e
00000000
0003000e
00000000
00000001
0006000f
00000005
00000004
6e69616d
00000000
0000000b
00060010
00000004
00000011
00000008
00000001
00000001
00030003
00000002
000001cc
00040005
00000004
6e69616d
00000000
00030005
00000008
00000069
00080005
0000000b
475f6c67
61626f6c
766e496c
7461636f
496e6f69
00000044
00030005
00000012
00747344
00040006
00000012
00000000
00747364
00030005
00000014
00000000
00030005
00000019
00637253
00040006
00000019
00000000
00637273
00030005
0000001b
00000000
00040047
0000000b
0000000b
0000001c
00040047
00000011
00000006
00000004
00030047
00000012
00000002
00050048
00000012
00000000
00000023
00000000
00040047
00000014
00000021
00000001
00040047
00000014
00000022
00000000
00040047
00000018
00000006
00000004
00030047
00000019
00000002
00050048
00000019
00000000
00000023
00000000
00040047
0000001b
00000021
00000000
00040047
0000001b
00000022
00000000
00040047
00000023
0000000b
00000019
00020013
00000002
00030021
00000003
00000002
00040015
00000006
00000020
00000000
00040020
00000007
00000007
00000006
00040017
00000009
00000006
00000003
00040020
0000000a
00000001
00000009
0004003b
0000000a
0000000b
00000001
0004002b
00000006
0000000c
00000000
00040020
0000000d
00000001
00000006
00030016
00000003
00000072
000000c0
00000000
00000010
00000020
0003001d
00000011
00000010
0003001e
00000012
00000011
00040020
00000013
0000000c
00000012
0004003b
00000013
00000014
0000000c
00040015
00000015
00000020
00000001
0004002b
00000015
00000016
00000000
0003001d
00000018
00000010
0003001e
00000019
00000018
00040020
0000001a
0000000c
00000019
0004003b
0000001a
0000001b
0000000c
00040020
0000001d
0000000c
00000010
0004002b
00000006
00000021
00000008
0004002b
00000006
00000022
00000001
0006002c
00000009
00000023
00000021
00000022
00000022
00050036
00000002
00000004
00000000
00000003
000200f8
00000005
0004003b
00000007
00000008
00000007
00050041
0000000d
0000000e
0000000b
0000000c
0004003d
00000006
0000000f
0000000e
0003003e
00000008
0000000f
0004003d
00000006
00000017
00000008
0004003d
00000006
0000001c
00000008
00060041
0000001d
0000001e
0000001b
00000016
0000001c
0004003d
00000010
0000001f
0000001e
00060041
0000001d
00000020
00000014
00000016
00000017
0003003e
00000020
0000001f
000100fd
00010038
00000000
00000000
00000001
00000000
70001007
00004000
00000003
00000001
00000040
00000000
000009c8
00000001
0000000e
00004000
00000000
00000207
00000000
00000000
00000000
00000004
00000000
00000018
00000000
000000be
00000000
00000100
00000000
000009c8
00000000
00000002
00000002
00004000
00000000
00000038
00000000
00010e00
00000000
00000018
00000001
00000000
00000000
00000000
00000004
00000000
00000004
00000000
00000000
000009c8
00061a80
00000006
00000002
00000006
00002b80
00000007
00000258
00000005
00000000
00000080
00000001
00000001
00061a80
00000003
00000009
00000288
00000000
000000b2
00000000
00000001
00000000
00000065
00001d80
00000000
00002280
00000000
00000003
00000019
000002ac
00000000
00000048
00000001
20001002
00004000
00000001
00000000
00000020
00000000
00000000
521b18a9
00000001
00000001
00000000
00000000
00000007
00000001
00000020
00000000
00000000
00000000
00000000
00000001
00000000
80001008
00004000
00000003
00000009
00000310
00000000
000000b2
00000000
00000001
00000000
00000065
00001f80
00000000
00002080
00000000
00000003
00000018
00000334
00000000
00000044
00000001
20001002
00004000
00000001
00000000
0000001e
00000000
00000000
46f57327
00000001
00000001
00000000
80001008
00004000
00000000
00000000
00000000
00000000
00000000
00000001
00000000
90001009
00004000
00000003
00000009
00000394
00000000
000000b2
00000000
00000001
00000000
00000065
00002180
00000000
00001e80
00000000
00000003
00000025
000003b8
00000000
00000042
00000001
20001002
00004000
00000000
00000000
00000001
00000001
00000000
0000001d
00000000
00000000
f6f62c28
00000012
00000000
00000000
e2934bf1
00000020
70001007
00004000
00000005
00000000
6e69616d
00000000
00000000
00000000
90001009
00004000
00000000
00000000
00000000
00000000
00000000
00000001
00000000
a000100a
00004000
00000003
00000009
0000044c
00000000
000000b2
00000000
00000001
00000000
00000065
00002380
00000000
00001c80
00000000
00000003
00000016
00000470
00000000
0000004a
00000001
20001002
00004000
00000001
00000000
00000021
00000000
00000000
513dd1a6
00000001
00000001
00000001
00000000
00000007
00000001
00000000
00000000
00000001
00000000
b000100b
00004000
00000003
00000009
000004c8
00000000
000000b2
00000000
00000001
00000000
00000065
00002580
00000000
00001a80
00000000
00000003
00000014
000004ec
00000000
0000004d
00000001
20001002
00004000
00000001
00000000
00000022
00000000
00000000
b000100b
00004000
00000001
00000001
00000000
80001008
00004000
00000001
00000000
c000100c
00004000
00000003
0000001f
0000053c
00000000
0000004f
00000000
20001002
00004000
00000001
00000001
00000000
00000023
00000000
00000000
c000100c
00004000
00000000
00000000
00000001
00000007
00000000
00000000
00000001
00000000
50001005
00004000
00000000
00000000
00001000
00000000
00000000
00000000
00000000
00000000
00000000
00000003
00000009
000005b8
00000000
000000b2
00000000
00000001
00000000
00000065
00002780
00000000
00001880
00000000
00000003
00000011
000005dc
00000000
00000055
00000001
20001002
00004000
00000001
00000000
00000027
00000000
00000000
aa4da822
00000000
00000000
00000000
00000001
00000000
d000100d
00004000
00000003
00000009
00000620
00000000
000000b2
00000000
00000001
00000000
00000065
00002980
00000000
00001680
00000000
00000003
00000011
00000644
00000000
00000058
00000001
20001002
00004000
00000001
00000000
00000028
00000000
00000000
d000100d
00004000
00000000
00000001
00000001
00000000
e000100e
00004000
00000003
00000009
00000688
00000000
000000b2
00000000
00000001
00000000
00000065
00002b80
00000000
00001480
00000000
00000003
0000000c
000006ac
00000000
0000005a
00000001
e000100e
00004000
00000001
00000000
0000002a
00000000
00000000
00000000
00000000
00000000
00000003
00000007
000006dc
00000000
0000005d
00000000
e000100e
00004000
00000001
a000100a
00004000
00000003
00000010
000006f8
00000000
00000067
00000000
e000100e
00004000
00000001
90001009
00004000
00000000
00000001
00000001
00000000
c000100c
00004000
00000000
00000000
00000000
00000003
00000001
00000040
00000000
00000e78
00000001
0000000e
00004000
00000000
00000207
00000000
00000000
00000000
00000004
00000000
00000018
00000000
000000be
00000000
00000100
00000000
00000e78
00000000
00000002
00000002
00004000
00000000
00000038
00000000
00010f00
00000000
00000018
00000001
00000000
00000000
00000000
00000004
00000000
00000004
00000000
00000000
00000e78
00061a80
00000006
00000002
00000006
00002d80
00000006
00000002
00000006
00002f80
00000006
00000002
00000006
00003180
00000006
00000002
00000006
00003380
00000006
00000002
00000006
00003580
00000006
00000002
00000006
00003780
00000006
00000002
00000006
00003980
00000006
00000002
00000002
00003b80
00000007
00000258
00000005
00000000
00000080
00000001
00000001
00061a80
00000003
00000007
00000738
00000000
0000006e
00000000
e000100e
00004000
00000001
00000001
00000001
00000003
00000009
00000754
00000000
000000b2
00000000
00000001
00000000
00000065
00002d80
00000000
00001280
00000000
00000003
00000004
00000778
00000000
0000005b
00000001
e000100e
00004000
00000003
00000009
00000788
00000000
000000b2
00000000
00000001
00000000
00000065
00002f80
00000000
00001080
00000000
00000003
00000010
000007ac
00000000
00000023
00000001
20001002
00004000
00000001
00000000
00000008
00000000
00000000
00000000
00000000
00000000
00000001
00000000
f000100f
00004000
00000003
00000009
000007ec
00000000
000000b2
00000000
00000001
00000000
00000065
00003180
00000000
00000e80
00000000
00000003
00000019
00000810
00000000
00000012
00000001
30001003
00004000
00000001
00000001
00000000
00000004
00000000
00000000
00000000
00000000
00000000
00000000
00000000
00000001
00000001
00000000
e000100e
00004000
00000000
00000000
00000000
f000100f
00004000
00000003
00000009
00000874
00000000
000000b2
00000000
00000001
00000000
00000065
00003380
00000000
00000c80
00000000
00000003
00000004
00000898
00000000
00000014
00000001
20001002
00004000
00000003
00000006
000008a8
00000000
000000b2
00000000
00000001
00000000
00000065
00003580
00000003
00000003
000000c0
00000000
00000000
00000a80
00000000
00000003
0000000c
000000cc
00000000
00000027
00000001
20001002
00004000
00000001
00000001
00000000
f000100f
00004000
00000001
ffffffff
ffffffff
00000003
00000009
000000fc
00000000
000000b2
00000000
00000001
00000000
00000065
00003780
00000000
00000880
00000000
00000003
00000006
00000120
00000000
00000026
00000001
20001002
00004000
f000100f
00004000
00000003
00000008
00000138
00000000
00000024
00000000
20001002
00004000
f000100f
00004000
00000000
00000000
00000003
0000000b
00000158
00000000
00000059
00000000
20001002
00004000
d000100d
00004000
00000001
00000001
00000000
e000100e
00004000
00000003
00000008
00000184
00000000
00000056
00000000
20001002
00004000
d000100d
00004000
00000000
00000000
00000003
00000009
000001a4
00000000
000000b2
00000000
00000001
00000000
00000065
00003980
00000000
00000680
00000000
00000003
0000000b
000001c8
00000000
0000004e
00000001
20001002
00004000
b000100b
00004000
00000001
00000001
00000000
c000100c
00004000
00000003
00000008
000001f4
00000000
0000004b
00000000
20001002
00004000
b000100b
00004000
00000000
00000000
00000003
00000008
00000214
00000000
00000043
00000000
20001002
00004000
a000100a
00004000
00000000
00000000
00000003
00000008
00000234
00000000
00000045
00000000
20001002
00004000
90001009
00004000
00000000
00000000
00000003
00000008
00000254
00000000
00000049
00000000
20001002
00004000
80001008
00004000
00000000
00000000
00000003
00000008
00000274
00000000
0000003c
00000000
20001002
00004000
70001007
00004000
00000000
00000000
00000003
00000008
00000294
00000000
00000033
00000000
20001002
00004000
50001005
00004000
00000000
00000000
00000003
00000008
000002b4
00000000
00000016
00000000
20001002
00004000
40001004
00004000
00000000
00000000
00000003
00000006
000002d4
00000000
0000000c
00000000
20001002
00004000
00000000
00000000
00000003
00000006
000002ec
00000000
00000001
00000000
00001000
00004000
00000000
00000000
00000003
00000001
00000040
00000000
00001244
00000001
0000000e
00004000
00000000
00000207
00000000
00000000
00000000
00000004
00000000
00000018
00000000
000000be
00000000
00000100
00000000
00001244
00000000
00000002
00000002
00004000
00000000
00000038
00000000
00011000
00000000
00000018
00000001
00000000
00000000
00000000
00000004
00000000
00000004
00000000
00000000
00001244
00061a80
00000006
00000002
00000002
00003d80
00000006
00000002
00000006
00003f80
00000006
00000002
00000002
00004180
00000006
00000002
00000002
00004380
00000006
00000002
00000002
00004580
00000006
00000002
00000002
00004780
00000006
00000002
00000002
00004980
00000003
00000007
00000304
00000000
000000bf
00000000
00000101
00000000
00000000
00000000
deadbeef
00000003
00000001
00000040
00000000
00001260
00000004
00000000
00000000
00001260
00061a80
00000006
00000004
00000001
00000000
00000003
00000011
00007000
00000000
000000b2
00000000
00000001
00000000
00000065
00003b80
00000000
00000480
00000000
0000001e
00000001
20001002
00004000
50001005
00004000
00000001
00000000
00000003
00000012
00000320
00000000
000000b4
00000000
00000001
00000001
00000000
00000067
00000000
00000000
00000044
00000000
00000001
00000000
00000000
00000000
00000000
00000000
00000000
00000000
00000003
00000001
00000040
00000000
000012a8
00000004
00000000
00000000
000012a8
00061a80
00000006
00000002
00000008
00004b80
00000006
00000003
00000000
00000000
00000001
00000018
00004000
00000000
00000200
00000000
00000000
00000000
00000007
00000000
00000004
00000005
7262696c
726f6365
6e762d65
00000000
00000000
00000000
00000000
00000000
00000000
00000000
00000000
00000000
00000000
00000000
00000000
00000000
00000002
00000002
00004000
00000000
00000060
00000000
00011100
00000000
00000018
00000001
00000000
00000000
00000000
00000007
00000000
00000001
0000000e
00004000
00000000
0000010b
00000000
00000000
00000000
00000004
00000000
000000c8
00000002
00000001
00000000
00000001
00000000
00001000
00000000
00000002
00000002
00004000
00000000
00000038
00000000
00011200
00000000
00000018
00000001
00000000
00000000
00000000
00000004
00000000
00000001
00000008
00004000
00000000
00000999
00000000
00000000
00000000
00000000
00000000
00000000
00000000
00000002
00000002
00004000
00000000
00000020
00000000
00011300
00000000
00000018
00000001
00000000
00000000
00000000
00000000
00000000
00000001
00000008
00004000
00000000
00000207
00000000
00000000
00000000
00000004
00000000
00000040
00000000
00000002
00000002
00004000
00000000
00000020
00000000
00011400
00000000
00000018
00000001
00000000
00000000
00000000
00000004
00000000
00000001
0000000c
00004000
00000000
00000207
00000000
00000000
00000000
00000004
00000000
00000010
00000000
000000bd
00000000
00000101
00000000
00000002
00000002
00004000
00000000
00000030
00000000
00011500
00000000
00000018
00000001
00000000
00000000
00000000
00000004
00000000
00000001
0000002b
00004000
00000000
00000207
00000000
00000000
00000000
00000004
00000000
0000008c
00000000
000000bc
00000000
00000102
00000000
00000001
00000000
3ba0a600
00000001
00000000
3ba0a606
00000000
00000000
000003e8
00000000
00000066
00000000
00000000
000011c0
00000000
0000012c
00000000
00000000
00000000
00000040
00000000
00000080
00000000
000000c0
00000000
00001000
00000000
000010c0
00000000
00000100
00000000
00000002
00000002
00004000
00000000
000000ac
00000000
00011600
00000000
00000018
00000001
00000000
00000000
00000000
00000004
00000000
00000006
00000001
00000001
00000000
00000003
00000006
000050c0
00000000
000000fd
00000000
00000102
00000000
00000000
00000000
00000003
00000008
000050d8
00000000
0000dead
00000001
20001002
00004000
50001005
00004000
00000001
00000000
00000003
00000006
000050f8
00000000
000000fd
00000000
00000102
00000000
00000000
00000000
00000003
00000001
00005040
00000000
00000050
00000004
00000001
00005000
00000018
00061a80
00000005
00000001
00005080
00000002
00000002
00061a80
00000001
0000000c
00004000
00000000
00000207
00000000
00000000
00000000
00000004
00000000
00000010
00000000
000000bd
00000000
00000102
00000000
00000002
00000002
00004000
00000000
00000030
00000000
00011700
00000000
00000018
00000001
00000000
00000000
00000000
00000004
00000000
00000001
0000002b
00004000
00000000
00000207
00000000
00000000
00000000
00000004
00000000
0000008c
00000000
000000bc
00000000
00000103
00000000
00000001
00000000
3ba0a600
00000001
00000000
3ba0a606
00000000
00000000
000003e8
00000000
00000066
00000000
00000000
000011c0
00000000
0000012c
00000000
00000000
00000000
00000040
00000000
00000080
00000000
000000c0
00000000
00001000
00000000
000010c0
00000000
00000100
00000000
00000002
00000002
00004000
00000000
000000ac
00000000
00011800
00000000
00000018
00000001
00000000
00000000
00000000
00000004
00000000
00000003
00000012
00007000
00000000
000000b4
00000000
00000001
00000001
00000000
00000067
00000000
00000000
00000008
00000000
00000001
00000000
00000000
00000000
00000000
00000000
00000000
00000000
00000003
00000012
000050c0
00000000
000000b4
00000000
00000001
00000001
00000000
00000067
00000000
00000000
00000048
00000000
00000001
00000000
00000000
00000000
00000000
00000000
00000000
00000000
00000003
00000001
00005040
00000000
00000048
00000005
00000001
00005080
00000002
00000002
00061a80
00000006
00000000
00000001
00000000
00000001
0000000c
00004000
00000000
00000207
00000000
00000000
00000000
00000004
00000000
00000010
00000000
000000bd
00000000
00000103
00000000
00000002
00000002
00004000
00000000
00000030
00000000
00011900
00000000
00000018
00000001
00000000
00000000
00000000
00000004
00000000
00000001
00000008
00004000
00000000
00000102
00000000
00000000
00000000
00000004
00000000
00000067
00000000
00000002
00000002
00004000
00000000
00000020
00000000
00011a00
00000000
00000018
00000001
00000000
00000000
00000000
00000004
00000000
00000001
00000008
00004000
00000000
00000102
00000000
00000000
00000000
00000004
00000000
00000065
00000000
00000002
00000002
00004000
00000000
00000020
00000000
00011b00
00000000
00000018
00000001
00000000
00000000
00000000
00000004
00000000
00000001
00000008
00004000
00000000
00000102
00000000
00000000
00000000
00000004
00000000
00000066
00000000
00000002
00000002
00004000
00000000
00000020
00000000
00011c00
00000000
00000018
00000001
00000000
00000000
00000000
00000004
00000000
00000001
0000000c
00004000
00000000
00000207
00000000
00000000
00000000
00000004
00000000
00000010
00000000
000000bd
00000000
00000100
00000000
00000002
00000002
00004000
00000000
00000030
00000000
00011d00
00000000
00000018
00000001
00000000
00000000
00000000
00000004
00000000
00000001
00000008
00004000
00000000
00000102
00000000
00000000
00000000
00000004
00000000
00000064
00000000
00000002
00000002
00004000
00000000
00000020
00000000
00011e00
00000000
00000018
00000001
00000000
00000000
00000000
00000004
00000000
00000001
00000006
00004000
00000000
00000201
00000000
00000000
00000000
00000004
00000000
00000002
00000002
00004000
00000000
00000018
00000000
00011f00
00000000
00000018
00000001
00000000
00000000
00000000
00000004
00000000
00000006
00000003
00000000
00000000
00000000
00000000
735f6575
745f356d
736e6172
74726f70
00000000
00000000
635f6575
5f736f70
63667562
5f79706f
00000031
